   1              		.file	"UART.c"
   2              		.option nopic
   3              		.attribute arch, "rv32i2p0_m2p0_a2p0_c2p0_zba1p0_zbb1p0_zbc1p0_zbs1p0_xw"
   4              		.attribute unaligned_access, 0
   5              		.attribute stack_align, 16
   6              		.text
   7              	.Ltext0:
   8              		.cfi_sections	.debug_frame
   9              		.file 0 "c:\\Users\\User\\Documents\\GitHub\\ch32h417\\EVT\\EXAM\\USBFS\\DEVICE\\SimulateCDC\\V3F\
  10              		.section	.text.RCC_Configuration,"ax",@progbits
  11              		.align	1
  12              		.globl	RCC_Configuration
  14              	RCC_Configuration:
  15              	.LFB41:
  16              		.file 1 "c:/Users/User/Documents/GitHub/ch32h417/EVT/EXAM/USBFS/DEVICE/SimulateCDC/Common/UART.c"
   1:c:/Users/User/Documents/GitHub/ch32h417/EVT/EXAM/USBFS/DEVICE/SimulateCDC/Common\UART.c **** /********************************** (C) COPYRIGHT *******************************
   2:c:/Users/User/Documents/GitHub/ch32h417/EVT/EXAM/USBFS/DEVICE/SimulateCDC/Common\UART.c **** * File Name          : UART.C
   3:c:/Users/User/Documents/GitHub/ch32h417/EVT/EXAM/USBFS/DEVICE/SimulateCDC/Common\UART.c **** * Author             : WCH
   4:c:/Users/User/Documents/GitHub/ch32h417/EVT/EXAM/USBFS/DEVICE/SimulateCDC/Common\UART.c **** * Version            : V1.01
   5:c:/Users/User/Documents/GitHub/ch32h417/EVT/EXAM/USBFS/DEVICE/SimulateCDC/Common\UART.c **** * Date               : 2024/01/19
   6:c:/Users/User/Documents/GitHub/ch32h417/EVT/EXAM/USBFS/DEVICE/SimulateCDC/Common\UART.c **** * Description        : uart serial port related initialization and processing
   7:c:/Users/User/Documents/GitHub/ch32h417/EVT/EXAM/USBFS/DEVICE/SimulateCDC/Common\UART.c **** *******************************************************************************
   8:c:/Users/User/Documents/GitHub/ch32h417/EVT/EXAM/USBFS/DEVICE/SimulateCDC/Common\UART.c **** * Copyright (c) 2025 Nanjing Qinheng Microelectronics Co., Ltd.
   9:c:/Users/User/Documents/GitHub/ch32h417/EVT/EXAM/USBFS/DEVICE/SimulateCDC/Common\UART.c **** * Attention: This software (modified or not) and binary are used for 
  10:c:/Users/User/Documents/GitHub/ch32h417/EVT/EXAM/USBFS/DEVICE/SimulateCDC/Common\UART.c **** * microcontroller manufactured by Nanjing Qinheng Microelectronics.
  11:c:/Users/User/Documents/GitHub/ch32h417/EVT/EXAM/USBFS/DEVICE/SimulateCDC/Common\UART.c **** *******************************************************************************/
  12:c:/Users/User/Documents/GitHub/ch32h417/EVT/EXAM/USBFS/DEVICE/SimulateCDC/Common\UART.c **** 
  13:c:/Users/User/Documents/GitHub/ch32h417/EVT/EXAM/USBFS/DEVICE/SimulateCDC/Common\UART.c **** #include "UART.h"
  14:c:/Users/User/Documents/GitHub/ch32h417/EVT/EXAM/USBFS/DEVICE/SimulateCDC/Common\UART.c **** #include "ch32h417_usb.h"
  15:c:/Users/User/Documents/GitHub/ch32h417/EVT/EXAM/USBFS/DEVICE/SimulateCDC/Common\UART.c **** /*******************************************************************************/
  16:c:/Users/User/Documents/GitHub/ch32h417/EVT/EXAM/USBFS/DEVICE/SimulateCDC/Common\UART.c **** /* Variable Definition */
  17:c:/Users/User/Documents/GitHub/ch32h417/EVT/EXAM/USBFS/DEVICE/SimulateCDC/Common\UART.c **** /* Global */
  18:c:/Users/User/Documents/GitHub/ch32h417/EVT/EXAM/USBFS/DEVICE/SimulateCDC/Common\UART.c **** void TIM2_IRQHandler( void )__attribute__((interrupt("WCH-Interrupt-fast")));
  19:c:/Users/User/Documents/GitHub/ch32h417/EVT/EXAM/USBFS/DEVICE/SimulateCDC/Common\UART.c **** 
  20:c:/Users/User/Documents/GitHub/ch32h417/EVT/EXAM/USBFS/DEVICE/SimulateCDC/Common\UART.c **** 
  21:c:/Users/User/Documents/GitHub/ch32h417/EVT/EXAM/USBFS/DEVICE/SimulateCDC/Common\UART.c **** /* The following are serial port transmit and receive related variables and buffers */
  22:c:/Users/User/Documents/GitHub/ch32h417/EVT/EXAM/USBFS/DEVICE/SimulateCDC/Common\UART.c **** volatile UART_CTL Uart;
  23:c:/Users/User/Documents/GitHub/ch32h417/EVT/EXAM/USBFS/DEVICE/SimulateCDC/Common\UART.c **** 
  24:c:/Users/User/Documents/GitHub/ch32h417/EVT/EXAM/USBFS/DEVICE/SimulateCDC/Common\UART.c **** __attribute__ ((aligned(4))) uint8_t  UART_Tx_Buf[ DEF_UARTx_TX_BUF_LEN ];  /* Serial port transmit
  25:c:/Users/User/Documents/GitHub/ch32h417/EVT/EXAM/USBFS/DEVICE/SimulateCDC/Common\UART.c **** __attribute__ ((aligned(4))) uint8_t  UART_Rx_Buf[ DEF_UARTx_RX_BUF_LEN ];  /* Serial port receive 
  26:c:/Users/User/Documents/GitHub/ch32h417/EVT/EXAM/USBFS/DEVICE/SimulateCDC/Common\UART.c **** volatile uint32_t UARTx_Rx_DMACurCount;                       /* Serial port receive dma current co
  27:c:/Users/User/Documents/GitHub/ch32h417/EVT/EXAM/USBFS/DEVICE/SimulateCDC/Common\UART.c **** volatile uint32_t UARTx_Rx_DMALastCount;                      /* Serial port receive dma last value
  28:c:/Users/User/Documents/GitHub/ch32h417/EVT/EXAM/USBFS/DEVICE/SimulateCDC/Common\UART.c **** 
  29:c:/Users/User/Documents/GitHub/ch32h417/EVT/EXAM/USBFS/DEVICE/SimulateCDC/Common\UART.c **** /*********************************************************************
  30:c:/Users/User/Documents/GitHub/ch32h417/EVT/EXAM/USBFS/DEVICE/SimulateCDC/Common\UART.c ****  * @fn      RCC_Configuration
  31:c:/Users/User/Documents/GitHub/ch32h417/EVT/EXAM/USBFS/DEVICE/SimulateCDC/Common\UART.c ****  *
  32:c:/Users/User/Documents/GitHub/ch32h417/EVT/EXAM/USBFS/DEVICE/SimulateCDC/Common\UART.c ****  * @brief   Configures the different system clocks.
  33:c:/Users/User/Documents/GitHub/ch32h417/EVT/EXAM/USBFS/DEVICE/SimulateCDC/Common\UART.c ****  *
  34:c:/Users/User/Documents/GitHub/ch32h417/EVT/EXAM/USBFS/DEVICE/SimulateCDC/Common\UART.c ****  * @return  none
  35:c:/Users/User/Documents/GitHub/ch32h417/EVT/EXAM/USBFS/DEVICE/SimulateCDC/Common\UART.c ****  */
  36:c:/Users/User/Documents/GitHub/ch32h417/EVT/EXAM/USBFS/DEVICE/SimulateCDC/Common\UART.c **** uint8_t RCC_Configuration( void )
  37:c:/Users/User/Documents/GitHub/ch32h417/EVT/EXAM/USBFS/DEVICE/SimulateCDC/Common\UART.c **** {
  17              		.loc 1 37 1
  18              		.cfi_startproc
  19 0000 17030000 		call	t0,__riscv_save_0
  19      E7020300 
  20              		.cfi_offset 1, -4
  21              		.cfi_def_cfa_offset 16
  38:c:/Users/User/Documents/GitHub/ch32h417/EVT/EXAM/USBFS/DEVICE/SimulateCDC/Common\UART.c ****     RCC_HB2PeriphClockCmd( RCC_HB2Periph_AFIO | RCC_HB2Periph_GPIOF | RCC_HB2Periph_GPIOA, ENABLE )
  22              		.loc 1 38 5
  23 0008 8545     		li	a1,1
  24 000a 13055008 		li	a0,133
  25 000e 97000000 		call	RCC_HB2PeriphClockCmd
  25      E7800000 
  26              	.LVL0:
  39:c:/Users/User/Documents/GitHub/ch32h417/EVT/EXAM/USBFS/DEVICE/SimulateCDC/Common\UART.c ****     RCC_HB1PeriphClockCmd( RCC_HB1Periph_USART4 | RCC_HB1Periph_TIM2, ENABLE );
  27              		.loc 1 39 5
  28 0016 37050800 		li	a0,524288
  29 001a 8545     		li	a1,1
  30 001c 0505     		addi	a0,a0,1
  31 001e 97000000 		call	RCC_HB1PeriphClockCmd
  31      E7800000 
  32              	.LVL1:
  40:c:/Users/User/Documents/GitHub/ch32h417/EVT/EXAM/USBFS/DEVICE/SimulateCDC/Common\UART.c ****     RCC_HBPeriphClockCmd( RCC_HBPeriph_DMA1, ENABLE );
  33              		.loc 1 40 5
  34 0026 8545     		li	a1,1
  35 0028 0545     		li	a0,1
  36 002a 97000000 		call	RCC_HBPeriphClockCmd
  36      E7800000 
  37              	.LVL2:
  41:c:/Users/User/Documents/GitHub/ch32h417/EVT/EXAM/USBFS/DEVICE/SimulateCDC/Common\UART.c ****     return 0;
  38              		.loc 1 41 5
  42:c:/Users/User/Documents/GitHub/ch32h417/EVT/EXAM/USBFS/DEVICE/SimulateCDC/Common\UART.c **** }
  39              		.loc 1 42 1 is_stmt 0
  40 0032 0145     		li	a0,0
  41 0034 17030000 		tail	__riscv_restore_0
  41      67000300 
  42              		.cfi_restore 1
  43              		.cfi_def_cfa_offset 0
  44              		.cfi_endproc
  45              	.LFE41:
  47              		.section	.text.TIM2_Init,"ax",@progbits
  48              		.align	1
  49              		.globl	TIM2_Init
  51              	TIM2_Init:
  52              	.LFB42:
  43:c:/Users/User/Documents/GitHub/ch32h417/EVT/EXAM/USBFS/DEVICE/SimulateCDC/Common\UART.c **** 
  44:c:/Users/User/Documents/GitHub/ch32h417/EVT/EXAM/USBFS/DEVICE/SimulateCDC/Common\UART.c **** /*********************************************************************
  45:c:/Users/User/Documents/GitHub/ch32h417/EVT/EXAM/USBFS/DEVICE/SimulateCDC/Common\UART.c ****  * @fn      TIM2_Init
  46:c:/Users/User/Documents/GitHub/ch32h417/EVT/EXAM/USBFS/DEVICE/SimulateCDC/Common\UART.c ****  *
  47:c:/Users/User/Documents/GitHub/ch32h417/EVT/EXAM/USBFS/DEVICE/SimulateCDC/Common\UART.c ****  * @brief   100us Timer
  48:c:/Users/User/Documents/GitHub/ch32h417/EVT/EXAM/USBFS/DEVICE/SimulateCDC/Common\UART.c ****  *          144 * 100 * 13.8888 -----> 100uS
  49:c:/Users/User/Documents/GitHub/ch32h417/EVT/EXAM/USBFS/DEVICE/SimulateCDC/Common\UART.c ****  *
  50:c:/Users/User/Documents/GitHub/ch32h417/EVT/EXAM/USBFS/DEVICE/SimulateCDC/Common\UART.c ****  * @return  none
  51:c:/Users/User/Documents/GitHub/ch32h417/EVT/EXAM/USBFS/DEVICE/SimulateCDC/Common\UART.c ****  */
  52:c:/Users/User/Documents/GitHub/ch32h417/EVT/EXAM/USBFS/DEVICE/SimulateCDC/Common\UART.c **** void TIM2_Init( void )
  53:c:/Users/User/Documents/GitHub/ch32h417/EVT/EXAM/USBFS/DEVICE/SimulateCDC/Common\UART.c **** {
  53              		.loc 1 53 1 is_stmt 1
  54              		.cfi_startproc
  55 0000 17030000 		call	t0,__riscv_save_0
  55      E7020300 
  56              		.cfi_offset 1, -4
  57              		.cfi_def_cfa_offset 16
  54:c:/Users/User/Documents/GitHub/ch32h417/EVT/EXAM/USBFS/DEVICE/SimulateCDC/Common\UART.c ****     TIM_TimeBaseInitTypeDef  TIM_TimeBaseStructure = {0};
  58              		.loc 1 54 5
  53:c:/Users/User/Documents/GitHub/ch32h417/EVT/EXAM/USBFS/DEVICE/SimulateCDC/Common\UART.c ****     TIM_TimeBaseInitTypeDef  TIM_TimeBaseStructure = {0};
  59              		.loc 1 53 1 is_stmt 0
  60 0008 4111     		addi	sp,sp,-16
  61              		.cfi_def_cfa_offset 32
  55:c:/Users/User/Documents/GitHub/ch32h417/EVT/EXAM/USBFS/DEVICE/SimulateCDC/Common\UART.c **** 
  56:c:/Users/User/Documents/GitHub/ch32h417/EVT/EXAM/USBFS/DEVICE/SimulateCDC/Common\UART.c ****     TIM_DeInit( TIM2 );
  62              		.loc 1 56 5
  63 000a 37050040 		li	a0,1073741824
  54:c:/Users/User/Documents/GitHub/ch32h417/EVT/EXAM/USBFS/DEVICE/SimulateCDC/Common\UART.c **** 
  64              		.loc 1 54 30
  65 000e 02C2     		sw	zero,4(sp)
  66 0010 02C4     		sw	zero,8(sp)
  67 0012 23160100 		sh	zero,12(sp)
  68              		.loc 1 56 5 is_stmt 1
  69 0016 97000000 		call	TIM_DeInit
  69      E7800000 
  70              	.LVL3:
  57:c:/Users/User/Documents/GitHub/ch32h417/EVT/EXAM/USBFS/DEVICE/SimulateCDC/Common\UART.c **** 
  58:c:/Users/User/Documents/GitHub/ch32h417/EVT/EXAM/USBFS/DEVICE/SimulateCDC/Common\UART.c ****     /* Time base configuration */
  59:c:/Users/User/Documents/GitHub/ch32h417/EVT/EXAM/USBFS/DEVICE/SimulateCDC/Common\UART.c ****     TIM_TimeBaseStructure.TIM_Period = 100 - 1;
  71              		.loc 1 59 5
  60:c:/Users/User/Documents/GitHub/ch32h417/EVT/EXAM/USBFS/DEVICE/SimulateCDC/Common\UART.c ****     TIM_TimeBaseStructure.TIM_Prescaler = SystemCoreClock / 1000000 - 1;
  72              		.loc 1 60 5
  73              		.loc 1 60 59 is_stmt 0
  74 001e B7070000 		lui	a5,%hi(SystemCoreClock)
  75 0022 83A70700 		lw	a5,%lo(SystemCoreClock)(a5)
  76 0026 37470F00 		li	a4,999424
  77 002a 13070724 		addi	a4,a4,576
  78 002e B3D7E702 		divu	a5,a5,a4
  61:c:/Users/User/Documents/GitHub/ch32h417/EVT/EXAM/USBFS/DEVICE/SimulateCDC/Common\UART.c ****     TIM_TimeBaseStructure.TIM_ClockDivision = 0;
  62:c:/Users/User/Documents/GitHub/ch32h417/EVT/EXAM/USBFS/DEVICE/SimulateCDC/Common\UART.c ****     TIM_TimeBaseStructure.TIM_CounterMode = TIM_CounterMode_Up;
  63:c:/Users/User/Documents/GitHub/ch32h417/EVT/EXAM/USBFS/DEVICE/SimulateCDC/Common\UART.c ****     TIM_TimeBaseInit( TIM2, &TIM_TimeBaseStructure );
  79              		.loc 1 63 5
  80 0032 4C00     		addi	a1,sp,4
  81 0034 37050040 		li	a0,1073741824
  62:c:/Users/User/Documents/GitHub/ch32h417/EVT/EXAM/USBFS/DEVICE/SimulateCDC/Common\UART.c ****     TIM_TimeBaseInit( TIM2, &TIM_TimeBaseStructure );
  82              		.loc 1 62 43
  83 0038 23130100 		sh	zero,6(sp)
  60:c:/Users/User/Documents/GitHub/ch32h417/EVT/EXAM/USBFS/DEVICE/SimulateCDC/Common\UART.c ****     TIM_TimeBaseStructure.TIM_Prescaler = SystemCoreClock / 1000000 - 1;
  84              		.loc 1 60 69
  85 003c FD17     		addi	a5,a5,-1
  60:c:/Users/User/Documents/GitHub/ch32h417/EVT/EXAM/USBFS/DEVICE/SimulateCDC/Common\UART.c ****     TIM_TimeBaseStructure.TIM_Prescaler = SystemCoreClock / 1000000 - 1;
  86              		.loc 1 60 41
  87 003e 7C82     		sh	a5,4(sp)
  61:c:/Users/User/Documents/GitHub/ch32h417/EVT/EXAM/USBFS/DEVICE/SimulateCDC/Common\UART.c ****     TIM_TimeBaseStructure.TIM_ClockDivision = 0;
  88              		.loc 1 61 5 is_stmt 1
  62:c:/Users/User/Documents/GitHub/ch32h417/EVT/EXAM/USBFS/DEVICE/SimulateCDC/Common\UART.c ****     TIM_TimeBaseInit( TIM2, &TIM_TimeBaseStructure );
  89              		.loc 1 62 5
  59:c:/Users/User/Documents/GitHub/ch32h417/EVT/EXAM/USBFS/DEVICE/SimulateCDC/Common\UART.c ****     TIM_TimeBaseStructure.TIM_Prescaler = SystemCoreClock / 1000000 - 1;
  90              		.loc 1 59 38 is_stmt 0
  91 0040 93073006 		li	a5,99
  92 0044 3EC4     		sw	a5,8(sp)
  93              		.loc 1 63 5 is_stmt 1
  94 0046 97000000 		call	TIM_TimeBaseInit
  94      E7800000 
  95              	.LVL4:
  64:c:/Users/User/Documents/GitHub/ch32h417/EVT/EXAM/USBFS/DEVICE/SimulateCDC/Common\UART.c **** 
  65:c:/Users/User/Documents/GitHub/ch32h417/EVT/EXAM/USBFS/DEVICE/SimulateCDC/Common\UART.c ****     /* Clear TIM2 update pending flag */
  66:c:/Users/User/Documents/GitHub/ch32h417/EVT/EXAM/USBFS/DEVICE/SimulateCDC/Common\UART.c ****     TIM_ClearFlag( TIM2, TIM_FLAG_Update );
  96              		.loc 1 66 5
  97 004e 8545     		li	a1,1
  98 0050 37050040 		li	a0,1073741824
  99 0054 97000000 		call	TIM_ClearFlag
  99      E7800000 
 100              	.LVL5:
  67:c:/Users/User/Documents/GitHub/ch32h417/EVT/EXAM/USBFS/DEVICE/SimulateCDC/Common\UART.c **** 
  68:c:/Users/User/Documents/GitHub/ch32h417/EVT/EXAM/USBFS/DEVICE/SimulateCDC/Common\UART.c ****     /* TIM IT enable */
  69:c:/Users/User/Documents/GitHub/ch32h417/EVT/EXAM/USBFS/DEVICE/SimulateCDC/Common\UART.c ****     TIM_ITConfig( TIM2, TIM_IT_Update, ENABLE );
 101              		.loc 1 69 5
 102 005c 0546     		li	a2,1
 103 005e 8545     		li	a1,1
 104 0060 37050040 		li	a0,1073741824
 105 0064 97000000 		call	TIM_ITConfig
 105      E7800000 
 106              	.LVL6:
  70:c:/Users/User/Documents/GitHub/ch32h417/EVT/EXAM/USBFS/DEVICE/SimulateCDC/Common\UART.c **** 
  71:c:/Users/User/Documents/GitHub/ch32h417/EVT/EXAM/USBFS/DEVICE/SimulateCDC/Common\UART.c ****     /* Enable Interrupt */
  72:c:/Users/User/Documents/GitHub/ch32h417/EVT/EXAM/USBFS/DEVICE/SimulateCDC/Common\UART.c ****     NVIC_EnableIRQ( TIM2_IRQn );
 107              		.loc 1 72 5
 108              	.LBB28:
 109              	.LBB29:
 110              		.file 2 "c:/Users/User/Documents/GitHub/ch32h417/EVT/EXAM/SRC/Core/core_riscv.h"
   1:c:/Users/User/Documents/GitHub/ch32h417/EVT/EXAM/SRC/Core\core_riscv.h **** /********************************** (C) COPYRIGHT  *******************************
   2:c:/Users/User/Documents/GitHub/ch32h417/EVT/EXAM/SRC/Core\core_riscv.h **** * File Name          : core_riscv.h
   3:c:/Users/User/Documents/GitHub/ch32h417/EVT/EXAM/SRC/Core\core_riscv.h **** * Author             : WCH
   4:c:/Users/User/Documents/GitHub/ch32h417/EVT/EXAM/SRC/Core\core_riscv.h **** * Version            : V1.0.2
   5:c:/Users/User/Documents/GitHub/ch32h417/EVT/EXAM/SRC/Core\core_riscv.h **** * Date               : 2026/03/18
   6:c:/Users/User/Documents/GitHub/ch32h417/EVT/EXAM/SRC/Core\core_riscv.h **** * Description        : RISC-V V3F_V5F Core Peripheral Access Layer Header File for CH32H417_416_415
   7:c:/Users/User/Documents/GitHub/ch32h417/EVT/EXAM/SRC/Core\core_riscv.h **** *********************************************************************************
   8:c:/Users/User/Documents/GitHub/ch32h417/EVT/EXAM/SRC/Core\core_riscv.h **** * Copyright (c) 2025 Nanjing Qinheng Microelectronics Co., Ltd.
   9:c:/Users/User/Documents/GitHub/ch32h417/EVT/EXAM/SRC/Core\core_riscv.h **** * Attention: This software (modified or not) and binary are used for 
  10:c:/Users/User/Documents/GitHub/ch32h417/EVT/EXAM/SRC/Core\core_riscv.h **** * microcontroller manufactured by Nanjing Qinheng Microelectronics.
  11:c:/Users/User/Documents/GitHub/ch32h417/EVT/EXAM/SRC/Core\core_riscv.h **** *******************************************************************************/
  12:c:/Users/User/Documents/GitHub/ch32h417/EVT/EXAM/SRC/Core\core_riscv.h **** #ifndef __CORE_RISCV_H__
  13:c:/Users/User/Documents/GitHub/ch32h417/EVT/EXAM/SRC/Core\core_riscv.h **** #define __CORE_RISCV_H__
  14:c:/Users/User/Documents/GitHub/ch32h417/EVT/EXAM/SRC/Core\core_riscv.h **** 
  15:c:/Users/User/Documents/GitHub/ch32h417/EVT/EXAM/SRC/Core\core_riscv.h **** #ifdef __cplusplus
  16:c:/Users/User/Documents/GitHub/ch32h417/EVT/EXAM/SRC/Core\core_riscv.h ****  extern "C" {
  17:c:/Users/User/Documents/GitHub/ch32h417/EVT/EXAM/SRC/Core\core_riscv.h **** #endif
  18:c:/Users/User/Documents/GitHub/ch32h417/EVT/EXAM/SRC/Core\core_riscv.h **** 
  19:c:/Users/User/Documents/GitHub/ch32h417/EVT/EXAM/SRC/Core\core_riscv.h **** /* IO definitions */
  20:c:/Users/User/Documents/GitHub/ch32h417/EVT/EXAM/SRC/Core\core_riscv.h **** #ifdef __cplusplus
  21:c:/Users/User/Documents/GitHub/ch32h417/EVT/EXAM/SRC/Core\core_riscv.h ****   #define     __I     volatile                /* defines 'read only' permissions    */
  22:c:/Users/User/Documents/GitHub/ch32h417/EVT/EXAM/SRC/Core\core_riscv.h **** #else
  23:c:/Users/User/Documents/GitHub/ch32h417/EVT/EXAM/SRC/Core\core_riscv.h ****   #define     __I     volatile const          /* defines 'read only' permissions    */
  24:c:/Users/User/Documents/GitHub/ch32h417/EVT/EXAM/SRC/Core\core_riscv.h **** #endif
  25:c:/Users/User/Documents/GitHub/ch32h417/EVT/EXAM/SRC/Core\core_riscv.h **** #define       __O     volatile                /* defines 'write only' permissions   */
  26:c:/Users/User/Documents/GitHub/ch32h417/EVT/EXAM/SRC/Core\core_riscv.h **** #define       __IO    volatile                /* defines 'read / write' permissions */
  27:c:/Users/User/Documents/GitHub/ch32h417/EVT/EXAM/SRC/Core\core_riscv.h **** 
  28:c:/Users/User/Documents/GitHub/ch32h417/EVT/EXAM/SRC/Core\core_riscv.h **** /* Standard Peripheral Library old types (maintained for legacy purpose) */
  29:c:/Users/User/Documents/GitHub/ch32h417/EVT/EXAM/SRC/Core\core_riscv.h **** typedef __I uint64_t vuc64;  /* Read Only */
  30:c:/Users/User/Documents/GitHub/ch32h417/EVT/EXAM/SRC/Core\core_riscv.h **** typedef __I uint32_t vuc32;  /* Read Only */
  31:c:/Users/User/Documents/GitHub/ch32h417/EVT/EXAM/SRC/Core\core_riscv.h **** typedef __I uint16_t vuc16;  /* Read Only */
  32:c:/Users/User/Documents/GitHub/ch32h417/EVT/EXAM/SRC/Core\core_riscv.h **** typedef __I uint8_t  vuc8;   /* Read Only */
  33:c:/Users/User/Documents/GitHub/ch32h417/EVT/EXAM/SRC/Core\core_riscv.h **** 
  34:c:/Users/User/Documents/GitHub/ch32h417/EVT/EXAM/SRC/Core\core_riscv.h **** typedef const uint64_t uc64;  /* Read Only */
  35:c:/Users/User/Documents/GitHub/ch32h417/EVT/EXAM/SRC/Core\core_riscv.h **** typedef const uint32_t uc32;  /* Read Only */
  36:c:/Users/User/Documents/GitHub/ch32h417/EVT/EXAM/SRC/Core\core_riscv.h **** typedef const uint16_t uc16;  /* Read Only */
  37:c:/Users/User/Documents/GitHub/ch32h417/EVT/EXAM/SRC/Core\core_riscv.h **** typedef const uint8_t  uc8;   /* Read Only */
  38:c:/Users/User/Documents/GitHub/ch32h417/EVT/EXAM/SRC/Core\core_riscv.h **** 
  39:c:/Users/User/Documents/GitHub/ch32h417/EVT/EXAM/SRC/Core\core_riscv.h **** typedef __I int64_t vsc64;  /* Read Only */
  40:c:/Users/User/Documents/GitHub/ch32h417/EVT/EXAM/SRC/Core\core_riscv.h **** typedef __I int32_t vsc32;  /* Read Only */
  41:c:/Users/User/Documents/GitHub/ch32h417/EVT/EXAM/SRC/Core\core_riscv.h **** typedef __I int16_t vsc16;  /* Read Only */
  42:c:/Users/User/Documents/GitHub/ch32h417/EVT/EXAM/SRC/Core\core_riscv.h **** typedef __I int8_t  vsc8;   /* Read Only */
  43:c:/Users/User/Documents/GitHub/ch32h417/EVT/EXAM/SRC/Core\core_riscv.h **** 
  44:c:/Users/User/Documents/GitHub/ch32h417/EVT/EXAM/SRC/Core\core_riscv.h **** typedef const int64_t sc64;  /* Read Only */
  45:c:/Users/User/Documents/GitHub/ch32h417/EVT/EXAM/SRC/Core\core_riscv.h **** typedef const int32_t sc32;  /* Read Only */
  46:c:/Users/User/Documents/GitHub/ch32h417/EVT/EXAM/SRC/Core\core_riscv.h **** typedef const int16_t sc16;  /* Read Only */
  47:c:/Users/User/Documents/GitHub/ch32h417/EVT/EXAM/SRC/Core\core_riscv.h **** typedef const int8_t  sc8;   /* Read Only */
  48:c:/Users/User/Documents/GitHub/ch32h417/EVT/EXAM/SRC/Core\core_riscv.h **** 
  49:c:/Users/User/Documents/GitHub/ch32h417/EVT/EXAM/SRC/Core\core_riscv.h **** typedef __IO uint64_t  vu64;
  50:c:/Users/User/Documents/GitHub/ch32h417/EVT/EXAM/SRC/Core\core_riscv.h **** typedef __IO uint32_t  vu32;
  51:c:/Users/User/Documents/GitHub/ch32h417/EVT/EXAM/SRC/Core\core_riscv.h **** typedef __IO uint16_t  vu16;
  52:c:/Users/User/Documents/GitHub/ch32h417/EVT/EXAM/SRC/Core\core_riscv.h **** typedef __IO uint8_t   vu8;
  53:c:/Users/User/Documents/GitHub/ch32h417/EVT/EXAM/SRC/Core\core_riscv.h **** 
  54:c:/Users/User/Documents/GitHub/ch32h417/EVT/EXAM/SRC/Core\core_riscv.h **** typedef uint64_t  u64;
  55:c:/Users/User/Documents/GitHub/ch32h417/EVT/EXAM/SRC/Core\core_riscv.h **** typedef uint32_t  u32;
  56:c:/Users/User/Documents/GitHub/ch32h417/EVT/EXAM/SRC/Core\core_riscv.h **** typedef uint16_t  u16;
  57:c:/Users/User/Documents/GitHub/ch32h417/EVT/EXAM/SRC/Core\core_riscv.h **** typedef uint8_t   u8;
  58:c:/Users/User/Documents/GitHub/ch32h417/EVT/EXAM/SRC/Core\core_riscv.h **** 
  59:c:/Users/User/Documents/GitHub/ch32h417/EVT/EXAM/SRC/Core\core_riscv.h **** typedef __IO int64_t  vs64;
  60:c:/Users/User/Documents/GitHub/ch32h417/EVT/EXAM/SRC/Core\core_riscv.h **** typedef __IO int32_t  vs32;
  61:c:/Users/User/Documents/GitHub/ch32h417/EVT/EXAM/SRC/Core\core_riscv.h **** typedef __IO int16_t  vs16;
  62:c:/Users/User/Documents/GitHub/ch32h417/EVT/EXAM/SRC/Core\core_riscv.h **** typedef __IO int8_t   vs8;
  63:c:/Users/User/Documents/GitHub/ch32h417/EVT/EXAM/SRC/Core\core_riscv.h **** 
  64:c:/Users/User/Documents/GitHub/ch32h417/EVT/EXAM/SRC/Core\core_riscv.h **** typedef int64_t  s64;
  65:c:/Users/User/Documents/GitHub/ch32h417/EVT/EXAM/SRC/Core\core_riscv.h **** typedef int32_t  s32;
  66:c:/Users/User/Documents/GitHub/ch32h417/EVT/EXAM/SRC/Core\core_riscv.h **** typedef int16_t  s16;
  67:c:/Users/User/Documents/GitHub/ch32h417/EVT/EXAM/SRC/Core\core_riscv.h **** typedef int8_t   s8;
  68:c:/Users/User/Documents/GitHub/ch32h417/EVT/EXAM/SRC/Core\core_riscv.h **** 
  69:c:/Users/User/Documents/GitHub/ch32h417/EVT/EXAM/SRC/Core\core_riscv.h **** typedef enum {NoREADY = 0, READY = !NoREADY} ErrorStatus;
  70:c:/Users/User/Documents/GitHub/ch32h417/EVT/EXAM/SRC/Core\core_riscv.h **** 
  71:c:/Users/User/Documents/GitHub/ch32h417/EVT/EXAM/SRC/Core\core_riscv.h **** typedef enum {DISABLE = 0, ENABLE = !DISABLE} FunctionalState;
  72:c:/Users/User/Documents/GitHub/ch32h417/EVT/EXAM/SRC/Core\core_riscv.h **** 
  73:c:/Users/User/Documents/GitHub/ch32h417/EVT/EXAM/SRC/Core\core_riscv.h **** typedef enum {RESET = 0, SET = !RESET} FlagStatus, ITStatus;
  74:c:/Users/User/Documents/GitHub/ch32h417/EVT/EXAM/SRC/Core\core_riscv.h **** 
  75:c:/Users/User/Documents/GitHub/ch32h417/EVT/EXAM/SRC/Core\core_riscv.h **** #define RV_STATIC_INLINE  static inline
  76:c:/Users/User/Documents/GitHub/ch32h417/EVT/EXAM/SRC/Core\core_riscv.h **** 
  77:c:/Users/User/Documents/GitHub/ch32h417/EVT/EXAM/SRC/Core\core_riscv.h **** /* memory mapped structure for HSEM */
  78:c:/Users/User/Documents/GitHub/ch32h417/EVT/EXAM/SRC/Core\core_riscv.h **** typedef struct
  79:c:/Users/User/Documents/GitHub/ch32h417/EVT/EXAM/SRC/Core\core_riscv.h **** {
  80:c:/Users/User/Documents/GitHub/ch32h417/EVT/EXAM/SRC/Core\core_riscv.h ****   __IO uint32_t RX[32];
  81:c:/Users/User/Documents/GitHub/ch32h417/EVT/EXAM/SRC/Core\core_riscv.h ****   uint8_t RESERVED0[0x80];
  82:c:/Users/User/Documents/GitHub/ch32h417/EVT/EXAM/SRC/Core\core_riscv.h ****   __I  uint32_t RLRX[32]; 
  83:c:/Users/User/Documents/GitHub/ch32h417/EVT/EXAM/SRC/Core\core_riscv.h ****   uint8_t RESERVED1[0x80];
  84:c:/Users/User/Documents/GitHub/ch32h417/EVT/EXAM/SRC/Core\core_riscv.h ****   __IO uint32_t LSE;
  85:c:/Users/User/Documents/GitHub/ch32h417/EVT/EXAM/SRC/Core\core_riscv.h ****   uint8_t RESERVED2[4];
  86:c:/Users/User/Documents/GitHub/ch32h417/EVT/EXAM/SRC/Core\core_riscv.h ****   __IO uint32_t CLR;
  87:c:/Users/User/Documents/GitHub/ch32h417/EVT/EXAM/SRC/Core\core_riscv.h ****   __IO uint32_t KEY;
  88:c:/Users/User/Documents/GitHub/ch32h417/EVT/EXAM/SRC/Core\core_riscv.h ****   uint8_t RESERVED3[0xF0];
  89:c:/Users/User/Documents/GitHub/ch32h417/EVT/EXAM/SRC/Core\core_riscv.h ****   __IO uint32_t IER;
  90:c:/Users/User/Documents/GitHub/ch32h417/EVT/EXAM/SRC/Core\core_riscv.h ****   uint8_t RESERVED4[4];
  91:c:/Users/User/Documents/GitHub/ch32h417/EVT/EXAM/SRC/Core\core_riscv.h ****   __IO uint32_t ISR;
  92:c:/Users/User/Documents/GitHub/ch32h417/EVT/EXAM/SRC/Core\core_riscv.h ****   uint8_t RESERVE5[4];
  93:c:/Users/User/Documents/GitHub/ch32h417/EVT/EXAM/SRC/Core\core_riscv.h ****   __I  uint32_t ISM;
  94:c:/Users/User/Documents/GitHub/ch32h417/EVT/EXAM/SRC/Core\core_riscv.h ****   uint8_t RESERVED6[4];
  95:c:/Users/User/Documents/GitHub/ch32h417/EVT/EXAM/SRC/Core\core_riscv.h ****   __I  uint32_t LSM;
  96:c:/Users/User/Documents/GitHub/ch32h417/EVT/EXAM/SRC/Core\core_riscv.h **** }HSEM_Type;
  97:c:/Users/User/Documents/GitHub/ch32h417/EVT/EXAM/SRC/Core\core_riscv.h **** 
  98:c:/Users/User/Documents/GitHub/ch32h417/EVT/EXAM/SRC/Core\core_riscv.h **** /* memory mapped structure for IPC */
  99:c:/Users/User/Documents/GitHub/ch32h417/EVT/EXAM/SRC/Core\core_riscv.h **** typedef struct
 100:c:/Users/User/Documents/GitHub/ch32h417/EVT/EXAM/SRC/Core\core_riscv.h **** {
 101:c:/Users/User/Documents/GitHub/ch32h417/EVT/EXAM/SRC/Core\core_riscv.h ****   __IO uint32_t CTLR;
 102:c:/Users/User/Documents/GitHub/ch32h417/EVT/EXAM/SRC/Core\core_riscv.h ****   __I  uint32_t ISR;
 103:c:/Users/User/Documents/GitHub/ch32h417/EVT/EXAM/SRC/Core\core_riscv.h ****   __I  uint32_t ISM;
 104:c:/Users/User/Documents/GitHub/ch32h417/EVT/EXAM/SRC/Core\core_riscv.h ****   uint32_t RESERVED0;
 105:c:/Users/User/Documents/GitHub/ch32h417/EVT/EXAM/SRC/Core\core_riscv.h ****   __IO uint32_t ENA;
 106:c:/Users/User/Documents/GitHub/ch32h417/EVT/EXAM/SRC/Core\core_riscv.h ****   __IO uint32_t STS;
 107:c:/Users/User/Documents/GitHub/ch32h417/EVT/EXAM/SRC/Core\core_riscv.h ****   __O uint32_t SET;
 108:c:/Users/User/Documents/GitHub/ch32h417/EVT/EXAM/SRC/Core\core_riscv.h ****   __O uint32_t CLR;
 109:c:/Users/User/Documents/GitHub/ch32h417/EVT/EXAM/SRC/Core\core_riscv.h ****   __IO uint32_t MSG[4];
 110:c:/Users/User/Documents/GitHub/ch32h417/EVT/EXAM/SRC/Core\core_riscv.h **** }IPC_Type;
 111:c:/Users/User/Documents/GitHub/ch32h417/EVT/EXAM/SRC/Core\core_riscv.h **** 
 112:c:/Users/User/Documents/GitHub/ch32h417/EVT/EXAM/SRC/Core\core_riscv.h **** /* memory mapped structure for Program Fast Interrupt Controller (PFIC) */
 113:c:/Users/User/Documents/GitHub/ch32h417/EVT/EXAM/SRC/Core\core_riscv.h **** typedef struct{
 114:c:/Users/User/Documents/GitHub/ch32h417/EVT/EXAM/SRC/Core\core_riscv.h ****   __I  uint32_t ISR[8];
 115:c:/Users/User/Documents/GitHub/ch32h417/EVT/EXAM/SRC/Core\core_riscv.h ****   __I  uint32_t IPR[8];
 116:c:/Users/User/Documents/GitHub/ch32h417/EVT/EXAM/SRC/Core\core_riscv.h ****   __IO uint32_t ITHRESDR;
 117:c:/Users/User/Documents/GitHub/ch32h417/EVT/EXAM/SRC/Core\core_riscv.h ****   uint32_t RESERVED;
 118:c:/Users/User/Documents/GitHub/ch32h417/EVT/EXAM/SRC/Core\core_riscv.h ****   __IO uint32_t CFGR;
 119:c:/Users/User/Documents/GitHub/ch32h417/EVT/EXAM/SRC/Core\core_riscv.h ****   __I  uint32_t GISR;
 120:c:/Users/User/Documents/GitHub/ch32h417/EVT/EXAM/SRC/Core\core_riscv.h ****   __IO uint8_t VTFIDR[4];
 121:c:/Users/User/Documents/GitHub/ch32h417/EVT/EXAM/SRC/Core\core_riscv.h ****   uint8_t RESERVED0[12];
 122:c:/Users/User/Documents/GitHub/ch32h417/EVT/EXAM/SRC/Core\core_riscv.h ****   __IO uint32_t VTFADDR[4];
 123:c:/Users/User/Documents/GitHub/ch32h417/EVT/EXAM/SRC/Core\core_riscv.h ****   uint8_t RESERVED1[0x90];
 124:c:/Users/User/Documents/GitHub/ch32h417/EVT/EXAM/SRC/Core\core_riscv.h ****   __O  uint32_t IENR[8];
 125:c:/Users/User/Documents/GitHub/ch32h417/EVT/EXAM/SRC/Core\core_riscv.h ****   uint8_t RESERVED2[0x60];
 126:c:/Users/User/Documents/GitHub/ch32h417/EVT/EXAM/SRC/Core\core_riscv.h ****   __O  uint32_t IRER[8];
 127:c:/Users/User/Documents/GitHub/ch32h417/EVT/EXAM/SRC/Core\core_riscv.h ****   uint8_t RESERVED3[0x60];
 128:c:/Users/User/Documents/GitHub/ch32h417/EVT/EXAM/SRC/Core\core_riscv.h ****   __O  uint32_t IPSR[8];
 129:c:/Users/User/Documents/GitHub/ch32h417/EVT/EXAM/SRC/Core\core_riscv.h ****   uint8_t RESERVED4[0x60];
 130:c:/Users/User/Documents/GitHub/ch32h417/EVT/EXAM/SRC/Core\core_riscv.h ****   __O  uint32_t IPRR[8];
 131:c:/Users/User/Documents/GitHub/ch32h417/EVT/EXAM/SRC/Core\core_riscv.h ****   uint8_t RESERVED5[0x60];
 132:c:/Users/User/Documents/GitHub/ch32h417/EVT/EXAM/SRC/Core\core_riscv.h ****   __IO uint32_t IACTR[8];
 133:c:/Users/User/Documents/GitHub/ch32h417/EVT/EXAM/SRC/Core\core_riscv.h ****   uint8_t RESERVED6[0xE0];
 134:c:/Users/User/Documents/GitHub/ch32h417/EVT/EXAM/SRC/Core\core_riscv.h ****   __IO uint8_t IPRIOR[256];
 135:c:/Users/User/Documents/GitHub/ch32h417/EVT/EXAM/SRC/Core\core_riscv.h ****   uint8_t RESERVED7[0x100]; 
 136:c:/Users/User/Documents/GitHub/ch32h417/EVT/EXAM/SRC/Core\core_riscv.h ****   __IO uint8_t IALLOCR[256];
 137:c:/Users/User/Documents/GitHub/ch32h417/EVT/EXAM/SRC/Core\core_riscv.h ****   __I  uint32_t IAUTR[8];
 138:c:/Users/User/Documents/GitHub/ch32h417/EVT/EXAM/SRC/Core\core_riscv.h ****   __IO uint32_t WAKEIP[2];
 139:c:/Users/User/Documents/GitHub/ch32h417/EVT/EXAM/SRC/Core\core_riscv.h ****   uint8_t RESERVED8[0x58]; 
 140:c:/Users/User/Documents/GitHub/ch32h417/EVT/EXAM/SRC/Core\core_riscv.h ****   __I  uint32_t CSTAR[2];
 141:c:/Users/User/Documents/GitHub/ch32h417/EVT/EXAM/SRC/Core\core_riscv.h ****   uint8_t RESERVED9[0x4F8]; 
 142:c:/Users/User/Documents/GitHub/ch32h417/EVT/EXAM/SRC/Core\core_riscv.h ****   __IO uint32_t EENR;
 143:c:/Users/User/Documents/GitHub/ch32h417/EVT/EXAM/SRC/Core\core_riscv.h ****   __IO uint32_t EPR;
 144:c:/Users/User/Documents/GitHub/ch32h417/EVT/EXAM/SRC/Core\core_riscv.h ****   __IO uint32_t EWUPR;
 145:c:/Users/User/Documents/GitHub/ch32h417/EVT/EXAM/SRC/Core\core_riscv.h ****   uint8_t RESERVED10[0x84]; 
 146:c:/Users/User/Documents/GitHub/ch32h417/EVT/EXAM/SRC/Core\core_riscv.h ****   __IO uint32_t SCTLR;
 147:c:/Users/User/Documents/GitHub/ch32h417/EVT/EXAM/SRC/Core\core_riscv.h **** }PFIC_Type;
 148:c:/Users/User/Documents/GitHub/ch32h417/EVT/EXAM/SRC/Core\core_riscv.h **** 
 149:c:/Users/User/Documents/GitHub/ch32h417/EVT/EXAM/SRC/Core\core_riscv.h **** /* memory mapped structure for SysTick */
 150:c:/Users/User/Documents/GitHub/ch32h417/EVT/EXAM/SRC/Core\core_riscv.h **** typedef struct
 151:c:/Users/User/Documents/GitHub/ch32h417/EVT/EXAM/SRC/Core\core_riscv.h **** {
 152:c:/Users/User/Documents/GitHub/ch32h417/EVT/EXAM/SRC/Core\core_riscv.h ****   __IO uint32_t CTLR;
 153:c:/Users/User/Documents/GitHub/ch32h417/EVT/EXAM/SRC/Core\core_riscv.h ****   __IO uint32_t ISR;  //only for SysTick0
 154:c:/Users/User/Documents/GitHub/ch32h417/EVT/EXAM/SRC/Core\core_riscv.h ****   __IO uint32_t CNT;
 155:c:/Users/User/Documents/GitHub/ch32h417/EVT/EXAM/SRC/Core\core_riscv.h ****   uint32_t RESERVED0;
 156:c:/Users/User/Documents/GitHub/ch32h417/EVT/EXAM/SRC/Core\core_riscv.h ****   __IO uint32_t CMP;
 157:c:/Users/User/Documents/GitHub/ch32h417/EVT/EXAM/SRC/Core\core_riscv.h **** }SysTick_Type;
 158:c:/Users/User/Documents/GitHub/ch32h417/EVT/EXAM/SRC/Core\core_riscv.h **** 
 159:c:/Users/User/Documents/GitHub/ch32h417/EVT/EXAM/SRC/Core\core_riscv.h **** #define HSEM          ((HSEM_Type *) 0xE000C000 )
 160:c:/Users/User/Documents/GitHub/ch32h417/EVT/EXAM/SRC/Core\core_riscv.h **** #define IPC           ((IPC_Type *) 0xE000D000 )
 161:c:/Users/User/Documents/GitHub/ch32h417/EVT/EXAM/SRC/Core\core_riscv.h **** #define PFIC          ((PFIC_Type *) 0xE000E000 )
 162:c:/Users/User/Documents/GitHub/ch32h417/EVT/EXAM/SRC/Core\core_riscv.h **** #define NVIC          PFIC
 163:c:/Users/User/Documents/GitHub/ch32h417/EVT/EXAM/SRC/Core\core_riscv.h **** #define	NVIC_KEY3		  ((uint32_t)0xBEEF0000)
 164:c:/Users/User/Documents/GitHub/ch32h417/EVT/EXAM/SRC/Core\core_riscv.h **** 
 165:c:/Users/User/Documents/GitHub/ch32h417/EVT/EXAM/SRC/Core\core_riscv.h **** #define SysTick0      ((SysTick_Type *) 0xE000F000)
 166:c:/Users/User/Documents/GitHub/ch32h417/EVT/EXAM/SRC/Core\core_riscv.h **** #define SysTick1      ((SysTick_Type *) 0xE000F080)
 167:c:/Users/User/Documents/GitHub/ch32h417/EVT/EXAM/SRC/Core\core_riscv.h **** 
 168:c:/Users/User/Documents/GitHub/ch32h417/EVT/EXAM/SRC/Core\core_riscv.h **** /* Core_ID */
 169:c:/Users/User/Documents/GitHub/ch32h417/EVT/EXAM/SRC/Core\core_riscv.h **** #define Core_ID_V3F   ((uint8_t)0x00)
 170:c:/Users/User/Documents/GitHub/ch32h417/EVT/EXAM/SRC/Core\core_riscv.h **** #define Core_ID_V5F   ((uint8_t)0x01)
 171:c:/Users/User/Documents/GitHub/ch32h417/EVT/EXAM/SRC/Core\core_riscv.h **** 
 172:c:/Users/User/Documents/GitHub/ch32h417/EVT/EXAM/SRC/Core\core_riscv.h **** 
 173:c:/Users/User/Documents/GitHub/ch32h417/EVT/EXAM/SRC/Core\core_riscv.h **** extern volatile uint32_t WFE_MASK;
 174:c:/Users/User/Documents/GitHub/ch32h417/EVT/EXAM/SRC/Core\core_riscv.h **** extern volatile uint32_t WFE_WkupSource;
 175:c:/Users/User/Documents/GitHub/ch32h417/EVT/EXAM/SRC/Core\core_riscv.h **** /*********************************************************************
 176:c:/Users/User/Documents/GitHub/ch32h417/EVT/EXAM/SRC/Core\core_riscv.h ****  * @fn      __enable_irq
 177:c:/Users/User/Documents/GitHub/ch32h417/EVT/EXAM/SRC/Core\core_riscv.h ****  *
 178:c:/Users/User/Documents/GitHub/ch32h417/EVT/EXAM/SRC/Core\core_riscv.h ****  * @brief   Enable Global Interrupt
 179:c:/Users/User/Documents/GitHub/ch32h417/EVT/EXAM/SRC/Core\core_riscv.h ****  *
 180:c:/Users/User/Documents/GitHub/ch32h417/EVT/EXAM/SRC/Core\core_riscv.h ****  * @return  none
 181:c:/Users/User/Documents/GitHub/ch32h417/EVT/EXAM/SRC/Core\core_riscv.h ****  */
 182:c:/Users/User/Documents/GitHub/ch32h417/EVT/EXAM/SRC/Core\core_riscv.h **** __attribute__( ( always_inline ) ) RV_STATIC_INLINE void __enable_irq()
 183:c:/Users/User/Documents/GitHub/ch32h417/EVT/EXAM/SRC/Core\core_riscv.h **** {
 184:c:/Users/User/Documents/GitHub/ch32h417/EVT/EXAM/SRC/Core\core_riscv.h ****   __asm volatile ("csrs 0x800, %0" : : "r" (0x88) );
 185:c:/Users/User/Documents/GitHub/ch32h417/EVT/EXAM/SRC/Core\core_riscv.h **** }
 186:c:/Users/User/Documents/GitHub/ch32h417/EVT/EXAM/SRC/Core\core_riscv.h **** 
 187:c:/Users/User/Documents/GitHub/ch32h417/EVT/EXAM/SRC/Core\core_riscv.h **** /*********************************************************************
 188:c:/Users/User/Documents/GitHub/ch32h417/EVT/EXAM/SRC/Core\core_riscv.h ****  * @fn      __disable_irq
 189:c:/Users/User/Documents/GitHub/ch32h417/EVT/EXAM/SRC/Core\core_riscv.h ****  *
 190:c:/Users/User/Documents/GitHub/ch32h417/EVT/EXAM/SRC/Core\core_riscv.h ****  * @brief   Disable Global Interrupt
 191:c:/Users/User/Documents/GitHub/ch32h417/EVT/EXAM/SRC/Core\core_riscv.h ****  *
 192:c:/Users/User/Documents/GitHub/ch32h417/EVT/EXAM/SRC/Core\core_riscv.h ****  * @return  none
 193:c:/Users/User/Documents/GitHub/ch32h417/EVT/EXAM/SRC/Core\core_riscv.h ****  */
 194:c:/Users/User/Documents/GitHub/ch32h417/EVT/EXAM/SRC/Core\core_riscv.h **** __attribute__( ( always_inline ) ) RV_STATIC_INLINE void __disable_irq()
 195:c:/Users/User/Documents/GitHub/ch32h417/EVT/EXAM/SRC/Core\core_riscv.h **** {
 196:c:/Users/User/Documents/GitHub/ch32h417/EVT/EXAM/SRC/Core\core_riscv.h ****   __asm volatile ("csrc 0x800, %0" : : "r" (0x88) );
 197:c:/Users/User/Documents/GitHub/ch32h417/EVT/EXAM/SRC/Core\core_riscv.h ****   __asm volatile ("fence.i");
 198:c:/Users/User/Documents/GitHub/ch32h417/EVT/EXAM/SRC/Core\core_riscv.h **** }
 199:c:/Users/User/Documents/GitHub/ch32h417/EVT/EXAM/SRC/Core\core_riscv.h **** 
 200:c:/Users/User/Documents/GitHub/ch32h417/EVT/EXAM/SRC/Core\core_riscv.h **** /*********************************************************************
 201:c:/Users/User/Documents/GitHub/ch32h417/EVT/EXAM/SRC/Core\core_riscv.h ****  * @fn      __NOP
 202:c:/Users/User/Documents/GitHub/ch32h417/EVT/EXAM/SRC/Core\core_riscv.h ****  *
 203:c:/Users/User/Documents/GitHub/ch32h417/EVT/EXAM/SRC/Core\core_riscv.h ****  * @brief   nop
 204:c:/Users/User/Documents/GitHub/ch32h417/EVT/EXAM/SRC/Core\core_riscv.h ****  *
 205:c:/Users/User/Documents/GitHub/ch32h417/EVT/EXAM/SRC/Core\core_riscv.h ****  * @return  none
 206:c:/Users/User/Documents/GitHub/ch32h417/EVT/EXAM/SRC/Core\core_riscv.h ****  */
 207:c:/Users/User/Documents/GitHub/ch32h417/EVT/EXAM/SRC/Core\core_riscv.h **** __attribute__( ( always_inline ) ) RV_STATIC_INLINE void __NOP()
 208:c:/Users/User/Documents/GitHub/ch32h417/EVT/EXAM/SRC/Core\core_riscv.h **** {
 209:c:/Users/User/Documents/GitHub/ch32h417/EVT/EXAM/SRC/Core\core_riscv.h ****   __asm volatile ("nop");
 210:c:/Users/User/Documents/GitHub/ch32h417/EVT/EXAM/SRC/Core\core_riscv.h **** }
 211:c:/Users/User/Documents/GitHub/ch32h417/EVT/EXAM/SRC/Core\core_riscv.h **** 
 212:c:/Users/User/Documents/GitHub/ch32h417/EVT/EXAM/SRC/Core\core_riscv.h **** /*********************************************************************
 213:c:/Users/User/Documents/GitHub/ch32h417/EVT/EXAM/SRC/Core\core_riscv.h ****  * @fn      NVIC_EnableIRQ
 214:c:/Users/User/Documents/GitHub/ch32h417/EVT/EXAM/SRC/Core\core_riscv.h ****  *
 215:c:/Users/User/Documents/GitHub/ch32h417/EVT/EXAM/SRC/Core\core_riscv.h ****  * @brief   Enable Interrupt
 216:c:/Users/User/Documents/GitHub/ch32h417/EVT/EXAM/SRC/Core\core_riscv.h ****  *
 217:c:/Users/User/Documents/GitHub/ch32h417/EVT/EXAM/SRC/Core\core_riscv.h ****  * @param   IRQn - Interrupt Numbers
 218:c:/Users/User/Documents/GitHub/ch32h417/EVT/EXAM/SRC/Core\core_riscv.h ****  *
 219:c:/Users/User/Documents/GitHub/ch32h417/EVT/EXAM/SRC/Core\core_riscv.h ****  * @return  none
 220:c:/Users/User/Documents/GitHub/ch32h417/EVT/EXAM/SRC/Core\core_riscv.h ****  */
 221:c:/Users/User/Documents/GitHub/ch32h417/EVT/EXAM/SRC/Core\core_riscv.h **** __attribute__( ( always_inline ) ) RV_STATIC_INLINE void NVIC_EnableIRQ(IRQn_Type IRQn)
 222:c:/Users/User/Documents/GitHub/ch32h417/EVT/EXAM/SRC/Core\core_riscv.h **** {
 223:c:/Users/User/Documents/GitHub/ch32h417/EVT/EXAM/SRC/Core\core_riscv.h ****   NVIC->IENR[((uint32_t)(IRQn) >> 5)] = (1 << ((uint32_t)(IRQn) & 0x1F));
 111              		.loc 2 223 3
 112              		.loc 2 223 39 is_stmt 0
 113 006c B7E700E0 		li	a5,-536813568
 114 0070 13070040 		li	a4,1024
 115 0074 23A4E710 		sw	a4,264(a5)
 116              	.LVL7:
 117              	.LBE29:
 118              	.LBE28:
  73:c:/Users/User/Documents/GitHub/ch32h417/EVT/EXAM/USBFS/DEVICE/SimulateCDC/Common\UART.c **** 
  74:c:/Users/User/Documents/GitHub/ch32h417/EVT/EXAM/USBFS/DEVICE/SimulateCDC/Common\UART.c ****     /* TIM2 enable counter */
  75:c:/Users/User/Documents/GitHub/ch32h417/EVT/EXAM/USBFS/DEVICE/SimulateCDC/Common\UART.c ****     TIM_Cmd( TIM2, ENABLE );
 119              		.loc 1 75 5 is_stmt 1
 120 0078 8545     		li	a1,1
 121 007a 37050040 		li	a0,1073741824
 122 007e 97000000 		call	TIM_Cmd
 122      E7800000 
 123              	.LVL8:
  76:c:/Users/User/Documents/GitHub/ch32h417/EVT/EXAM/USBFS/DEVICE/SimulateCDC/Common\UART.c **** }
 124              		.loc 1 76 1 is_stmt 0
 125 0086 4101     		addi	sp,sp,16
 126              		.cfi_def_cfa_offset 0
 127 0088 17030000 		tail	__riscv_restore_0
 127      67000300 
 128              		.cfi_restore 1
 129              		.cfi_def_cfa_offset -16
 130              		.cfi_endproc
 131              	.LFE42:
 133              		.section	.text.UART_CfgInit,"ax",@progbits
 134              		.align	1
 135              		.globl	UART_CfgInit
 137              	UART_CfgInit:
 138              	.LFB43:
  77:c:/Users/User/Documents/GitHub/ch32h417/EVT/EXAM/USBFS/DEVICE/SimulateCDC/Common\UART.c **** 
  78:c:/Users/User/Documents/GitHub/ch32h417/EVT/EXAM/USBFS/DEVICE/SimulateCDC/Common\UART.c **** /*********************************************************************
  79:c:/Users/User/Documents/GitHub/ch32h417/EVT/EXAM/USBFS/DEVICE/SimulateCDC/Common\UART.c ****  * @fn      UART_CfgInit
  80:c:/Users/User/Documents/GitHub/ch32h417/EVT/EXAM/USBFS/DEVICE/SimulateCDC/Common\UART.c ****  *
  81:c:/Users/User/Documents/GitHub/ch32h417/EVT/EXAM/USBFS/DEVICE/SimulateCDC/Common\UART.c ****  * @brief   Uart configuration initialization
  82:c:/Users/User/Documents/GitHub/ch32h417/EVT/EXAM/USBFS/DEVICE/SimulateCDC/Common\UART.c ****  *
  83:c:/Users/User/Documents/GitHub/ch32h417/EVT/EXAM/USBFS/DEVICE/SimulateCDC/Common\UART.c ****  * @return  none
  84:c:/Users/User/Documents/GitHub/ch32h417/EVT/EXAM/USBFS/DEVICE/SimulateCDC/Common\UART.c ****  */
  85:c:/Users/User/Documents/GitHub/ch32h417/EVT/EXAM/USBFS/DEVICE/SimulateCDC/Common\UART.c **** void UART_CfgInit( uint32_t baudrate, uint8_t stopbits, uint8_t parity )
  86:c:/Users/User/Documents/GitHub/ch32h417/EVT/EXAM/USBFS/DEVICE/SimulateCDC/Common\UART.c **** {
 139              		.loc 1 86 1 is_stmt 1
 140              		.cfi_startproc
 141              	.LVL9:
 142 0000 17030000 		call	t0,__riscv_save_6
 142      E7020300 
 143              		.cfi_offset 21, -28
 144              		.cfi_offset 20, -24
 145              		.cfi_offset 19, -20
 146              		.cfi_offset 18, -16
 147              		.cfi_offset 9, -12
 148              		.cfi_offset 8, -8
 149              		.cfi_offset 1, -4
 150              		.cfi_def_cfa_offset 32
  87:c:/Users/User/Documents/GitHub/ch32h417/EVT/EXAM/USBFS/DEVICE/SimulateCDC/Common\UART.c ****     USART_InitTypeDef USART_InitStructure = {0};
 151              		.loc 1 87 5
  88:c:/Users/User/Documents/GitHub/ch32h417/EVT/EXAM/USBFS/DEVICE/SimulateCDC/Common\UART.c ****     GPIO_InitTypeDef  GPIO_InitStructure = {0};
  89:c:/Users/User/Documents/GitHub/ch32h417/EVT/EXAM/USBFS/DEVICE/SimulateCDC/Common\UART.c ****     uint16_t dat = dat;
  90:c:/Users/User/Documents/GitHub/ch32h417/EVT/EXAM/USBFS/DEVICE/SimulateCDC/Common\UART.c **** 
  91:c:/Users/User/Documents/GitHub/ch32h417/EVT/EXAM/USBFS/DEVICE/SimulateCDC/Common\UART.c ****     /* delete contains in ( ... )  */
  92:c:/Users/User/Documents/GitHub/ch32h417/EVT/EXAM/USBFS/DEVICE/SimulateCDC/Common\UART.c ****     /* First set the serial port introduction to output high then close the TE and RE of CTLR1 regi
  93:c:/Users/User/Documents/GitHub/ch32h417/EVT/EXAM/USBFS/DEVICE/SimulateCDC/Common\UART.c ****     /* Note: This operation must be performed, the TX pin otherwise the level will be pulled low */
  94:c:/Users/User/Documents/GitHub/ch32h417/EVT/EXAM/USBFS/DEVICE/SimulateCDC/Common\UART.c ****     GPIO_SetBits( GPIOF, GPIO_Pin_4 );
 152              		.loc 1 94 5 is_stmt 0
 153 0008 B7240140 		li	s1,1073815552
  86:c:/Users/User/Documents/GitHub/ch32h417/EVT/EXAM/USBFS/DEVICE/SimulateCDC/Common\UART.c ****     USART_InitTypeDef USART_InitStructure = {0};
 154              		.loc 1 86 1
 155 000c 0111     		addi	sp,sp,-32
 156              		.cfi_def_cfa_offset 64
  86:c:/Users/User/Documents/GitHub/ch32h417/EVT/EXAM/USBFS/DEVICE/SimulateCDC/Common\UART.c ****     USART_InitTypeDef USART_InitStructure = {0};
 157              		.loc 1 86 1
 158 000e 2A8A     		mv	s4,a0
 159 0010 2E84     		mv	s0,a1
 160              		.loc 1 94 5
 161 0012 138504C0 		addi	a0,s1,-1024
 162              	.LVL10:
 163 0016 C145     		li	a1,16
 164              	.LVL11:
  86:c:/Users/User/Documents/GitHub/ch32h417/EVT/EXAM/USBFS/DEVICE/SimulateCDC/Common\UART.c ****     USART_InitTypeDef USART_InitStructure = {0};
 165              		.loc 1 86 1
 166 0018 3289     		mv	s2,a2
  87:c:/Users/User/Documents/GitHub/ch32h417/EVT/EXAM/USBFS/DEVICE/SimulateCDC/Common\UART.c ****     USART_InitTypeDef USART_InitStructure = {0};
 167              		.loc 1 87 23
 168 001a 02C8     		sw	zero,16(sp)
 169 001c 02CA     		sw	zero,20(sp)
 170 001e 02CC     		sw	zero,24(sp)
 171 0020 02CE     		sw	zero,28(sp)
  88:c:/Users/User/Documents/GitHub/ch32h417/EVT/EXAM/USBFS/DEVICE/SimulateCDC/Common\UART.c ****     GPIO_InitTypeDef  GPIO_InitStructure = {0};
 172              		.loc 1 88 5 is_stmt 1
  88:c:/Users/User/Documents/GitHub/ch32h417/EVT/EXAM/USBFS/DEVICE/SimulateCDC/Common\UART.c ****     GPIO_InitTypeDef  GPIO_InitStructure = {0};
 173              		.loc 1 88 23 is_stmt 0
 174 0022 02C2     		sw	zero,4(sp)
 175 0024 02C4     		sw	zero,8(sp)
 176 0026 02C6     		sw	zero,12(sp)
  89:c:/Users/User/Documents/GitHub/ch32h417/EVT/EXAM/USBFS/DEVICE/SimulateCDC/Common\UART.c **** 
 177              		.loc 1 89 5 is_stmt 1
 178              		.loc 1 94 5
 179 0028 97000000 		call	GPIO_SetBits
 179      E7800000 
 180              	.LVL12:
  95:c:/Users/User/Documents/GitHub/ch32h417/EVT/EXAM/USBFS/DEVICE/SimulateCDC/Common\UART.c ****     GPIO_InitStructure.GPIO_Pin   = GPIO_Pin_4;
 181              		.loc 1 95 5
 182              		.loc 1 95 35 is_stmt 0
 183 0030 C149     		li	s3,16
  96:c:/Users/User/Documents/GitHub/ch32h417/EVT/EXAM/USBFS/DEVICE/SimulateCDC/Common\UART.c ****     GPIO_InitStructure.GPIO_Speed = GPIO_Speed_High;
 184              		.loc 1 96 35
 185 0032 894A     		li	s5,2
  97:c:/Users/User/Documents/GitHub/ch32h417/EVT/EXAM/USBFS/DEVICE/SimulateCDC/Common\UART.c ****     GPIO_InitStructure.GPIO_Mode  = GPIO_Mode_Out_PP;
  98:c:/Users/User/Documents/GitHub/ch32h417/EVT/EXAM/USBFS/DEVICE/SimulateCDC/Common\UART.c ****     GPIO_Init( GPIOF, &GPIO_InitStructure );
 186              		.loc 1 98 5
 187 0034 4C00     		addi	a1,sp,4
 188 0036 138504C0 		addi	a0,s1,-1024
  95:c:/Users/User/Documents/GitHub/ch32h417/EVT/EXAM/USBFS/DEVICE/SimulateCDC/Common\UART.c ****     GPIO_InitStructure.GPIO_Speed = GPIO_Speed_High;
 189              		.loc 1 95 35
 190 003a 23123101 		sh	s3,4(sp)
  96:c:/Users/User/Documents/GitHub/ch32h417/EVT/EXAM/USBFS/DEVICE/SimulateCDC/Common\UART.c ****     GPIO_InitStructure.GPIO_Speed = GPIO_Speed_High;
 191              		.loc 1 96 5 is_stmt 1
  96:c:/Users/User/Documents/GitHub/ch32h417/EVT/EXAM/USBFS/DEVICE/SimulateCDC/Common\UART.c ****     GPIO_InitStructure.GPIO_Speed = GPIO_Speed_High;
 192              		.loc 1 96 35 is_stmt 0
 193 003e 56C4     		sw	s5,8(sp)
  97:c:/Users/User/Documents/GitHub/ch32h417/EVT/EXAM/USBFS/DEVICE/SimulateCDC/Common\UART.c ****     GPIO_InitStructure.GPIO_Mode  = GPIO_Mode_Out_PP;
 194              		.loc 1 97 5 is_stmt 1
  97:c:/Users/User/Documents/GitHub/ch32h417/EVT/EXAM/USBFS/DEVICE/SimulateCDC/Common\UART.c ****     GPIO_InitStructure.GPIO_Mode  = GPIO_Mode_Out_PP;
 195              		.loc 1 97 35 is_stmt 0
 196 0040 4EC6     		sw	s3,12(sp)
 197              		.loc 1 98 5 is_stmt 1
 198 0042 97000000 		call	GPIO_Init
 198      E7800000 
 199              	.LVL13:
  99:c:/Users/User/Documents/GitHub/ch32h417/EVT/EXAM/USBFS/DEVICE/SimulateCDC/Common\UART.c **** 
 100:c:/Users/User/Documents/GitHub/ch32h417/EVT/EXAM/USBFS/DEVICE/SimulateCDC/Common\UART.c ****     /* clear te/re */
 101:c:/Users/User/Documents/GitHub/ch32h417/EVT/EXAM/USBFS/DEVICE/SimulateCDC/Common\UART.c ****     DEF_UART->CTLR1 &= ~( USART_CTLR1_TE | USART_CTLR1_RE );
 200              		.loc 1 101 5
 201              		.loc 1 101 13 is_stmt 0
 202 004a 37570040 		li	a4,1073762304
 203 004e 8357C7C0 		lhu	a5,-1012(a4)
 102:c:/Users/User/Documents/GitHub/ch32h417/EVT/EXAM/USBFS/DEVICE/SimulateCDC/Common\UART.c **** 
 103:c:/Users/User/Documents/GitHub/ch32h417/EVT/EXAM/USBFS/DEVICE/SimulateCDC/Common\UART.c ****     /* USART Hard configured: */
 104:c:/Users/User/Documents/GitHub/ch32h417/EVT/EXAM/USBFS/DEVICE/SimulateCDC/Common\UART.c ****     /* Configure USART Rx (PF3) as input floating */
 105:c:/Users/User/Documents/GitHub/ch32h417/EVT/EXAM/USBFS/DEVICE/SimulateCDC/Common\UART.c ****     GPIO_InitStructure.GPIO_Pin   = GPIO_Pin_3;
 106:c:/Users/User/Documents/GitHub/ch32h417/EVT/EXAM/USBFS/DEVICE/SimulateCDC/Common\UART.c ****     GPIO_InitStructure.GPIO_Mode  = GPIO_Mode_IPU;
 107:c:/Users/User/Documents/GitHub/ch32h417/EVT/EXAM/USBFS/DEVICE/SimulateCDC/Common\UART.c ****     GPIO_Init( GPIOF, &GPIO_InitStructure );
 204              		.loc 1 107 5
 205 0052 4C00     		addi	a1,sp,4
 206 0054 138504C0 		addi	a0,s1,-1024
 101:c:/Users/User/Documents/GitHub/ch32h417/EVT/EXAM/USBFS/DEVICE/SimulateCDC/Common\UART.c **** 
 207              		.loc 1 101 13
 208 0058 B3C70708 		zext.h	a5,a5
 101:c:/Users/User/Documents/GitHub/ch32h417/EVT/EXAM/USBFS/DEVICE/SimulateCDC/Common\UART.c **** 
 209              		.loc 1 101 21
 210 005c CD9B     		andi	a5,a5,-13
 211 005e B3C70708 		zext.h	a5,a5
 212 0062 2316F7C0 		sh	a5,-1012(a4)
 105:c:/Users/User/Documents/GitHub/ch32h417/EVT/EXAM/USBFS/DEVICE/SimulateCDC/Common\UART.c ****     GPIO_InitStructure.GPIO_Mode  = GPIO_Mode_IPU;
 213              		.loc 1 105 5 is_stmt 1
 105:c:/Users/User/Documents/GitHub/ch32h417/EVT/EXAM/USBFS/DEVICE/SimulateCDC/Common\UART.c ****     GPIO_InitStructure.GPIO_Mode  = GPIO_Mode_IPU;
 214              		.loc 1 105 35 is_stmt 0
 215 0066 A147     		li	a5,8
 216 0068 7C82     		sh	a5,4(sp)
 106:c:/Users/User/Documents/GitHub/ch32h417/EVT/EXAM/USBFS/DEVICE/SimulateCDC/Common\UART.c ****     GPIO_Init( GPIOF, &GPIO_InitStructure );
 217              		.loc 1 106 5 is_stmt 1
 106:c:/Users/User/Documents/GitHub/ch32h417/EVT/EXAM/USBFS/DEVICE/SimulateCDC/Common\UART.c ****     GPIO_Init( GPIOF, &GPIO_InitStructure );
 218              		.loc 1 106 35 is_stmt 0
 219 006a 93078004 		li	a5,72
 220 006e 3EC6     		sw	a5,12(sp)
 221              		.loc 1 107 5 is_stmt 1
 222 0070 97000000 		call	GPIO_Init
 222      E7800000 
 223              	.LVL14:
 108:c:/Users/User/Documents/GitHub/ch32h417/EVT/EXAM/USBFS/DEVICE/SimulateCDC/Common\UART.c ****     GPIO_PinAFConfig(GPIOF,GPIO_PinSource3,GPIO_AF7);
 224              		.loc 1 108 5
 225 0078 1D46     		li	a2,7
 226 007a 8D45     		li	a1,3
 227 007c 138504C0 		addi	a0,s1,-1024
 228 0080 97000000 		call	GPIO_PinAFConfig
 228      E7800000 
 229              	.LVL15:
 109:c:/Users/User/Documents/GitHub/ch32h417/EVT/EXAM/USBFS/DEVICE/SimulateCDC/Common\UART.c **** 
 110:c:/Users/User/Documents/GitHub/ch32h417/EVT/EXAM/USBFS/DEVICE/SimulateCDC/Common\UART.c ****     /* Configure USART Tx (PF4) as alternate function push-pull */
 111:c:/Users/User/Documents/GitHub/ch32h417/EVT/EXAM/USBFS/DEVICE/SimulateCDC/Common\UART.c ****     GPIO_InitStructure.GPIO_Pin   = GPIO_Pin_4;
 230              		.loc 1 111 5
 112:c:/Users/User/Documents/GitHub/ch32h417/EVT/EXAM/USBFS/DEVICE/SimulateCDC/Common\UART.c ****     GPIO_InitStructure.GPIO_Speed = GPIO_Speed_High;
 113:c:/Users/User/Documents/GitHub/ch32h417/EVT/EXAM/USBFS/DEVICE/SimulateCDC/Common\UART.c ****     GPIO_InitStructure.GPIO_Mode  = GPIO_Mode_AF_PP;
 231              		.loc 1 113 35 is_stmt 0
 232 0088 E147     		li	a5,24
 114:c:/Users/User/Documents/GitHub/ch32h417/EVT/EXAM/USBFS/DEVICE/SimulateCDC/Common\UART.c ****     GPIO_Init( GPIOF, &GPIO_InitStructure );
 233              		.loc 1 114 5
 234 008a 4C00     		addi	a1,sp,4
 235 008c 138504C0 		addi	a0,s1,-1024
 113:c:/Users/User/Documents/GitHub/ch32h417/EVT/EXAM/USBFS/DEVICE/SimulateCDC/Common\UART.c ****     GPIO_Init( GPIOF, &GPIO_InitStructure );
 236              		.loc 1 113 35
 237 0090 3EC6     		sw	a5,12(sp)
 111:c:/Users/User/Documents/GitHub/ch32h417/EVT/EXAM/USBFS/DEVICE/SimulateCDC/Common\UART.c ****     GPIO_InitStructure.GPIO_Speed = GPIO_Speed_High;
 238              		.loc 1 111 35
 239 0092 23123101 		sh	s3,4(sp)
 112:c:/Users/User/Documents/GitHub/ch32h417/EVT/EXAM/USBFS/DEVICE/SimulateCDC/Common\UART.c ****     GPIO_InitStructure.GPIO_Mode  = GPIO_Mode_AF_PP;
 240              		.loc 1 112 5 is_stmt 1
 112:c:/Users/User/Documents/GitHub/ch32h417/EVT/EXAM/USBFS/DEVICE/SimulateCDC/Common\UART.c ****     GPIO_InitStructure.GPIO_Mode  = GPIO_Mode_AF_PP;
 241              		.loc 1 112 35 is_stmt 0
 242 0096 56C4     		sw	s5,8(sp)
 113:c:/Users/User/Documents/GitHub/ch32h417/EVT/EXAM/USBFS/DEVICE/SimulateCDC/Common\UART.c ****     GPIO_Init( GPIOF, &GPIO_InitStructure );
 243              		.loc 1 113 5 is_stmt 1
 244              		.loc 1 114 5
 245 0098 97000000 		call	GPIO_Init
 245      E7800000 
 246              	.LVL16:
 115:c:/Users/User/Documents/GitHub/ch32h417/EVT/EXAM/USBFS/DEVICE/SimulateCDC/Common\UART.c ****     GPIO_PinAFConfig(GPIOF,GPIO_PinSource4,GPIO_AF7);
 247              		.loc 1 115 5
 248 00a0 1D46     		li	a2,7
 249 00a2 9145     		li	a1,4
 250 00a4 138504C0 		addi	a0,s1,-1024
 251 00a8 97000000 		call	GPIO_PinAFConfig
 251      E7800000 
 252              	.LVL17:
 116:c:/Users/User/Documents/GitHub/ch32h417/EVT/EXAM/USBFS/DEVICE/SimulateCDC/Common\UART.c ****     /* Test IO */
 117:c:/Users/User/Documents/GitHub/ch32h417/EVT/EXAM/USBFS/DEVICE/SimulateCDC/Common\UART.c ****     GPIO_InitStructure.GPIO_Pin   = GPIO_Pin_15;
 253              		.loc 1 117 5
 118:c:/Users/User/Documents/GitHub/ch32h417/EVT/EXAM/USBFS/DEVICE/SimulateCDC/Common\UART.c ****     GPIO_InitStructure.GPIO_Speed = GPIO_Speed_High;
 119:c:/Users/User/Documents/GitHub/ch32h417/EVT/EXAM/USBFS/DEVICE/SimulateCDC/Common\UART.c ****     GPIO_InitStructure.GPIO_Mode  = GPIO_Mode_Out_PP;
 120:c:/Users/User/Documents/GitHub/ch32h417/EVT/EXAM/USBFS/DEVICE/SimulateCDC/Common\UART.c ****     GPIO_Init( GPIOA, &GPIO_InitStructure );
 254              		.loc 1 120 5 is_stmt 0
 255 00b0 37150140 		li	a0,1073811456
 117:c:/Users/User/Documents/GitHub/ch32h417/EVT/EXAM/USBFS/DEVICE/SimulateCDC/Common\UART.c ****     GPIO_InitStructure.GPIO_Speed = GPIO_Speed_High;
 256              		.loc 1 117 35
 257 00b4 E177     		li	a5,-32768
 258              		.loc 1 120 5
 259 00b6 4C00     		addi	a1,sp,4
 260 00b8 13050580 		addi	a0,a0,-2048
 117:c:/Users/User/Documents/GitHub/ch32h417/EVT/EXAM/USBFS/DEVICE/SimulateCDC/Common\UART.c ****     GPIO_InitStructure.GPIO_Speed = GPIO_Speed_High;
 261              		.loc 1 117 35
 262 00bc 7C82     		sh	a5,4(sp)
 118:c:/Users/User/Documents/GitHub/ch32h417/EVT/EXAM/USBFS/DEVICE/SimulateCDC/Common\UART.c ****     GPIO_InitStructure.GPIO_Speed = GPIO_Speed_High;
 263              		.loc 1 118 5 is_stmt 1
 118:c:/Users/User/Documents/GitHub/ch32h417/EVT/EXAM/USBFS/DEVICE/SimulateCDC/Common\UART.c ****     GPIO_InitStructure.GPIO_Speed = GPIO_Speed_High;
 264              		.loc 1 118 35 is_stmt 0
 265 00be 56C4     		sw	s5,8(sp)
 119:c:/Users/User/Documents/GitHub/ch32h417/EVT/EXAM/USBFS/DEVICE/SimulateCDC/Common\UART.c ****     GPIO_Init( GPIOA, &GPIO_InitStructure );
 266              		.loc 1 119 5 is_stmt 1
 119:c:/Users/User/Documents/GitHub/ch32h417/EVT/EXAM/USBFS/DEVICE/SimulateCDC/Common\UART.c ****     GPIO_Init( GPIOA, &GPIO_InitStructure );
 267              		.loc 1 119 35 is_stmt 0
 268 00c0 4EC6     		sw	s3,12(sp)
 269              		.loc 1 120 5 is_stmt 1
 270 00c2 97000000 		call	GPIO_Init
 270      E7800000 
 271              	.LVL18:
 121:c:/Users/User/Documents/GitHub/ch32h417/EVT/EXAM/USBFS/DEVICE/SimulateCDC/Common\UART.c ****     /* USART configured as follow:
 122:c:/Users/User/Documents/GitHub/ch32h417/EVT/EXAM/USBFS/DEVICE/SimulateCDC/Common\UART.c ****         - BaudRate = 115200 baud  
 123:c:/Users/User/Documents/GitHub/ch32h417/EVT/EXAM/USBFS/DEVICE/SimulateCDC/Common\UART.c ****         - Word Length = 8 Bits
 124:c:/Users/User/Documents/GitHub/ch32h417/EVT/EXAM/USBFS/DEVICE/SimulateCDC/Common\UART.c ****         - One Stop Bit
 125:c:/Users/User/Documents/GitHub/ch32h417/EVT/EXAM/USBFS/DEVICE/SimulateCDC/Common\UART.c ****         - No parity
 126:c:/Users/User/Documents/GitHub/ch32h417/EVT/EXAM/USBFS/DEVICE/SimulateCDC/Common\UART.c ****         - Hardware flow control disabled (RTS and CTS signals)
 127:c:/Users/User/Documents/GitHub/ch32h417/EVT/EXAM/USBFS/DEVICE/SimulateCDC/Common\UART.c ****         - Receive and transmit enabled
 128:c:/Users/User/Documents/GitHub/ch32h417/EVT/EXAM/USBFS/DEVICE/SimulateCDC/Common\UART.c ****         - USART Clock disabled
 129:c:/Users/User/Documents/GitHub/ch32h417/EVT/EXAM/USBFS/DEVICE/SimulateCDC/Common\UART.c ****         - USART CPOL: Clock is active low
 130:c:/Users/User/Documents/GitHub/ch32h417/EVT/EXAM/USBFS/DEVICE/SimulateCDC/Common\UART.c ****         - USART CPHA: Data is captured on the middle 
 131:c:/Users/User/Documents/GitHub/ch32h417/EVT/EXAM/USBFS/DEVICE/SimulateCDC/Common\UART.c ****         - USART LastBit: The clock pulse of the last data bit is not output to 
 132:c:/Users/User/Documents/GitHub/ch32h417/EVT/EXAM/USBFS/DEVICE/SimulateCDC/Common\UART.c ****                          the SCLK pin
 133:c:/Users/User/Documents/GitHub/ch32h417/EVT/EXAM/USBFS/DEVICE/SimulateCDC/Common\UART.c ****     */
 134:c:/Users/User/Documents/GitHub/ch32h417/EVT/EXAM/USBFS/DEVICE/SimulateCDC/Common\UART.c ****     USART_InitStructure.USART_BaudRate = baudrate;
 272              		.loc 1 134 5
 135:c:/Users/User/Documents/GitHub/ch32h417/EVT/EXAM/USBFS/DEVICE/SimulateCDC/Common\UART.c ****     USART_InitStructure.USART_WordLength = USART_WordLength_8b;
 273              		.loc 1 135 5
 136:c:/Users/User/Documents/GitHub/ch32h417/EVT/EXAM/USBFS/DEVICE/SimulateCDC/Common\UART.c **** 
 137:c:/Users/User/Documents/GitHub/ch32h417/EVT/EXAM/USBFS/DEVICE/SimulateCDC/Common\UART.c ****     /* Number of stop bits (0: 1 stop bit; 1: 1.5 stop bits; 2: 2 stop bits). */
 138:c:/Users/User/Documents/GitHub/ch32h417/EVT/EXAM/USBFS/DEVICE/SimulateCDC/Common\UART.c ****     if( stopbits == 1 )
 274              		.loc 1 138 5
 275              		.loc 1 138 7 is_stmt 0
 276 00ca 0547     		li	a4,1
 277 00cc 8D67     		li	a5,12288
 278 00ce 6307E400 		beq	s0,a4,.L6
 139:c:/Users/User/Documents/GitHub/ch32h417/EVT/EXAM/USBFS/DEVICE/SimulateCDC/Common\UART.c ****     {
 140:c:/Users/User/Documents/GitHub/ch32h417/EVT/EXAM/USBFS/DEVICE/SimulateCDC/Common\UART.c ****         USART_InitStructure.USART_StopBits = USART_StopBits_1_5;
 141:c:/Users/User/Documents/GitHub/ch32h417/EVT/EXAM/USBFS/DEVICE/SimulateCDC/Common\UART.c ****     }
 142:c:/Users/User/Documents/GitHub/ch32h417/EVT/EXAM/USBFS/DEVICE/SimulateCDC/Common\UART.c ****     else if( stopbits == 2 )
 279              		.loc 1 142 10 is_stmt 1
 280              		.loc 1 142 12 is_stmt 0
 281 00d2 7914     		addi	s0,s0,-2
 282 00d4 13341400 		seqz	s0,s0
 283 00d8 9317D400 		slli	a5,s0,13
 284              	.L6:
 140:c:/Users/User/Documents/GitHub/ch32h417/EVT/EXAM/USBFS/DEVICE/SimulateCDC/Common\UART.c ****     }
 285              		.loc 1 140 44
 286 00dc FC83     		sh	a5,22(sp)
 143:c:/Users/User/Documents/GitHub/ch32h417/EVT/EXAM/USBFS/DEVICE/SimulateCDC/Common\UART.c ****     {
 144:c:/Users/User/Documents/GitHub/ch32h417/EVT/EXAM/USBFS/DEVICE/SimulateCDC/Common\UART.c ****         USART_InitStructure.USART_StopBits = USART_StopBits_2;
 145:c:/Users/User/Documents/GitHub/ch32h417/EVT/EXAM/USBFS/DEVICE/SimulateCDC/Common\UART.c ****     }
 146:c:/Users/User/Documents/GitHub/ch32h417/EVT/EXAM/USBFS/DEVICE/SimulateCDC/Common\UART.c ****     else
 147:c:/Users/User/Documents/GitHub/ch32h417/EVT/EXAM/USBFS/DEVICE/SimulateCDC/Common\UART.c ****     {
 148:c:/Users/User/Documents/GitHub/ch32h417/EVT/EXAM/USBFS/DEVICE/SimulateCDC/Common\UART.c ****         USART_InitStructure.USART_StopBits = USART_StopBits_1;
 149:c:/Users/User/Documents/GitHub/ch32h417/EVT/EXAM/USBFS/DEVICE/SimulateCDC/Common\UART.c ****     }
 150:c:/Users/User/Documents/GitHub/ch32h417/EVT/EXAM/USBFS/DEVICE/SimulateCDC/Common\UART.c **** 
 151:c:/Users/User/Documents/GitHub/ch32h417/EVT/EXAM/USBFS/DEVICE/SimulateCDC/Common\UART.c ****     /* Check digit (0: None; 1: Odd; 2: Even; 3: Mark; 4: Space); */
 152:c:/Users/User/Documents/GitHub/ch32h417/EVT/EXAM/USBFS/DEVICE/SimulateCDC/Common\UART.c ****     if( parity == 1 )
 287              		.loc 1 152 5 is_stmt 1
 134:c:/Users/User/Documents/GitHub/ch32h417/EVT/EXAM/USBFS/DEVICE/SimulateCDC/Common\UART.c ****     USART_InitStructure.USART_WordLength = USART_WordLength_8b;
 288              		.loc 1 134 40 is_stmt 0
 289 00de 52C8     		sw	s4,16(sp)
 135:c:/Users/User/Documents/GitHub/ch32h417/EVT/EXAM/USBFS/DEVICE/SimulateCDC/Common\UART.c **** 
 290              		.loc 1 135 42
 291 00e0 231A0100 		sh	zero,20(sp)
 292              		.loc 1 152 7
 293 00e4 8547     		li	a5,1
 294 00e6 6318F904 		bne	s2,a5,.L7
 153:c:/Users/User/Documents/GitHub/ch32h417/EVT/EXAM/USBFS/DEVICE/SimulateCDC/Common\UART.c ****     {
 154:c:/Users/User/Documents/GitHub/ch32h417/EVT/EXAM/USBFS/DEVICE/SimulateCDC/Common\UART.c ****         USART_InitStructure.USART_Parity = USART_Parity_Odd;
 295              		.loc 1 154 9 is_stmt 1
 296              		.loc 1 154 42 is_stmt 0
 297 00ea 93070060 		li	a5,1536
 298              	.L13:
 155:c:/Users/User/Documents/GitHub/ch32h417/EVT/EXAM/USBFS/DEVICE/SimulateCDC/Common\UART.c ****         USART_InitStructure.USART_WordLength = USART_WordLength_9b;
 156:c:/Users/User/Documents/GitHub/ch32h417/EVT/EXAM/USBFS/DEVICE/SimulateCDC/Common\UART.c ****     }
 157:c:/Users/User/Documents/GitHub/ch32h417/EVT/EXAM/USBFS/DEVICE/SimulateCDC/Common\UART.c ****     else if( parity == 2 )
 158:c:/Users/User/Documents/GitHub/ch32h417/EVT/EXAM/USBFS/DEVICE/SimulateCDC/Common\UART.c ****     {
 159:c:/Users/User/Documents/GitHub/ch32h417/EVT/EXAM/USBFS/DEVICE/SimulateCDC/Common\UART.c ****         USART_InitStructure.USART_Parity = USART_Parity_Even;
 299              		.loc 1 159 42
 300 00ee FC84     		sh	a5,24(sp)
 160:c:/Users/User/Documents/GitHub/ch32h417/EVT/EXAM/USBFS/DEVICE/SimulateCDC/Common\UART.c ****         USART_InitStructure.USART_WordLength = USART_WordLength_9b;
 301              		.loc 1 160 9 is_stmt 1
 302              		.loc 1 160 46 is_stmt 0
 303 00f0 8567     		li	a5,4096
 304 00f2 FC82     		sh	a5,20(sp)
 305              	.L8:
 161:c:/Users/User/Documents/GitHub/ch32h417/EVT/EXAM/USBFS/DEVICE/SimulateCDC/Common\UART.c ****     }
 162:c:/Users/User/Documents/GitHub/ch32h417/EVT/EXAM/USBFS/DEVICE/SimulateCDC/Common\UART.c ****     else
 163:c:/Users/User/Documents/GitHub/ch32h417/EVT/EXAM/USBFS/DEVICE/SimulateCDC/Common\UART.c ****     {
 164:c:/Users/User/Documents/GitHub/ch32h417/EVT/EXAM/USBFS/DEVICE/SimulateCDC/Common\UART.c ****         USART_InitStructure.USART_Parity = USART_Parity_No;
 165:c:/Users/User/Documents/GitHub/ch32h417/EVT/EXAM/USBFS/DEVICE/SimulateCDC/Common\UART.c ****     }
 166:c:/Users/User/Documents/GitHub/ch32h417/EVT/EXAM/USBFS/DEVICE/SimulateCDC/Common\UART.c ****     USART_InitStructure.USART_HardwareFlowControl = USART_HardwareFlowControl_None;
 306              		.loc 1 166 5 is_stmt 1
 167:c:/Users/User/Documents/GitHub/ch32h417/EVT/EXAM/USBFS/DEVICE/SimulateCDC/Common\UART.c ****     USART_InitStructure.USART_Mode = USART_Mode_Rx | USART_Mode_Tx;
 168:c:/Users/User/Documents/GitHub/ch32h417/EVT/EXAM/USBFS/DEVICE/SimulateCDC/Common\UART.c ****     USART_Init( DEF_UART, &USART_InitStructure );
 307              		.loc 1 168 5 is_stmt 0
 308 00f4 37540040 		li	s0,1073762304
 167:c:/Users/User/Documents/GitHub/ch32h417/EVT/EXAM/USBFS/DEVICE/SimulateCDC/Common\UART.c ****     USART_InitStructure.USART_Mode = USART_Mode_Rx | USART_Mode_Tx;
 309              		.loc 1 167 36
 310 00f8 B147     		li	a5,12
 311              		.loc 1 168 5
 312 00fa 0C08     		addi	a1,sp,16
 313 00fc 130504C0 		addi	a0,s0,-1024
 167:c:/Users/User/Documents/GitHub/ch32h417/EVT/EXAM/USBFS/DEVICE/SimulateCDC/Common\UART.c ****     USART_InitStructure.USART_Mode = USART_Mode_Rx | USART_Mode_Tx;
 314              		.loc 1 167 36
 315 0100 FC85     		sh	a5,26(sp)
 166:c:/Users/User/Documents/GitHub/ch32h417/EVT/EXAM/USBFS/DEVICE/SimulateCDC/Common\UART.c ****     USART_InitStructure.USART_Mode = USART_Mode_Rx | USART_Mode_Tx;
 316              		.loc 1 166 51
 317 0102 231E0100 		sh	zero,28(sp)
 167:c:/Users/User/Documents/GitHub/ch32h417/EVT/EXAM/USBFS/DEVICE/SimulateCDC/Common\UART.c ****     USART_InitStructure.USART_Mode = USART_Mode_Rx | USART_Mode_Tx;
 318              		.loc 1 167 5 is_stmt 1
 319              		.loc 1 168 5
 320 0106 97000000 		call	USART_Init
 320      E7800000 
 321              	.LVL19:
 169:c:/Users/User/Documents/GitHub/ch32h417/EVT/EXAM/USBFS/DEVICE/SimulateCDC/Common\UART.c ****     USART_ClearFlag( DEF_UART, USART_FLAG_TC );
 322              		.loc 1 169 5
 323 010e 130504C0 		addi	a0,s0,-1024
 324 0112 93050004 		li	a1,64
 325 0116 97000000 		call	USART_ClearFlag
 325      E7800000 
 326              	.LVL20:
 170:c:/Users/User/Documents/GitHub/ch32h417/EVT/EXAM/USBFS/DEVICE/SimulateCDC/Common\UART.c **** 
 171:c:/Users/User/Documents/GitHub/ch32h417/EVT/EXAM/USBFS/DEVICE/SimulateCDC/Common\UART.c ****     /* Enable USART */
 172:c:/Users/User/Documents/GitHub/ch32h417/EVT/EXAM/USBFS/DEVICE/SimulateCDC/Common\UART.c ****     USART_Cmd( DEF_UART, ENABLE );
 327              		.loc 1 172 5
 328 011e 8545     		li	a1,1
 329 0120 130504C0 		addi	a0,s0,-1024
 330 0124 97000000 		call	USART_Cmd
 330      E7800000 
 331              	.LVL21:
 173:c:/Users/User/Documents/GitHub/ch32h417/EVT/EXAM/USBFS/DEVICE/SimulateCDC/Common\UART.c **** }
 332              		.loc 1 173 1 is_stmt 0
 333 012c 0561     		addi	sp,sp,32
 334              		.cfi_remember_state
 335              		.cfi_def_cfa_offset 0
 336 012e 17030000 		tail	__riscv_restore_6
 336      67000300 
 337              		.cfi_restore 21
 338              		.cfi_restore 20
 339              		.cfi_restore 19
 340              		.cfi_restore 18
 341              		.cfi_restore 9
 342              		.cfi_restore 8
 343              		.cfi_restore 1
 344              		.cfi_def_cfa_offset -32
 345              	.L7:
 346              		.cfi_restore_state
 157:c:/Users/User/Documents/GitHub/ch32h417/EVT/EXAM/USBFS/DEVICE/SimulateCDC/Common\UART.c ****     {
 347              		.loc 1 157 10 is_stmt 1
 157:c:/Users/User/Documents/GitHub/ch32h417/EVT/EXAM/USBFS/DEVICE/SimulateCDC/Common\UART.c ****     {
 348              		.loc 1 157 12 is_stmt 0
 349 0136 8947     		li	a5,2
 350 0138 6315F900 		bne	s2,a5,.L9
 159:c:/Users/User/Documents/GitHub/ch32h417/EVT/EXAM/USBFS/DEVICE/SimulateCDC/Common\UART.c ****         USART_InitStructure.USART_WordLength = USART_WordLength_9b;
 351              		.loc 1 159 9 is_stmt 1
 159:c:/Users/User/Documents/GitHub/ch32h417/EVT/EXAM/USBFS/DEVICE/SimulateCDC/Common\UART.c ****         USART_InitStructure.USART_WordLength = USART_WordLength_9b;
 352              		.loc 1 159 42 is_stmt 0
 353 013c 93070040 		li	a5,1024
 354 0140 7DB7     		j	.L13
 355              	.L9:
 164:c:/Users/User/Documents/GitHub/ch32h417/EVT/EXAM/USBFS/DEVICE/SimulateCDC/Common\UART.c ****     }
 356              		.loc 1 164 9 is_stmt 1
 164:c:/Users/User/Documents/GitHub/ch32h417/EVT/EXAM/USBFS/DEVICE/SimulateCDC/Common\UART.c ****     }
 357              		.loc 1 164 42 is_stmt 0
 358 0142 231C0100 		sh	zero,24(sp)
 359 0146 7DB7     		j	.L8
 360              		.cfi_endproc
 361              	.LFE43:
 363              		.section	.text.UART_ParaInit,"ax",@progbits
 364              		.align	1
 365              		.globl	UART_ParaInit
 367              	UART_ParaInit:
 368              	.LFB44:
 174:c:/Users/User/Documents/GitHub/ch32h417/EVT/EXAM/USBFS/DEVICE/SimulateCDC/Common\UART.c **** 
 175:c:/Users/User/Documents/GitHub/ch32h417/EVT/EXAM/USBFS/DEVICE/SimulateCDC/Common\UART.c **** /*********************************************************************
 176:c:/Users/User/Documents/GitHub/ch32h417/EVT/EXAM/USBFS/DEVICE/SimulateCDC/Common\UART.c ****  * @fn      UART_ParaInit
 177:c:/Users/User/Documents/GitHub/ch32h417/EVT/EXAM/USBFS/DEVICE/SimulateCDC/Common\UART.c ****  *
 178:c:/Users/User/Documents/GitHub/ch32h417/EVT/EXAM/USBFS/DEVICE/SimulateCDC/Common\UART.c ****  * @brief   CDC2 parameters initialization
 179:c:/Users/User/Documents/GitHub/ch32h417/EVT/EXAM/USBFS/DEVICE/SimulateCDC/Common\UART.c ****  *          mode = 0 : Used in usb modify initialization
 180:c:/Users/User/Documents/GitHub/ch32h417/EVT/EXAM/USBFS/DEVICE/SimulateCDC/Common\UART.c ****  *          mode = 1 : Used in default initializations
 181:c:/Users/User/Documents/GitHub/ch32h417/EVT/EXAM/USBFS/DEVICE/SimulateCDC/Common\UART.c ****  * @return  none
 182:c:/Users/User/Documents/GitHub/ch32h417/EVT/EXAM/USBFS/DEVICE/SimulateCDC/Common\UART.c ****  */
 183:c:/Users/User/Documents/GitHub/ch32h417/EVT/EXAM/USBFS/DEVICE/SimulateCDC/Common\UART.c **** void UART_ParaInit( uint8_t mode )
 184:c:/Users/User/Documents/GitHub/ch32h417/EVT/EXAM/USBFS/DEVICE/SimulateCDC/Common\UART.c **** {
 369              		.loc 1 184 1 is_stmt 1
 370              		.cfi_startproc
 371              	.LVL22:
 185:c:/Users/User/Documents/GitHub/ch32h417/EVT/EXAM/USBFS/DEVICE/SimulateCDC/Common\UART.c ****     uint8_t i;
 372              		.loc 1 185 5
 186:c:/Users/User/Documents/GitHub/ch32h417/EVT/EXAM/USBFS/DEVICE/SimulateCDC/Common\UART.c **** 
 187:c:/Users/User/Documents/GitHub/ch32h417/EVT/EXAM/USBFS/DEVICE/SimulateCDC/Common\UART.c ****     Uart.Rx_LoadPtr = 0x00;
 373              		.loc 1 187 5
 374              		.loc 1 187 21 is_stmt 0
 375 0000 B7070000 		lui	a5,%hi(Uart)
 376 0004 13870700 		addi	a4,a5,%lo(Uart)
 377 0008 23100700 		sh	zero,0(a4)
 188:c:/Users/User/Documents/GitHub/ch32h417/EVT/EXAM/USBFS/DEVICE/SimulateCDC/Common\UART.c ****     Uart.Rx_DealPtr = 0x00;
 378              		.loc 1 188 5 is_stmt 1
 379              		.loc 1 188 21 is_stmt 0
 380 000c 23110700 		sh	zero,2(a4)
 189:c:/Users/User/Documents/GitHub/ch32h417/EVT/EXAM/USBFS/DEVICE/SimulateCDC/Common\UART.c ****     Uart.Rx_RemainLen = 0x00;
 381              		.loc 1 189 5 is_stmt 1
 382              		.loc 1 189 23 is_stmt 0
 383 0010 23120700 		sh	zero,4(a4)
 190:c:/Users/User/Documents/GitHub/ch32h417/EVT/EXAM/USBFS/DEVICE/SimulateCDC/Common\UART.c ****     Uart.Rx_TimeOut = 0x00;
 384              		.loc 1 190 5 is_stmt 1
 385              		.loc 1 190 21 is_stmt 0
 386 0014 23030700 		sb	zero,6(a4)
 191:c:/Users/User/Documents/GitHub/ch32h417/EVT/EXAM/USBFS/DEVICE/SimulateCDC/Common\UART.c ****     Uart.Rx_TimeOutMax = 30;
 387              		.loc 1 191 5 is_stmt 1
 388              		.loc 1 191 24 is_stmt 0
 389 0018 F946     		li	a3,30
 390 001a 74B3     		sb	a3,7(a4)
 192:c:/Users/User/Documents/GitHub/ch32h417/EVT/EXAM/USBFS/DEVICE/SimulateCDC/Common\UART.c **** 
 193:c:/Users/User/Documents/GitHub/ch32h417/EVT/EXAM/USBFS/DEVICE/SimulateCDC/Common\UART.c ****     Uart.Tx_LoadNum = 0x00;
 391              		.loc 1 193 5 is_stmt 1
 392              		.loc 1 193 21 is_stmt 0
 393 001c 23140700 		sh	zero,8(a4)
 194:c:/Users/User/Documents/GitHub/ch32h417/EVT/EXAM/USBFS/DEVICE/SimulateCDC/Common\UART.c ****     Uart.Tx_DealNum = 0x00;
 394              		.loc 1 194 5 is_stmt 1
 395              		.loc 1 194 21 is_stmt 0
 396 0020 23150700 		sh	zero,10(a4)
 195:c:/Users/User/Documents/GitHub/ch32h417/EVT/EXAM/USBFS/DEVICE/SimulateCDC/Common\UART.c ****     Uart.Tx_RemainNum = 0x00;
 397              		.loc 1 195 5 is_stmt 1
 398              		.loc 1 195 23 is_stmt 0
 399 0024 23160700 		sh	zero,12(a4)
 196:c:/Users/User/Documents/GitHub/ch32h417/EVT/EXAM/USBFS/DEVICE/SimulateCDC/Common\UART.c ****     for( i = 0; i < DEF_UARTx_TX_BUF_NUM_MAX; i++ )
 400              		.loc 1 196 5 is_stmt 1
 401              	.LVL23:
 402              		.loc 1 196 19
 403 0028 93870700 		addi	a5,a5,%lo(Uart)
 195:c:/Users/User/Documents/GitHub/ch32h417/EVT/EXAM/USBFS/DEVICE/SimulateCDC/Common\UART.c ****     Uart.Tx_RemainNum = 0x00;
 404              		.loc 1 195 23 is_stmt 0
 405 002c 0147     		li	a4,0
 406              		.loc 1 196 19
 407 002e C146     		li	a3,16
 408              	.LVL24:
 409              	.L15:
 197:c:/Users/User/Documents/GitHub/ch32h417/EVT/EXAM/USBFS/DEVICE/SimulateCDC/Common\UART.c ****     {
 198:c:/Users/User/Documents/GitHub/ch32h417/EVT/EXAM/USBFS/DEVICE/SimulateCDC/Common\UART.c ****         Uart.Tx_PackLen[ i ] = 0x00;
 410              		.loc 1 198 9 is_stmt 1 discriminator 3
 411              		.loc 1 198 30 is_stmt 0 discriminator 3
 412 0030 3326F720 		sh1add	a2,a4,a5
 196:c:/Users/User/Documents/GitHub/ch32h417/EVT/EXAM/USBFS/DEVICE/SimulateCDC/Common\UART.c ****     for( i = 0; i < DEF_UARTx_TX_BUF_NUM_MAX; i++ )
 413              		.loc 1 196 19 discriminator 3
 414 0034 0507     		addi	a4,a4,1
 415              	.LVL25:
 416              		.loc 1 198 30 discriminator 3
 417 0036 23170600 		sh	zero,14(a2)
 196:c:/Users/User/Documents/GitHub/ch32h417/EVT/EXAM/USBFS/DEVICE/SimulateCDC/Common\UART.c ****     for( i = 0; i < DEF_UARTx_TX_BUF_NUM_MAX; i++ )
 418              		.loc 1 196 48 is_stmt 1 discriminator 3
 419              	.LVL26:
 196:c:/Users/User/Documents/GitHub/ch32h417/EVT/EXAM/USBFS/DEVICE/SimulateCDC/Common\UART.c ****     for( i = 0; i < DEF_UARTx_TX_BUF_NUM_MAX; i++ )
 420              		.loc 1 196 19 discriminator 3
 421 003a E31BD7FE 		bne	a4,a3,.L15
 199:c:/Users/User/Documents/GitHub/ch32h417/EVT/EXAM/USBFS/DEVICE/SimulateCDC/Common\UART.c ****     }
 200:c:/Users/User/Documents/GitHub/ch32h417/EVT/EXAM/USBFS/DEVICE/SimulateCDC/Common\UART.c ****     Uart.Tx_Flag = 0x00;
 422              		.loc 1 200 5
 423              		.loc 1 200 18 is_stmt 0
 424 003e 23870702 		sb	zero,46(a5)
 201:c:/Users/User/Documents/GitHub/ch32h417/EVT/EXAM/USBFS/DEVICE/SimulateCDC/Common\UART.c ****     Uart.Tx_CurPackLen = 0x00;
 425              		.loc 1 201 5 is_stmt 1
 426              		.loc 1 201 24 is_stmt 0
 427 0042 23980702 		sh	zero,48(a5)
 202:c:/Users/User/Documents/GitHub/ch32h417/EVT/EXAM/USBFS/DEVICE/SimulateCDC/Common\UART.c ****     Uart.Tx_CurPackPtr = 0x00;
 428              		.loc 1 202 5 is_stmt 1
 429              		.loc 1 202 24 is_stmt 0
 430 0046 23990702 		sh	zero,50(a5)
 203:c:/Users/User/Documents/GitHub/ch32h417/EVT/EXAM/USBFS/DEVICE/SimulateCDC/Common\UART.c **** 
 204:c:/Users/User/Documents/GitHub/ch32h417/EVT/EXAM/USBFS/DEVICE/SimulateCDC/Common\UART.c ****     Uart.USB_Up_IngFlag = 0x00;
 431              		.loc 1 204 5 is_stmt 1
 432              		.loc 1 204 25 is_stmt 0
 433 004a 238A0702 		sb	zero,52(a5)
 205:c:/Users/User/Documents/GitHub/ch32h417/EVT/EXAM/USBFS/DEVICE/SimulateCDC/Common\UART.c ****     Uart.USB_Up_TimeOut = 0x00;
 434              		.loc 1 205 5 is_stmt 1
 435              		.loc 1 205 25 is_stmt 0
 436 004e 239B0702 		sh	zero,54(a5)
 206:c:/Users/User/Documents/GitHub/ch32h417/EVT/EXAM/USBFS/DEVICE/SimulateCDC/Common\UART.c ****     Uart.USB_Up_Pack0_Flag = 0x00;
 437              		.loc 1 206 5 is_stmt 1
 438              		.loc 1 206 28 is_stmt 0
 439 0052 238C0702 		sb	zero,56(a5)
 207:c:/Users/User/Documents/GitHub/ch32h417/EVT/EXAM/USBFS/DEVICE/SimulateCDC/Common\UART.c ****     Uart.USB_Down_StopFlag = 0x00;
 440              		.loc 1 207 5 is_stmt 1
 441              		.loc 1 207 28 is_stmt 0
 442 0056 A38C0702 		sb	zero,57(a5)
 208:c:/Users/User/Documents/GitHub/ch32h417/EVT/EXAM/USBFS/DEVICE/SimulateCDC/Common\UART.c ****     UARTx_Rx_DMACurCount = 0x00;
 443              		.loc 1 208 5 is_stmt 1
 444              		.loc 1 208 26 is_stmt 0
 445 005a 37070000 		lui	a4,%hi(UARTx_Rx_DMACurCount)
 446 005e 23200700 		sw	zero,%lo(UARTx_Rx_DMACurCount)(a4)
 209:c:/Users/User/Documents/GitHub/ch32h417/EVT/EXAM/USBFS/DEVICE/SimulateCDC/Common\UART.c ****     UARTx_Rx_DMALastCount = 0x00;
 447              		.loc 1 209 5 is_stmt 1
 448              		.loc 1 209 27 is_stmt 0
 449 0062 37070000 		lui	a4,%hi(UARTx_Rx_DMALastCount)
 450 0066 23200700 		sw	zero,%lo(UARTx_Rx_DMALastCount)(a4)
 210:c:/Users/User/Documents/GitHub/ch32h417/EVT/EXAM/USBFS/DEVICE/SimulateCDC/Common\UART.c **** 
 211:c:/Users/User/Documents/GitHub/ch32h417/EVT/EXAM/USBFS/DEVICE/SimulateCDC/Common\UART.c ****     if( mode )
 451              		.loc 1 211 5 is_stmt 1
 452              		.loc 1 211 7 is_stmt 0
 453 006a 15C5     		beq	a0,zero,.L14
 212:c:/Users/User/Documents/GitHub/ch32h417/EVT/EXAM/USBFS/DEVICE/SimulateCDC/Common\UART.c ****     {
 213:c:/Users/User/Documents/GitHub/ch32h417/EVT/EXAM/USBFS/DEVICE/SimulateCDC/Common\UART.c ****         Uart.Com_Cfg[ 0 ] = (uint8_t)( DEF_UARTx_BAUDRATE );
 454              		.loc 1 213 9 is_stmt 1
 455              		.loc 1 213 27 is_stmt 0
 456 006c 238D0702 		sb	zero,58(a5)
 214:c:/Users/User/Documents/GitHub/ch32h417/EVT/EXAM/USBFS/DEVICE/SimulateCDC/Common\UART.c ****         Uart.Com_Cfg[ 1 ] = (uint8_t)( DEF_UARTx_BAUDRATE >> 8 );
 457              		.loc 1 214 9 is_stmt 1
 458              		.loc 1 214 27 is_stmt 0
 459 0070 130720FC 		li	a4,-62
 460 0074 A38DE702 		sb	a4,59(a5)
 215:c:/Users/User/Documents/GitHub/ch32h417/EVT/EXAM/USBFS/DEVICE/SimulateCDC/Common\UART.c ****         Uart.Com_Cfg[ 2 ] = (uint8_t)( DEF_UARTx_BAUDRATE >> 16 );
 461              		.loc 1 215 9 is_stmt 1
 462              		.loc 1 215 27 is_stmt 0
 463 0078 0547     		li	a4,1
 464 007a 238EE702 		sb	a4,60(a5)
 216:c:/Users/User/Documents/GitHub/ch32h417/EVT/EXAM/USBFS/DEVICE/SimulateCDC/Common\UART.c ****         Uart.Com_Cfg[ 3 ] = (uint8_t)( DEF_UARTx_BAUDRATE >> 24 );
 465              		.loc 1 216 9 is_stmt 1
 466              		.loc 1 216 27 is_stmt 0
 467 007e A38E0702 		sb	zero,61(a5)
 217:c:/Users/User/Documents/GitHub/ch32h417/EVT/EXAM/USBFS/DEVICE/SimulateCDC/Common\UART.c ****         Uart.Com_Cfg[ 4 ] = DEF_UARTx_STOPBIT;
 468              		.loc 1 217 9 is_stmt 1
 469              		.loc 1 217 27 is_stmt 0
 470 0082 238F0702 		sb	zero,62(a5)
 218:c:/Users/User/Documents/GitHub/ch32h417/EVT/EXAM/USBFS/DEVICE/SimulateCDC/Common\UART.c ****         Uart.Com_Cfg[ 5 ] = DEF_UARTx_PARITY;
 471              		.loc 1 218 9 is_stmt 1
 472              		.loc 1 218 27 is_stmt 0
 473 0086 A38F0702 		sb	zero,63(a5)
 219:c:/Users/User/Documents/GitHub/ch32h417/EVT/EXAM/USBFS/DEVICE/SimulateCDC/Common\UART.c ****         Uart.Com_Cfg[ 6 ] = DEF_UARTx_DATABIT;
 474              		.loc 1 219 9 is_stmt 1
 475              		.loc 1 219 27 is_stmt 0
 476 008a 2147     		li	a4,8
 477 008c 2380E704 		sb	a4,64(a5)
 220:c:/Users/User/Documents/GitHub/ch32h417/EVT/EXAM/USBFS/DEVICE/SimulateCDC/Common\UART.c ****         Uart.Com_Cfg[ 7 ] = DEF_UARTx_RX_TIMEOUT;
 478              		.loc 1 220 9 is_stmt 1
 479              		.loc 1 220 27 is_stmt 0
 480 0090 7947     		li	a4,30
 481 0092 A380E704 		sb	a4,65(a5)
 482              	.L14:
 221:c:/Users/User/Documents/GitHub/ch32h417/EVT/EXAM/USBFS/DEVICE/SimulateCDC/Common\UART.c ****     }
 222:c:/Users/User/Documents/GitHub/ch32h417/EVT/EXAM/USBFS/DEVICE/SimulateCDC/Common\UART.c **** }
 483              		.loc 1 222 1
 484 0096 8280     		ret
 485              		.cfi_endproc
 486              	.LFE44:
 488              		.section	.text.UART_DMAInit,"ax",@progbits
 489              		.align	1
 490              		.globl	UART_DMAInit
 492              	UART_DMAInit:
 493              	.LFB45:
 223:c:/Users/User/Documents/GitHub/ch32h417/EVT/EXAM/USBFS/DEVICE/SimulateCDC/Common\UART.c **** 
 224:c:/Users/User/Documents/GitHub/ch32h417/EVT/EXAM/USBFS/DEVICE/SimulateCDC/Common\UART.c **** 
 225:c:/Users/User/Documents/GitHub/ch32h417/EVT/EXAM/USBFS/DEVICE/SimulateCDC/Common\UART.c **** /*********************************************************************
 226:c:/Users/User/Documents/GitHub/ch32h417/EVT/EXAM/USBFS/DEVICE/SimulateCDC/Common\UART.c ****  * @fn      UART_DMAInit
 227:c:/Users/User/Documents/GitHub/ch32h417/EVT/EXAM/USBFS/DEVICE/SimulateCDC/Common\UART.c ****  *
 228:c:/Users/User/Documents/GitHub/ch32h417/EVT/EXAM/USBFS/DEVICE/SimulateCDC/Common\UART.c ****  * @brief   Uart DMA configuration initialization
 229:c:/Users/User/Documents/GitHub/ch32h417/EVT/EXAM/USBFS/DEVICE/SimulateCDC/Common\UART.c ****  *          type = 0 : USART_TX
 230:c:/Users/User/Documents/GitHub/ch32h417/EVT/EXAM/USBFS/DEVICE/SimulateCDC/Common\UART.c ****  *          type = 1 : USART_RX
 231:c:/Users/User/Documents/GitHub/ch32h417/EVT/EXAM/USBFS/DEVICE/SimulateCDC/Common\UART.c ****  *          pbuf     : Tx/Rx Buffer, should be aligned(4)
 232:c:/Users/User/Documents/GitHub/ch32h417/EVT/EXAM/USBFS/DEVICE/SimulateCDC/Common\UART.c ****  *          len      : buffer size of Tx/Rx Buffer
 233:c:/Users/User/Documents/GitHub/ch32h417/EVT/EXAM/USBFS/DEVICE/SimulateCDC/Common\UART.c ****  *
 234:c:/Users/User/Documents/GitHub/ch32h417/EVT/EXAM/USBFS/DEVICE/SimulateCDC/Common\UART.c ****  * @return  none
 235:c:/Users/User/Documents/GitHub/ch32h417/EVT/EXAM/USBFS/DEVICE/SimulateCDC/Common\UART.c ****  */
 236:c:/Users/User/Documents/GitHub/ch32h417/EVT/EXAM/USBFS/DEVICE/SimulateCDC/Common\UART.c **** void UART_DMAInit( uint8_t type, uint8_t *pbuf, uint32_t len )
 237:c:/Users/User/Documents/GitHub/ch32h417/EVT/EXAM/USBFS/DEVICE/SimulateCDC/Common\UART.c **** {
 494              		.loc 1 237 1 is_stmt 1
 495              		.cfi_startproc
 496              	.LVL27:
 497 0000 17030000 		call	t0,__riscv_save_3
 497      E7020300 
 498              		.cfi_offset 18, -16
 499              		.cfi_offset 9, -12
 500              		.cfi_offset 8, -8
 501              		.cfi_offset 1, -4
 502              		.cfi_def_cfa_offset 16
 238:c:/Users/User/Documents/GitHub/ch32h417/EVT/EXAM/USBFS/DEVICE/SimulateCDC/Common\UART.c ****     DMA_InitTypeDef DMA_InitStructure = {0};
 503              		.loc 1 238 5
 237:c:/Users/User/Documents/GitHub/ch32h417/EVT/EXAM/USBFS/DEVICE/SimulateCDC/Common\UART.c ****     DMA_InitTypeDef DMA_InitStructure = {0};
 504              		.loc 1 237 1 is_stmt 0
 505 0008 3971     		addi	sp,sp,-64
 506              		.cfi_def_cfa_offset 80
 237:c:/Users/User/Documents/GitHub/ch32h417/EVT/EXAM/USBFS/DEVICE/SimulateCDC/Common\UART.c ****     DMA_InitTypeDef DMA_InitStructure = {0};
 507              		.loc 1 237 1
 508 000a 2A89     		mv	s2,a0
 509 000c AE84     		mv	s1,a1
 510 000e 3284     		mv	s0,a2
 511              		.loc 1 238 21
 512 0010 8145     		li	a1,0
 513              	.LVL28:
 514 0012 13068003 		li	a2,56
 515              	.LVL29:
 516 0016 2800     		addi	a0,sp,8
 517              	.LVL30:
 518 0018 97000000 		call	memset
 518      E7800000 
 519              	.LVL31:
 239:c:/Users/User/Documents/GitHub/ch32h417/EVT/EXAM/USBFS/DEVICE/SimulateCDC/Common\UART.c **** 
 240:c:/Users/User/Documents/GitHub/ch32h417/EVT/EXAM/USBFS/DEVICE/SimulateCDC/Common\UART.c ****     if( type == 0x00 )
 520              		.loc 1 240 5 is_stmt 1
 521              		.loc 1 240 7 is_stmt 0
 522 0020 63170906 		bne	s2,zero,.L22
 241:c:/Users/User/Documents/GitHub/ch32h417/EVT/EXAM/USBFS/DEVICE/SimulateCDC/Common\UART.c ****     {
 242:c:/Users/User/Documents/GitHub/ch32h417/EVT/EXAM/USBFS/DEVICE/SimulateCDC/Common\UART.c ****         /* UART Tx-DMA configuration */
 243:c:/Users/User/Documents/GitHub/ch32h417/EVT/EXAM/USBFS/DEVICE/SimulateCDC/Common\UART.c ****         DMA_DeInit( DEF_UART_TX_DMA_CH );
 523              		.loc 1 243 9 is_stmt 1
 524 0024 37090240 		li	s2,1073872896
 525 0028 13058900 		addi	a0,s2,8
 526 002c 97000000 		call	DMA_DeInit
 526      E7800000 
 527              	.LVL32:
 244:c:/Users/User/Documents/GitHub/ch32h417/EVT/EXAM/USBFS/DEVICE/SimulateCDC/Common\UART.c ****         DMA_InitStructure.DMA_PeripheralBaseAddr = (u32)(&DEF_UART->DATAR);
 528              		.loc 1 244 9
 529              		.loc 1 244 50 is_stmt 0
 530 0034 B7570040 		li	a5,1073762304
 531 0038 938747C0 		addi	a5,a5,-1020
 532 003c 3EC4     		sw	a5,8(sp)
 245:c:/Users/User/Documents/GitHub/ch32h417/EVT/EXAM/USBFS/DEVICE/SimulateCDC/Common\UART.c ****         DMA_InitStructure.DMA_Memory0BaseAddr = (u32)pbuf;
 533              		.loc 1 245 9 is_stmt 1
 246:c:/Users/User/Documents/GitHub/ch32h417/EVT/EXAM/USBFS/DEVICE/SimulateCDC/Common\UART.c ****         DMA_InitStructure.DMA_DIR = DMA_DIR_PeripheralDST;
 534              		.loc 1 246 35 is_stmt 0
 535 003e C147     		li	a5,16
 536 0040 3EC8     		sw	a5,16(sp)
 247:c:/Users/User/Documents/GitHub/ch32h417/EVT/EXAM/USBFS/DEVICE/SimulateCDC/Common\UART.c ****         DMA_InitStructure.DMA_BufferSize = len;
 248:c:/Users/User/Documents/GitHub/ch32h417/EVT/EXAM/USBFS/DEVICE/SimulateCDC/Common\UART.c ****         DMA_InitStructure.DMA_PeripheralInc = DMA_PeripheralInc_Disable;
 249:c:/Users/User/Documents/GitHub/ch32h417/EVT/EXAM/USBFS/DEVICE/SimulateCDC/Common\UART.c ****         DMA_InitStructure.DMA_MemoryInc = DMA_MemoryInc_Enable;
 537              		.loc 1 249 41
 538 0042 93070008 		li	a5,128
 539 0046 3ECE     		sw	a5,28(sp)
 250:c:/Users/User/Documents/GitHub/ch32h417/EVT/EXAM/USBFS/DEVICE/SimulateCDC/Common\UART.c ****         DMA_InitStructure.DMA_PeripheralDataSize = DMA_PeripheralDataSize_Byte;
 251:c:/Users/User/Documents/GitHub/ch32h417/EVT/EXAM/USBFS/DEVICE/SimulateCDC/Common\UART.c ****         DMA_InitStructure.DMA_MemoryDataSize = DMA_MemoryDataSize_Byte;
 252:c:/Users/User/Documents/GitHub/ch32h417/EVT/EXAM/USBFS/DEVICE/SimulateCDC/Common\UART.c ****         DMA_InitStructure.DMA_Mode = DMA_Mode_Normal;
 253:c:/Users/User/Documents/GitHub/ch32h417/EVT/EXAM/USBFS/DEVICE/SimulateCDC/Common\UART.c ****         DMA_InitStructure.DMA_Priority = DMA_Priority_Medium;
 254:c:/Users/User/Documents/GitHub/ch32h417/EVT/EXAM/USBFS/DEVICE/SimulateCDC/Common\UART.c ****         DMA_InitStructure.DMA_M2M = DMA_M2M_Disable;
 255:c:/Users/User/Documents/GitHub/ch32h417/EVT/EXAM/USBFS/DEVICE/SimulateCDC/Common\UART.c ****         DMA_Init( DEF_UART_TX_DMA_CH, &DMA_InitStructure );
 540              		.loc 1 255 9
 541 0048 2C00     		addi	a1,sp,8
 253:c:/Users/User/Documents/GitHub/ch32h417/EVT/EXAM/USBFS/DEVICE/SimulateCDC/Common\UART.c ****         DMA_InitStructure.DMA_M2M = DMA_M2M_Disable;
 542              		.loc 1 253 40
 543 004a 8567     		li	a5,4096
 544              		.loc 1 255 9
 545 004c 13058900 		addi	a0,s2,8
 253:c:/Users/User/Documents/GitHub/ch32h417/EVT/EXAM/USBFS/DEVICE/SimulateCDC/Common\UART.c ****         DMA_InitStructure.DMA_M2M = DMA_M2M_Disable;
 546              		.loc 1 253 40
 547 0050 3ED6     		sw	a5,44(sp)
 245:c:/Users/User/Documents/GitHub/ch32h417/EVT/EXAM/USBFS/DEVICE/SimulateCDC/Common\UART.c ****         DMA_InitStructure.DMA_DIR = DMA_DIR_PeripheralDST;
 548              		.loc 1 245 47
 549 0052 26C6     		sw	s1,12(sp)
 246:c:/Users/User/Documents/GitHub/ch32h417/EVT/EXAM/USBFS/DEVICE/SimulateCDC/Common\UART.c ****         DMA_InitStructure.DMA_BufferSize = len;
 550              		.loc 1 246 9 is_stmt 1
 247:c:/Users/User/Documents/GitHub/ch32h417/EVT/EXAM/USBFS/DEVICE/SimulateCDC/Common\UART.c ****         DMA_InitStructure.DMA_PeripheralInc = DMA_PeripheralInc_Disable;
 551              		.loc 1 247 9
 247:c:/Users/User/Documents/GitHub/ch32h417/EVT/EXAM/USBFS/DEVICE/SimulateCDC/Common\UART.c ****         DMA_InitStructure.DMA_PeripheralInc = DMA_PeripheralInc_Disable;
 552              		.loc 1 247 42 is_stmt 0
 553 0054 22CA     		sw	s0,20(sp)
 248:c:/Users/User/Documents/GitHub/ch32h417/EVT/EXAM/USBFS/DEVICE/SimulateCDC/Common\UART.c ****         DMA_InitStructure.DMA_MemoryInc = DMA_MemoryInc_Enable;
 554              		.loc 1 248 9 is_stmt 1
 248:c:/Users/User/Documents/GitHub/ch32h417/EVT/EXAM/USBFS/DEVICE/SimulateCDC/Common\UART.c ****         DMA_InitStructure.DMA_MemoryInc = DMA_MemoryInc_Enable;
 555              		.loc 1 248 45 is_stmt 0
 556 0056 02CC     		sw	zero,24(sp)
 249:c:/Users/User/Documents/GitHub/ch32h417/EVT/EXAM/USBFS/DEVICE/SimulateCDC/Common\UART.c ****         DMA_InitStructure.DMA_PeripheralDataSize = DMA_PeripheralDataSize_Byte;
 557              		.loc 1 249 9 is_stmt 1
 250:c:/Users/User/Documents/GitHub/ch32h417/EVT/EXAM/USBFS/DEVICE/SimulateCDC/Common\UART.c ****         DMA_InitStructure.DMA_MemoryDataSize = DMA_MemoryDataSize_Byte;
 558              		.loc 1 250 9
 250:c:/Users/User/Documents/GitHub/ch32h417/EVT/EXAM/USBFS/DEVICE/SimulateCDC/Common\UART.c ****         DMA_InitStructure.DMA_MemoryDataSize = DMA_MemoryDataSize_Byte;
 559              		.loc 1 250 50 is_stmt 0
 560 0058 02D0     		sw	zero,32(sp)
 251:c:/Users/User/Documents/GitHub/ch32h417/EVT/EXAM/USBFS/DEVICE/SimulateCDC/Common\UART.c ****         DMA_InitStructure.DMA_Mode = DMA_Mode_Normal;
 561              		.loc 1 251 9 is_stmt 1
 251:c:/Users/User/Documents/GitHub/ch32h417/EVT/EXAM/USBFS/DEVICE/SimulateCDC/Common\UART.c ****         DMA_InitStructure.DMA_Mode = DMA_Mode_Normal;
 562              		.loc 1 251 46 is_stmt 0
 563 005a 02D2     		sw	zero,36(sp)
 252:c:/Users/User/Documents/GitHub/ch32h417/EVT/EXAM/USBFS/DEVICE/SimulateCDC/Common\UART.c ****         DMA_InitStructure.DMA_Priority = DMA_Priority_Medium;
 564              		.loc 1 252 9 is_stmt 1
 252:c:/Users/User/Documents/GitHub/ch32h417/EVT/EXAM/USBFS/DEVICE/SimulateCDC/Common\UART.c ****         DMA_InitStructure.DMA_Priority = DMA_Priority_Medium;
 565              		.loc 1 252 36 is_stmt 0
 566 005c 02D4     		sw	zero,40(sp)
 253:c:/Users/User/Documents/GitHub/ch32h417/EVT/EXAM/USBFS/DEVICE/SimulateCDC/Common\UART.c ****         DMA_InitStructure.DMA_M2M = DMA_M2M_Disable;
 567              		.loc 1 253 9 is_stmt 1
 254:c:/Users/User/Documents/GitHub/ch32h417/EVT/EXAM/USBFS/DEVICE/SimulateCDC/Common\UART.c ****         DMA_Init( DEF_UART_TX_DMA_CH, &DMA_InitStructure );
 568              		.loc 1 254 9
 254:c:/Users/User/Documents/GitHub/ch32h417/EVT/EXAM/USBFS/DEVICE/SimulateCDC/Common\UART.c ****         DMA_Init( DEF_UART_TX_DMA_CH, &DMA_InitStructure );
 569              		.loc 1 254 35 is_stmt 0
 570 005e 02D8     		sw	zero,48(sp)
 571              		.loc 1 255 9 is_stmt 1
 572 0060 97000000 		call	DMA_Init
 572      E7800000 
 573              	.LVL33:
 256:c:/Users/User/Documents/GitHub/ch32h417/EVT/EXAM/USBFS/DEVICE/SimulateCDC/Common\UART.c ****         DMA_MuxChannelConfig(DEF_UART_TX_MUX_CH, DEF_UART_TX_DMA_REQ);
 574              		.loc 1 256 9
 575 0068 9305B005 		li	a1,91
 576 006c 0145     		li	a0,0
 577 006e 97000000 		call	DMA_MuxChannelConfig
 577      E7800000 
 578              	.LVL34:
 257:c:/Users/User/Documents/GitHub/ch32h417/EVT/EXAM/USBFS/DEVICE/SimulateCDC/Common\UART.c ****         DMA_Cmd( DEF_UART_TX_DMA_CH, ENABLE );
 579              		.loc 1 257 9
 580 0076 8545     		li	a1,1
 581 0078 13058900 		addi	a0,s2,8
 582              	.L25:
 258:c:/Users/User/Documents/GitHub/ch32h417/EVT/EXAM/USBFS/DEVICE/SimulateCDC/Common\UART.c ****     }
 259:c:/Users/User/Documents/GitHub/ch32h417/EVT/EXAM/USBFS/DEVICE/SimulateCDC/Common\UART.c ****     else
 260:c:/Users/User/Documents/GitHub/ch32h417/EVT/EXAM/USBFS/DEVICE/SimulateCDC/Common\UART.c ****     {
 261:c:/Users/User/Documents/GitHub/ch32h417/EVT/EXAM/USBFS/DEVICE/SimulateCDC/Common\UART.c ****         /* UART Rx-DMA configuration */
 262:c:/Users/User/Documents/GitHub/ch32h417/EVT/EXAM/USBFS/DEVICE/SimulateCDC/Common\UART.c ****         DMA_DeInit( DEF_UART_RX_DMA_CH );
 263:c:/Users/User/Documents/GitHub/ch32h417/EVT/EXAM/USBFS/DEVICE/SimulateCDC/Common\UART.c ****         DMA_InitStructure.DMA_PeripheralBaseAddr = (u32)(&DEF_UART->DATAR);
 264:c:/Users/User/Documents/GitHub/ch32h417/EVT/EXAM/USBFS/DEVICE/SimulateCDC/Common\UART.c ****         DMA_InitStructure.DMA_Memory0BaseAddr = (u32)pbuf;
 265:c:/Users/User/Documents/GitHub/ch32h417/EVT/EXAM/USBFS/DEVICE/SimulateCDC/Common\UART.c ****         DMA_InitStructure.DMA_DIR = DMA_DIR_PeripheralSRC;
 266:c:/Users/User/Documents/GitHub/ch32h417/EVT/EXAM/USBFS/DEVICE/SimulateCDC/Common\UART.c ****         DMA_InitStructure.DMA_BufferSize = len;
 267:c:/Users/User/Documents/GitHub/ch32h417/EVT/EXAM/USBFS/DEVICE/SimulateCDC/Common\UART.c ****         DMA_InitStructure.DMA_PeripheralInc = DMA_PeripheralInc_Disable;
 268:c:/Users/User/Documents/GitHub/ch32h417/EVT/EXAM/USBFS/DEVICE/SimulateCDC/Common\UART.c ****         DMA_InitStructure.DMA_MemoryInc = DMA_MemoryInc_Enable;
 269:c:/Users/User/Documents/GitHub/ch32h417/EVT/EXAM/USBFS/DEVICE/SimulateCDC/Common\UART.c ****         DMA_InitStructure.DMA_PeripheralDataSize = DMA_PeripheralDataSize_Byte;
 270:c:/Users/User/Documents/GitHub/ch32h417/EVT/EXAM/USBFS/DEVICE/SimulateCDC/Common\UART.c ****         DMA_InitStructure.DMA_MemoryDataSize = DMA_MemoryDataSize_Byte;
 271:c:/Users/User/Documents/GitHub/ch32h417/EVT/EXAM/USBFS/DEVICE/SimulateCDC/Common\UART.c ****         DMA_InitStructure.DMA_Mode = DMA_Mode_Circular;
 272:c:/Users/User/Documents/GitHub/ch32h417/EVT/EXAM/USBFS/DEVICE/SimulateCDC/Common\UART.c ****         DMA_InitStructure.DMA_Priority = DMA_Priority_Medium;
 273:c:/Users/User/Documents/GitHub/ch32h417/EVT/EXAM/USBFS/DEVICE/SimulateCDC/Common\UART.c ****         DMA_InitStructure.DMA_M2M = DMA_M2M_Disable;
 274:c:/Users/User/Documents/GitHub/ch32h417/EVT/EXAM/USBFS/DEVICE/SimulateCDC/Common\UART.c ****         DMA_Init( DEF_UART_RX_DMA_CH, &DMA_InitStructure );
 275:c:/Users/User/Documents/GitHub/ch32h417/EVT/EXAM/USBFS/DEVICE/SimulateCDC/Common\UART.c ****         DMA_MuxChannelConfig(DEF_UART_RX_MUX_CH, DEF_UART_RX_DMA_REQ);
 276:c:/Users/User/Documents/GitHub/ch32h417/EVT/EXAM/USBFS/DEVICE/SimulateCDC/Common\UART.c ****         DMA_Cmd( DEF_UART_RX_DMA_CH, ENABLE );
 583              		.loc 1 276 9 is_stmt 0
 584 007c 97000000 		call	DMA_Cmd
 584      E7800000 
 585              	.LVL35:
 277:c:/Users/User/Documents/GitHub/ch32h417/EVT/EXAM/USBFS/DEVICE/SimulateCDC/Common\UART.c ****     }
 278:c:/Users/User/Documents/GitHub/ch32h417/EVT/EXAM/USBFS/DEVICE/SimulateCDC/Common\UART.c **** }
 586              		.loc 1 278 1
 587 0084 2161     		addi	sp,sp,64
 588              		.cfi_remember_state
 589              		.cfi_def_cfa_offset 0
 590 0086 17030000 		tail	__riscv_restore_3
 590      67000300 
 591              		.cfi_restore 18
 592              		.cfi_restore 9
 593              		.cfi_restore 8
 594              		.cfi_restore 1
 595              		.cfi_def_cfa_offset -16
 596              	.L22:
 597              		.cfi_restore_state
 262:c:/Users/User/Documents/GitHub/ch32h417/EVT/EXAM/USBFS/DEVICE/SimulateCDC/Common\UART.c ****         DMA_InitStructure.DMA_PeripheralBaseAddr = (u32)(&DEF_UART->DATAR);
 598              		.loc 1 262 9 is_stmt 1
 599 008e 37090240 		li	s2,1073872896
 600 0092 1305C901 		addi	a0,s2,28
 601 0096 97000000 		call	DMA_DeInit
 601      E7800000 
 602              	.LVL36:
 263:c:/Users/User/Documents/GitHub/ch32h417/EVT/EXAM/USBFS/DEVICE/SimulateCDC/Common\UART.c ****         DMA_InitStructure.DMA_Memory0BaseAddr = (u32)pbuf;
 603              		.loc 1 263 9
 263:c:/Users/User/Documents/GitHub/ch32h417/EVT/EXAM/USBFS/DEVICE/SimulateCDC/Common\UART.c ****         DMA_InitStructure.DMA_Memory0BaseAddr = (u32)pbuf;
 604              		.loc 1 263 50 is_stmt 0
 605 009e B7570040 		li	a5,1073762304
 606 00a2 938747C0 		addi	a5,a5,-1020
 607 00a6 3EC4     		sw	a5,8(sp)
 264:c:/Users/User/Documents/GitHub/ch32h417/EVT/EXAM/USBFS/DEVICE/SimulateCDC/Common\UART.c ****         DMA_InitStructure.DMA_DIR = DMA_DIR_PeripheralSRC;
 608              		.loc 1 264 9 is_stmt 1
 268:c:/Users/User/Documents/GitHub/ch32h417/EVT/EXAM/USBFS/DEVICE/SimulateCDC/Common\UART.c ****         DMA_InitStructure.DMA_PeripheralDataSize = DMA_PeripheralDataSize_Byte;
 609              		.loc 1 268 41 is_stmt 0
 610 00a8 93070008 		li	a5,128
 611 00ac 3ECE     		sw	a5,28(sp)
 271:c:/Users/User/Documents/GitHub/ch32h417/EVT/EXAM/USBFS/DEVICE/SimulateCDC/Common\UART.c ****         DMA_InitStructure.DMA_Priority = DMA_Priority_Medium;
 612              		.loc 1 271 36
 613 00ae 93070002 		li	a5,32
 614 00b2 3ED4     		sw	a5,40(sp)
 274:c:/Users/User/Documents/GitHub/ch32h417/EVT/EXAM/USBFS/DEVICE/SimulateCDC/Common\UART.c ****         DMA_MuxChannelConfig(DEF_UART_RX_MUX_CH, DEF_UART_RX_DMA_REQ);
 615              		.loc 1 274 9
 616 00b4 2C00     		addi	a1,sp,8
 272:c:/Users/User/Documents/GitHub/ch32h417/EVT/EXAM/USBFS/DEVICE/SimulateCDC/Common\UART.c ****         DMA_InitStructure.DMA_M2M = DMA_M2M_Disable;
 617              		.loc 1 272 40
 618 00b6 8567     		li	a5,4096
 274:c:/Users/User/Documents/GitHub/ch32h417/EVT/EXAM/USBFS/DEVICE/SimulateCDC/Common\UART.c ****         DMA_MuxChannelConfig(DEF_UART_RX_MUX_CH, DEF_UART_RX_DMA_REQ);
 619              		.loc 1 274 9
 620 00b8 1305C901 		addi	a0,s2,28
 272:c:/Users/User/Documents/GitHub/ch32h417/EVT/EXAM/USBFS/DEVICE/SimulateCDC/Common\UART.c ****         DMA_InitStructure.DMA_M2M = DMA_M2M_Disable;
 621              		.loc 1 272 40
 622 00bc 3ED6     		sw	a5,44(sp)
 264:c:/Users/User/Documents/GitHub/ch32h417/EVT/EXAM/USBFS/DEVICE/SimulateCDC/Common\UART.c ****         DMA_InitStructure.DMA_DIR = DMA_DIR_PeripheralSRC;
 623              		.loc 1 264 47
 624 00be 26C6     		sw	s1,12(sp)
 265:c:/Users/User/Documents/GitHub/ch32h417/EVT/EXAM/USBFS/DEVICE/SimulateCDC/Common\UART.c ****         DMA_InitStructure.DMA_BufferSize = len;
 625              		.loc 1 265 9 is_stmt 1
 265:c:/Users/User/Documents/GitHub/ch32h417/EVT/EXAM/USBFS/DEVICE/SimulateCDC/Common\UART.c ****         DMA_InitStructure.DMA_BufferSize = len;
 626              		.loc 1 265 35 is_stmt 0
 627 00c0 02C8     		sw	zero,16(sp)
 266:c:/Users/User/Documents/GitHub/ch32h417/EVT/EXAM/USBFS/DEVICE/SimulateCDC/Common\UART.c ****         DMA_InitStructure.DMA_PeripheralInc = DMA_PeripheralInc_Disable;
 628              		.loc 1 266 9 is_stmt 1
 266:c:/Users/User/Documents/GitHub/ch32h417/EVT/EXAM/USBFS/DEVICE/SimulateCDC/Common\UART.c ****         DMA_InitStructure.DMA_PeripheralInc = DMA_PeripheralInc_Disable;
 629              		.loc 1 266 42 is_stmt 0
 630 00c2 22CA     		sw	s0,20(sp)
 267:c:/Users/User/Documents/GitHub/ch32h417/EVT/EXAM/USBFS/DEVICE/SimulateCDC/Common\UART.c ****         DMA_InitStructure.DMA_MemoryInc = DMA_MemoryInc_Enable;
 631              		.loc 1 267 9 is_stmt 1
 267:c:/Users/User/Documents/GitHub/ch32h417/EVT/EXAM/USBFS/DEVICE/SimulateCDC/Common\UART.c ****         DMA_InitStructure.DMA_MemoryInc = DMA_MemoryInc_Enable;
 632              		.loc 1 267 45 is_stmt 0
 633 00c4 02CC     		sw	zero,24(sp)
 268:c:/Users/User/Documents/GitHub/ch32h417/EVT/EXAM/USBFS/DEVICE/SimulateCDC/Common\UART.c ****         DMA_InitStructure.DMA_PeripheralDataSize = DMA_PeripheralDataSize_Byte;
 634              		.loc 1 268 9 is_stmt 1
 269:c:/Users/User/Documents/GitHub/ch32h417/EVT/EXAM/USBFS/DEVICE/SimulateCDC/Common\UART.c ****         DMA_InitStructure.DMA_MemoryDataSize = DMA_MemoryDataSize_Byte;
 635              		.loc 1 269 9
 269:c:/Users/User/Documents/GitHub/ch32h417/EVT/EXAM/USBFS/DEVICE/SimulateCDC/Common\UART.c ****         DMA_InitStructure.DMA_MemoryDataSize = DMA_MemoryDataSize_Byte;
 636              		.loc 1 269 50 is_stmt 0
 637 00c6 02D0     		sw	zero,32(sp)
 270:c:/Users/User/Documents/GitHub/ch32h417/EVT/EXAM/USBFS/DEVICE/SimulateCDC/Common\UART.c ****         DMA_InitStructure.DMA_Mode = DMA_Mode_Circular;
 638              		.loc 1 270 9 is_stmt 1
 270:c:/Users/User/Documents/GitHub/ch32h417/EVT/EXAM/USBFS/DEVICE/SimulateCDC/Common\UART.c ****         DMA_InitStructure.DMA_Mode = DMA_Mode_Circular;
 639              		.loc 1 270 46 is_stmt 0
 640 00c8 02D2     		sw	zero,36(sp)
 271:c:/Users/User/Documents/GitHub/ch32h417/EVT/EXAM/USBFS/DEVICE/SimulateCDC/Common\UART.c ****         DMA_InitStructure.DMA_Priority = DMA_Priority_Medium;
 641              		.loc 1 271 9 is_stmt 1
 272:c:/Users/User/Documents/GitHub/ch32h417/EVT/EXAM/USBFS/DEVICE/SimulateCDC/Common\UART.c ****         DMA_InitStructure.DMA_M2M = DMA_M2M_Disable;
 642              		.loc 1 272 9
 273:c:/Users/User/Documents/GitHub/ch32h417/EVT/EXAM/USBFS/DEVICE/SimulateCDC/Common\UART.c ****         DMA_Init( DEF_UART_RX_DMA_CH, &DMA_InitStructure );
 643              		.loc 1 273 9
 273:c:/Users/User/Documents/GitHub/ch32h417/EVT/EXAM/USBFS/DEVICE/SimulateCDC/Common\UART.c ****         DMA_Init( DEF_UART_RX_DMA_CH, &DMA_InitStructure );
 644              		.loc 1 273 35 is_stmt 0
 645 00ca 02D8     		sw	zero,48(sp)
 274:c:/Users/User/Documents/GitHub/ch32h417/EVT/EXAM/USBFS/DEVICE/SimulateCDC/Common\UART.c ****         DMA_MuxChannelConfig(DEF_UART_RX_MUX_CH, DEF_UART_RX_DMA_REQ);
 646              		.loc 1 274 9 is_stmt 1
 647 00cc 97000000 		call	DMA_Init
 647      E7800000 
 648              	.LVL37:
 275:c:/Users/User/Documents/GitHub/ch32h417/EVT/EXAM/USBFS/DEVICE/SimulateCDC/Common\UART.c ****         DMA_Cmd( DEF_UART_RX_DMA_CH, ENABLE );
 649              		.loc 1 275 9
 650 00d4 9305C005 		li	a1,92
 651 00d8 0545     		li	a0,1
 652 00da 97000000 		call	DMA_MuxChannelConfig
 652      E7800000 
 653              	.LVL38:
 276:c:/Users/User/Documents/GitHub/ch32h417/EVT/EXAM/USBFS/DEVICE/SimulateCDC/Common\UART.c ****     }
 654              		.loc 1 276 9
 655 00e2 8545     		li	a1,1
 656 00e4 1305C901 		addi	a0,s2,28
 657 00e8 51BF     		j	.L25
 658              		.cfi_endproc
 659              	.LFE45:
 661              		.section	.text.UART_Init,"ax",@progbits
 662              		.align	1
 663              		.globl	UART_Init
 665              	UART_Init:
 666              	.LFB46:
 279:c:/Users/User/Documents/GitHub/ch32h417/EVT/EXAM/USBFS/DEVICE/SimulateCDC/Common\UART.c **** 
 280:c:/Users/User/Documents/GitHub/ch32h417/EVT/EXAM/USBFS/DEVICE/SimulateCDC/Common\UART.c **** /*********************************************************************
 281:c:/Users/User/Documents/GitHub/ch32h417/EVT/EXAM/USBFS/DEVICE/SimulateCDC/Common\UART.c ****  * @fn      UART_Init
 282:c:/Users/User/Documents/GitHub/ch32h417/EVT/EXAM/USBFS/DEVICE/SimulateCDC/Common\UART.c ****  *
 283:c:/Users/User/Documents/GitHub/ch32h417/EVT/EXAM/USBFS/DEVICE/SimulateCDC/Common\UART.c ****  * @brief   CDC total initialization
 284:c:/Users/User/Documents/GitHub/ch32h417/EVT/EXAM/USBFS/DEVICE/SimulateCDC/Common\UART.c ****  *          mode     : See the useage of UART_ParaInit( mode )
 285:c:/Users/User/Documents/GitHub/ch32h417/EVT/EXAM/USBFS/DEVICE/SimulateCDC/Common\UART.c ****  *          baudrate : Serial port 2 default baud rate
 286:c:/Users/User/Documents/GitHub/ch32h417/EVT/EXAM/USBFS/DEVICE/SimulateCDC/Common\UART.c ****  *          stopbits : Serial port 2 default stop bits
 287:c:/Users/User/Documents/GitHub/ch32h417/EVT/EXAM/USBFS/DEVICE/SimulateCDC/Common\UART.c ****  *          parity   : Serial port 2 default parity
 288:c:/Users/User/Documents/GitHub/ch32h417/EVT/EXAM/USBFS/DEVICE/SimulateCDC/Common\UART.c ****  *
 289:c:/Users/User/Documents/GitHub/ch32h417/EVT/EXAM/USBFS/DEVICE/SimulateCDC/Common\UART.c ****  * @return  none
 290:c:/Users/User/Documents/GitHub/ch32h417/EVT/EXAM/USBFS/DEVICE/SimulateCDC/Common\UART.c ****  */
 291:c:/Users/User/Documents/GitHub/ch32h417/EVT/EXAM/USBFS/DEVICE/SimulateCDC/Common\UART.c **** void UART_Init( uint8_t mode, uint32_t baudrate, uint8_t stopbits, uint8_t parity )
 292:c:/Users/User/Documents/GitHub/ch32h417/EVT/EXAM/USBFS/DEVICE/SimulateCDC/Common\UART.c **** {
 667              		.loc 1 292 1
 668              		.cfi_startproc
 669              	.LVL39:
 670 0000 17030000 		call	t0,__riscv_save_6
 670      E7020300 
 671              		.cfi_offset 21, -28
 672              		.cfi_offset 20, -24
 673              		.cfi_offset 19, -20
 674              		.cfi_offset 18, -16
 675              		.cfi_offset 9, -12
 676              		.cfi_offset 8, -8
 677              		.cfi_offset 1, -4
 678              		.cfi_def_cfa_offset 32
 293:c:/Users/User/Documents/GitHub/ch32h417/EVT/EXAM/USBFS/DEVICE/SimulateCDC/Common\UART.c ****     USART_DMACmd( DEF_UART, USART_DMAReq_Rx, DISABLE );
 679              		.loc 1 293 5
 680 0008 375A0040 		li	s4,1073762304
 292:c:/Users/User/Documents/GitHub/ch32h417/EVT/EXAM/USBFS/DEVICE/SimulateCDC/Common\UART.c ****     USART_DMACmd( DEF_UART, USART_DMAReq_Rx, DISABLE );
 681              		.loc 1 292 1 is_stmt 0
 682 000c 2A84     		mv	s0,a0
 683 000e AE84     		mv	s1,a1
 684 0010 3289     		mv	s2,a2
 685              		.loc 1 293 5
 686 0012 13050AC0 		addi	a0,s4,-1024
 687              	.LVL40:
 688 0016 0146     		li	a2,0
 689              	.LVL41:
 690 0018 93050004 		li	a1,64
 691              	.LVL42:
 292:c:/Users/User/Documents/GitHub/ch32h417/EVT/EXAM/USBFS/DEVICE/SimulateCDC/Common\UART.c ****     USART_DMACmd( DEF_UART, USART_DMAReq_Rx, DISABLE );
 692              		.loc 1 292 1
 693 001c B689     		mv	s3,a3
 294:c:/Users/User/Documents/GitHub/ch32h417/EVT/EXAM/USBFS/DEVICE/SimulateCDC/Common\UART.c ****     DMA_Cmd( DEF_UART_TX_DMA_CH, DISABLE );
 694              		.loc 1 294 5
 695 001e B70A0240 		li	s5,1073872896
 293:c:/Users/User/Documents/GitHub/ch32h417/EVT/EXAM/USBFS/DEVICE/SimulateCDC/Common\UART.c ****     USART_DMACmd( DEF_UART, USART_DMAReq_Rx, DISABLE );
 696              		.loc 1 293 5
 697 0022 97000000 		call	USART_DMACmd
 697      E7800000 
 698              	.LVL43:
 699              		.loc 1 294 5 is_stmt 1
 700 002a 13858A00 		addi	a0,s5,8
 701 002e 8145     		li	a1,0
 702 0030 97000000 		call	DMA_Cmd
 702      E7800000 
 703              	.LVL44:
 295:c:/Users/User/Documents/GitHub/ch32h417/EVT/EXAM/USBFS/DEVICE/SimulateCDC/Common\UART.c ****     DMA_Cmd( DEF_UART_RX_DMA_CH, DISABLE );
 704              		.loc 1 295 5
 705 0038 1385CA01 		addi	a0,s5,28
 706 003c 8145     		li	a1,0
 707 003e 97000000 		call	DMA_Cmd
 707      E7800000 
 708              	.LVL45:
 296:c:/Users/User/Documents/GitHub/ch32h417/EVT/EXAM/USBFS/DEVICE/SimulateCDC/Common\UART.c **** 
 297:c:/Users/User/Documents/GitHub/ch32h417/EVT/EXAM/USBFS/DEVICE/SimulateCDC/Common\UART.c ****     UART_CfgInit( baudrate, stopbits, parity );
 709              		.loc 1 297 5
 710 0046 4E86     		mv	a2,s3
 711 0048 CA85     		mv	a1,s2
 712 004a 2685     		mv	a0,s1
 713 004c 97000000 		call	UART_CfgInit
 713      E7800000 
 714              	.LVL46:
 298:c:/Users/User/Documents/GitHub/ch32h417/EVT/EXAM/USBFS/DEVICE/SimulateCDC/Common\UART.c ****     UART_DMAInit( 0, &UART_Tx_Buf[ 0 ], 0 );
 715              		.loc 1 298 5
 716 0054 B7050000 		lui	a1,%hi(UART_Tx_Buf)
 717 0058 0146     		li	a2,0
 718 005a 93850500 		addi	a1,a1,%lo(UART_Tx_Buf)
 719 005e 0145     		li	a0,0
 720 0060 97000000 		call	UART_DMAInit
 720      E7800000 
 721              	.LVL47:
 299:c:/Users/User/Documents/GitHub/ch32h417/EVT/EXAM/USBFS/DEVICE/SimulateCDC/Common\UART.c ****     UART_DMAInit( 1, &UART_Rx_Buf[ 0 ], DEF_UARTx_RX_BUF_LEN );
 722              		.loc 1 299 5
 723 0068 B7050000 		lui	a1,%hi(UART_Rx_Buf)
 724 006c 1316B028 		bseti	a2,zero,11
 725 0070 93850500 		addi	a1,a1,%lo(UART_Rx_Buf)
 726 0074 0545     		li	a0,1
 727 0076 97000000 		call	UART_DMAInit
 727      E7800000 
 728              	.LVL48:
 300:c:/Users/User/Documents/GitHub/ch32h417/EVT/EXAM/USBFS/DEVICE/SimulateCDC/Common\UART.c **** 
 301:c:/Users/User/Documents/GitHub/ch32h417/EVT/EXAM/USBFS/DEVICE/SimulateCDC/Common\UART.c ****     USART_DMACmd( DEF_UART, USART_DMAReq_Rx, ENABLE );
 729              		.loc 1 301 5
 730 007e 0546     		li	a2,1
 731 0080 93050004 		li	a1,64
 732 0084 13050AC0 		addi	a0,s4,-1024
 733 0088 97000000 		call	USART_DMACmd
 733      E7800000 
 734              	.LVL49:
 302:c:/Users/User/Documents/GitHub/ch32h417/EVT/EXAM/USBFS/DEVICE/SimulateCDC/Common\UART.c **** 
 303:c:/Users/User/Documents/GitHub/ch32h417/EVT/EXAM/USBFS/DEVICE/SimulateCDC/Common\UART.c ****     UART_ParaInit( mode );
 735              		.loc 1 303 5
 736 0090 2285     		mv	a0,s0
 737 0092 97000000 		call	UART_ParaInit
 737      E7800000 
 738              	.LVL50:
 304:c:/Users/User/Documents/GitHub/ch32h417/EVT/EXAM/USBFS/DEVICE/SimulateCDC/Common\UART.c **** }
 739              		.loc 1 304 1 is_stmt 0
 740 009a 17030000 		tail	__riscv_restore_6
 740      67000300 
 741              		.cfi_restore 21
 742              		.cfi_restore 20
 743              		.cfi_restore 19
 744              		.cfi_restore 18
 745              		.cfi_restore 9
 746              		.cfi_restore 8
 747              		.cfi_restore 1
 748              		.cfi_def_cfa_offset 0
 749              		.cfi_endproc
 750              	.LFE46:
 752              		.section	.text.UART_USB_Init,"ax",@progbits
 753              		.align	1
 754              		.globl	UART_USB_Init
 756              	UART_USB_Init:
 757              	.LFB47:
 305:c:/Users/User/Documents/GitHub/ch32h417/EVT/EXAM/USBFS/DEVICE/SimulateCDC/Common\UART.c **** 
 306:c:/Users/User/Documents/GitHub/ch32h417/EVT/EXAM/USBFS/DEVICE/SimulateCDC/Common\UART.c **** /*********************************************************************
 307:c:/Users/User/Documents/GitHub/ch32h417/EVT/EXAM/USBFS/DEVICE/SimulateCDC/Common\UART.c ****  * @fn      UART_USB_Init
 308:c:/Users/User/Documents/GitHub/ch32h417/EVT/EXAM/USBFS/DEVICE/SimulateCDC/Common\UART.c ****  *
 309:c:/Users/User/Documents/GitHub/ch32h417/EVT/EXAM/USBFS/DEVICE/SimulateCDC/Common\UART.c ****  * @brief   CDC2 initialization in usb interrupt
 310:c:/Users/User/Documents/GitHub/ch32h417/EVT/EXAM/USBFS/DEVICE/SimulateCDC/Common\UART.c ****  *
 311:c:/Users/User/Documents/GitHub/ch32h417/EVT/EXAM/USBFS/DEVICE/SimulateCDC/Common\UART.c ****  * @return  none
 312:c:/Users/User/Documents/GitHub/ch32h417/EVT/EXAM/USBFS/DEVICE/SimulateCDC/Common\UART.c ****  */
 313:c:/Users/User/Documents/GitHub/ch32h417/EVT/EXAM/USBFS/DEVICE/SimulateCDC/Common\UART.c **** void UART_USB_Init( void )
 314:c:/Users/User/Documents/GitHub/ch32h417/EVT/EXAM/USBFS/DEVICE/SimulateCDC/Common\UART.c **** {
 758              		.loc 1 314 1 is_stmt 1
 759              		.cfi_startproc
 760 0000 17030000 		call	t0,__riscv_save_0
 760      E7020300 
 761              		.cfi_offset 1, -4
 762              		.cfi_def_cfa_offset 16
 315:c:/Users/User/Documents/GitHub/ch32h417/EVT/EXAM/USBFS/DEVICE/SimulateCDC/Common\UART.c ****     uint32_t baudrate;
 763              		.loc 1 315 5
 316:c:/Users/User/Documents/GitHub/ch32h417/EVT/EXAM/USBFS/DEVICE/SimulateCDC/Common\UART.c ****     uint8_t  stopbits;
 764              		.loc 1 316 5
 317:c:/Users/User/Documents/GitHub/ch32h417/EVT/EXAM/USBFS/DEVICE/SimulateCDC/Common\UART.c ****     uint8_t  parity;
 765              		.loc 1 317 5
 318:c:/Users/User/Documents/GitHub/ch32h417/EVT/EXAM/USBFS/DEVICE/SimulateCDC/Common\UART.c **** 
 319:c:/Users/User/Documents/GitHub/ch32h417/EVT/EXAM/USBFS/DEVICE/SimulateCDC/Common\UART.c ****     baudrate = ( uint32_t )( Uart.Com_Cfg[ 3 ] << 24 ) + ( uint32_t )( Uart.Com_Cfg[ 2 ] << 16 );
 766              		.loc 1 319 5
 767              		.loc 1 319 42 is_stmt 0
 768 0008 B7070000 		lui	a5,%hi(Uart)
 769 000c 93870700 		addi	a5,a5,%lo(Uart)
 770 0010 03C7D703 		lbu	a4,61(a5)
 771              		.loc 1 319 84
 772 0014 83C6C703 		lbu	a3,60(a5)
 773              	.LVL51:
 320:c:/Users/User/Documents/GitHub/ch32h417/EVT/EXAM/USBFS/DEVICE/SimulateCDC/Common\UART.c ****     baudrate += ( uint32_t )( Uart.Com_Cfg[ 1 ] << 8 ) + ( uint32_t )( Uart.Com_Cfg[ 0 ] );
 774              		.loc 1 320 5 is_stmt 1
 775              		.loc 1 320 43 is_stmt 0
 776 0018 83C5B703 		lbu	a1,59(a5)
 777              		.loc 1 320 84
 778 001c 03C6A703 		lbu	a2,58(a5)
 319:c:/Users/User/Documents/GitHub/ch32h417/EVT/EXAM/USBFS/DEVICE/SimulateCDC/Common\UART.c ****     baudrate += ( uint32_t )( Uart.Com_Cfg[ 1 ] << 8 ) + ( uint32_t )( Uart.Com_Cfg[ 0 ] );
 779              		.loc 1 319 58
 780 0020 C206     		slli	a3,a3,16
 781              	.LVL52:
 319:c:/Users/User/Documents/GitHub/ch32h417/EVT/EXAM/USBFS/DEVICE/SimulateCDC/Common\UART.c ****     baudrate += ( uint32_t )( Uart.Com_Cfg[ 1 ] << 8 ) + ( uint32_t )( Uart.Com_Cfg[ 0 ] );
 782              		.loc 1 319 16
 783 0022 6207     		slli	a4,a4,24
 319:c:/Users/User/Documents/GitHub/ch32h417/EVT/EXAM/USBFS/DEVICE/SimulateCDC/Common\UART.c ****     baudrate += ( uint32_t )( Uart.Com_Cfg[ 1 ] << 8 ) + ( uint32_t )( Uart.Com_Cfg[ 0 ] );
 784              		.loc 1 319 14
 785 0024 3697     		add	a4,a4,a3
 786              	.LVL53:
 787 0026 3297     		add	a4,a4,a2
 788              	.LVL54:
 321:c:/Users/User/Documents/GitHub/ch32h417/EVT/EXAM/USBFS/DEVICE/SimulateCDC/Common\UART.c ****     stopbits = Uart.Com_Cfg[ 4 ];
 789              		.loc 1 321 5 is_stmt 1
 790              		.loc 1 321 14 is_stmt 0
 791 0028 03C6E703 		lbu	a2,62(a5)
 792              	.LVL55:
 322:c:/Users/User/Documents/GitHub/ch32h417/EVT/EXAM/USBFS/DEVICE/SimulateCDC/Common\UART.c ****     parity = Uart.Com_Cfg[ 5 ];
 793              		.loc 1 322 5 is_stmt 1
 794              		.loc 1 322 12 is_stmt 0
 795 002c 83C6F703 		lbu	a3,63(a5)
 796              	.LVL56:
 323:c:/Users/User/Documents/GitHub/ch32h417/EVT/EXAM/USBFS/DEVICE/SimulateCDC/Common\UART.c **** 
 324:c:/Users/User/Documents/GitHub/ch32h417/EVT/EXAM/USBFS/DEVICE/SimulateCDC/Common\UART.c ****     UART_Init( 0, baudrate, stopbits, parity );
 797              		.loc 1 324 5 is_stmt 1
 320:c:/Users/User/Documents/GitHub/ch32h417/EVT/EXAM/USBFS/DEVICE/SimulateCDC/Common\UART.c ****     stopbits = Uart.Com_Cfg[ 4 ];
 798              		.loc 1 320 17 is_stmt 0
 799 0030 A205     		slli	a1,a1,8
 800              	.LVL57:
 801              		.loc 1 324 5
 802 0032 BA95     		add	a1,a1,a4
 803              	.LVL58:
 804 0034 0145     		li	a0,0
 805 0036 97000000 		call	UART_Init
 805      E7800000 
 806              	.LVL59:
 325:c:/Users/User/Documents/GitHub/ch32h417/EVT/EXAM/USBFS/DEVICE/SimulateCDC/Common\UART.c **** 
 326:c:/Users/User/Documents/GitHub/ch32h417/EVT/EXAM/USBFS/DEVICE/SimulateCDC/Common\UART.c ****     /* restart usb receive  */
 327:c:/Users/User/Documents/GitHub/ch32h417/EVT/EXAM/USBFS/DEVICE/SimulateCDC/Common\UART.c ****     USBFSD->UEP2_DMA = (uint32_t)(uint8_t *)&UART_Tx_Buf[ 0 ];
 807              		.loc 1 327 5 is_stmt 1
 808              		.loc 1 327 22 is_stmt 0
 809 003e B7370240 		li	a5,1073885184
 810 0042 37070000 		lui	a4,%hi(UART_Tx_Buf)
 811 0046 93870740 		addi	a5,a5,1024
 812 004a 13070700 		addi	a4,a4,%lo(UART_Tx_Buf)
 813 004e 98CF     		sw	a4,24(a5)
 328:c:/Users/User/Documents/GitHub/ch32h417/EVT/EXAM/USBFS/DEVICE/SimulateCDC/Common\UART.c ****     USBFSD->UEP2_RX_CTRL &= ~USBFS_UEP_R_RES_MASK;
 814              		.loc 1 328 5 is_stmt 1
 815              		.loc 1 328 11 is_stmt 0
 816 0050 03C7B703 		lbu	a4,59(a5)
 817              		.loc 1 328 26
 818 0054 1377C70F 		andi	a4,a4,252
 819 0058 A38DE702 		sb	a4,59(a5)
 329:c:/Users/User/Documents/GitHub/ch32h417/EVT/EXAM/USBFS/DEVICE/SimulateCDC/Common\UART.c ****     USBFSD->UEP2_RX_CTRL |= USBFS_UEP_R_RES_ACK;
 820              		.loc 1 329 5 is_stmt 1
 821              		.loc 1 329 11 is_stmt 0
 822 005c 03C7B703 		lbu	a4,59(a5)
 823 0060 1377F70F 		andi	a4,a4,0xff
 824              		.loc 1 329 26
 825 0064 A38DE702 		sb	a4,59(a5)
 330:c:/Users/User/Documents/GitHub/ch32h417/EVT/EXAM/USBFS/DEVICE/SimulateCDC/Common\UART.c **** }
 826              		.loc 1 330 1
 827 0068 17030000 		tail	__riscv_restore_0
 827      67000300 
 828              		.cfi_restore 1
 829              		.cfi_def_cfa_offset 0
 830              		.cfi_endproc
 831              	.LFE47:
 833              		.section	.text.UART_DataTx_Deal,"ax",@progbits
 834              		.align	1
 835              		.globl	UART_DataTx_Deal
 837              	UART_DataTx_Deal:
 838              	.LFB48:
 331:c:/Users/User/Documents/GitHub/ch32h417/EVT/EXAM/USBFS/DEVICE/SimulateCDC/Common\UART.c **** 
 332:c:/Users/User/Documents/GitHub/ch32h417/EVT/EXAM/USBFS/DEVICE/SimulateCDC/Common\UART.c **** /*********************************************************************
 333:c:/Users/User/Documents/GitHub/ch32h417/EVT/EXAM/USBFS/DEVICE/SimulateCDC/Common\UART.c ****  * @fn      UART_DataTx_Deal
 334:c:/Users/User/Documents/GitHub/ch32h417/EVT/EXAM/USBFS/DEVICE/SimulateCDC/Common\UART.c ****  *
 335:c:/Users/User/Documents/GitHub/ch32h417/EVT/EXAM/USBFS/DEVICE/SimulateCDC/Common\UART.c ****  * @brief   CDC2 data transmission processing
 336:c:/Users/User/Documents/GitHub/ch32h417/EVT/EXAM/USBFS/DEVICE/SimulateCDC/Common\UART.c ****  *
 337:c:/Users/User/Documents/GitHub/ch32h417/EVT/EXAM/USBFS/DEVICE/SimulateCDC/Common\UART.c ****  * @return  none
 338:c:/Users/User/Documents/GitHub/ch32h417/EVT/EXAM/USBFS/DEVICE/SimulateCDC/Common\UART.c ****  */
 339:c:/Users/User/Documents/GitHub/ch32h417/EVT/EXAM/USBFS/DEVICE/SimulateCDC/Common\UART.c **** void UART_DataTx_Deal( void )
 340:c:/Users/User/Documents/GitHub/ch32h417/EVT/EXAM/USBFS/DEVICE/SimulateCDC/Common\UART.c **** {
 839              		.loc 1 340 1 is_stmt 1
 840              		.cfi_startproc
 841 0000 17030000 		call	t0,__riscv_save_3
 841      E7020300 
 842              		.cfi_offset 18, -16
 843              		.cfi_offset 9, -12
 844              		.cfi_offset 8, -8
 845              		.cfi_offset 1, -4
 846              		.cfi_def_cfa_offset 16
 341:c:/Users/User/Documents/GitHub/ch32h417/EVT/EXAM/USBFS/DEVICE/SimulateCDC/Common\UART.c ****     uint16_t  count;
 847              		.loc 1 341 5
 342:c:/Users/User/Documents/GitHub/ch32h417/EVT/EXAM/USBFS/DEVICE/SimulateCDC/Common\UART.c **** 
 343:c:/Users/User/Documents/GitHub/ch32h417/EVT/EXAM/USBFS/DEVICE/SimulateCDC/Common\UART.c ****     /* uart transmission processing */
 344:c:/Users/User/Documents/GitHub/ch32h417/EVT/EXAM/USBFS/DEVICE/SimulateCDC/Common\UART.c ****     if( Uart.Tx_Flag )
 848              		.loc 1 344 5
 849              		.loc 1 344 13 is_stmt 0
 850 0008 37040000 		lui	s0,%hi(Uart)
 851 000c 93070400 		addi	a5,s0,%lo(Uart)
 852 0010 83C7E702 		lbu	a5,46(a5)
 853 0014 13040400 		addi	s0,s0,%lo(Uart)
 854              		.loc 1 344 7
 855 0018 F9CB     		beq	a5,zero,.L31
 345:c:/Users/User/Documents/GitHub/ch32h417/EVT/EXAM/USBFS/DEVICE/SimulateCDC/Common\UART.c ****     {
 346:c:/Users/User/Documents/GitHub/ch32h417/EVT/EXAM/USBFS/DEVICE/SimulateCDC/Common\UART.c ****         /* Query whether the DMA transmission of the serial port is completed */
 347:c:/Users/User/Documents/GitHub/ch32h417/EVT/EXAM/USBFS/DEVICE/SimulateCDC/Common\UART.c ****         if( DEF_UART->STATR & USART_FLAG_TC )
 856              		.loc 1 347 9 is_stmt 1
 857              		.loc 1 347 21 is_stmt 0
 858 001a B7570040 		li	a5,1073762304
 859 001e 03D707C0 		lhu	a4,-1024(a5)
 860 0022 938607C0 		addi	a3,a5,-1024
 861              		.loc 1 347 11
 862 0026 13770704 		andi	a4,a4,64
 863 002a 55CF     		beq	a4,zero,.L30
 348:c:/Users/User/Documents/GitHub/ch32h417/EVT/EXAM/USBFS/DEVICE/SimulateCDC/Common\UART.c ****         {
 349:c:/Users/User/Documents/GitHub/ch32h417/EVT/EXAM/USBFS/DEVICE/SimulateCDC/Common\UART.c ****             DEF_UART->STATR = (uint16_t)( ~USART_FLAG_TC );
 864              		.loc 1 349 13 is_stmt 1
 865              		.loc 1 349 29 is_stmt 0
 866 002c 1307F0FB 		li	a4,-65
 867 0030 2390E7C0 		sh	a4,-1024(a5)
 350:c:/Users/User/Documents/GitHub/ch32h417/EVT/EXAM/USBFS/DEVICE/SimulateCDC/Common\UART.c ****             DEF_UART->CTLR3 &= ( ~USART_DMAReq_Tx );
 868              		.loc 1 350 13 is_stmt 1
 869              		.loc 1 350 21 is_stmt 0
 870 0034 83D747C1 		lhu	a5,-1004(a5)
 871              	.LBB30:
 872              	.LBB31:
 224:c:/Users/User/Documents/GitHub/ch32h417/EVT/EXAM/SRC/Core\core_riscv.h **** }
 225:c:/Users/User/Documents/GitHub/ch32h417/EVT/EXAM/SRC/Core\core_riscv.h **** 
 226:c:/Users/User/Documents/GitHub/ch32h417/EVT/EXAM/SRC/Core\core_riscv.h **** /*********************************************************************
 227:c:/Users/User/Documents/GitHub/ch32h417/EVT/EXAM/SRC/Core\core_riscv.h ****  * @fn      NVIC_DisableIRQ
 228:c:/Users/User/Documents/GitHub/ch32h417/EVT/EXAM/SRC/Core\core_riscv.h ****  *
 229:c:/Users/User/Documents/GitHub/ch32h417/EVT/EXAM/SRC/Core\core_riscv.h ****  * @brief   Disable Interrupt
 230:c:/Users/User/Documents/GitHub/ch32h417/EVT/EXAM/SRC/Core\core_riscv.h ****  *
 231:c:/Users/User/Documents/GitHub/ch32h417/EVT/EXAM/SRC/Core\core_riscv.h ****  * @param   IRQn - Interrupt Numbers
 232:c:/Users/User/Documents/GitHub/ch32h417/EVT/EXAM/SRC/Core\core_riscv.h ****  *
 233:c:/Users/User/Documents/GitHub/ch32h417/EVT/EXAM/SRC/Core\core_riscv.h ****  * @return  none
 234:c:/Users/User/Documents/GitHub/ch32h417/EVT/EXAM/SRC/Core\core_riscv.h ****  */
 235:c:/Users/User/Documents/GitHub/ch32h417/EVT/EXAM/SRC/Core\core_riscv.h **** __attribute__( ( always_inline ) ) RV_STATIC_INLINE void NVIC_DisableIRQ(IRQn_Type IRQn)
 236:c:/Users/User/Documents/GitHub/ch32h417/EVT/EXAM/SRC/Core\core_riscv.h **** {
 237:c:/Users/User/Documents/GitHub/ch32h417/EVT/EXAM/SRC/Core\core_riscv.h ****   NVIC->IRER[((uint32_t)(IRQn) >> 5)] = (1 << ((uint32_t)(IRQn) & 0x1F));
 873              		.loc 2 237 39
 874 0038 2147     		li	a4,8
 875              	.LBE31:
 876              	.LBE30:
 877              		.loc 1 350 21
 878 003a B3C70708 		zext.h	a5,a5
 879              		.loc 1 350 29
 880 003e 93F7F7F7 		andi	a5,a5,-129
 881 0042 B3C70708 		zext.h	a5,a5
 882 0046 DEAA     		sh	a5,20(a3)
 351:c:/Users/User/Documents/GitHub/ch32h417/EVT/EXAM/USBFS/DEVICE/SimulateCDC/Common\UART.c **** 
 352:c:/Users/User/Documents/GitHub/ch32h417/EVT/EXAM/USBFS/DEVICE/SimulateCDC/Common\UART.c ****             Uart.Tx_Flag = 0x00;
 883              		.loc 1 352 13 is_stmt 1
 884              		.loc 1 352 26 is_stmt 0
 885 0048 23070402 		sb	zero,46(s0)
 353:c:/Users/User/Documents/GitHub/ch32h417/EVT/EXAM/USBFS/DEVICE/SimulateCDC/Common\UART.c **** 
 354:c:/Users/User/Documents/GitHub/ch32h417/EVT/EXAM/USBFS/DEVICE/SimulateCDC/Common\UART.c ****             NVIC_DisableIRQ( USBFS_IRQn );
 886              		.loc 1 354 13 is_stmt 1
 887              	.LVL60:
 888              	.LBB33:
 889              	.LBB32:
 890              		.loc 2 237 3
 891              		.loc 2 237 39 is_stmt 0
 892 004c B7E700E0 		li	a5,-536813568
 893 0050 23A4E718 		sw	a4,392(a5)
 238:c:/Users/User/Documents/GitHub/ch32h417/EVT/EXAM/SRC/Core\core_riscv.h ****   __asm volatile ("fence.i");
 894              		.loc 2 238 3 is_stmt 1
 895              	 #APP
 896              	# 238 "c:/Users/User/Documents/GitHub/ch32h417/EVT/EXAM/SRC/Core/core_riscv.h" 1
 239              	}
 897              		fence.i
 898              	# 0 "" 2
 899              	.LVL61:
 900              	 #NO_APP
 901              	.LBE32:
 902              	.LBE33:
 355:c:/Users/User/Documents/GitHub/ch32h417/EVT/EXAM/USBFS/DEVICE/SimulateCDC/Common\UART.c ****             NVIC_DisableIRQ( USBFS_IRQn );
 903              		.loc 1 355 13
 904              	.LBB34:
 905              	.LBB35:
 237:c:/Users/User/Documents/GitHub/ch32h417/EVT/EXAM/SRC/Core\core_riscv.h ****   __asm volatile ("fence.i");
 906              		.loc 2 237 3
 237:c:/Users/User/Documents/GitHub/ch32h417/EVT/EXAM/SRC/Core\core_riscv.h ****   __asm volatile ("fence.i");
 907              		.loc 2 237 39 is_stmt 0
 908 0058 23A4E718 		sw	a4,392(a5)
 238:c:/Users/User/Documents/GitHub/ch32h417/EVT/EXAM/SRC/Core\core_riscv.h ****   __asm volatile ("fence.i");
 909              		.loc 2 238 3 is_stmt 1
 910              	 #APP
 911              	# 238 "c:/Users/User/Documents/GitHub/ch32h417/EVT/EXAM/SRC/Core/core_riscv.h" 1
 912              		fence.i
 913              	# 0 "" 2
 914              	.LVL62:
 915              	 #NO_APP
 916              	.LBE35:
 917              	.LBE34:
 356:c:/Users/User/Documents/GitHub/ch32h417/EVT/EXAM/USBFS/DEVICE/SimulateCDC/Common\UART.c **** 
 357:c:/Users/User/Documents/GitHub/ch32h417/EVT/EXAM/USBFS/DEVICE/SimulateCDC/Common\UART.c ****             /* Calculate the variables of last data */
 358:c:/Users/User/Documents/GitHub/ch32h417/EVT/EXAM/USBFS/DEVICE/SimulateCDC/Common\UART.c ****             count = Uart.Tx_CurPackLen - DEF_UART_TX_DMA_CH->CNTR;
 918              		.loc 1 358 13
 919              		.loc 1 358 60 is_stmt 0
 920 0060 37070240 		li	a4,1073872896
 921              		.loc 1 358 25
 922 0064 1E38     		lhu	a5,48(s0)
 923              		.loc 1 358 60
 924 0066 5447     		lw	a3,12(a4)
 359:c:/Users/User/Documents/GitHub/ch32h417/EVT/EXAM/USBFS/DEVICE/SimulateCDC/Common\UART.c ****             Uart.Tx_CurPackLen -= count;
 925              		.loc 1 359 17
 926 0068 1A38     		lhu	a4,48(s0)
 358:c:/Users/User/Documents/GitHub/ch32h417/EVT/EXAM/USBFS/DEVICE/SimulateCDC/Common\UART.c ****             Uart.Tx_CurPackLen -= count;
 927              		.loc 1 358 40
 928 006a B3C60608 		zext.h	a3,a3
 929              	.LVL63:
 930              		.loc 1 359 13 is_stmt 1
 931              		.loc 1 359 32 is_stmt 0
 932 006e 3386F640 		sub	a2,a3,a5
 933 0072 3297     		add	a4,a4,a2
 934 0074 33470708 		zext.h	a4,a4
 935 0078 1AB8     		sh	a4,48(s0)
 360:c:/Users/User/Documents/GitHub/ch32h417/EVT/EXAM/USBFS/DEVICE/SimulateCDC/Common\UART.c ****             Uart.Tx_CurPackPtr += count;
 936              		.loc 1 360 13 is_stmt 1
 937              		.loc 1 360 17 is_stmt 0
 938 007a 3A38     		lhu	a4,50(s0)
 939              		.loc 1 360 32
 940 007c BA97     		add	a5,a5,a4
 941              	.LVL64:
 942 007e 958F     		sub	a5,a5,a3
 943 0080 B3C70708 		zext.h	a5,a5
 944 0084 3EB8     		sh	a5,50(s0)
 361:c:/Users/User/Documents/GitHub/ch32h417/EVT/EXAM/USBFS/DEVICE/SimulateCDC/Common\UART.c ****             if( Uart.Tx_CurPackLen == 0x00 )
 945              		.loc 1 361 13 is_stmt 1
 946              		.loc 1 361 21 is_stmt 0
 947 0086 1E38     		lhu	a5,48(s0)
 948              		.loc 1 361 15
 949 0088 95E7     		bne	a5,zero,.L33
 362:c:/Users/User/Documents/GitHub/ch32h417/EVT/EXAM/USBFS/DEVICE/SimulateCDC/Common\UART.c ****             {
 363:c:/Users/User/Documents/GitHub/ch32h417/EVT/EXAM/USBFS/DEVICE/SimulateCDC/Common\UART.c ****                 Uart.Tx_PackLen[ Uart.Tx_DealNum ] = 0x0000;
 950              		.loc 1 363 17 is_stmt 1
 951              		.loc 1 363 38 is_stmt 0
 952 008a 3E24     		lhu	a5,10(s0)
 953              		.loc 1 363 52
 954 008c B3A78720 		sh1add	a5,a5,s0
 955 0090 23970700 		sh	zero,14(a5)
 364:c:/Users/User/Documents/GitHub/ch32h417/EVT/EXAM/USBFS/DEVICE/SimulateCDC/Common\UART.c ****                 Uart.Tx_DealNum++;
 956              		.loc 1 364 17 is_stmt 1
 957              		.loc 1 364 21 is_stmt 0
 958 0094 3E24     		lhu	a5,10(s0)
 959              		.loc 1 364 32
 960 0096 8507     		addi	a5,a5,1
 961 0098 B3C70708 		zext.h	a5,a5
 962 009c 3EA4     		sh	a5,10(s0)
 365:c:/Users/User/Documents/GitHub/ch32h417/EVT/EXAM/USBFS/DEVICE/SimulateCDC/Common\UART.c ****                 if( Uart.Tx_DealNum >= DEF_UARTx_TX_BUF_NUM_MAX )
 963              		.loc 1 365 17 is_stmt 1
 964              		.loc 1 365 25 is_stmt 0
 965 009e 3A24     		lhu	a4,10(s0)
 966              		.loc 1 365 19
 967 00a0 BD47     		li	a5,15
 968 00a2 63F4E700 		bleu	a4,a5,.L34
 366:c:/Users/User/Documents/GitHub/ch32h417/EVT/EXAM/USBFS/DEVICE/SimulateCDC/Common\UART.c ****                 {
 367:c:/Users/User/Documents/GitHub/ch32h417/EVT/EXAM/USBFS/DEVICE/SimulateCDC/Common\UART.c ****                     Uart.Tx_DealNum = 0x00;
 969              		.loc 1 367 21 is_stmt 1
 970              		.loc 1 367 37 is_stmt 0
 971 00a6 23150400 		sh	zero,10(s0)
 972              	.L34:
 368:c:/Users/User/Documents/GitHub/ch32h417/EVT/EXAM/USBFS/DEVICE/SimulateCDC/Common\UART.c ****                 }
 369:c:/Users/User/Documents/GitHub/ch32h417/EVT/EXAM/USBFS/DEVICE/SimulateCDC/Common\UART.c ****                 Uart.Tx_RemainNum--;
 973              		.loc 1 369 17 is_stmt 1
 974              		.loc 1 369 21 is_stmt 0
 975 00aa 5E24     		lhu	a5,12(s0)
 976              		.loc 1 369 34
 977 00ac FD17     		addi	a5,a5,-1
 978 00ae B3C70708 		zext.h	a5,a5
 979 00b2 5EA4     		sh	a5,12(s0)
 980              	.L33:
 370:c:/Users/User/Documents/GitHub/ch32h417/EVT/EXAM/USBFS/DEVICE/SimulateCDC/Common\UART.c ****             }
 371:c:/Users/User/Documents/GitHub/ch32h417/EVT/EXAM/USBFS/DEVICE/SimulateCDC/Common\UART.c **** 
 372:c:/Users/User/Documents/GitHub/ch32h417/EVT/EXAM/USBFS/DEVICE/SimulateCDC/Common\UART.c ****             /* If the current serial port has suspended the downlink, restart the driver downlink *
 373:c:/Users/User/Documents/GitHub/ch32h417/EVT/EXAM/USBFS/DEVICE/SimulateCDC/Common\UART.c ****             if( ( Uart.USB_Down_StopFlag == 0x01 ) && ( Uart.Tx_RemainNum < 2 ) )
 981              		.loc 1 373 13 is_stmt 1
 982              		.loc 1 373 23 is_stmt 0
 983 00b4 83479403 		lbu	a5,57(s0)
 984              		.loc 1 373 15
 985 00b8 8546     		li	a3,1
 986              		.loc 1 373 23
 987 00ba 13F7F70F 		andi	a4,a5,0xff
 988              		.loc 1 373 15
 989 00be 639FD700 		bne	a5,a3,.L35
 990              		.loc 1 373 61 discriminator 1
 991 00c2 5E24     		lhu	a5,12(s0)
 992              		.loc 1 373 52 discriminator 1
 993 00c4 636CF700 		bgtu	a5,a4,.L35
 374:c:/Users/User/Documents/GitHub/ch32h417/EVT/EXAM/USBFS/DEVICE/SimulateCDC/Common\UART.c ****             {
 375:c:/Users/User/Documents/GitHub/ch32h417/EVT/EXAM/USBFS/DEVICE/SimulateCDC/Common\UART.c ****                 USBFSD->UEP2_RX_CTRL = (USBFSD->UEP2_RX_CTRL & ~USBFS_UEP_R_RES_MASK) | USBFS_UEP_R
 994              		.loc 1 375 17 is_stmt 1
 995              		.loc 1 375 47 is_stmt 0
 996 00c8 B7370240 		li	a5,1073885184
 997 00cc 03C7B743 		lbu	a4,1083(a5)
 998              		.loc 1 375 87
 999 00d0 1377C70F 		andi	a4,a4,252
 1000              		.loc 1 375 38
 1001 00d4 A38DE742 		sb	a4,1083(a5)
 376:c:/Users/User/Documents/GitHub/ch32h417/EVT/EXAM/USBFS/DEVICE/SimulateCDC/Common\UART.c ****                 Uart.USB_Down_StopFlag = 0x00;
 1002              		.loc 1 376 17 is_stmt 1
 1003              		.loc 1 376 40 is_stmt 0
 1004 00d8 A30C0402 		sb	zero,57(s0)
 1005              	.L35:
 377:c:/Users/User/Documents/GitHub/ch32h417/EVT/EXAM/USBFS/DEVICE/SimulateCDC/Common\UART.c ****             }
 378:c:/Users/User/Documents/GitHub/ch32h417/EVT/EXAM/USBFS/DEVICE/SimulateCDC/Common\UART.c **** 
 379:c:/Users/User/Documents/GitHub/ch32h417/EVT/EXAM/USBFS/DEVICE/SimulateCDC/Common\UART.c ****             NVIC_EnableIRQ( USBFS_IRQn );
 1006              		.loc 1 379 13 is_stmt 1
 1007              	.LVL65:
 1008              	.LBB36:
 1009              	.LBB37:
 223:c:/Users/User/Documents/GitHub/ch32h417/EVT/EXAM/SRC/Core\core_riscv.h **** }
 1010              		.loc 2 223 3
 223:c:/Users/User/Documents/GitHub/ch32h417/EVT/EXAM/SRC/Core\core_riscv.h **** }
 1011              		.loc 2 223 39 is_stmt 0
 1012 00dc B7E700E0 		li	a5,-536813568
 1013 00e0 2147     		li	a4,8
 1014 00e2 23A4E710 		sw	a4,264(a5)
 1015              	.LVL66:
 1016              	.L30:
 1017              	.LBE37:
 1018              	.LBE36:
 380:c:/Users/User/Documents/GitHub/ch32h417/EVT/EXAM/USBFS/DEVICE/SimulateCDC/Common\UART.c ****         }
 381:c:/Users/User/Documents/GitHub/ch32h417/EVT/EXAM/USBFS/DEVICE/SimulateCDC/Common\UART.c ****     }
 382:c:/Users/User/Documents/GitHub/ch32h417/EVT/EXAM/USBFS/DEVICE/SimulateCDC/Common\UART.c ****     else
 383:c:/Users/User/Documents/GitHub/ch32h417/EVT/EXAM/USBFS/DEVICE/SimulateCDC/Common\UART.c ****     {
 384:c:/Users/User/Documents/GitHub/ch32h417/EVT/EXAM/USBFS/DEVICE/SimulateCDC/Common\UART.c ****         /* Load data from the serial port send buffer to send  */
 385:c:/Users/User/Documents/GitHub/ch32h417/EVT/EXAM/USBFS/DEVICE/SimulateCDC/Common\UART.c ****         if( Uart.Tx_RemainNum )
 386:c:/Users/User/Documents/GitHub/ch32h417/EVT/EXAM/USBFS/DEVICE/SimulateCDC/Common\UART.c ****         {
 387:c:/Users/User/Documents/GitHub/ch32h417/EVT/EXAM/USBFS/DEVICE/SimulateCDC/Common\UART.c ****             
 388:c:/Users/User/Documents/GitHub/ch32h417/EVT/EXAM/USBFS/DEVICE/SimulateCDC/Common\UART.c ****             /* Determine whether to load from the last unsent buffer or from a new buffer */
 389:c:/Users/User/Documents/GitHub/ch32h417/EVT/EXAM/USBFS/DEVICE/SimulateCDC/Common\UART.c ****             if( Uart.Tx_CurPackLen == 0x00 )
 390:c:/Users/User/Documents/GitHub/ch32h417/EVT/EXAM/USBFS/DEVICE/SimulateCDC/Common\UART.c ****             {
 391:c:/Users/User/Documents/GitHub/ch32h417/EVT/EXAM/USBFS/DEVICE/SimulateCDC/Common\UART.c ****                 Uart.Tx_CurPackLen = Uart.Tx_PackLen[ Uart.Tx_DealNum ];
 392:c:/Users/User/Documents/GitHub/ch32h417/EVT/EXAM/USBFS/DEVICE/SimulateCDC/Common\UART.c ****                 Uart.Tx_CurPackPtr = ( Uart.Tx_DealNum * DEF_USB_FS_PACK_LEN );
 393:c:/Users/User/Documents/GitHub/ch32h417/EVT/EXAM/USBFS/DEVICE/SimulateCDC/Common\UART.c ****             }
 394:c:/Users/User/Documents/GitHub/ch32h417/EVT/EXAM/USBFS/DEVICE/SimulateCDC/Common\UART.c ****             /* Configure DMA and send */
 395:c:/Users/User/Documents/GitHub/ch32h417/EVT/EXAM/USBFS/DEVICE/SimulateCDC/Common\UART.c ****             USART_ClearFlag( DEF_UART, USART_FLAG_TC );
 396:c:/Users/User/Documents/GitHub/ch32h417/EVT/EXAM/USBFS/DEVICE/SimulateCDC/Common\UART.c ****             DMA_Cmd( DEF_UART_TX_DMA_CH, DISABLE );
 397:c:/Users/User/Documents/GitHub/ch32h417/EVT/EXAM/USBFS/DEVICE/SimulateCDC/Common\UART.c ****             DEF_UART_TX_DMA_CH->MADDR = (uint32_t)&UART_Tx_Buf[ Uart.Tx_CurPackPtr ];
 398:c:/Users/User/Documents/GitHub/ch32h417/EVT/EXAM/USBFS/DEVICE/SimulateCDC/Common\UART.c ****             DEF_UART_TX_DMA_CH->CNTR = Uart.Tx_CurPackLen;
 399:c:/Users/User/Documents/GitHub/ch32h417/EVT/EXAM/USBFS/DEVICE/SimulateCDC/Common\UART.c ****             DMA_Cmd( DEF_UART_TX_DMA_CH, ENABLE );
 400:c:/Users/User/Documents/GitHub/ch32h417/EVT/EXAM/USBFS/DEVICE/SimulateCDC/Common\UART.c ****             DEF_UART->CTLR3 |= USART_DMAReq_Tx;
 401:c:/Users/User/Documents/GitHub/ch32h417/EVT/EXAM/USBFS/DEVICE/SimulateCDC/Common\UART.c ****             Uart.Tx_Flag = 0x01;
 402:c:/Users/User/Documents/GitHub/ch32h417/EVT/EXAM/USBFS/DEVICE/SimulateCDC/Common\UART.c ****         }
 403:c:/Users/User/Documents/GitHub/ch32h417/EVT/EXAM/USBFS/DEVICE/SimulateCDC/Common\UART.c ****     }
 404:c:/Users/User/Documents/GitHub/ch32h417/EVT/EXAM/USBFS/DEVICE/SimulateCDC/Common\UART.c **** }
 1019              		.loc 1 404 1
 1020 00e6 17030000 		tail	__riscv_restore_3
 1020      67000300 
 1021              		.cfi_remember_state
 1022              		.cfi_restore 18
 1023              		.cfi_restore 9
 1024              		.cfi_restore 8
 1025              		.cfi_restore 1
 1026              		.cfi_def_cfa_offset 0
 1027              	.L31:
 1028              		.cfi_restore_state
 385:c:/Users/User/Documents/GitHub/ch32h417/EVT/EXAM/USBFS/DEVICE/SimulateCDC/Common\UART.c ****         {
 1029              		.loc 1 385 9 is_stmt 1
 385:c:/Users/User/Documents/GitHub/ch32h417/EVT/EXAM/USBFS/DEVICE/SimulateCDC/Common\UART.c ****         {
 1030              		.loc 1 385 17 is_stmt 0
 1031 00ee 5E24     		lhu	a5,12(s0)
 385:c:/Users/User/Documents/GitHub/ch32h417/EVT/EXAM/USBFS/DEVICE/SimulateCDC/Common\UART.c ****         {
 1032              		.loc 1 385 11
 1033 00f0 FDDB     		beq	a5,zero,.L30
 389:c:/Users/User/Documents/GitHub/ch32h417/EVT/EXAM/USBFS/DEVICE/SimulateCDC/Common\UART.c ****             {
 1034              		.loc 1 389 13 is_stmt 1
 389:c:/Users/User/Documents/GitHub/ch32h417/EVT/EXAM/USBFS/DEVICE/SimulateCDC/Common\UART.c ****             {
 1035              		.loc 1 389 21 is_stmt 0
 1036 00f2 1E38     		lhu	a5,48(s0)
 389:c:/Users/User/Documents/GitHub/ch32h417/EVT/EXAM/USBFS/DEVICE/SimulateCDC/Common\UART.c ****             {
 1037              		.loc 1 389 15
 1038 00f4 89EF     		bne	a5,zero,.L36
 391:c:/Users/User/Documents/GitHub/ch32h417/EVT/EXAM/USBFS/DEVICE/SimulateCDC/Common\UART.c ****                 Uart.Tx_CurPackPtr = ( Uart.Tx_DealNum * DEF_USB_FS_PACK_LEN );
 1039              		.loc 1 391 17 is_stmt 1
 391:c:/Users/User/Documents/GitHub/ch32h417/EVT/EXAM/USBFS/DEVICE/SimulateCDC/Common\UART.c ****                 Uart.Tx_CurPackPtr = ( Uart.Tx_DealNum * DEF_USB_FS_PACK_LEN );
 1040              		.loc 1 391 59 is_stmt 0
 1041 00f6 3E24     		lhu	a5,10(s0)
 391:c:/Users/User/Documents/GitHub/ch32h417/EVT/EXAM/USBFS/DEVICE/SimulateCDC/Common\UART.c ****                 Uart.Tx_CurPackPtr = ( Uart.Tx_DealNum * DEF_USB_FS_PACK_LEN );
 1042              		.loc 1 391 53
 1043 00f8 B3A78720 		sh1add	a5,a5,s0
 1044 00fc FE27     		lhu	a5,14(a5)
 1045 00fe B3C70708 		zext.h	a5,a5
 391:c:/Users/User/Documents/GitHub/ch32h417/EVT/EXAM/USBFS/DEVICE/SimulateCDC/Common\UART.c ****                 Uart.Tx_CurPackPtr = ( Uart.Tx_DealNum * DEF_USB_FS_PACK_LEN );
 1046              		.loc 1 391 36
 1047 0102 1EB8     		sh	a5,48(s0)
 392:c:/Users/User/Documents/GitHub/ch32h417/EVT/EXAM/USBFS/DEVICE/SimulateCDC/Common\UART.c ****             }
 1048              		.loc 1 392 17 is_stmt 1
 392:c:/Users/User/Documents/GitHub/ch32h417/EVT/EXAM/USBFS/DEVICE/SimulateCDC/Common\UART.c ****             }
 1049              		.loc 1 392 44 is_stmt 0
 1050 0104 3E24     		lhu	a5,10(s0)
 392:c:/Users/User/Documents/GitHub/ch32h417/EVT/EXAM/USBFS/DEVICE/SimulateCDC/Common\UART.c ****             }
 1051              		.loc 1 392 36
 1052 0106 9A07     		slli	a5,a5,6
 1053 0108 B3C70708 		zext.h	a5,a5
 1054 010c 3EB8     		sh	a5,50(s0)
 1055              	.L36:
 395:c:/Users/User/Documents/GitHub/ch32h417/EVT/EXAM/USBFS/DEVICE/SimulateCDC/Common\UART.c ****             DMA_Cmd( DEF_UART_TX_DMA_CH, DISABLE );
 1056              		.loc 1 395 13 is_stmt 1
 1057 010e 37590040 		li	s2,1073762304
 1058 0112 130509C0 		addi	a0,s2,-1024
 1059 0116 93050004 		li	a1,64
 1060 011a 97000000 		call	USART_ClearFlag
 1060      E7800000 
 1061              	.LVL67:
 396:c:/Users/User/Documents/GitHub/ch32h417/EVT/EXAM/USBFS/DEVICE/SimulateCDC/Common\UART.c ****             DEF_UART_TX_DMA_CH->MADDR = (uint32_t)&UART_Tx_Buf[ Uart.Tx_CurPackPtr ];
 1062              		.loc 1 396 13
 1063 0122 B7040240 		li	s1,1073872896
 1064 0126 13858400 		addi	a0,s1,8
 1065 012a 8145     		li	a1,0
 1066 012c 97000000 		call	DMA_Cmd
 1066      E7800000 
 1067              	.LVL68:
 397:c:/Users/User/Documents/GitHub/ch32h417/EVT/EXAM/USBFS/DEVICE/SimulateCDC/Common\UART.c ****             DEF_UART_TX_DMA_CH->CNTR = Uart.Tx_CurPackLen;
 1068              		.loc 1 397 13
 397:c:/Users/User/Documents/GitHub/ch32h417/EVT/EXAM/USBFS/DEVICE/SimulateCDC/Common\UART.c ****             DEF_UART_TX_DMA_CH->CNTR = Uart.Tx_CurPackLen;
 1069              		.loc 1 397 69 is_stmt 0
 1070 0134 3A38     		lhu	a4,50(s0)
 397:c:/Users/User/Documents/GitHub/ch32h417/EVT/EXAM/USBFS/DEVICE/SimulateCDC/Common\UART.c ****             DEF_UART_TX_DMA_CH->CNTR = Uart.Tx_CurPackLen;
 1071              		.loc 1 397 51
 1072 0136 B7070000 		lui	a5,%hi(UART_Tx_Buf)
 1073 013a 93870700 		addi	a5,a5,%lo(UART_Tx_Buf)
 1074 013e BA97     		add	a5,a5,a4
 397:c:/Users/User/Documents/GitHub/ch32h417/EVT/EXAM/USBFS/DEVICE/SimulateCDC/Common\UART.c ****             DEF_UART_TX_DMA_CH->CNTR = Uart.Tx_CurPackLen;
 1075              		.loc 1 397 39
 1076 0140 DCC8     		sw	a5,20(s1)
 398:c:/Users/User/Documents/GitHub/ch32h417/EVT/EXAM/USBFS/DEVICE/SimulateCDC/Common\UART.c ****             DMA_Cmd( DEF_UART_TX_DMA_CH, ENABLE );
 1077              		.loc 1 398 13 is_stmt 1
 398:c:/Users/User/Documents/GitHub/ch32h417/EVT/EXAM/USBFS/DEVICE/SimulateCDC/Common\UART.c ****             DMA_Cmd( DEF_UART_TX_DMA_CH, ENABLE );
 1078              		.loc 1 398 44 is_stmt 0
 1079 0142 1E38     		lhu	a5,48(s0)
 397:c:/Users/User/Documents/GitHub/ch32h417/EVT/EXAM/USBFS/DEVICE/SimulateCDC/Common\UART.c ****             DEF_UART_TX_DMA_CH->CNTR = Uart.Tx_CurPackLen;
 1080              		.loc 1 397 39
 1081 0144 13858400 		addi	a0,s1,8
 399:c:/Users/User/Documents/GitHub/ch32h417/EVT/EXAM/USBFS/DEVICE/SimulateCDC/Common\UART.c ****             DEF_UART->CTLR3 |= USART_DMAReq_Tx;
 1082              		.loc 1 399 13
 1083 0148 8545     		li	a1,1
 398:c:/Users/User/Documents/GitHub/ch32h417/EVT/EXAM/USBFS/DEVICE/SimulateCDC/Common\UART.c ****             DMA_Cmd( DEF_UART_TX_DMA_CH, ENABLE );
 1084              		.loc 1 398 44
 1085 014a B3C70708 		zext.h	a5,a5
 398:c:/Users/User/Documents/GitHub/ch32h417/EVT/EXAM/USBFS/DEVICE/SimulateCDC/Common\UART.c ****             DMA_Cmd( DEF_UART_TX_DMA_CH, ENABLE );
 1086              		.loc 1 398 38
 1087 014e 5CC1     		sw	a5,4(a0)
 399:c:/Users/User/Documents/GitHub/ch32h417/EVT/EXAM/USBFS/DEVICE/SimulateCDC/Common\UART.c ****             DEF_UART->CTLR3 |= USART_DMAReq_Tx;
 1088              		.loc 1 399 13 is_stmt 1
 1089 0150 97000000 		call	DMA_Cmd
 1089      E7800000 
 1090              	.LVL69:
 400:c:/Users/User/Documents/GitHub/ch32h417/EVT/EXAM/USBFS/DEVICE/SimulateCDC/Common\UART.c ****             Uart.Tx_Flag = 0x01;
 1091              		.loc 1 400 13
 400:c:/Users/User/Documents/GitHub/ch32h417/EVT/EXAM/USBFS/DEVICE/SimulateCDC/Common\UART.c ****             Uart.Tx_Flag = 0x01;
 1092              		.loc 1 400 21 is_stmt 0
 1093 0158 835749C1 		lhu	a5,-1004(s2)
 1094 015c 130909C0 		addi	s2,s2,-1024
 400:c:/Users/User/Documents/GitHub/ch32h417/EVT/EXAM/USBFS/DEVICE/SimulateCDC/Common\UART.c ****             Uart.Tx_Flag = 0x01;
 1095              		.loc 1 400 29
 1096 0160 93E70708 		ori	a5,a5,128
 1097 0164 231AF900 		sh	a5,20(s2)
 401:c:/Users/User/Documents/GitHub/ch32h417/EVT/EXAM/USBFS/DEVICE/SimulateCDC/Common\UART.c ****         }
 1098              		.loc 1 401 13 is_stmt 1
 401:c:/Users/User/Documents/GitHub/ch32h417/EVT/EXAM/USBFS/DEVICE/SimulateCDC/Common\UART.c ****         }
 1099              		.loc 1 401 26 is_stmt 0
 1100 0168 8547     		li	a5,1
 1101 016a 2307F402 		sb	a5,46(s0)
 1102              		.loc 1 404 1
 1103 016e A5BF     		j	.L30
 1104              		.cfi_endproc
 1105              	.LFE48:
 1107              		.section	.rodata.UART_DataRx_Deal.str1.4,"aMS",@progbits,1
 1108              		.align	2
 1109              	.LC0:
 1110 0000 55305F4F 		.string	"U0_O:%08lx\n"
 1110      3A253038 
 1110      6C780A00 
 1111              		.section	.text.UART_DataRx_Deal,"ax",@progbits
 1112              		.align	1
 1113              		.globl	UART_DataRx_Deal
 1115              	UART_DataRx_Deal:
 1116              	.LFB49:
 405:c:/Users/User/Documents/GitHub/ch32h417/EVT/EXAM/USBFS/DEVICE/SimulateCDC/Common\UART.c **** 
 406:c:/Users/User/Documents/GitHub/ch32h417/EVT/EXAM/USBFS/DEVICE/SimulateCDC/Common\UART.c **** /*********************************************************************
 407:c:/Users/User/Documents/GitHub/ch32h417/EVT/EXAM/USBFS/DEVICE/SimulateCDC/Common\UART.c ****  * @fn      UART_DataRx_Deal
 408:c:/Users/User/Documents/GitHub/ch32h417/EVT/EXAM/USBFS/DEVICE/SimulateCDC/Common\UART.c ****  *
 409:c:/Users/User/Documents/GitHub/ch32h417/EVT/EXAM/USBFS/DEVICE/SimulateCDC/Common\UART.c ****  * @brief   Uart data receiving processing
 410:c:/Users/User/Documents/GitHub/ch32h417/EVT/EXAM/USBFS/DEVICE/SimulateCDC/Common\UART.c ****  *
 411:c:/Users/User/Documents/GitHub/ch32h417/EVT/EXAM/USBFS/DEVICE/SimulateCDC/Common\UART.c ****  * @return  none
 412:c:/Users/User/Documents/GitHub/ch32h417/EVT/EXAM/USBFS/DEVICE/SimulateCDC/Common\UART.c ****  */
 413:c:/Users/User/Documents/GitHub/ch32h417/EVT/EXAM/USBFS/DEVICE/SimulateCDC/Common\UART.c **** void UART_DataRx_Deal( void )
 414:c:/Users/User/Documents/GitHub/ch32h417/EVT/EXAM/USBFS/DEVICE/SimulateCDC/Common\UART.c **** {
 1117              		.loc 1 414 1 is_stmt 1
 1118              		.cfi_startproc
 1119 0000 17030000 		call	t0,__riscv_save_4
 1119      E7020300 
 1120              		.cfi_offset 19, -20
 1121              		.cfi_offset 18, -16
 1122              		.cfi_offset 9, -12
 1123              		.cfi_offset 8, -8
 1124              		.cfi_offset 1, -4
 1125              		.cfi_def_cfa_offset 32
 415:c:/Users/User/Documents/GitHub/ch32h417/EVT/EXAM/USBFS/DEVICE/SimulateCDC/Common\UART.c ****     uint16_t temp16;
 1126              		.loc 1 415 5
 416:c:/Users/User/Documents/GitHub/ch32h417/EVT/EXAM/USBFS/DEVICE/SimulateCDC/Common\UART.c ****     uint32_t remain_len;
 1127              		.loc 1 416 5
 417:c:/Users/User/Documents/GitHub/ch32h417/EVT/EXAM/USBFS/DEVICE/SimulateCDC/Common\UART.c ****     uint16_t packlen;
 1128              		.loc 1 417 5
 418:c:/Users/User/Documents/GitHub/ch32h417/EVT/EXAM/USBFS/DEVICE/SimulateCDC/Common\UART.c **** 
 419:c:/Users/User/Documents/GitHub/ch32h417/EVT/EXAM/USBFS/DEVICE/SimulateCDC/Common\UART.c ****     /* Serial port data DMA receive processing */
 420:c:/Users/User/Documents/GitHub/ch32h417/EVT/EXAM/USBFS/DEVICE/SimulateCDC/Common\UART.c ****     NVIC_DisableIRQ( USBFS_IRQn );
 1129              		.loc 1 420 5
 1130              	.LVL70:
 1131              	.LBB38:
 1132              	.LBB39:
 237:c:/Users/User/Documents/GitHub/ch32h417/EVT/EXAM/SRC/Core\core_riscv.h ****   __asm volatile ("fence.i");
 1133              		.loc 2 237 3
 237:c:/Users/User/Documents/GitHub/ch32h417/EVT/EXAM/SRC/Core\core_riscv.h ****   __asm volatile ("fence.i");
 1134              		.loc 2 237 39 is_stmt 0
 1135 0008 B7E700E0 		li	a5,-536813568
 1136 000c 2147     		li	a4,8
 1137 000e 23A4E718 		sw	a4,392(a5)
 238:c:/Users/User/Documents/GitHub/ch32h417/EVT/EXAM/SRC/Core\core_riscv.h **** }
 1138              		.loc 2 238 3 is_stmt 1
 1139              	 #APP
 1140              	# 238 "c:/Users/User/Documents/GitHub/ch32h417/EVT/EXAM/SRC/Core/core_riscv.h" 1
 1141              		fence.i
 1142              	# 0 "" 2
 1143              	.LVL71:
 1144              	 #NO_APP
 1145              	.LBE39:
 1146              	.LBE38:
 421:c:/Users/User/Documents/GitHub/ch32h417/EVT/EXAM/USBFS/DEVICE/SimulateCDC/Common\UART.c ****     NVIC_DisableIRQ( USBFS_IRQn );
 1147              		.loc 1 421 5
 1148              	.LBB40:
 1149              	.LBB41:
 237:c:/Users/User/Documents/GitHub/ch32h417/EVT/EXAM/SRC/Core\core_riscv.h ****   __asm volatile ("fence.i");
 1150              		.loc 2 237 3
 237:c:/Users/User/Documents/GitHub/ch32h417/EVT/EXAM/SRC/Core\core_riscv.h ****   __asm volatile ("fence.i");
 1151              		.loc 2 237 39 is_stmt 0
 1152 0016 23A4E718 		sw	a4,392(a5)
 238:c:/Users/User/Documents/GitHub/ch32h417/EVT/EXAM/SRC/Core\core_riscv.h **** }
 1153              		.loc 2 238 3 is_stmt 1
 1154              	 #APP
 1155              	# 238 "c:/Users/User/Documents/GitHub/ch32h417/EVT/EXAM/SRC/Core/core_riscv.h" 1
 1156              		fence.i
 1157              	# 0 "" 2
 1158              	.LVL72:
 1159              	 #NO_APP
 1160              	.LBE41:
 1161              	.LBE40:
 422:c:/Users/User/Documents/GitHub/ch32h417/EVT/EXAM/USBFS/DEVICE/SimulateCDC/Common\UART.c ****     UARTx_Rx_DMACurCount = DEF_UART_RX_DMA_CH->CNTR;
 1162              		.loc 1 422 5
 1163              		.loc 1 422 46 is_stmt 0
 1164 001e B7070240 		li	a5,1073872896
 1165 0022 F107     		addi	a5,a5,28
 1166 0024 DC43     		lw	a5,4(a5)
 1167              		.loc 1 422 26
 1168 0026 37070000 		lui	a4,%hi(UARTx_Rx_DMACurCount)
 423:c:/Users/User/Documents/GitHub/ch32h417/EVT/EXAM/USBFS/DEVICE/SimulateCDC/Common\UART.c ****     if( UARTx_Rx_DMALastCount != UARTx_Rx_DMACurCount )
 1169              		.loc 1 423 31
 1170 002a B7060000 		lui	a3,%hi(UARTx_Rx_DMALastCount)
 422:c:/Users/User/Documents/GitHub/ch32h417/EVT/EXAM/USBFS/DEVICE/SimulateCDC/Common\UART.c ****     UARTx_Rx_DMACurCount = DEF_UART_RX_DMA_CH->CNTR;
 1171              		.loc 1 422 26
 1172 002e 2320F700 		sw	a5,%lo(UARTx_Rx_DMACurCount)(a4)
 1173              		.loc 1 423 5 is_stmt 1
 1174              		.loc 1 423 31 is_stmt 0
 1175 0032 03A60600 		lw	a2,%lo(UARTx_Rx_DMALastCount)(a3)
 1176 0036 83270700 		lw	a5,%lo(UARTx_Rx_DMACurCount)(a4)
 1177 003a 37040000 		lui	s0,%hi(Uart)
 1178 003e 13040400 		addi	s0,s0,%lo(Uart)
 1179              		.loc 1 423 7
 1180 0042 6304F604 		beq	a2,a5,.L45
 424:c:/Users/User/Documents/GitHub/ch32h417/EVT/EXAM/USBFS/DEVICE/SimulateCDC/Common\UART.c **** 
 425:c:/Users/User/Documents/GitHub/ch32h417/EVT/EXAM/USBFS/DEVICE/SimulateCDC/Common\UART.c ****     {
 426:c:/Users/User/Documents/GitHub/ch32h417/EVT/EXAM/USBFS/DEVICE/SimulateCDC/Common\UART.c ****         if( UARTx_Rx_DMALastCount > UARTx_Rx_DMACurCount )
 1181              		.loc 1 426 9 is_stmt 1
 1182              		.loc 1 426 35 is_stmt 0
 1183 0046 03A60600 		lw	a2,%lo(UARTx_Rx_DMALastCount)(a3)
 1184 004a 83270700 		lw	a5,%lo(UARTx_Rx_DMACurCount)(a4)
 1185              		.loc 1 426 11
 1186 004e 63FFC706 		bleu	a2,a5,.L46
 427:c:/Users/User/Documents/GitHub/ch32h417/EVT/EXAM/USBFS/DEVICE/SimulateCDC/Common\UART.c ****         {
 428:c:/Users/User/Documents/GitHub/ch32h417/EVT/EXAM/USBFS/DEVICE/SimulateCDC/Common\UART.c ****             temp16 = UARTx_Rx_DMALastCount - UARTx_Rx_DMACurCount;
 1187              		.loc 1 428 13 is_stmt 1
 1188              		.loc 1 428 44 is_stmt 0
 1189 0052 83A70600 		lw	a5,%lo(UARTx_Rx_DMALastCount)(a3)
 1190 0056 03260700 		lw	a2,%lo(UARTx_Rx_DMACurCount)(a4)
 1191              	.L68:
 429:c:/Users/User/Documents/GitHub/ch32h417/EVT/EXAM/USBFS/DEVICE/SimulateCDC/Common\UART.c ****         }
 430:c:/Users/User/Documents/GitHub/ch32h417/EVT/EXAM/USBFS/DEVICE/SimulateCDC/Common\UART.c ****         else
 431:c:/Users/User/Documents/GitHub/ch32h417/EVT/EXAM/USBFS/DEVICE/SimulateCDC/Common\UART.c ****         {
 432:c:/Users/User/Documents/GitHub/ch32h417/EVT/EXAM/USBFS/DEVICE/SimulateCDC/Common\UART.c ****             temp16 = DEF_UARTx_RX_BUF_LEN - UARTx_Rx_DMACurCount;
 433:c:/Users/User/Documents/GitHub/ch32h417/EVT/EXAM/USBFS/DEVICE/SimulateCDC/Common\UART.c ****             temp16 += UARTx_Rx_DMALastCount;
 434:c:/Users/User/Documents/GitHub/ch32h417/EVT/EXAM/USBFS/DEVICE/SimulateCDC/Common\UART.c ****         }
 435:c:/Users/User/Documents/GitHub/ch32h417/EVT/EXAM/USBFS/DEVICE/SimulateCDC/Common\UART.c ****         UARTx_Rx_DMALastCount = UARTx_Rx_DMACurCount;
 1192              		.loc 1 435 31
 1193 005a 03270700 		lw	a4,%lo(UARTx_Rx_DMACurCount)(a4)
 433:c:/Users/User/Documents/GitHub/ch32h417/EVT/EXAM/USBFS/DEVICE/SimulateCDC/Common\UART.c ****         }
 1194              		.loc 1 433 20
 1195 005e 918F     		sub	a5,a5,a2
 1196 0060 B3C70708 		zext.h	a5,a5
 1197              	.LVL73:
 1198              		.loc 1 435 9 is_stmt 1
 1199              		.loc 1 435 31 is_stmt 0
 1200 0064 23A0E600 		sw	a4,%lo(UARTx_Rx_DMALastCount)(a3)
 436:c:/Users/User/Documents/GitHub/ch32h417/EVT/EXAM/USBFS/DEVICE/SimulateCDC/Common\UART.c ****         if( ( Uart.Rx_RemainLen + temp16 ) > DEF_UARTx_RX_BUF_LEN )
 1201              		.loc 1 436 9 is_stmt 1
 1202              		.loc 1 436 19 is_stmt 0
 1203 0068 5A20     		lhu	a4,4(s0)
 1204              		.loc 1 436 11
 1205 006a 9316B028 		bseti	a3,zero,11
 1206              		.loc 1 436 33
 1207 006e 3E97     		add	a4,a4,a5
 1208              		.loc 1 436 11
 1209 0070 63D6E606 		ble	a4,a3,.L48
 437:c:/Users/User/Documents/GitHub/ch32h417/EVT/EXAM/USBFS/DEVICE/SimulateCDC/Common\UART.c ****         {
 438:c:/Users/User/Documents/GitHub/ch32h417/EVT/EXAM/USBFS/DEVICE/SimulateCDC/Common\UART.c ****             /* Overflow handling */
 439:c:/Users/User/Documents/GitHub/ch32h417/EVT/EXAM/USBFS/DEVICE/SimulateCDC/Common\UART.c ****             /* Save frame error status */
 440:c:/Users/User/Documents/GitHub/ch32h417/EVT/EXAM/USBFS/DEVICE/SimulateCDC/Common\UART.c ****             printf("U0_O:%08lx\n",(uint32_t)Uart.Rx_RemainLen);
 1210              		.loc 1 440 13 is_stmt 1
 1211              		.loc 1 440 49 is_stmt 0
 1212 0074 4E20     		lhu	a1,4(s0)
 1213              		.loc 1 440 13
 1214 0076 37050000 		lui	a0,%hi(.LC0)
 1215 007a 13050500 		addi	a0,a0,%lo(.LC0)
 1216 007e 97000000 		call	printf
 1216      E7800000 
 1217              	.LVL74:
 1218              	.L49:
 441:c:/Users/User/Documents/GitHub/ch32h417/EVT/EXAM/USBFS/DEVICE/SimulateCDC/Common\UART.c ****         }
 442:c:/Users/User/Documents/GitHub/ch32h417/EVT/EXAM/USBFS/DEVICE/SimulateCDC/Common\UART.c ****         else
 443:c:/Users/User/Documents/GitHub/ch32h417/EVT/EXAM/USBFS/DEVICE/SimulateCDC/Common\UART.c ****         {
 444:c:/Users/User/Documents/GitHub/ch32h417/EVT/EXAM/USBFS/DEVICE/SimulateCDC/Common\UART.c ****             Uart.Rx_RemainLen += temp16;
 445:c:/Users/User/Documents/GitHub/ch32h417/EVT/EXAM/USBFS/DEVICE/SimulateCDC/Common\UART.c ****         }
 446:c:/Users/User/Documents/GitHub/ch32h417/EVT/EXAM/USBFS/DEVICE/SimulateCDC/Common\UART.c **** 
 447:c:/Users/User/Documents/GitHub/ch32h417/EVT/EXAM/USBFS/DEVICE/SimulateCDC/Common\UART.c ****         /* Setting reception status */
 448:c:/Users/User/Documents/GitHub/ch32h417/EVT/EXAM/USBFS/DEVICE/SimulateCDC/Common\UART.c ****         Uart.Rx_TimeOut = 0x00;
 1219              		.loc 1 448 9 is_stmt 1
 1220              		.loc 1 448 25 is_stmt 0
 1221 0086 23030400 		sb	zero,6(s0)
 1222              	.LVL75:
 1223              	.L45:
 449:c:/Users/User/Documents/GitHub/ch32h417/EVT/EXAM/USBFS/DEVICE/SimulateCDC/Common\UART.c ****     }
 450:c:/Users/User/Documents/GitHub/ch32h417/EVT/EXAM/USBFS/DEVICE/SimulateCDC/Common\UART.c ****     NVIC_EnableIRQ( USBFS_IRQn );
 1224              		.loc 1 450 5 is_stmt 1
 1225              	.LBB42:
 1226              	.LBB43:
 223:c:/Users/User/Documents/GitHub/ch32h417/EVT/EXAM/SRC/Core\core_riscv.h **** }
 1227              		.loc 2 223 3
 223:c:/Users/User/Documents/GitHub/ch32h417/EVT/EXAM/SRC/Core\core_riscv.h **** }
 1228              		.loc 2 223 39 is_stmt 0
 1229 008a B7E700E0 		li	a5,-536813568
 1230 008e 2147     		li	a4,8
 1231 0090 23A4E710 		sw	a4,264(a5)
 1232              	.LVL76:
 1233              	.LBE43:
 1234              	.LBE42:
 451:c:/Users/User/Documents/GitHub/ch32h417/EVT/EXAM/USBFS/DEVICE/SimulateCDC/Common\UART.c **** 
 452:c:/Users/User/Documents/GitHub/ch32h417/EVT/EXAM/USBFS/DEVICE/SimulateCDC/Common\UART.c ****     /*****************************************************************/
 453:c:/Users/User/Documents/GitHub/ch32h417/EVT/EXAM/USBFS/DEVICE/SimulateCDC/Common\UART.c ****     /* Serial port data processing via USB upload and reception */
 454:c:/Users/User/Documents/GitHub/ch32h417/EVT/EXAM/USBFS/DEVICE/SimulateCDC/Common\UART.c ****     if( Uart.Rx_RemainLen )
 1235              		.loc 1 454 5 is_stmt 1
 1236              		.loc 1 454 13 is_stmt 0
 1237 0094 5E20     		lhu	a5,4(s0)
 1238              		.loc 1 454 7
 1239 0096 B5C3     		beq	a5,zero,.L51
 455:c:/Users/User/Documents/GitHub/ch32h417/EVT/EXAM/USBFS/DEVICE/SimulateCDC/Common\UART.c ****     {
 456:c:/Users/User/Documents/GitHub/ch32h417/EVT/EXAM/USBFS/DEVICE/SimulateCDC/Common\UART.c ****         if( Uart.USB_Up_IngFlag == 0 )
 1240              		.loc 1 456 9 is_stmt 1
 1241              		.loc 1 456 17 is_stmt 0
 1242 0098 83474403 		lbu	a5,52(s0)
 1243              		.loc 1 456 11
 1244 009c 63990714 		bne	a5,zero,.L52
 457:c:/Users/User/Documents/GitHub/ch32h417/EVT/EXAM/USBFS/DEVICE/SimulateCDC/Common\UART.c ****         {
 458:c:/Users/User/Documents/GitHub/ch32h417/EVT/EXAM/USBFS/DEVICE/SimulateCDC/Common\UART.c ****             /* Calculate the length of this upload */
 459:c:/Users/User/Documents/GitHub/ch32h417/EVT/EXAM/USBFS/DEVICE/SimulateCDC/Common\UART.c ****             remain_len = Uart.Rx_RemainLen;
 1245              		.loc 1 459 13 is_stmt 1
 1246              		.loc 1 459 30 is_stmt 0
 1247 00a0 5E20     		lhu	a5,4(s0)
 460:c:/Users/User/Documents/GitHub/ch32h417/EVT/EXAM/USBFS/DEVICE/SimulateCDC/Common\UART.c ****             packlen = 0x00;
 461:c:/Users/User/Documents/GitHub/ch32h417/EVT/EXAM/USBFS/DEVICE/SimulateCDC/Common\UART.c ****             if( remain_len >= DEF_USBD_FS_PACK_SIZE )
 1248              		.loc 1 461 15
 1249 00a2 1307F003 		li	a4,63
 459:c:/Users/User/Documents/GitHub/ch32h417/EVT/EXAM/USBFS/DEVICE/SimulateCDC/Common\UART.c ****             packlen = 0x00;
 1250              		.loc 1 459 30
 1251 00a6 B3C40708 		zext.h	s1,a5
 1252              	.LVL77:
 460:c:/Users/User/Documents/GitHub/ch32h417/EVT/EXAM/USBFS/DEVICE/SimulateCDC/Common\UART.c ****             packlen = 0x00;
 1253              		.loc 1 460 13 is_stmt 1
 1254              		.loc 1 461 13
 1255              		.loc 1 461 15 is_stmt 0
 1256 00aa 637FF702 		bleu	a5,a4,.L53
 1257              	.LVL78:
 462:c:/Users/User/Documents/GitHub/ch32h417/EVT/EXAM/USBFS/DEVICE/SimulateCDC/Common\UART.c ****             {
 463:c:/Users/User/Documents/GitHub/ch32h417/EVT/EXAM/USBFS/DEVICE/SimulateCDC/Common\UART.c ****                 packlen = DEF_USBD_FS_PACK_SIZE;
 464:c:/Users/User/Documents/GitHub/ch32h417/EVT/EXAM/USBFS/DEVICE/SimulateCDC/Common\UART.c ****             }
 465:c:/Users/User/Documents/GitHub/ch32h417/EVT/EXAM/USBFS/DEVICE/SimulateCDC/Common\UART.c ****             else
 466:c:/Users/User/Documents/GitHub/ch32h417/EVT/EXAM/USBFS/DEVICE/SimulateCDC/Common\UART.c ****             {
 467:c:/Users/User/Documents/GitHub/ch32h417/EVT/EXAM/USBFS/DEVICE/SimulateCDC/Common\UART.c ****                 if( Uart.Rx_TimeOut >= Uart.Rx_TimeOutMax )
 468:c:/Users/User/Documents/GitHub/ch32h417/EVT/EXAM/USBFS/DEVICE/SimulateCDC/Common\UART.c ****                 {
 469:c:/Users/User/Documents/GitHub/ch32h417/EVT/EXAM/USBFS/DEVICE/SimulateCDC/Common\UART.c ****                     packlen = remain_len;
 470:c:/Users/User/Documents/GitHub/ch32h417/EVT/EXAM/USBFS/DEVICE/SimulateCDC/Common\UART.c ****                 }
 471:c:/Users/User/Documents/GitHub/ch32h417/EVT/EXAM/USBFS/DEVICE/SimulateCDC/Common\UART.c ****             }
 472:c:/Users/User/Documents/GitHub/ch32h417/EVT/EXAM/USBFS/DEVICE/SimulateCDC/Common\UART.c ****             if( packlen > ( DEF_UARTx_RX_BUF_LEN - Uart.Rx_DealPtr ) )
 1258              		.loc 1 472 13 is_stmt 1
 1259              		.loc 1 472 56 is_stmt 0
 1260 00ae 3620     		lhu	a3,2(s0)
 1261              		.loc 1 472 50
 1262 00b0 9317B028 		bseti	a5,zero,11
 463:c:/Users/User/Documents/GitHub/ch32h417/EVT/EXAM/USBFS/DEVICE/SimulateCDC/Common\UART.c ****             }
 1263              		.loc 1 463 25
 1264 00b4 93040004 		li	s1,64
 1265              	.LVL79:
 1266              		.loc 1 472 50
 1267 00b8 958F     		sub	a5,a5,a3
 1268              		.loc 1 472 15
 1269 00ba 6346F70A 		bgt	a5,a4,.L55
 1270              	.LVL80:
 1271              	.L54:
 473:c:/Users/User/Documents/GitHub/ch32h417/EVT/EXAM/USBFS/DEVICE/SimulateCDC/Common\UART.c ****             {
 474:c:/Users/User/Documents/GitHub/ch32h417/EVT/EXAM/USBFS/DEVICE/SimulateCDC/Common\UART.c ****                 packlen = ( DEF_UARTx_RX_BUF_LEN - Uart.Rx_DealPtr );
 1272              		.loc 1 474 17 is_stmt 1
 1273              		.loc 1 474 56 is_stmt 0
 1274 00be 3E20     		lhu	a5,2(s0)
 1275              		.loc 1 474 25
 1276 00c0 9314B028 		bseti	s1,zero,11
 1277 00c4 9D8C     		sub	s1,s1,a5
 1278 00c6 B3C40408 		zext.h	s1,s1
 1279              	.LVL81:
 1280 00ca 69A8     		j	.L58
 1281              	.LVL82:
 1282              	.L46:
 432:c:/Users/User/Documents/GitHub/ch32h417/EVT/EXAM/USBFS/DEVICE/SimulateCDC/Common\UART.c ****             temp16 += UARTx_Rx_DMALastCount;
 1283              		.loc 1 432 13 is_stmt 1
 432:c:/Users/User/Documents/GitHub/ch32h417/EVT/EXAM/USBFS/DEVICE/SimulateCDC/Common\UART.c ****             temp16 += UARTx_Rx_DMALastCount;
 1284              		.loc 1 432 43 is_stmt 0
 1285 00cc 03260700 		lw	a2,%lo(UARTx_Rx_DMACurCount)(a4)
 1286              	.LVL83:
 433:c:/Users/User/Documents/GitHub/ch32h417/EVT/EXAM/USBFS/DEVICE/SimulateCDC/Common\UART.c ****         }
 1287              		.loc 1 433 13 is_stmt 1
 1288 00d0 83A70600 		lw	a5,%lo(UARTx_Rx_DMALastCount)(a3)
 433:c:/Users/User/Documents/GitHub/ch32h417/EVT/EXAM/USBFS/DEVICE/SimulateCDC/Common\UART.c ****         }
 1289              		.loc 1 433 20 is_stmt 0
 1290 00d4 9315B028 		bseti	a1,zero,11
 1291 00d8 AE97     		add	a5,a5,a1
 1292 00da 41B7     		j	.L68
 1293              	.LVL84:
 1294              	.L48:
 444:c:/Users/User/Documents/GitHub/ch32h417/EVT/EXAM/USBFS/DEVICE/SimulateCDC/Common\UART.c ****         }
 1295              		.loc 1 444 13 is_stmt 1
 444:c:/Users/User/Documents/GitHub/ch32h417/EVT/EXAM/USBFS/DEVICE/SimulateCDC/Common\UART.c ****         }
 1296              		.loc 1 444 17 is_stmt 0
 1297 00dc 5A20     		lhu	a4,4(s0)
 444:c:/Users/User/Documents/GitHub/ch32h417/EVT/EXAM/USBFS/DEVICE/SimulateCDC/Common\UART.c ****         }
 1298              		.loc 1 444 31
 1299 00de BA97     		add	a5,a4,a5
 1300              	.LVL85:
 1301 00e0 B3C70708 		zext.h	a5,a5
 1302 00e4 5EA0     		sh	a5,4(s0)
 1303 00e6 45B7     		j	.L49
 1304              	.LVL86:
 1305              	.L53:
 467:c:/Users/User/Documents/GitHub/ch32h417/EVT/EXAM/USBFS/DEVICE/SimulateCDC/Common\UART.c ****                 {
 1306              		.loc 1 467 17 is_stmt 1
 467:c:/Users/User/Documents/GitHub/ch32h417/EVT/EXAM/USBFS/DEVICE/SimulateCDC/Common\UART.c ****                 {
 1307              		.loc 1 467 25 is_stmt 0
 1308 00e8 7820     		lbu	a4,6(s0)
 467:c:/Users/User/Documents/GitHub/ch32h417/EVT/EXAM/USBFS/DEVICE/SimulateCDC/Common\UART.c ****                 {
 1309              		.loc 1 467 44
 1310 00ea 7C30     		lbu	a5,7(s0)
 467:c:/Users/User/Documents/GitHub/ch32h417/EVT/EXAM/USBFS/DEVICE/SimulateCDC/Common\UART.c ****                 {
 1311              		.loc 1 467 19
 1312 00ec 6376F706 		bgeu	a4,a5,.L56
 472:c:/Users/User/Documents/GitHub/ch32h417/EVT/EXAM/USBFS/DEVICE/SimulateCDC/Common\UART.c ****             {
 1313              		.loc 1 472 13 is_stmt 1
 472:c:/Users/User/Documents/GitHub/ch32h417/EVT/EXAM/USBFS/DEVICE/SimulateCDC/Common\UART.c ****             {
 1314              		.loc 1 472 56 is_stmt 0
 1315 00f0 3A20     		lhu	a4,2(s0)
 472:c:/Users/User/Documents/GitHub/ch32h417/EVT/EXAM/USBFS/DEVICE/SimulateCDC/Common\UART.c ****             {
 1316              		.loc 1 472 15
 1317 00f2 9317B028 		bseti	a5,zero,11
 1318 00f6 E3C4E7FC 		bgt	a4,a5,.L54
 1319              	.LVL87:
 1320              	.L51:
 475:c:/Users/User/Documents/GitHub/ch32h417/EVT/EXAM/USBFS/DEVICE/SimulateCDC/Common\UART.c ****             }
 476:c:/Users/User/Documents/GitHub/ch32h417/EVT/EXAM/USBFS/DEVICE/SimulateCDC/Common\UART.c **** 
 477:c:/Users/User/Documents/GitHub/ch32h417/EVT/EXAM/USBFS/DEVICE/SimulateCDC/Common\UART.c ****             /* Upload serial data via usb */
 478:c:/Users/User/Documents/GitHub/ch32h417/EVT/EXAM/USBFS/DEVICE/SimulateCDC/Common\UART.c ****             if( packlen )
 479:c:/Users/User/Documents/GitHub/ch32h417/EVT/EXAM/USBFS/DEVICE/SimulateCDC/Common\UART.c ****             {
 480:c:/Users/User/Documents/GitHub/ch32h417/EVT/EXAM/USBFS/DEVICE/SimulateCDC/Common\UART.c ****                 NVIC_DisableIRQ( USBFS_IRQn );
 481:c:/Users/User/Documents/GitHub/ch32h417/EVT/EXAM/USBFS/DEVICE/SimulateCDC/Common\UART.c ****                 NVIC_DisableIRQ( USBFS_IRQn );
 482:c:/Users/User/Documents/GitHub/ch32h417/EVT/EXAM/USBFS/DEVICE/SimulateCDC/Common\UART.c ****                 Uart.USB_Up_IngFlag = 0x01;
 483:c:/Users/User/Documents/GitHub/ch32h417/EVT/EXAM/USBFS/DEVICE/SimulateCDC/Common\UART.c ****                 Uart.USB_Up_TimeOut = 0x00;
 484:c:/Users/User/Documents/GitHub/ch32h417/EVT/EXAM/USBFS/DEVICE/SimulateCDC/Common\UART.c **** 
 485:c:/Users/User/Documents/GitHub/ch32h417/EVT/EXAM/USBFS/DEVICE/SimulateCDC/Common\UART.c ****                 memcpy(USBFS_EP3_Buf,&UART_Rx_Buf[ Uart.Rx_DealPtr ],packlen);
 486:c:/Users/User/Documents/GitHub/ch32h417/EVT/EXAM/USBFS/DEVICE/SimulateCDC/Common\UART.c ****                 USBFSD->UEP3_TX_LEN = packlen;
 487:c:/Users/User/Documents/GitHub/ch32h417/EVT/EXAM/USBFS/DEVICE/SimulateCDC/Common\UART.c ****                 USBFSD->UEP3_TX_CTRL = (USBFSD->UEP3_TX_CTRL & ~USBFS_UEP_T_RES_MASK) | USBFS_UEP_T
 488:c:/Users/User/Documents/GitHub/ch32h417/EVT/EXAM/USBFS/DEVICE/SimulateCDC/Common\UART.c **** 				NVIC_EnableIRQ( USBFS_IRQn );
 489:c:/Users/User/Documents/GitHub/ch32h417/EVT/EXAM/USBFS/DEVICE/SimulateCDC/Common\UART.c **** 
 490:c:/Users/User/Documents/GitHub/ch32h417/EVT/EXAM/USBFS/DEVICE/SimulateCDC/Common\UART.c ****                 /* Calculate the variables of interest */
 491:c:/Users/User/Documents/GitHub/ch32h417/EVT/EXAM/USBFS/DEVICE/SimulateCDC/Common\UART.c ****                 Uart.Rx_RemainLen -= packlen;
 492:c:/Users/User/Documents/GitHub/ch32h417/EVT/EXAM/USBFS/DEVICE/SimulateCDC/Common\UART.c ****                 Uart.Rx_DealPtr += packlen;
 493:c:/Users/User/Documents/GitHub/ch32h417/EVT/EXAM/USBFS/DEVICE/SimulateCDC/Common\UART.c ****                 if( Uart.Rx_DealPtr >= DEF_UARTx_RX_BUF_LEN )
 494:c:/Users/User/Documents/GitHub/ch32h417/EVT/EXAM/USBFS/DEVICE/SimulateCDC/Common\UART.c ****                 {
 495:c:/Users/User/Documents/GitHub/ch32h417/EVT/EXAM/USBFS/DEVICE/SimulateCDC/Common\UART.c ****                     Uart.Rx_DealPtr = 0x00;
 496:c:/Users/User/Documents/GitHub/ch32h417/EVT/EXAM/USBFS/DEVICE/SimulateCDC/Common\UART.c ****                 }
 497:c:/Users/User/Documents/GitHub/ch32h417/EVT/EXAM/USBFS/DEVICE/SimulateCDC/Common\UART.c **** 
 498:c:/Users/User/Documents/GitHub/ch32h417/EVT/EXAM/USBFS/DEVICE/SimulateCDC/Common\UART.c ****                 /* Start 0-length packet timeout timer */
 499:c:/Users/User/Documents/GitHub/ch32h417/EVT/EXAM/USBFS/DEVICE/SimulateCDC/Common\UART.c ****                 if( packlen == DEF_USBD_FS_PACK_SIZE )
 500:c:/Users/User/Documents/GitHub/ch32h417/EVT/EXAM/USBFS/DEVICE/SimulateCDC/Common\UART.c ****                 {
 501:c:/Users/User/Documents/GitHub/ch32h417/EVT/EXAM/USBFS/DEVICE/SimulateCDC/Common\UART.c ****                     Uart.USB_Up_Pack0_Flag = 0x01;
 502:c:/Users/User/Documents/GitHub/ch32h417/EVT/EXAM/USBFS/DEVICE/SimulateCDC/Common\UART.c ****                 }
 503:c:/Users/User/Documents/GitHub/ch32h417/EVT/EXAM/USBFS/DEVICE/SimulateCDC/Common\UART.c ****             }
 504:c:/Users/User/Documents/GitHub/ch32h417/EVT/EXAM/USBFS/DEVICE/SimulateCDC/Common\UART.c ****         }
 505:c:/Users/User/Documents/GitHub/ch32h417/EVT/EXAM/USBFS/DEVICE/SimulateCDC/Common\UART.c ****         else
 506:c:/Users/User/Documents/GitHub/ch32h417/EVT/EXAM/USBFS/DEVICE/SimulateCDC/Common\UART.c ****         {
 507:c:/Users/User/Documents/GitHub/ch32h417/EVT/EXAM/USBFS/DEVICE/SimulateCDC/Common\UART.c ****             /* Set the upload success flag directly if the upload is not successful after the timeo
 508:c:/Users/User/Documents/GitHub/ch32h417/EVT/EXAM/USBFS/DEVICE/SimulateCDC/Common\UART.c ****             if( Uart.USB_Up_TimeOut >= DEF_UARTx_USB_UP_TIMEOUT )
 509:c:/Users/User/Documents/GitHub/ch32h417/EVT/EXAM/USBFS/DEVICE/SimulateCDC/Common\UART.c ****             {
 510:c:/Users/User/Documents/GitHub/ch32h417/EVT/EXAM/USBFS/DEVICE/SimulateCDC/Common\UART.c ****                 Uart.USB_Up_IngFlag = 0x00;
 511:c:/Users/User/Documents/GitHub/ch32h417/EVT/EXAM/USBFS/DEVICE/SimulateCDC/Common\UART.c ****             }
 512:c:/Users/User/Documents/GitHub/ch32h417/EVT/EXAM/USBFS/DEVICE/SimulateCDC/Common\UART.c ****         }
 513:c:/Users/User/Documents/GitHub/ch32h417/EVT/EXAM/USBFS/DEVICE/SimulateCDC/Common\UART.c ****     }
 514:c:/Users/User/Documents/GitHub/ch32h417/EVT/EXAM/USBFS/DEVICE/SimulateCDC/Common\UART.c **** 
 515:c:/Users/User/Documents/GitHub/ch32h417/EVT/EXAM/USBFS/DEVICE/SimulateCDC/Common\UART.c ****     /*****************************************************************/
 516:c:/Users/User/Documents/GitHub/ch32h417/EVT/EXAM/USBFS/DEVICE/SimulateCDC/Common\UART.c ****     /* Determine if a 0-length packet needs to be uploaded (required for CDC mode) */
 517:c:/Users/User/Documents/GitHub/ch32h417/EVT/EXAM/USBFS/DEVICE/SimulateCDC/Common\UART.c ****     if( Uart.USB_Up_Pack0_Flag )
 1321              		.loc 1 517 5 is_stmt 1
 1322              		.loc 1 517 13 is_stmt 0
 1323 00fa 83478403 		lbu	a5,56(s0)
 1324              		.loc 1 517 7
 1325 00fe A9CB     		beq	a5,zero,.L44
 518:c:/Users/User/Documents/GitHub/ch32h417/EVT/EXAM/USBFS/DEVICE/SimulateCDC/Common\UART.c ****     {
 519:c:/Users/User/Documents/GitHub/ch32h417/EVT/EXAM/USBFS/DEVICE/SimulateCDC/Common\UART.c ****         if( Uart.USB_Up_IngFlag == 0 )
 1326              		.loc 1 519 9 is_stmt 1
 1327              		.loc 1 519 17 is_stmt 0
 1328 0100 83474403 		lbu	a5,52(s0)
 1329              		.loc 1 519 11
 1330 0104 B1E7     		bne	a5,zero,.L44
 520:c:/Users/User/Documents/GitHub/ch32h417/EVT/EXAM/USBFS/DEVICE/SimulateCDC/Common\UART.c ****         {
 521:c:/Users/User/Documents/GitHub/ch32h417/EVT/EXAM/USBFS/DEVICE/SimulateCDC/Common\UART.c ****             if( Uart.USB_Up_TimeOut >= ( DEF_UARTx_RX_TIMEOUT * 20 ) )
 1331              		.loc 1 521 13 is_stmt 1
 1332              		.loc 1 521 21 is_stmt 0
 1333 0106 7A38     		lhu	a4,54(s0)
 1334              		.loc 1 521 15
 1335 0108 93077025 		li	a5,599
 1336 010c 63F2E704 		bleu	a4,a5,.L44
 522:c:/Users/User/Documents/GitHub/ch32h417/EVT/EXAM/USBFS/DEVICE/SimulateCDC/Common\UART.c ****             {
 523:c:/Users/User/Documents/GitHub/ch32h417/EVT/EXAM/USBFS/DEVICE/SimulateCDC/Common\UART.c ****                 NVIC_DisableIRQ( USBFS_IRQn );
 1337              		.loc 1 523 17 is_stmt 1
 1338              	.LVL88:
 1339              	.LBB44:
 1340              	.LBB45:
 237:c:/Users/User/Documents/GitHub/ch32h417/EVT/EXAM/SRC/Core\core_riscv.h ****   __asm volatile ("fence.i");
 1341              		.loc 2 237 3
 237:c:/Users/User/Documents/GitHub/ch32h417/EVT/EXAM/SRC/Core\core_riscv.h ****   __asm volatile ("fence.i");
 1342              		.loc 2 237 39 is_stmt 0
 1343 0110 37E700E0 		li	a4,-536813568
 1344 0114 A146     		li	a3,8
 1345 0116 2324D718 		sw	a3,392(a4)
 238:c:/Users/User/Documents/GitHub/ch32h417/EVT/EXAM/SRC/Core\core_riscv.h **** }
 1346              		.loc 2 238 3 is_stmt 1
 1347              	 #APP
 1348              	# 238 "c:/Users/User/Documents/GitHub/ch32h417/EVT/EXAM/SRC/Core/core_riscv.h" 1
 1349              		fence.i
 1350              	# 0 "" 2
 1351              	.LVL89:
 1352              	 #NO_APP
 1353              	.LBE45:
 1354              	.LBE44:
 524:c:/Users/User/Documents/GitHub/ch32h417/EVT/EXAM/USBFS/DEVICE/SimulateCDC/Common\UART.c ****                 NVIC_DisableIRQ( USBFS_IRQn );
 1355              		.loc 1 524 17
 1356              	.LBB46:
 1357              	.LBB47:
 237:c:/Users/User/Documents/GitHub/ch32h417/EVT/EXAM/SRC/Core\core_riscv.h ****   __asm volatile ("fence.i");
 1358              		.loc 2 237 3
 237:c:/Users/User/Documents/GitHub/ch32h417/EVT/EXAM/SRC/Core\core_riscv.h ****   __asm volatile ("fence.i");
 1359              		.loc 2 237 39 is_stmt 0
 1360 011e 2324D718 		sw	a3,392(a4)
 238:c:/Users/User/Documents/GitHub/ch32h417/EVT/EXAM/SRC/Core\core_riscv.h **** }
 1361              		.loc 2 238 3 is_stmt 1
 1362              	 #APP
 1363              	# 238 "c:/Users/User/Documents/GitHub/ch32h417/EVT/EXAM/SRC/Core/core_riscv.h" 1
 1364              		fence.i
 1365              	# 0 "" 2
 1366              	.LVL90:
 1367              	 #NO_APP
 1368              	.LBE47:
 1369              	.LBE46:
 525:c:/Users/User/Documents/GitHub/ch32h417/EVT/EXAM/USBFS/DEVICE/SimulateCDC/Common\UART.c ****                 Uart.USB_Up_IngFlag = 0x01;
 1370              		.loc 1 525 17
 1371              		.loc 1 525 37 is_stmt 0
 1372 0126 8547     		li	a5,1
 1373 0128 230AF402 		sb	a5,52(s0)
 526:c:/Users/User/Documents/GitHub/ch32h417/EVT/EXAM/USBFS/DEVICE/SimulateCDC/Common\UART.c ****                 Uart.USB_Up_TimeOut = 0x00;
 1374              		.loc 1 526 17 is_stmt 1
 1375              		.loc 1 526 37 is_stmt 0
 1376 012c 231B0402 		sh	zero,54(s0)
 527:c:/Users/User/Documents/GitHub/ch32h417/EVT/EXAM/USBFS/DEVICE/SimulateCDC/Common\UART.c ****                 USBFSD->UEP3_TX_LEN = 0;
 1377              		.loc 1 527 17 is_stmt 1
 1378              		.loc 1 527 37 is_stmt 0
 1379 0130 B7370240 		li	a5,1073885184
 1380 0134 239E0742 		sh	zero,1084(a5)
 528:c:/Users/User/Documents/GitHub/ch32h417/EVT/EXAM/USBFS/DEVICE/SimulateCDC/Common\UART.c ****                 USBFSD->UEP3_TX_CTRL = (USBFSD->UEP3_TX_CTRL & ~USBFS_UEP_T_RES_MASK) | USBFS_UEP_T
 1381              		.loc 1 528 17 is_stmt 1
 1382              		.loc 1 528 47 is_stmt 0
 1383 0138 03C6E743 		lbu	a2,1086(a5)
 1384              		.loc 1 528 87
 1385 013c 1376C60F 		andi	a2,a2,252
 1386              		.loc 1 528 38
 1387 0140 238FC742 		sb	a2,1086(a5)
 529:c:/Users/User/Documents/GitHub/ch32h417/EVT/EXAM/USBFS/DEVICE/SimulateCDC/Common\UART.c ****                 Uart.USB_Up_IngFlag = 0;
 1388              		.loc 1 529 17 is_stmt 1
 1389              		.loc 1 529 37 is_stmt 0
 1390 0144 230A0402 		sb	zero,52(s0)
 530:c:/Users/User/Documents/GitHub/ch32h417/EVT/EXAM/USBFS/DEVICE/SimulateCDC/Common\UART.c ****                 Uart.USB_Up_Pack0_Flag = 0x00;
 1391              		.loc 1 530 17 is_stmt 1
 1392              		.loc 1 530 40 is_stmt 0
 1393 0148 230C0402 		sb	zero,56(s0)
 531:c:/Users/User/Documents/GitHub/ch32h417/EVT/EXAM/USBFS/DEVICE/SimulateCDC/Common\UART.c ****                 NVIC_EnableIRQ( USBFS_IRQn );
 1394              		.loc 1 531 17 is_stmt 1
 1395              	.LVL91:
 1396              	.LBB48:
 1397              	.LBB49:
 223:c:/Users/User/Documents/GitHub/ch32h417/EVT/EXAM/SRC/Core\core_riscv.h **** }
 1398              		.loc 2 223 3
 223:c:/Users/User/Documents/GitHub/ch32h417/EVT/EXAM/SRC/Core\core_riscv.h **** }
 1399              		.loc 2 223 39 is_stmt 0
 1400 014c 2324D710 		sw	a3,264(a4)
 1401              	.LVL92:
 1402              	.L44:
 1403              	.LBE49:
 1404              	.LBE48:
 532:c:/Users/User/Documents/GitHub/ch32h417/EVT/EXAM/USBFS/DEVICE/SimulateCDC/Common\UART.c ****             }
 533:c:/Users/User/Documents/GitHub/ch32h417/EVT/EXAM/USBFS/DEVICE/SimulateCDC/Common\UART.c ****         }
 534:c:/Users/User/Documents/GitHub/ch32h417/EVT/EXAM/USBFS/DEVICE/SimulateCDC/Common\UART.c ****     }
 535:c:/Users/User/Documents/GitHub/ch32h417/EVT/EXAM/USBFS/DEVICE/SimulateCDC/Common\UART.c **** }
 1405              		.loc 1 535 1
 1406 0150 17030000 		tail	__riscv_restore_4
 1406      67000300 
 1407              		.cfi_remember_state
 1408              		.cfi_restore 19
 1409              		.cfi_restore 18
 1410              		.cfi_restore 9
 1411              		.cfi_restore 8
 1412              		.cfi_restore 1
 1413              		.cfi_def_cfa_offset 0
 1414              	.LVL93:
 1415              	.L56:
 1416              		.cfi_restore_state
 469:c:/Users/User/Documents/GitHub/ch32h417/EVT/EXAM/USBFS/DEVICE/SimulateCDC/Common\UART.c ****                 }
 1417              		.loc 1 469 21 is_stmt 1
 472:c:/Users/User/Documents/GitHub/ch32h417/EVT/EXAM/USBFS/DEVICE/SimulateCDC/Common\UART.c ****             {
 1418              		.loc 1 472 13
 472:c:/Users/User/Documents/GitHub/ch32h417/EVT/EXAM/USBFS/DEVICE/SimulateCDC/Common\UART.c ****             {
 1419              		.loc 1 472 56 is_stmt 0
 1420 0158 3A20     		lhu	a4,2(s0)
 472:c:/Users/User/Documents/GitHub/ch32h417/EVT/EXAM/USBFS/DEVICE/SimulateCDC/Common\UART.c ****             {
 1421              		.loc 1 472 50
 1422 015a 9317B028 		bseti	a5,zero,11
 1423 015e 998F     		sub	a5,a5,a4
 472:c:/Users/User/Documents/GitHub/ch32h417/EVT/EXAM/USBFS/DEVICE/SimulateCDC/Common\UART.c ****             {
 1424              		.loc 1 472 15
 1425 0160 E3CF97F4 		bgt	s1,a5,.L54
 1426              	.LVL94:
 1427              	.L58:
 478:c:/Users/User/Documents/GitHub/ch32h417/EVT/EXAM/USBFS/DEVICE/SimulateCDC/Common\UART.c ****             {
 1428              		.loc 1 478 13 is_stmt 1
 478:c:/Users/User/Documents/GitHub/ch32h417/EVT/EXAM/USBFS/DEVICE/SimulateCDC/Common\UART.c ****             {
 1429              		.loc 1 478 15 is_stmt 0
 1430 0164 D9D8     		beq	s1,zero,.L51
 1431              	.LVL95:
 1432              	.L55:
 480:c:/Users/User/Documents/GitHub/ch32h417/EVT/EXAM/USBFS/DEVICE/SimulateCDC/Common\UART.c ****                 NVIC_DisableIRQ( USBFS_IRQn );
 1433              		.loc 1 480 17 is_stmt 1
 1434              	.LBB50:
 1435              	.LBB51:
 237:c:/Users/User/Documents/GitHub/ch32h417/EVT/EXAM/SRC/Core\core_riscv.h ****   __asm volatile ("fence.i");
 1436              		.loc 2 237 3
 237:c:/Users/User/Documents/GitHub/ch32h417/EVT/EXAM/SRC/Core\core_riscv.h ****   __asm volatile ("fence.i");
 1437              		.loc 2 237 39 is_stmt 0
 1438 0166 37E900E0 		li	s2,-536813568
 1439 016a A149     		li	s3,8
 1440 016c 23243919 		sw	s3,392(s2)
 238:c:/Users/User/Documents/GitHub/ch32h417/EVT/EXAM/SRC/Core\core_riscv.h **** }
 1441              		.loc 2 238 3 is_stmt 1
 1442              	 #APP
 1443              	# 238 "c:/Users/User/Documents/GitHub/ch32h417/EVT/EXAM/SRC/Core/core_riscv.h" 1
 1444              		fence.i
 1445              	# 0 "" 2
 1446              	.LVL96:
 1447              	 #NO_APP
 1448              	.LBE51:
 1449              	.LBE50:
 481:c:/Users/User/Documents/GitHub/ch32h417/EVT/EXAM/USBFS/DEVICE/SimulateCDC/Common\UART.c ****                 Uart.USB_Up_IngFlag = 0x01;
 1450              		.loc 1 481 17
 1451              	.LBB52:
 1452              	.LBB53:
 237:c:/Users/User/Documents/GitHub/ch32h417/EVT/EXAM/SRC/Core\core_riscv.h ****   __asm volatile ("fence.i");
 1453              		.loc 2 237 3
 237:c:/Users/User/Documents/GitHub/ch32h417/EVT/EXAM/SRC/Core\core_riscv.h ****   __asm volatile ("fence.i");
 1454              		.loc 2 237 39 is_stmt 0
 1455 0174 23243919 		sw	s3,392(s2)
 238:c:/Users/User/Documents/GitHub/ch32h417/EVT/EXAM/SRC/Core\core_riscv.h **** }
 1456              		.loc 2 238 3 is_stmt 1
 1457              	 #APP
 1458              	# 238 "c:/Users/User/Documents/GitHub/ch32h417/EVT/EXAM/SRC/Core/core_riscv.h" 1
 1459              		fence.i
 1460              	# 0 "" 2
 1461              	.LVL97:
 1462              	 #NO_APP
 1463              	.LBE53:
 1464              	.LBE52:
 482:c:/Users/User/Documents/GitHub/ch32h417/EVT/EXAM/USBFS/DEVICE/SimulateCDC/Common\UART.c ****                 Uart.USB_Up_TimeOut = 0x00;
 1465              		.loc 1 482 17
 482:c:/Users/User/Documents/GitHub/ch32h417/EVT/EXAM/USBFS/DEVICE/SimulateCDC/Common\UART.c ****                 Uart.USB_Up_TimeOut = 0x00;
 1466              		.loc 1 482 37 is_stmt 0
 1467 017c 8547     		li	a5,1
 1468 017e 230AF402 		sb	a5,52(s0)
 483:c:/Users/User/Documents/GitHub/ch32h417/EVT/EXAM/USBFS/DEVICE/SimulateCDC/Common\UART.c **** 
 1469              		.loc 1 483 17 is_stmt 1
 483:c:/Users/User/Documents/GitHub/ch32h417/EVT/EXAM/USBFS/DEVICE/SimulateCDC/Common\UART.c **** 
 1470              		.loc 1 483 37 is_stmt 0
 1471 0182 231B0402 		sh	zero,54(s0)
 485:c:/Users/User/Documents/GitHub/ch32h417/EVT/EXAM/USBFS/DEVICE/SimulateCDC/Common\UART.c ****                 USBFSD->UEP3_TX_LEN = packlen;
 1472              		.loc 1 485 17 is_stmt 1
 485:c:/Users/User/Documents/GitHub/ch32h417/EVT/EXAM/USBFS/DEVICE/SimulateCDC/Common\UART.c ****                 USBFSD->UEP3_TX_LEN = packlen;
 1473              		.loc 1 485 56 is_stmt 0
 1474 0186 2E20     		lhu	a1,2(s0)
 485:c:/Users/User/Documents/GitHub/ch32h417/EVT/EXAM/USBFS/DEVICE/SimulateCDC/Common\UART.c ****                 USBFSD->UEP3_TX_LEN = packlen;
 1475              		.loc 1 485 17
 1476 0188 B7070000 		lui	a5,%hi(UART_Rx_Buf)
 1477 018c 93870700 		addi	a5,a5,%lo(UART_Rx_Buf)
 1478 0190 37050000 		lui	a0,%hi(USBFS_EP3_Buf)
 1479 0194 BE95     		add	a1,a5,a1
 1480 0196 2686     		mv	a2,s1
 1481 0198 13050500 		addi	a0,a0,%lo(USBFS_EP3_Buf)
 1482 019c 97000000 		call	memcpy
 1482      E7800000 
 1483              	.LVL98:
 486:c:/Users/User/Documents/GitHub/ch32h417/EVT/EXAM/USBFS/DEVICE/SimulateCDC/Common\UART.c ****                 USBFSD->UEP3_TX_CTRL = (USBFSD->UEP3_TX_CTRL & ~USBFS_UEP_T_RES_MASK) | USBFS_UEP_T
 1484              		.loc 1 486 17 is_stmt 1
 486:c:/Users/User/Documents/GitHub/ch32h417/EVT/EXAM/USBFS/DEVICE/SimulateCDC/Common\UART.c ****                 USBFSD->UEP3_TX_CTRL = (USBFSD->UEP3_TX_CTRL & ~USBFS_UEP_T_RES_MASK) | USBFS_UEP_T
 1485              		.loc 1 486 37 is_stmt 0
 1486 01a4 B7370240 		li	a5,1073885184
 1487 01a8 239E9742 		sh	s1,1084(a5)
 487:c:/Users/User/Documents/GitHub/ch32h417/EVT/EXAM/USBFS/DEVICE/SimulateCDC/Common\UART.c **** 				NVIC_EnableIRQ( USBFS_IRQn );
 1488              		.loc 1 487 17 is_stmt 1
 487:c:/Users/User/Documents/GitHub/ch32h417/EVT/EXAM/USBFS/DEVICE/SimulateCDC/Common\UART.c **** 				NVIC_EnableIRQ( USBFS_IRQn );
 1489              		.loc 1 487 47 is_stmt 0
 1490 01ac 03C7E743 		lbu	a4,1086(a5)
 487:c:/Users/User/Documents/GitHub/ch32h417/EVT/EXAM/USBFS/DEVICE/SimulateCDC/Common\UART.c **** 				NVIC_EnableIRQ( USBFS_IRQn );
 1491              		.loc 1 487 87
 1492 01b0 1377C70F 		andi	a4,a4,252
 487:c:/Users/User/Documents/GitHub/ch32h417/EVT/EXAM/USBFS/DEVICE/SimulateCDC/Common\UART.c **** 				NVIC_EnableIRQ( USBFS_IRQn );
 1493              		.loc 1 487 38
 1494 01b4 238FE742 		sb	a4,1086(a5)
 488:c:/Users/User/Documents/GitHub/ch32h417/EVT/EXAM/USBFS/DEVICE/SimulateCDC/Common\UART.c **** 
 1495              		.loc 1 488 5 is_stmt 1
 1496              	.LVL99:
 1497              	.LBB54:
 1498              	.LBB55:
 223:c:/Users/User/Documents/GitHub/ch32h417/EVT/EXAM/SRC/Core\core_riscv.h **** }
 1499              		.loc 2 223 3
 223:c:/Users/User/Documents/GitHub/ch32h417/EVT/EXAM/SRC/Core\core_riscv.h **** }
 1500              		.loc 2 223 39 is_stmt 0
 1501 01b8 23243911 		sw	s3,264(s2)
 1502              	.LVL100:
 1503              	.LBE55:
 1504              	.LBE54:
 491:c:/Users/User/Documents/GitHub/ch32h417/EVT/EXAM/USBFS/DEVICE/SimulateCDC/Common\UART.c ****                 Uart.Rx_DealPtr += packlen;
 1505              		.loc 1 491 17 is_stmt 1
 491:c:/Users/User/Documents/GitHub/ch32h417/EVT/EXAM/USBFS/DEVICE/SimulateCDC/Common\UART.c ****                 Uart.Rx_DealPtr += packlen;
 1506              		.loc 1 491 21 is_stmt 0
 1507 01bc 5E20     		lhu	a5,4(s0)
 491:c:/Users/User/Documents/GitHub/ch32h417/EVT/EXAM/USBFS/DEVICE/SimulateCDC/Common\UART.c ****                 Uart.Rx_DealPtr += packlen;
 1508              		.loc 1 491 35
 1509 01be 858F     		sub	a5,a5,s1
 1510 01c0 B3C70708 		zext.h	a5,a5
 1511 01c4 5EA0     		sh	a5,4(s0)
 492:c:/Users/User/Documents/GitHub/ch32h417/EVT/EXAM/USBFS/DEVICE/SimulateCDC/Common\UART.c ****                 if( Uart.Rx_DealPtr >= DEF_UARTx_RX_BUF_LEN )
 1512              		.loc 1 492 17 is_stmt 1
 492:c:/Users/User/Documents/GitHub/ch32h417/EVT/EXAM/USBFS/DEVICE/SimulateCDC/Common\UART.c ****                 if( Uart.Rx_DealPtr >= DEF_UARTx_RX_BUF_LEN )
 1513              		.loc 1 492 21 is_stmt 0
 1514 01c6 3E20     		lhu	a5,2(s0)
 492:c:/Users/User/Documents/GitHub/ch32h417/EVT/EXAM/USBFS/DEVICE/SimulateCDC/Common\UART.c ****                 if( Uart.Rx_DealPtr >= DEF_UARTx_RX_BUF_LEN )
 1515              		.loc 1 492 33
 1516 01c8 A697     		add	a5,a5,s1
 1517 01ca B3C70708 		zext.h	a5,a5
 1518 01ce 3EA0     		sh	a5,2(s0)
 493:c:/Users/User/Documents/GitHub/ch32h417/EVT/EXAM/USBFS/DEVICE/SimulateCDC/Common\UART.c ****                 {
 1519              		.loc 1 493 17 is_stmt 1
 493:c:/Users/User/Documents/GitHub/ch32h417/EVT/EXAM/USBFS/DEVICE/SimulateCDC/Common\UART.c ****                 {
 1520              		.loc 1 493 25 is_stmt 0
 1521 01d0 3A20     		lhu	a4,2(s0)
 493:c:/Users/User/Documents/GitHub/ch32h417/EVT/EXAM/USBFS/DEVICE/SimulateCDC/Common\UART.c ****                 {
 1522              		.loc 1 493 19
 1523 01d2 9307F07F 		li	a5,2047
 1524 01d6 63F4E700 		bleu	a4,a5,.L59
 495:c:/Users/User/Documents/GitHub/ch32h417/EVT/EXAM/USBFS/DEVICE/SimulateCDC/Common\UART.c ****                 }
 1525              		.loc 1 495 21 is_stmt 1
 495:c:/Users/User/Documents/GitHub/ch32h417/EVT/EXAM/USBFS/DEVICE/SimulateCDC/Common\UART.c ****                 }
 1526              		.loc 1 495 37 is_stmt 0
 1527 01da 23110400 		sh	zero,2(s0)
 1528              	.L59:
 499:c:/Users/User/Documents/GitHub/ch32h417/EVT/EXAM/USBFS/DEVICE/SimulateCDC/Common\UART.c ****                 {
 1529              		.loc 1 499 17 is_stmt 1
 499:c:/Users/User/Documents/GitHub/ch32h417/EVT/EXAM/USBFS/DEVICE/SimulateCDC/Common\UART.c ****                 {
 1530              		.loc 1 499 19 is_stmt 0
 1531 01de 93070004 		li	a5,64
 1532 01e2 E39CF4F0 		bne	s1,a5,.L51
 501:c:/Users/User/Documents/GitHub/ch32h417/EVT/EXAM/USBFS/DEVICE/SimulateCDC/Common\UART.c ****                 }
 1533              		.loc 1 501 21 is_stmt 1
 501:c:/Users/User/Documents/GitHub/ch32h417/EVT/EXAM/USBFS/DEVICE/SimulateCDC/Common\UART.c ****                 }
 1534              		.loc 1 501 44 is_stmt 0
 1535 01e6 8547     		li	a5,1
 1536 01e8 230CF402 		sb	a5,56(s0)
 1537 01ec 39B7     		j	.L51
 1538              	.LVL101:
 1539              	.L52:
 508:c:/Users/User/Documents/GitHub/ch32h417/EVT/EXAM/USBFS/DEVICE/SimulateCDC/Common\UART.c ****             {
 1540              		.loc 1 508 13 is_stmt 1
 508:c:/Users/User/Documents/GitHub/ch32h417/EVT/EXAM/USBFS/DEVICE/SimulateCDC/Common\UART.c ****             {
 1541              		.loc 1 508 21 is_stmt 0
 1542 01ee 7A38     		lhu	a4,54(s0)
 508:c:/Users/User/Documents/GitHub/ch32h417/EVT/EXAM/USBFS/DEVICE/SimulateCDC/Common\UART.c ****             {
 1543              		.loc 1 508 15
 1544 01f0 BD67     		li	a5,61440
 1545 01f2 9387F7A5 		addi	a5,a5,-1441
 1546 01f6 E3F2E7F0 		bleu	a4,a5,.L51
 510:c:/Users/User/Documents/GitHub/ch32h417/EVT/EXAM/USBFS/DEVICE/SimulateCDC/Common\UART.c ****             }
 1547              		.loc 1 510 17 is_stmt 1
 510:c:/Users/User/Documents/GitHub/ch32h417/EVT/EXAM/USBFS/DEVICE/SimulateCDC/Common\UART.c ****             }
 1548              		.loc 1 510 37 is_stmt 0
 1549 01fa 230A0402 		sb	zero,52(s0)
 1550 01fe F5BD     		j	.L51
 1551              		.cfi_endproc
 1552              	.LFE49:
 1554              		.section	.text.TIM2_IRQHandler,"ax",@progbits
 1555              		.align	1
 1556              		.globl	TIM2_IRQHandler
 1558              	TIM2_IRQHandler:
 1559              	.LFB50:
 536:c:/Users/User/Documents/GitHub/ch32h417/EVT/EXAM/USBFS/DEVICE/SimulateCDC/Common\UART.c **** 
 537:c:/Users/User/Documents/GitHub/ch32h417/EVT/EXAM/USBFS/DEVICE/SimulateCDC/Common\UART.c **** 
 538:c:/Users/User/Documents/GitHub/ch32h417/EVT/EXAM/USBFS/DEVICE/SimulateCDC/Common\UART.c **** /*********************************************************************
 539:c:/Users/User/Documents/GitHub/ch32h417/EVT/EXAM/USBFS/DEVICE/SimulateCDC/Common\UART.c ****  * @fn      TIM2_IRQHandler
 540:c:/Users/User/Documents/GitHub/ch32h417/EVT/EXAM/USBFS/DEVICE/SimulateCDC/Common\UART.c ****  *
 541:c:/Users/User/Documents/GitHub/ch32h417/EVT/EXAM/USBFS/DEVICE/SimulateCDC/Common\UART.c ****  * @brief   This function handles TIM2 exception.
 542:c:/Users/User/Documents/GitHub/ch32h417/EVT/EXAM/USBFS/DEVICE/SimulateCDC/Common\UART.c ****  *
 543:c:/Users/User/Documents/GitHub/ch32h417/EVT/EXAM/USBFS/DEVICE/SimulateCDC/Common\UART.c ****  * @return  none
 544:c:/Users/User/Documents/GitHub/ch32h417/EVT/EXAM/USBFS/DEVICE/SimulateCDC/Common\UART.c ****  */
 545:c:/Users/User/Documents/GitHub/ch32h417/EVT/EXAM/USBFS/DEVICE/SimulateCDC/Common\UART.c **** void TIM2_IRQHandler( void )
 546:c:/Users/User/Documents/GitHub/ch32h417/EVT/EXAM/USBFS/DEVICE/SimulateCDC/Common\UART.c **** {
 1560              		.loc 1 546 1 is_stmt 1
 1561              		.cfi_startproc
 547:c:/Users/User/Documents/GitHub/ch32h417/EVT/EXAM/USBFS/DEVICE/SimulateCDC/Common\UART.c ****     /* Test IO */
 548:c:/Users/User/Documents/GitHub/ch32h417/EVT/EXAM/USBFS/DEVICE/SimulateCDC/Common\UART.c ****     static uint8_t tog;
 1562              		.loc 1 548 5
 549:c:/Users/User/Documents/GitHub/ch32h417/EVT/EXAM/USBFS/DEVICE/SimulateCDC/Common\UART.c ****     tog ? (GPIOA->BSHR = GPIO_Pin_15):(GPIOA->BCR = GPIO_Pin_15);
 1563              		.loc 1 549 5
 1564              		.loc 1 549 9 is_stmt 0
 1565 0000 B7060000 		lui	a3,%hi(tog.0)
 1566 0004 83C70600 		lbu	a5,%lo(tog.0)(a3)
 1567 0008 37170140 		li	a4,1073811456
 1568 000c 13070780 		addi	a4,a4,-2048
 1569              		.loc 1 549 24
 1570 0010 2166     		li	a2,32768
 1571              		.loc 1 549 38
 1572 0012 95CB     		beq	a5,zero,.L70
 1573              		.loc 1 549 24 discriminator 1
 1574 0014 10CB     		sw	a2,16(a4)
 1575              	.L71:
 550:c:/Users/User/Documents/GitHub/ch32h417/EVT/EXAM/USBFS/DEVICE/SimulateCDC/Common\UART.c ****     tog ^= 1;
 1576              		.loc 1 550 5 is_stmt 1
 1577              		.loc 1 550 9 is_stmt 0
 1578 0016 93C71700 		xori	a5,a5,1
 1579 001a 2380F600 		sb	a5,%lo(tog.0)(a3)
 551:c:/Users/User/Documents/GitHub/ch32h417/EVT/EXAM/USBFS/DEVICE/SimulateCDC/Common\UART.c ****     /* uart timeout counts */
 552:c:/Users/User/Documents/GitHub/ch32h417/EVT/EXAM/USBFS/DEVICE/SimulateCDC/Common\UART.c ****     Uart.Rx_TimeOut++;
 1580              		.loc 1 552 5 is_stmt 1
 1581              		.loc 1 552 9 is_stmt 0
 1582 001e B7070000 		lui	a5,%hi(Uart)
 1583 0022 93870700 		addi	a5,a5,%lo(Uart)
 1584 0026 F823     		lbu	a4,6(a5)
 1585              		.loc 1 552 20
 1586 0028 0507     		addi	a4,a4,1
 1587 002a 1377F70F 		andi	a4,a4,0xff
 1588 002e F8A3     		sb	a4,6(a5)
 553:c:/Users/User/Documents/GitHub/ch32h417/EVT/EXAM/USBFS/DEVICE/SimulateCDC/Common\UART.c ****     Uart.USB_Up_TimeOut++;
 1589              		.loc 1 553 5 is_stmt 1
 1590              		.loc 1 553 9 is_stmt 0
 1591 0030 FA3B     		lhu	a4,54(a5)
 1592              		.loc 1 553 24
 1593 0032 0507     		addi	a4,a4,1
 1594 0034 33470708 		zext.h	a4,a4
 1595 0038 FABB     		sh	a4,54(a5)
 554:c:/Users/User/Documents/GitHub/ch32h417/EVT/EXAM/USBFS/DEVICE/SimulateCDC/Common\UART.c **** 
 555:c:/Users/User/Documents/GitHub/ch32h417/EVT/EXAM/USBFS/DEVICE/SimulateCDC/Common\UART.c ****     /* clear status */
 556:c:/Users/User/Documents/GitHub/ch32h417/EVT/EXAM/USBFS/DEVICE/SimulateCDC/Common\UART.c ****     TIM2->INTFR = (uint16_t)~TIM_IT_Update;
 1596              		.loc 1 556 5 is_stmt 1
 1597              		.loc 1 556 17 is_stmt 0
 1598 003a B7070040 		li	a5,1073741824
 1599 003e 7957     		li	a4,-2
 1600 0040 9AAB     		sh	a4,16(a5)
 557:c:/Users/User/Documents/GitHub/ch32h417/EVT/EXAM/USBFS/DEVICE/SimulateCDC/Common\UART.c **** }...
 1601              		.loc 1 557 1
 1602 0042 73002030 		mret
 1603              	.L70:
 549:c:/Users/User/Documents/GitHub/ch32h417/EVT/EXAM/USBFS/DEVICE/SimulateCDC/Common\UART.c ****     tog ? (GPIOA->BSHR = GPIO_Pin_15):(GPIOA->BCR = GPIO_Pin_15);
 1604              		.loc 1 549 51 discriminator 2
 1605 0046 50CB     		sw	a2,20(a4)
 1606 0048 F9B7     		j	.L71
 1607              		.cfi_endproc
 1608              	.LFE50:
 1610              		.section	.sbss.tog.0,"aw",@nobits
 1613              	tog.0:
 1614 0000 00       		.zero	1
 1615              		.globl	UARTx_Rx_DMALastCount
 1616              		.section	.sbss.UARTx_Rx_DMALastCount,"aw",@nobits
 1617              		.align	2
 1620              	UARTx_Rx_DMALastCount:
 1621 0000 00000000 		.zero	4
 1622              		.globl	UARTx_Rx_DMACurCount
 1623              		.section	.sbss.UARTx_Rx_DMACurCount,"aw",@nobits
 1624              		.align	2
 1627              	UARTx_Rx_DMACurCount:
 1628 0000 00000000 		.zero	4
 1629              		.globl	UART_Rx_Buf
 1630              		.section	.bss.UART_Rx_Buf,"aw",@nobits
 1631              		.align	2
 1634              	UART_Rx_Buf:
 1635 0000 00000000 		.zero	2048
 1635      00000000 
 1635      00000000 
 1635      00000000 
 1635      00000000 
 1636              		.globl	UART_Tx_Buf
 1637              		.section	.bss.UART_Tx_Buf,"aw",@nobits
 1638              		.align	2
 1641              	UART_Tx_Buf:
 1642 0000 00000000 		.zero	1024
 1642      00000000 
 1642      00000000 
 1642      00000000 
 1642      00000000 
 1643              		.globl	Uart
 1644              		.section	.bss.Uart,"aw",@nobits
 1645              		.align	2
 1648              	Uart:
 1649 0000 00000000 		.zero	70
 1649      00000000 
 1649      00000000 
 1649      00000000 
 1649      00000000 
 1650              		.text
 1651              	.Letext0:
 1652              		.file 3 "d:\\mounriver\\mounriver_studio2\\resources\\app\\resources\\win32\\components\\wch\\tool
 1653              		.file 4 "d:\\mounriver\\mounriver_studio2\\resources\\app\\resources\\win32\\components\\wch\\tool
 1654              		.file 5 "d:\\mounriver\\mounriver_studio2\\resources\\app\\resources\\win32\\components\\wch\\tool
 1655              		.file 6 "c:/Users/User/Documents/GitHub/ch32h417/EVT/EXAM/SRC/Peripheral/inc/ch32h417.h"
 1656              		.file 7 "c:/Users/User/Documents/GitHub/ch32h417/EVT/EXAM/SRC/Peripheral/inc/ch32h417_dma.h"
 1657              		.file 8 "c:/Users/User/Documents/GitHub/ch32h417/EVT/EXAM/SRC/Peripheral/inc/ch32h417_gpio.h"
 1658              		.file 9 "c:/Users/User/Documents/GitHub/ch32h417/EVT/EXAM/SRC/Peripheral/inc/ch32h417_tim.h"
 1659              		.file 10 "c:/Users/User/Documents/GitHub/ch32h417/EVT/EXAM/SRC/Peripheral/inc/ch32h417_usart.h"
 1660              		.file 11 "c:/Users/User/Documents/GitHub/ch32h417/EVT/EXAM/USBFS/DEVICE/SimulateCDC/Common/UART.h"
 1661              		.file 12 "c:/Users/User/Documents/GitHub/ch32h417/EVT/EXAM/USBFS/DEVICE/SimulateCDC/V3F/User/syste
 1662              		.file 13 "c:/Users/User/Documents/GitHub/ch32h417/EVT/EXAM/USBFS/DEVICE/SimulateCDC/Common/ch32h41
 1663              		.file 14 "d:\\mounriver\\mounriver_studio2\\resources\\app\\resources\\win32\\components\\wch\\too
 1664              		.file 15 "d:\\mounriver\\mounriver_studio2\\resources\\app\\resources\\win32\\components\\wch\\too
 1665              		.file 16 "c:/Users/User/Documents/GitHub/ch32h417/EVT/EXAM/SRC/Peripheral/inc/ch32h417_rcc.h"
 1666              		.file 17 "<built-in>"
DEFINED SYMBOLS
                            *ABS*:0000000000000000 UART.c
C:\Users\User\AppData\Local\Temp\ccEsbv49.s:14     .text.RCC_Configuration:0000000000000000 RCC_Configuration
C:\Users\User\AppData\Local\Temp\ccEsbv49.s:18     .text.RCC_Configuration:0000000000000000 .L0 
C:\Users\User\AppData\Local\Temp\ccEsbv49.s:19     .text.RCC_Configuration:0000000000000000 $x
C:\Users\User\AppData\Local\Temp\ccEsbv49.s:19     .text.RCC_Configuration:0000000000000000 .L0 
C:\Users\User\AppData\Local\Temp\ccEsbv49.s:20     .text.RCC_Configuration:0000000000000008 .L0 
C:\Users\User\AppData\Local\Temp\ccEsbv49.s:21     .text.RCC_Configuration:0000000000000008 .L0 
C:\Users\User\AppData\Local\Temp\ccEsbv49.s:23     .text.RCC_Configuration:0000000000000008 .L0 
C:\Users\User\AppData\Local\Temp\ccEsbv49.s:28     .text.RCC_Configuration:0000000000000016 .L0 
C:\Users\User\AppData\Local\Temp\ccEsbv49.s:34     .text.RCC_Configuration:0000000000000026 .L0 
C:\Users\User\AppData\Local\Temp\ccEsbv49.s:39     .text.RCC_Configuration:0000000000000032 .L0 
C:\Users\User\AppData\Local\Temp\ccEsbv49.s:40     .text.RCC_Configuration:0000000000000032 .L0 
C:\Users\User\AppData\Local\Temp\ccEsbv49.s:42     .text.RCC_Configuration:000000000000003c .L0 
C:\Users\User\AppData\Local\Temp\ccEsbv49.s:43     .text.RCC_Configuration:000000000000003c .L0 
C:\Users\User\AppData\Local\Temp\ccEsbv49.s:44     .text.RCC_Configuration:000000000000003c .L0 
C:\Users\User\AppData\Local\Temp\ccEsbv49.s:51     .text.TIM2_Init:0000000000000000 TIM2_Init
C:\Users\User\AppData\Local\Temp\ccEsbv49.s:54     .text.TIM2_Init:0000000000000000 .L0 
C:\Users\User\AppData\Local\Temp\ccEsbv49.s:55     .text.TIM2_Init:0000000000000000 $x
C:\Users\User\AppData\Local\Temp\ccEsbv49.s:55     .text.TIM2_Init:0000000000000000 .L0 
C:\Users\User\AppData\Local\Temp\ccEsbv49.s:56     .text.TIM2_Init:0000000000000008 .L0 
C:\Users\User\AppData\Local\Temp\ccEsbv49.s:57     .text.TIM2_Init:0000000000000008 .L0 
C:\Users\User\AppData\Local\Temp\ccEsbv49.s:59     .text.TIM2_Init:0000000000000008 .L0 
C:\Users\User\AppData\Local\Temp\ccEsbv49.s:60     .text.TIM2_Init:0000000000000008 .L0 
C:\Users\User\AppData\Local\Temp\ccEsbv49.s:61     .text.TIM2_Init:000000000000000a .L0 
C:\Users\User\AppData\Local\Temp\ccEsbv49.s:63     .text.TIM2_Init:000000000000000a .L0 
C:\Users\User\AppData\Local\Temp\ccEsbv49.s:65     .text.TIM2_Init:000000000000000e .L0 
C:\Users\User\AppData\Local\Temp\ccEsbv49.s:69     .text.TIM2_Init:0000000000000016 .L0 
C:\Users\User\AppData\Local\Temp\ccEsbv49.s:72     .text.TIM2_Init:000000000000001e .L0 
C:\Users\User\AppData\Local\Temp\ccEsbv49.s:73     .text.TIM2_Init:000000000000001e .L0 
C:\Users\User\AppData\Local\Temp\ccEsbv49.s:74     .text.TIM2_Init:000000000000001e .L0 
C:\Users\User\AppData\Local\Temp\ccEsbv49.s:80     .text.TIM2_Init:0000000000000032 .L0 
C:\Users\User\AppData\Local\Temp\ccEsbv49.s:83     .text.TIM2_Init:0000000000000038 .L0 
C:\Users\User\AppData\Local\Temp\ccEsbv49.s:85     .text.TIM2_Init:000000000000003c .L0 
C:\Users\User\AppData\Local\Temp\ccEsbv49.s:87     .text.TIM2_Init:000000000000003e .L0 
C:\Users\User\AppData\Local\Temp\ccEsbv49.s:89     .text.TIM2_Init:0000000000000040 .L0 
C:\Users\User\AppData\Local\Temp\ccEsbv49.s:90     .text.TIM2_Init:0000000000000040 .L0 
C:\Users\User\AppData\Local\Temp\ccEsbv49.s:91     .text.TIM2_Init:0000000000000040 .L0 
C:\Users\User\AppData\Local\Temp\ccEsbv49.s:94     .text.TIM2_Init:0000000000000046 .L0 
C:\Users\User\AppData\Local\Temp\ccEsbv49.s:97     .text.TIM2_Init:000000000000004e .L0 
C:\Users\User\AppData\Local\Temp\ccEsbv49.s:102    .text.TIM2_Init:000000000000005c .L0 
C:\Users\User\AppData\Local\Temp\ccEsbv49.s:111    .text.TIM2_Init:000000000000006c .L0 
C:\Users\User\AppData\Local\Temp\ccEsbv49.s:112    .text.TIM2_Init:000000000000006c .L0 
C:\Users\User\AppData\Local\Temp\ccEsbv49.s:113    .text.TIM2_Init:000000000000006c .L0 
C:\Users\User\AppData\Local\Temp\ccEsbv49.s:120    .text.TIM2_Init:0000000000000078 .L0 
C:\Users\User\AppData\Local\Temp\ccEsbv49.s:125    .text.TIM2_Init:0000000000000086 .L0 
C:\Users\User\AppData\Local\Temp\ccEsbv49.s:126    .text.TIM2_Init:0000000000000088 .L0 
C:\Users\User\AppData\Local\Temp\ccEsbv49.s:128    .text.TIM2_Init:0000000000000090 .L0 
C:\Users\User\AppData\Local\Temp\ccEsbv49.s:129    .text.TIM2_Init:0000000000000090 .L0 
C:\Users\User\AppData\Local\Temp\ccEsbv49.s:130    .text.TIM2_Init:0000000000000090 .L0 
C:\Users\User\AppData\Local\Temp\ccEsbv49.s:137    .text.UART_CfgInit:0000000000000000 UART_CfgInit
C:\Users\User\AppData\Local\Temp\ccEsbv49.s:140    .text.UART_CfgInit:0000000000000000 .L0 
C:\Users\User\AppData\Local\Temp\ccEsbv49.s:142    .text.UART_CfgInit:0000000000000000 $x
C:\Users\User\AppData\Local\Temp\ccEsbv49.s:142    .text.UART_CfgInit:0000000000000000 .L0 
C:\Users\User\AppData\Local\Temp\ccEsbv49.s:143    .text.UART_CfgInit:0000000000000008 .L0 
C:\Users\User\AppData\Local\Temp\ccEsbv49.s:144    .text.UART_CfgInit:0000000000000008 .L0 
C:\Users\User\AppData\Local\Temp\ccEsbv49.s:145    .text.UART_CfgInit:0000000000000008 .L0 
C:\Users\User\AppData\Local\Temp\ccEsbv49.s:146    .text.UART_CfgInit:0000000000000008 .L0 
C:\Users\User\AppData\Local\Temp\ccEsbv49.s:147    .text.UART_CfgInit:0000000000000008 .L0 
C:\Users\User\AppData\Local\Temp\ccEsbv49.s:148    .text.UART_CfgInit:0000000000000008 .L0 
C:\Users\User\AppData\Local\Temp\ccEsbv49.s:149    .text.UART_CfgInit:0000000000000008 .L0 
C:\Users\User\AppData\Local\Temp\ccEsbv49.s:150    .text.UART_CfgInit:0000000000000008 .L0 
C:\Users\User\AppData\Local\Temp\ccEsbv49.s:152    .text.UART_CfgInit:0000000000000008 .L0 
C:\Users\User\AppData\Local\Temp\ccEsbv49.s:153    .text.UART_CfgInit:0000000000000008 .L0 
C:\Users\User\AppData\Local\Temp\ccEsbv49.s:155    .text.UART_CfgInit:000000000000000c .L0 
C:\Users\User\AppData\Local\Temp\ccEsbv49.s:156    .text.UART_CfgInit:000000000000000e .L0 
C:\Users\User\AppData\Local\Temp\ccEsbv49.s:158    .text.UART_CfgInit:000000000000000e .L0 
C:\Users\User\AppData\Local\Temp\ccEsbv49.s:161    .text.UART_CfgInit:0000000000000012 .L0 
C:\Users\User\AppData\Local\Temp\ccEsbv49.s:166    .text.UART_CfgInit:0000000000000018 .L0 
C:\Users\User\AppData\Local\Temp\ccEsbv49.s:168    .text.UART_CfgInit:000000000000001a .L0 
C:\Users\User\AppData\Local\Temp\ccEsbv49.s:173    .text.UART_CfgInit:0000000000000022 .L0 
C:\Users\User\AppData\Local\Temp\ccEsbv49.s:174    .text.UART_CfgInit:0000000000000022 .L0 
C:\Users\User\AppData\Local\Temp\ccEsbv49.s:178    .text.UART_CfgInit:0000000000000028 .L0 
C:\Users\User\AppData\Local\Temp\ccEsbv49.s:179    .text.UART_CfgInit:0000000000000028 .L0 
C:\Users\User\AppData\Local\Temp\ccEsbv49.s:182    .text.UART_CfgInit:0000000000000030 .L0 
C:\Users\User\AppData\Local\Temp\ccEsbv49.s:183    .text.UART_CfgInit:0000000000000030 .L0 
C:\Users\User\AppData\Local\Temp\ccEsbv49.s:185    .text.UART_CfgInit:0000000000000032 .L0 
C:\Users\User\AppData\Local\Temp\ccEsbv49.s:187    .text.UART_CfgInit:0000000000000034 .L0 
C:\Users\User\AppData\Local\Temp\ccEsbv49.s:190    .text.UART_CfgInit:000000000000003a .L0 
C:\Users\User\AppData\Local\Temp\ccEsbv49.s:192    .text.UART_CfgInit:000000000000003e .L0 
C:\Users\User\AppData\Local\Temp\ccEsbv49.s:193    .text.UART_CfgInit:000000000000003e .L0 
C:\Users\User\AppData\Local\Temp\ccEsbv49.s:195    .text.UART_CfgInit:0000000000000040 .L0 
C:\Users\User\AppData\Local\Temp\ccEsbv49.s:196    .text.UART_CfgInit:0000000000000040 .L0 
C:\Users\User\AppData\Local\Temp\ccEsbv49.s:198    .text.UART_CfgInit:0000000000000042 .L0 
C:\Users\User\AppData\Local\Temp\ccEsbv49.s:201    .text.UART_CfgInit:000000000000004a .L0 
C:\Users\User\AppData\Local\Temp\ccEsbv49.s:202    .text.UART_CfgInit:000000000000004a .L0 
C:\Users\User\AppData\Local\Temp\ccEsbv49.s:205    .text.UART_CfgInit:0000000000000052 .L0 
C:\Users\User\AppData\Local\Temp\ccEsbv49.s:208    .text.UART_CfgInit:0000000000000058 .L0 
C:\Users\User\AppData\Local\Temp\ccEsbv49.s:210    .text.UART_CfgInit:000000000000005c .L0 
C:\Users\User\AppData\Local\Temp\ccEsbv49.s:214    .text.UART_CfgInit:0000000000000066 .L0 
C:\Users\User\AppData\Local\Temp\ccEsbv49.s:215    .text.UART_CfgInit:0000000000000066 .L0 
C:\Users\User\AppData\Local\Temp\ccEsbv49.s:218    .text.UART_CfgInit:000000000000006a .L0 
C:\Users\User\AppData\Local\Temp\ccEsbv49.s:219    .text.UART_CfgInit:000000000000006a .L0 
C:\Users\User\AppData\Local\Temp\ccEsbv49.s:222    .text.UART_CfgInit:0000000000000070 .L0 
C:\Users\User\AppData\Local\Temp\ccEsbv49.s:225    .text.UART_CfgInit:0000000000000078 .L0 
C:\Users\User\AppData\Local\Temp\ccEsbv49.s:231    .text.UART_CfgInit:0000000000000088 .L0 
C:\Users\User\AppData\Local\Temp\ccEsbv49.s:232    .text.UART_CfgInit:0000000000000088 .L0 
C:\Users\User\AppData\Local\Temp\ccEsbv49.s:234    .text.UART_CfgInit:000000000000008a .L0 
C:\Users\User\AppData\Local\Temp\ccEsbv49.s:237    .text.UART_CfgInit:0000000000000090 .L0 
C:\Users\User\AppData\Local\Temp\ccEsbv49.s:239    .text.UART_CfgInit:0000000000000092 .L0 
C:\Users\User\AppData\Local\Temp\ccEsbv49.s:241    .text.UART_CfgInit:0000000000000096 .L0 
C:\Users\User\AppData\Local\Temp\ccEsbv49.s:242    .text.UART_CfgInit:0000000000000096 .L0 
C:\Users\User\AppData\Local\Temp\ccEsbv49.s:244    .text.UART_CfgInit:0000000000000098 .L0 
C:\Users\User\AppData\Local\Temp\ccEsbv49.s:245    .text.UART_CfgInit:0000000000000098 .L0 
C:\Users\User\AppData\Local\Temp\ccEsbv49.s:248    .text.UART_CfgInit:00000000000000a0 .L0 
C:\Users\User\AppData\Local\Temp\ccEsbv49.s:254    .text.UART_CfgInit:00000000000000b0 .L0 
C:\Users\User\AppData\Local\Temp\ccEsbv49.s:255    .text.UART_CfgInit:00000000000000b0 .L0 
C:\Users\User\AppData\Local\Temp\ccEsbv49.s:257    .text.UART_CfgInit:00000000000000b4 .L0 
C:\Users\User\AppData\Local\Temp\ccEsbv49.s:259    .text.UART_CfgInit:00000000000000b6 .L0 
C:\Users\User\AppData\Local\Temp\ccEsbv49.s:262    .text.UART_CfgInit:00000000000000bc .L0 
C:\Users\User\AppData\Local\Temp\ccEsbv49.s:264    .text.UART_CfgInit:00000000000000be .L0 
C:\Users\User\AppData\Local\Temp\ccEsbv49.s:265    .text.UART_CfgInit:00000000000000be .L0 
C:\Users\User\AppData\Local\Temp\ccEsbv49.s:267    .text.UART_CfgInit:00000000000000c0 .L0 
C:\Users\User\AppData\Local\Temp\ccEsbv49.s:268    .text.UART_CfgInit:00000000000000c0 .L0 
C:\Users\User\AppData\Local\Temp\ccEsbv49.s:270    .text.UART_CfgInit:00000000000000c2 .L0 
C:\Users\User\AppData\Local\Temp\ccEsbv49.s:273    .text.UART_CfgInit:00000000000000ca .L0 
C:\Users\User\AppData\Local\Temp\ccEsbv49.s:274    .text.UART_CfgInit:00000000000000ca .L0 
C:\Users\User\AppData\Local\Temp\ccEsbv49.s:275    .text.UART_CfgInit:00000000000000ca .L0 
C:\Users\User\AppData\Local\Temp\ccEsbv49.s:276    .text.UART_CfgInit:00000000000000ca .L0 
C:\Users\User\AppData\Local\Temp\ccEsbv49.s:280    .text.UART_CfgInit:00000000000000d2 .L0 
C:\Users\User\AppData\Local\Temp\ccEsbv49.s:281    .text.UART_CfgInit:00000000000000d2 .L0 
C:\Users\User\AppData\Local\Temp\ccEsbv49.s:286    .text.UART_CfgInit:00000000000000dc .L0 
C:\Users\User\AppData\Local\Temp\ccEsbv49.s:288    .text.UART_CfgInit:00000000000000de .L0 
C:\Users\User\AppData\Local\Temp\ccEsbv49.s:289    .text.UART_CfgInit:00000000000000de .L0 
C:\Users\User\AppData\Local\Temp\ccEsbv49.s:291    .text.UART_CfgInit:00000000000000e0 .L0 
C:\Users\User\AppData\Local\Temp\ccEsbv49.s:293    .text.UART_CfgInit:00000000000000e4 .L0 
C:\Users\User\AppData\Local\Temp\ccEsbv49.s:296    .text.UART_CfgInit:00000000000000ea .L0 
C:\Users\User\AppData\Local\Temp\ccEsbv49.s:297    .text.UART_CfgInit:00000000000000ea .L0 
C:\Users\User\AppData\Local\Temp\ccEsbv49.s:300    .text.UART_CfgInit:00000000000000ee .L0 
C:\Users\User\AppData\Local\Temp\ccEsbv49.s:302    .text.UART_CfgInit:00000000000000f0 .L0 
C:\Users\User\AppData\Local\Temp\ccEsbv49.s:303    .text.UART_CfgInit:00000000000000f0 .L0 
C:\Users\User\AppData\Local\Temp\ccEsbv49.s:307    .text.UART_CfgInit:00000000000000f4 .L0 
C:\Users\User\AppData\Local\Temp\ccEsbv49.s:308    .text.UART_CfgInit:00000000000000f4 .L0 
C:\Users\User\AppData\Local\Temp\ccEsbv49.s:310    .text.UART_CfgInit:00000000000000f8 .L0 
C:\Users\User\AppData\Local\Temp\ccEsbv49.s:312    .text.UART_CfgInit:00000000000000fa .L0 
C:\Users\User\AppData\Local\Temp\ccEsbv49.s:315    .text.UART_CfgInit:0000000000000100 .L0 
C:\Users\User\AppData\Local\Temp\ccEsbv49.s:317    .text.UART_CfgInit:0000000000000102 .L0 
C:\Users\User\AppData\Local\Temp\ccEsbv49.s:319    .text.UART_CfgInit:0000000000000106 .L0 
C:\Users\User\AppData\Local\Temp\ccEsbv49.s:320    .text.UART_CfgInit:0000000000000106 .L0 
C:\Users\User\AppData\Local\Temp\ccEsbv49.s:323    .text.UART_CfgInit:000000000000010e .L0 
C:\Users\User\AppData\Local\Temp\ccEsbv49.s:328    .text.UART_CfgInit:000000000000011e .L0 
C:\Users\User\AppData\Local\Temp\ccEsbv49.s:333    .text.UART_CfgInit:000000000000012c .L0 
C:\Users\User\AppData\Local\Temp\ccEsbv49.s:334    .text.UART_CfgInit:000000000000012e .L0 
C:\Users\User\AppData\Local\Temp\ccEsbv49.s:335    .text.UART_CfgInit:000000000000012e .L0 
C:\Users\User\AppData\Local\Temp\ccEsbv49.s:337    .text.UART_CfgInit:0000000000000136 .L0 
C:\Users\User\AppData\Local\Temp\ccEsbv49.s:338    .text.UART_CfgInit:0000000000000136 .L0 
C:\Users\User\AppData\Local\Temp\ccEsbv49.s:339    .text.UART_CfgInit:0000000000000136 .L0 
C:\Users\User\AppData\Local\Temp\ccEsbv49.s:340    .text.UART_CfgInit:0000000000000136 .L0 
C:\Users\User\AppData\Local\Temp\ccEsbv49.s:341    .text.UART_CfgInit:0000000000000136 .L0 
C:\Users\User\AppData\Local\Temp\ccEsbv49.s:342    .text.UART_CfgInit:0000000000000136 .L0 
C:\Users\User\AppData\Local\Temp\ccEsbv49.s:343    .text.UART_CfgInit:0000000000000136 .L0 
C:\Users\User\AppData\Local\Temp\ccEsbv49.s:344    .text.UART_CfgInit:0000000000000136 .L0 
C:\Users\User\AppData\Local\Temp\ccEsbv49.s:346    .text.UART_CfgInit:0000000000000136 .L0 
C:\Users\User\AppData\Local\Temp\ccEsbv49.s:348    .text.UART_CfgInit:0000000000000136 .L0 
C:\Users\User\AppData\Local\Temp\ccEsbv49.s:349    .text.UART_CfgInit:0000000000000136 .L0 
C:\Users\User\AppData\Local\Temp\ccEsbv49.s:352    .text.UART_CfgInit:000000000000013c .L0 
C:\Users\User\AppData\Local\Temp\ccEsbv49.s:353    .text.UART_CfgInit:000000000000013c .L0 
C:\Users\User\AppData\Local\Temp\ccEsbv49.s:357    .text.UART_CfgInit:0000000000000142 .L0 
C:\Users\User\AppData\Local\Temp\ccEsbv49.s:358    .text.UART_CfgInit:0000000000000142 .L0 
C:\Users\User\AppData\Local\Temp\ccEsbv49.s:360    .text.UART_CfgInit:0000000000000148 .L0 
C:\Users\User\AppData\Local\Temp\ccEsbv49.s:367    .text.UART_ParaInit:0000000000000000 UART_ParaInit
C:\Users\User\AppData\Local\Temp\ccEsbv49.s:370    .text.UART_ParaInit:0000000000000000 .L0 
C:\Users\User\AppData\Local\Temp\ccEsbv49.s:372    .text.UART_ParaInit:0000000000000000 .L0 
C:\Users\User\AppData\Local\Temp\ccEsbv49.s:373    .text.UART_ParaInit:0000000000000000 .L0 
C:\Users\User\AppData\Local\Temp\ccEsbv49.s:374    .text.UART_ParaInit:0000000000000000 .L0 
C:\Users\User\AppData\Local\Temp\ccEsbv49.s:375    .text.UART_ParaInit:0000000000000000 $x
C:\Users\User\AppData\Local\Temp\ccEsbv49.s:1648   .bss.Uart:0000000000000000 Uart
C:\Users\User\AppData\Local\Temp\ccEsbv49.s:375    .text.UART_ParaInit:0000000000000000 .L0 
C:\Users\User\AppData\Local\Temp\ccEsbv49.s:379    .text.UART_ParaInit:000000000000000c .L0 
C:\Users\User\AppData\Local\Temp\ccEsbv49.s:380    .text.UART_ParaInit:000000000000000c .L0 
C:\Users\User\AppData\Local\Temp\ccEsbv49.s:382    .text.UART_ParaInit:0000000000000010 .L0 
C:\Users\User\AppData\Local\Temp\ccEsbv49.s:383    .text.UART_ParaInit:0000000000000010 .L0 
C:\Users\User\AppData\Local\Temp\ccEsbv49.s:385    .text.UART_ParaInit:0000000000000014 .L0 
C:\Users\User\AppData\Local\Temp\ccEsbv49.s:386    .text.UART_ParaInit:0000000000000014 .L0 
C:\Users\User\AppData\Local\Temp\ccEsbv49.s:388    .text.UART_ParaInit:0000000000000018 .L0 
C:\Users\User\AppData\Local\Temp\ccEsbv49.s:389    .text.UART_ParaInit:0000000000000018 .L0 
C:\Users\User\AppData\Local\Temp\ccEsbv49.s:392    .text.UART_ParaInit:000000000000001c .L0 
C:\Users\User\AppData\Local\Temp\ccEsbv49.s:393    .text.UART_ParaInit:000000000000001c .L0 
C:\Users\User\AppData\Local\Temp\ccEsbv49.s:395    .text.UART_ParaInit:0000000000000020 .L0 
C:\Users\User\AppData\Local\Temp\ccEsbv49.s:396    .text.UART_ParaInit:0000000000000020 .L0 
C:\Users\User\AppData\Local\Temp\ccEsbv49.s:398    .text.UART_ParaInit:0000000000000024 .L0 
C:\Users\User\AppData\Local\Temp\ccEsbv49.s:399    .text.UART_ParaInit:0000000000000024 .L0 
C:\Users\User\AppData\Local\Temp\ccEsbv49.s:402    .text.UART_ParaInit:0000000000000028 .L0 
C:\Users\User\AppData\Local\Temp\ccEsbv49.s:403    .text.UART_ParaInit:0000000000000028 .L0 
C:\Users\User\AppData\Local\Temp\ccEsbv49.s:405    .text.UART_ParaInit:000000000000002c .L0 
C:\Users\User\AppData\Local\Temp\ccEsbv49.s:407    .text.UART_ParaInit:000000000000002e .L0 
C:\Users\User\AppData\Local\Temp\ccEsbv49.s:411    .text.UART_ParaInit:0000000000000030 .L0 
C:\Users\User\AppData\Local\Temp\ccEsbv49.s:412    .text.UART_ParaInit:0000000000000030 .L0 
C:\Users\User\AppData\Local\Temp\ccEsbv49.s:414    .text.UART_ParaInit:0000000000000034 .L0 
C:\Users\User\AppData\Local\Temp\ccEsbv49.s:417    .text.UART_ParaInit:0000000000000036 .L0 
C:\Users\User\AppData\Local\Temp\ccEsbv49.s:420    .text.UART_ParaInit:000000000000003a .L0 
C:\Users\User\AppData\Local\Temp\ccEsbv49.s:421    .text.UART_ParaInit:000000000000003a .L0 
C:\Users\User\AppData\Local\Temp\ccEsbv49.s:423    .text.UART_ParaInit:000000000000003e .L0 
C:\Users\User\AppData\Local\Temp\ccEsbv49.s:424    .text.UART_ParaInit:000000000000003e .L0 
C:\Users\User\AppData\Local\Temp\ccEsbv49.s:426    .text.UART_ParaInit:0000000000000042 .L0 
C:\Users\User\AppData\Local\Temp\ccEsbv49.s:427    .text.UART_ParaInit:0000000000000042 .L0 
C:\Users\User\AppData\Local\Temp\ccEsbv49.s:429    .text.UART_ParaInit:0000000000000046 .L0 
C:\Users\User\AppData\Local\Temp\ccEsbv49.s:430    .text.UART_ParaInit:0000000000000046 .L0 
C:\Users\User\AppData\Local\Temp\ccEsbv49.s:432    .text.UART_ParaInit:000000000000004a .L0 
C:\Users\User\AppData\Local\Temp\ccEsbv49.s:433    .text.UART_ParaInit:000000000000004a .L0 
C:\Users\User\AppData\Local\Temp\ccEsbv49.s:435    .text.UART_ParaInit:000000000000004e .L0 
C:\Users\User\AppData\Local\Temp\ccEsbv49.s:436    .text.UART_ParaInit:000000000000004e .L0 
C:\Users\User\AppData\Local\Temp\ccEsbv49.s:438    .text.UART_ParaInit:0000000000000052 .L0 
C:\Users\User\AppData\Local\Temp\ccEsbv49.s:439    .text.UART_ParaInit:0000000000000052 .L0 
C:\Users\User\AppData\Local\Temp\ccEsbv49.s:441    .text.UART_ParaInit:0000000000000056 .L0 
C:\Users\User\AppData\Local\Temp\ccEsbv49.s:442    .text.UART_ParaInit:0000000000000056 .L0 
C:\Users\User\AppData\Local\Temp\ccEsbv49.s:444    .text.UART_ParaInit:000000000000005a .L0 
C:\Users\User\AppData\Local\Temp\ccEsbv49.s:1627   .sbss.UARTx_Rx_DMACurCount:0000000000000000 UARTx_Rx_DMACurCount
C:\Users\User\AppData\Local\Temp\ccEsbv49.s:445    .text.UART_ParaInit:000000000000005a .L0 
C:\Users\User\AppData\Local\Temp\ccEsbv49.s:448    .text.UART_ParaInit:0000000000000062 .L0 
C:\Users\User\AppData\Local\Temp\ccEsbv49.s:1620   .sbss.UARTx_Rx_DMALastCount:0000000000000000 UARTx_Rx_DMALastCount
C:\Users\User\AppData\Local\Temp\ccEsbv49.s:449    .text.UART_ParaInit:0000000000000062 .L0 
C:\Users\User\AppData\Local\Temp\ccEsbv49.s:452    .text.UART_ParaInit:000000000000006a .L0 
C:\Users\User\AppData\Local\Temp\ccEsbv49.s:453    .text.UART_ParaInit:000000000000006a .L0 
C:\Users\User\AppData\Local\Temp\ccEsbv49.s:455    .text.UART_ParaInit:000000000000006c .L0 
C:\Users\User\AppData\Local\Temp\ccEsbv49.s:456    .text.UART_ParaInit:000000000000006c .L0 
C:\Users\User\AppData\Local\Temp\ccEsbv49.s:458    .text.UART_ParaInit:0000000000000070 .L0 
C:\Users\User\AppData\Local\Temp\ccEsbv49.s:459    .text.UART_ParaInit:0000000000000070 .L0 
C:\Users\User\AppData\Local\Temp\ccEsbv49.s:462    .text.UART_ParaInit:0000000000000078 .L0 
C:\Users\User\AppData\Local\Temp\ccEsbv49.s:463    .text.UART_ParaInit:0000000000000078 .L0 
C:\Users\User\AppData\Local\Temp\ccEsbv49.s:466    .text.UART_ParaInit:000000000000007e .L0 
C:\Users\User\AppData\Local\Temp\ccEsbv49.s:467    .text.UART_ParaInit:000000000000007e .L0 
C:\Users\User\AppData\Local\Temp\ccEsbv49.s:469    .text.UART_ParaInit:0000000000000082 .L0 
C:\Users\User\AppData\Local\Temp\ccEsbv49.s:470    .text.UART_ParaInit:0000000000000082 .L0 
C:\Users\User\AppData\Local\Temp\ccEsbv49.s:472    .text.UART_ParaInit:0000000000000086 .L0 
C:\Users\User\AppData\Local\Temp\ccEsbv49.s:473    .text.UART_ParaInit:0000000000000086 .L0 
C:\Users\User\AppData\Local\Temp\ccEsbv49.s:475    .text.UART_ParaInit:000000000000008a .L0 
C:\Users\User\AppData\Local\Temp\ccEsbv49.s:476    .text.UART_ParaInit:000000000000008a .L0 
C:\Users\User\AppData\Local\Temp\ccEsbv49.s:479    .text.UART_ParaInit:0000000000000090 .L0 
C:\Users\User\AppData\Local\Temp\ccEsbv49.s:480    .text.UART_ParaInit:0000000000000090 .L0 
C:\Users\User\AppData\Local\Temp\ccEsbv49.s:484    .text.UART_ParaInit:0000000000000096 .L0 
C:\Users\User\AppData\Local\Temp\ccEsbv49.s:485    .text.UART_ParaInit:0000000000000098 .L0 
C:\Users\User\AppData\Local\Temp\ccEsbv49.s:492    .text.UART_DMAInit:0000000000000000 UART_DMAInit
C:\Users\User\AppData\Local\Temp\ccEsbv49.s:495    .text.UART_DMAInit:0000000000000000 .L0 
C:\Users\User\AppData\Local\Temp\ccEsbv49.s:497    .text.UART_DMAInit:0000000000000000 $x
C:\Users\User\AppData\Local\Temp\ccEsbv49.s:497    .text.UART_DMAInit:0000000000000000 .L0 
C:\Users\User\AppData\Local\Temp\ccEsbv49.s:498    .text.UART_DMAInit:0000000000000008 .L0 
C:\Users\User\AppData\Local\Temp\ccEsbv49.s:499    .text.UART_DMAInit:0000000000000008 .L0 
C:\Users\User\AppData\Local\Temp\ccEsbv49.s:500    .text.UART_DMAInit:0000000000000008 .L0 
C:\Users\User\AppData\Local\Temp\ccEsbv49.s:501    .text.UART_DMAInit:0000000000000008 .L0 
C:\Users\User\AppData\Local\Temp\ccEsbv49.s:502    .text.UART_DMAInit:0000000000000008 .L0 
C:\Users\User\AppData\Local\Temp\ccEsbv49.s:504    .text.UART_DMAInit:0000000000000008 .L0 
C:\Users\User\AppData\Local\Temp\ccEsbv49.s:505    .text.UART_DMAInit:0000000000000008 .L0 
C:\Users\User\AppData\Local\Temp\ccEsbv49.s:506    .text.UART_DMAInit:000000000000000a .L0 
C:\Users\User\AppData\Local\Temp\ccEsbv49.s:508    .text.UART_DMAInit:000000000000000a .L0 
C:\Users\User\AppData\Local\Temp\ccEsbv49.s:512    .text.UART_DMAInit:0000000000000010 .L0 
C:\Users\User\AppData\Local\Temp\ccEsbv49.s:521    .text.UART_DMAInit:0000000000000020 .L0 
C:\Users\User\AppData\Local\Temp\ccEsbv49.s:522    .text.UART_DMAInit:0000000000000020 .L0 
C:\Users\User\AppData\Local\Temp\ccEsbv49.s:524    .text.UART_DMAInit:0000000000000024 .L0 
C:\Users\User\AppData\Local\Temp\ccEsbv49.s:529    .text.UART_DMAInit:0000000000000034 .L0 
C:\Users\User\AppData\Local\Temp\ccEsbv49.s:530    .text.UART_DMAInit:0000000000000034 .L0 
C:\Users\User\AppData\Local\Temp\ccEsbv49.s:534    .text.UART_DMAInit:000000000000003e .L0 
C:\Users\User\AppData\Local\Temp\ccEsbv49.s:535    .text.UART_DMAInit:000000000000003e .L0 
C:\Users\User\AppData\Local\Temp\ccEsbv49.s:538    .text.UART_DMAInit:0000000000000042 .L0 
C:\Users\User\AppData\Local\Temp\ccEsbv49.s:541    .text.UART_DMAInit:0000000000000048 .L0 
C:\Users\User\AppData\Local\Temp\ccEsbv49.s:543    .text.UART_DMAInit:000000000000004a .L0 
C:\Users\User\AppData\Local\Temp\ccEsbv49.s:545    .text.UART_DMAInit:000000000000004c .L0 
C:\Users\User\AppData\Local\Temp\ccEsbv49.s:547    .text.UART_DMAInit:0000000000000050 .L0 
C:\Users\User\AppData\Local\Temp\ccEsbv49.s:549    .text.UART_DMAInit:0000000000000052 .L0 
C:\Users\User\AppData\Local\Temp\ccEsbv49.s:551    .text.UART_DMAInit:0000000000000054 .L0 
C:\Users\User\AppData\Local\Temp\ccEsbv49.s:552    .text.UART_DMAInit:0000000000000054 .L0 
C:\Users\User\AppData\Local\Temp\ccEsbv49.s:553    .text.UART_DMAInit:0000000000000054 .L0 
C:\Users\User\AppData\Local\Temp\ccEsbv49.s:555    .text.UART_DMAInit:0000000000000056 .L0 
C:\Users\User\AppData\Local\Temp\ccEsbv49.s:556    .text.UART_DMAInit:0000000000000056 .L0 
C:\Users\User\AppData\Local\Temp\ccEsbv49.s:558    .text.UART_DMAInit:0000000000000058 .L0 
C:\Users\User\AppData\Local\Temp\ccEsbv49.s:559    .text.UART_DMAInit:0000000000000058 .L0 
C:\Users\User\AppData\Local\Temp\ccEsbv49.s:560    .text.UART_DMAInit:0000000000000058 .L0 
C:\Users\User\AppData\Local\Temp\ccEsbv49.s:562    .text.UART_DMAInit:000000000000005a .L0 
C:\Users\User\AppData\Local\Temp\ccEsbv49.s:563    .text.UART_DMAInit:000000000000005a .L0 
C:\Users\User\AppData\Local\Temp\ccEsbv49.s:565    .text.UART_DMAInit:000000000000005c .L0 
C:\Users\User\AppData\Local\Temp\ccEsbv49.s:566    .text.UART_DMAInit:000000000000005c .L0 
C:\Users\User\AppData\Local\Temp\ccEsbv49.s:568    .text.UART_DMAInit:000000000000005e .L0 
C:\Users\User\AppData\Local\Temp\ccEsbv49.s:569    .text.UART_DMAInit:000000000000005e .L0 
C:\Users\User\AppData\Local\Temp\ccEsbv49.s:570    .text.UART_DMAInit:000000000000005e .L0 
C:\Users\User\AppData\Local\Temp\ccEsbv49.s:572    .text.UART_DMAInit:0000000000000060 .L0 
C:\Users\User\AppData\Local\Temp\ccEsbv49.s:575    .text.UART_DMAInit:0000000000000068 .L0 
C:\Users\User\AppData\Local\Temp\ccEsbv49.s:580    .text.UART_DMAInit:0000000000000076 .L0 
C:\Users\User\AppData\Local\Temp\ccEsbv49.s:584    .text.UART_DMAInit:000000000000007c .L0 
C:\Users\User\AppData\Local\Temp\ccEsbv49.s:587    .text.UART_DMAInit:0000000000000084 .L0 
C:\Users\User\AppData\Local\Temp\ccEsbv49.s:588    .text.UART_DMAInit:0000000000000086 .L0 
C:\Users\User\AppData\Local\Temp\ccEsbv49.s:589    .text.UART_DMAInit:0000000000000086 .L0 
C:\Users\User\AppData\Local\Temp\ccEsbv49.s:591    .text.UART_DMAInit:000000000000008e .L0 
C:\Users\User\AppData\Local\Temp\ccEsbv49.s:592    .text.UART_DMAInit:000000000000008e .L0 
C:\Users\User\AppData\Local\Temp\ccEsbv49.s:593    .text.UART_DMAInit:000000000000008e .L0 
C:\Users\User\AppData\Local\Temp\ccEsbv49.s:594    .text.UART_DMAInit:000000000000008e .L0 
C:\Users\User\AppData\Local\Temp\ccEsbv49.s:595    .text.UART_DMAInit:000000000000008e .L0 
C:\Users\User\AppData\Local\Temp\ccEsbv49.s:597    .text.UART_DMAInit:000000000000008e .L0 
C:\Users\User\AppData\Local\Temp\ccEsbv49.s:599    .text.UART_DMAInit:000000000000008e .L0 
C:\Users\User\AppData\Local\Temp\ccEsbv49.s:604    .text.UART_DMAInit:000000000000009e .L0 
C:\Users\User\AppData\Local\Temp\ccEsbv49.s:605    .text.UART_DMAInit:000000000000009e .L0 
C:\Users\User\AppData\Local\Temp\ccEsbv49.s:609    .text.UART_DMAInit:00000000000000a8 .L0 
C:\Users\User\AppData\Local\Temp\ccEsbv49.s:610    .text.UART_DMAInit:00000000000000a8 .L0 
C:\Users\User\AppData\Local\Temp\ccEsbv49.s:613    .text.UART_DMAInit:00000000000000ae .L0 
C:\Users\User\AppData\Local\Temp\ccEsbv49.s:616    .text.UART_DMAInit:00000000000000b4 .L0 
C:\Users\User\AppData\Local\Temp\ccEsbv49.s:618    .text.UART_DMAInit:00000000000000b6 .L0 
C:\Users\User\AppData\Local\Temp\ccEsbv49.s:620    .text.UART_DMAInit:00000000000000b8 .L0 
C:\Users\User\AppData\Local\Temp\ccEsbv49.s:622    .text.UART_DMAInit:00000000000000bc .L0 
C:\Users\User\AppData\Local\Temp\ccEsbv49.s:624    .text.UART_DMAInit:00000000000000be .L0 
C:\Users\User\AppData\Local\Temp\ccEsbv49.s:626    .text.UART_DMAInit:00000000000000c0 .L0 
C:\Users\User\AppData\Local\Temp\ccEsbv49.s:627    .text.UART_DMAInit:00000000000000c0 .L0 
C:\Users\User\AppData\Local\Temp\ccEsbv49.s:629    .text.UART_DMAInit:00000000000000c2 .L0 
C:\Users\User\AppData\Local\Temp\ccEsbv49.s:630    .text.UART_DMAInit:00000000000000c2 .L0 
C:\Users\User\AppData\Local\Temp\ccEsbv49.s:632    .text.UART_DMAInit:00000000000000c4 .L0 
C:\Users\User\AppData\Local\Temp\ccEsbv49.s:633    .text.UART_DMAInit:00000000000000c4 .L0 
C:\Users\User\AppData\Local\Temp\ccEsbv49.s:635    .text.UART_DMAInit:00000000000000c6 .L0 
C:\Users\User\AppData\Local\Temp\ccEsbv49.s:636    .text.UART_DMAInit:00000000000000c6 .L0 
C:\Users\User\AppData\Local\Temp\ccEsbv49.s:637    .text.UART_DMAInit:00000000000000c6 .L0 
C:\Users\User\AppData\Local\Temp\ccEsbv49.s:639    .text.UART_DMAInit:00000000000000c8 .L0 
C:\Users\User\AppData\Local\Temp\ccEsbv49.s:640    .text.UART_DMAInit:00000000000000c8 .L0 
C:\Users\User\AppData\Local\Temp\ccEsbv49.s:642    .text.UART_DMAInit:00000000000000ca .L0 
C:\Users\User\AppData\Local\Temp\ccEsbv49.s:643    .text.UART_DMAInit:00000000000000ca .L0 
C:\Users\User\AppData\Local\Temp\ccEsbv49.s:644    .text.UART_DMAInit:00000000000000ca .L0 
C:\Users\User\AppData\Local\Temp\ccEsbv49.s:645    .text.UART_DMAInit:00000000000000ca .L0 
C:\Users\User\AppData\Local\Temp\ccEsbv49.s:647    .text.UART_DMAInit:00000000000000cc .L0 
C:\Users\User\AppData\Local\Temp\ccEsbv49.s:650    .text.UART_DMAInit:00000000000000d4 .L0 
C:\Users\User\AppData\Local\Temp\ccEsbv49.s:655    .text.UART_DMAInit:00000000000000e2 .L0 
C:\Users\User\AppData\Local\Temp\ccEsbv49.s:658    .text.UART_DMAInit:00000000000000ea .L0 
C:\Users\User\AppData\Local\Temp\ccEsbv49.s:665    .text.UART_Init:0000000000000000 UART_Init
C:\Users\User\AppData\Local\Temp\ccEsbv49.s:668    .text.UART_Init:0000000000000000 .L0 
C:\Users\User\AppData\Local\Temp\ccEsbv49.s:670    .text.UART_Init:0000000000000000 $x
C:\Users\User\AppData\Local\Temp\ccEsbv49.s:670    .text.UART_Init:0000000000000000 .L0 
C:\Users\User\AppData\Local\Temp\ccEsbv49.s:671    .text.UART_Init:0000000000000008 .L0 
C:\Users\User\AppData\Local\Temp\ccEsbv49.s:672    .text.UART_Init:0000000000000008 .L0 
C:\Users\User\AppData\Local\Temp\ccEsbv49.s:673    .text.UART_Init:0000000000000008 .L0 
C:\Users\User\AppData\Local\Temp\ccEsbv49.s:674    .text.UART_Init:0000000000000008 .L0 
C:\Users\User\AppData\Local\Temp\ccEsbv49.s:675    .text.UART_Init:0000000000000008 .L0 
C:\Users\User\AppData\Local\Temp\ccEsbv49.s:676    .text.UART_Init:0000000000000008 .L0 
C:\Users\User\AppData\Local\Temp\ccEsbv49.s:677    .text.UART_Init:0000000000000008 .L0 
C:\Users\User\AppData\Local\Temp\ccEsbv49.s:678    .text.UART_Init:0000000000000008 .L0 
C:\Users\User\AppData\Local\Temp\ccEsbv49.s:680    .text.UART_Init:0000000000000008 .L0 
C:\Users\User\AppData\Local\Temp\ccEsbv49.s:682    .text.UART_Init:000000000000000c .L0 
C:\Users\User\AppData\Local\Temp\ccEsbv49.s:686    .text.UART_Init:0000000000000012 .L0 
C:\Users\User\AppData\Local\Temp\ccEsbv49.s:693    .text.UART_Init:000000000000001c .L0 
C:\Users\User\AppData\Local\Temp\ccEsbv49.s:695    .text.UART_Init:000000000000001e .L0 
C:\Users\User\AppData\Local\Temp\ccEsbv49.s:697    .text.UART_Init:0000000000000022 .L0 
C:\Users\User\AppData\Local\Temp\ccEsbv49.s:700    .text.UART_Init:000000000000002a .L0 
C:\Users\User\AppData\Local\Temp\ccEsbv49.s:705    .text.UART_Init:0000000000000038 .L0 
C:\Users\User\AppData\Local\Temp\ccEsbv49.s:710    .text.UART_Init:0000000000000046 .L0 
C:\Users\User\AppData\Local\Temp\ccEsbv49.s:1641   .bss.UART_Tx_Buf:0000000000000000 UART_Tx_Buf
C:\Users\User\AppData\Local\Temp\ccEsbv49.s:716    .text.UART_Init:0000000000000054 .L0 
C:\Users\User\AppData\Local\Temp\ccEsbv49.s:1634   .bss.UART_Rx_Buf:0000000000000000 UART_Rx_Buf
C:\Users\User\AppData\Local\Temp\ccEsbv49.s:723    .text.UART_Init:0000000000000068 .L0 
C:\Users\User\AppData\Local\Temp\ccEsbv49.s:730    .text.UART_Init:000000000000007e .L0 
C:\Users\User\AppData\Local\Temp\ccEsbv49.s:736    .text.UART_Init:0000000000000090 .L0 
C:\Users\User\AppData\Local\Temp\ccEsbv49.s:740    .text.UART_Init:000000000000009a .L0 
C:\Users\User\AppData\Local\Temp\ccEsbv49.s:741    .text.UART_Init:00000000000000a2 .L0 
C:\Users\User\AppData\Local\Temp\ccEsbv49.s:742    .text.UART_Init:00000000000000a2 .L0 
C:\Users\User\AppData\Local\Temp\ccEsbv49.s:743    .text.UART_Init:00000000000000a2 .L0 
C:\Users\User\AppData\Local\Temp\ccEsbv49.s:744    .text.UART_Init:00000000000000a2 .L0 
C:\Users\User\AppData\Local\Temp\ccEsbv49.s:745    .text.UART_Init:00000000000000a2 .L0 
C:\Users\User\AppData\Local\Temp\ccEsbv49.s:746    .text.UART_Init:00000000000000a2 .L0 
C:\Users\User\AppData\Local\Temp\ccEsbv49.s:747    .text.UART_Init:00000000000000a2 .L0 
C:\Users\User\AppData\Local\Temp\ccEsbv49.s:748    .text.UART_Init:00000000000000a2 .L0 
C:\Users\User\AppData\Local\Temp\ccEsbv49.s:749    .text.UART_Init:00000000000000a2 .L0 
C:\Users\User\AppData\Local\Temp\ccEsbv49.s:756    .text.UART_USB_Init:0000000000000000 UART_USB_Init
C:\Users\User\AppData\Local\Temp\ccEsbv49.s:759    .text.UART_USB_Init:0000000000000000 .L0 
C:\Users\User\AppData\Local\Temp\ccEsbv49.s:760    .text.UART_USB_Init:0000000000000000 $x
C:\Users\User\AppData\Local\Temp\ccEsbv49.s:760    .text.UART_USB_Init:0000000000000000 .L0 
C:\Users\User\AppData\Local\Temp\ccEsbv49.s:761    .text.UART_USB_Init:0000000000000008 .L0 
C:\Users\User\AppData\Local\Temp\ccEsbv49.s:762    .text.UART_USB_Init:0000000000000008 .L0 
C:\Users\User\AppData\Local\Temp\ccEsbv49.s:764    .text.UART_USB_Init:0000000000000008 .L0 
C:\Users\User\AppData\Local\Temp\ccEsbv49.s:765    .text.UART_USB_Init:0000000000000008 .L0 
C:\Users\User\AppData\Local\Temp\ccEsbv49.s:766    .text.UART_USB_Init:0000000000000008 .L0 
C:\Users\User\AppData\Local\Temp\ccEsbv49.s:767    .text.UART_USB_Init:0000000000000008 .L0 
C:\Users\User\AppData\Local\Temp\ccEsbv49.s:768    .text.UART_USB_Init:0000000000000008 .L0 
C:\Users\User\AppData\Local\Temp\ccEsbv49.s:772    .text.UART_USB_Init:0000000000000014 .L0 
C:\Users\User\AppData\Local\Temp\ccEsbv49.s:775    .text.UART_USB_Init:0000000000000018 .L0 
C:\Users\User\AppData\Local\Temp\ccEsbv49.s:776    .text.UART_USB_Init:0000000000000018 .L0 
C:\Users\User\AppData\Local\Temp\ccEsbv49.s:778    .text.UART_USB_Init:000000000000001c .L0 
C:\Users\User\AppData\Local\Temp\ccEsbv49.s:780    .text.UART_USB_Init:0000000000000020 .L0 
C:\Users\User\AppData\Local\Temp\ccEsbv49.s:783    .text.UART_USB_Init:0000000000000022 .L0 
C:\Users\User\AppData\Local\Temp\ccEsbv49.s:785    .text.UART_USB_Init:0000000000000024 .L0 
C:\Users\User\AppData\Local\Temp\ccEsbv49.s:790    .text.UART_USB_Init:0000000000000028 .L0 
C:\Users\User\AppData\Local\Temp\ccEsbv49.s:791    .text.UART_USB_Init:0000000000000028 .L0 
C:\Users\User\AppData\Local\Temp\ccEsbv49.s:794    .text.UART_USB_Init:000000000000002c .L0 
C:\Users\User\AppData\Local\Temp\ccEsbv49.s:795    .text.UART_USB_Init:000000000000002c .L0 
C:\Users\User\AppData\Local\Temp\ccEsbv49.s:798    .text.UART_USB_Init:0000000000000030 .L0 
C:\Users\User\AppData\Local\Temp\ccEsbv49.s:799    .text.UART_USB_Init:0000000000000030 .L0 
C:\Users\User\AppData\Local\Temp\ccEsbv49.s:802    .text.UART_USB_Init:0000000000000032 .L0 
C:\Users\User\AppData\Local\Temp\ccEsbv49.s:808    .text.UART_USB_Init:000000000000003e .L0 
C:\Users\User\AppData\Local\Temp\ccEsbv49.s:809    .text.UART_USB_Init:000000000000003e .L0 
C:\Users\User\AppData\Local\Temp\ccEsbv49.s:815    .text.UART_USB_Init:0000000000000050 .L0 
C:\Users\User\AppData\Local\Temp\ccEsbv49.s:816    .text.UART_USB_Init:0000000000000050 .L0 
C:\Users\User\AppData\Local\Temp\ccEsbv49.s:818    .text.UART_USB_Init:0000000000000054 .L0 
C:\Users\User\AppData\Local\Temp\ccEsbv49.s:821    .text.UART_USB_Init:000000000000005c .L0 
C:\Users\User\AppData\Local\Temp\ccEsbv49.s:822    .text.UART_USB_Init:000000000000005c .L0 
C:\Users\User\AppData\Local\Temp\ccEsbv49.s:825    .text.UART_USB_Init:0000000000000064 .L0 
C:\Users\User\AppData\Local\Temp\ccEsbv49.s:827    .text.UART_USB_Init:0000000000000068 .L0 
C:\Users\User\AppData\Local\Temp\ccEsbv49.s:828    .text.UART_USB_Init:0000000000000070 .L0 
C:\Users\User\AppData\Local\Temp\ccEsbv49.s:829    .text.UART_USB_Init:0000000000000070 .L0 
C:\Users\User\AppData\Local\Temp\ccEsbv49.s:830    .text.UART_USB_Init:0000000000000070 .L0 
C:\Users\User\AppData\Local\Temp\ccEsbv49.s:837    .text.UART_DataTx_Deal:0000000000000000 UART_DataTx_Deal
C:\Users\User\AppData\Local\Temp\ccEsbv49.s:840    .text.UART_DataTx_Deal:0000000000000000 .L0 
C:\Users\User\AppData\Local\Temp\ccEsbv49.s:841    .text.UART_DataTx_Deal:0000000000000000 $x
C:\Users\User\AppData\Local\Temp\ccEsbv49.s:841    .text.UART_DataTx_Deal:0000000000000000 .L0 
C:\Users\User\AppData\Local\Temp\ccEsbv49.s:842    .text.UART_DataTx_Deal:0000000000000008 .L0 
C:\Users\User\AppData\Local\Temp\ccEsbv49.s:843    .text.UART_DataTx_Deal:0000000000000008 .L0 
C:\Users\User\AppData\Local\Temp\ccEsbv49.s:844    .text.UART_DataTx_Deal:0000000000000008 .L0 
C:\Users\User\AppData\Local\Temp\ccEsbv49.s:845    .text.UART_DataTx_Deal:0000000000000008 .L0 
C:\Users\User\AppData\Local\Temp\ccEsbv49.s:846    .text.UART_DataTx_Deal:0000000000000008 .L0 
C:\Users\User\AppData\Local\Temp\ccEsbv49.s:848    .text.UART_DataTx_Deal:0000000000000008 .L0 
C:\Users\User\AppData\Local\Temp\ccEsbv49.s:849    .text.UART_DataTx_Deal:0000000000000008 .L0 
C:\Users\User\AppData\Local\Temp\ccEsbv49.s:850    .text.UART_DataTx_Deal:0000000000000008 .L0 
C:\Users\User\AppData\Local\Temp\ccEsbv49.s:855    .text.UART_DataTx_Deal:0000000000000018 .L0 
C:\Users\User\AppData\Local\Temp\ccEsbv49.s:857    .text.UART_DataTx_Deal:000000000000001a .L0 
C:\Users\User\AppData\Local\Temp\ccEsbv49.s:858    .text.UART_DataTx_Deal:000000000000001a .L0 
C:\Users\User\AppData\Local\Temp\ccEsbv49.s:862    .text.UART_DataTx_Deal:0000000000000026 .L0 
C:\Users\User\AppData\Local\Temp\ccEsbv49.s:865    .text.UART_DataTx_Deal:000000000000002c .L0 
C:\Users\User\AppData\Local\Temp\ccEsbv49.s:866    .text.UART_DataTx_Deal:000000000000002c .L0 
C:\Users\User\AppData\Local\Temp\ccEsbv49.s:869    .text.UART_DataTx_Deal:0000000000000034 .L0 
C:\Users\User\AppData\Local\Temp\ccEsbv49.s:870    .text.UART_DataTx_Deal:0000000000000034 .L0 
C:\Users\User\AppData\Local\Temp\ccEsbv49.s:874    .text.UART_DataTx_Deal:0000000000000038 .L0 
C:\Users\User\AppData\Local\Temp\ccEsbv49.s:878    .text.UART_DataTx_Deal:000000000000003a .L0 
C:\Users\User\AppData\Local\Temp\ccEsbv49.s:880    .text.UART_DataTx_Deal:000000000000003e .L0 
C:\Users\User\AppData\Local\Temp\ccEsbv49.s:884    .text.UART_DataTx_Deal:0000000000000048 .L0 
C:\Users\User\AppData\Local\Temp\ccEsbv49.s:885    .text.UART_DataTx_Deal:0000000000000048 .L0 
C:\Users\User\AppData\Local\Temp\ccEsbv49.s:890    .text.UART_DataTx_Deal:000000000000004c .L0 
C:\Users\User\AppData\Local\Temp\ccEsbv49.s:891    .text.UART_DataTx_Deal:000000000000004c .L0 
C:\Users\User\AppData\Local\Temp\ccEsbv49.s:892    .text.UART_DataTx_Deal:000000000000004c .L0 
c:/Users/User/Documents/GitHub/ch32h417/EVT/EXAM/SRC/Core\core_riscv.h:238    .text.UART_DataTx_Deal:0000000000000054 .L0 
C:\Users\User\AppData\Local\Temp\ccEsbv49.s:906    .text.UART_DataTx_Deal:0000000000000058 .L0 
C:\Users\User\AppData\Local\Temp\ccEsbv49.s:907    .text.UART_DataTx_Deal:0000000000000058 .L0 
C:\Users\User\AppData\Local\Temp\ccEsbv49.s:908    .text.UART_DataTx_Deal:0000000000000058 .L0 
c:/Users/User/Documents/GitHub/ch32h417/EVT/EXAM/SRC/Core\core_riscv.h:238    .text.UART_DataTx_Deal:000000000000005c .L0 
C:\Users\User\AppData\Local\Temp\ccEsbv49.s:919    .text.UART_DataTx_Deal:0000000000000060 .L0 
C:\Users\User\AppData\Local\Temp\ccEsbv49.s:920    .text.UART_DataTx_Deal:0000000000000060 .L0 
C:\Users\User\AppData\Local\Temp\ccEsbv49.s:922    .text.UART_DataTx_Deal:0000000000000064 .L0 
C:\Users\User\AppData\Local\Temp\ccEsbv49.s:924    .text.UART_DataTx_Deal:0000000000000066 .L0 
C:\Users\User\AppData\Local\Temp\ccEsbv49.s:926    .text.UART_DataTx_Deal:0000000000000068 .L0 
C:\Users\User\AppData\Local\Temp\ccEsbv49.s:928    .text.UART_DataTx_Deal:000000000000006a .L0 
C:\Users\User\AppData\Local\Temp\ccEsbv49.s:931    .text.UART_DataTx_Deal:000000000000006e .L0 
C:\Users\User\AppData\Local\Temp\ccEsbv49.s:932    .text.UART_DataTx_Deal:000000000000006e .L0 
C:\Users\User\AppData\Local\Temp\ccEsbv49.s:937    .text.UART_DataTx_Deal:000000000000007a .L0 
C:\Users\User\AppData\Local\Temp\ccEsbv49.s:938    .text.UART_DataTx_Deal:000000000000007a .L0 
C:\Users\User\AppData\Local\Temp\ccEsbv49.s:940    .text.UART_DataTx_Deal:000000000000007c .L0 
C:\Users\User\AppData\Local\Temp\ccEsbv49.s:946    .text.UART_DataTx_Deal:0000000000000086 .L0 
C:\Users\User\AppData\Local\Temp\ccEsbv49.s:947    .text.UART_DataTx_Deal:0000000000000086 .L0 
C:\Users\User\AppData\Local\Temp\ccEsbv49.s:949    .text.UART_DataTx_Deal:0000000000000088 .L0 
C:\Users\User\AppData\Local\Temp\ccEsbv49.s:951    .text.UART_DataTx_Deal:000000000000008a .L0 
C:\Users\User\AppData\Local\Temp\ccEsbv49.s:952    .text.UART_DataTx_Deal:000000000000008a .L0 
C:\Users\User\AppData\Local\Temp\ccEsbv49.s:954    .text.UART_DataTx_Deal:000000000000008c .L0 
C:\Users\User\AppData\Local\Temp\ccEsbv49.s:957    .text.UART_DataTx_Deal:0000000000000094 .L0 
C:\Users\User\AppData\Local\Temp\ccEsbv49.s:958    .text.UART_DataTx_Deal:0000000000000094 .L0 
C:\Users\User\AppData\Local\Temp\ccEsbv49.s:960    .text.UART_DataTx_Deal:0000000000000096 .L0 
C:\Users\User\AppData\Local\Temp\ccEsbv49.s:964    .text.UART_DataTx_Deal:000000000000009e .L0 
C:\Users\User\AppData\Local\Temp\ccEsbv49.s:965    .text.UART_DataTx_Deal:000000000000009e .L0 
C:\Users\User\AppData\Local\Temp\ccEsbv49.s:967    .text.UART_DataTx_Deal:00000000000000a0 .L0 
C:\Users\User\AppData\Local\Temp\ccEsbv49.s:970    .text.UART_DataTx_Deal:00000000000000a6 .L0 
C:\Users\User\AppData\Local\Temp\ccEsbv49.s:971    .text.UART_DataTx_Deal:00000000000000a6 .L0 
C:\Users\User\AppData\Local\Temp\ccEsbv49.s:974    .text.UART_DataTx_Deal:00000000000000aa .L0 
C:\Users\User\AppData\Local\Temp\ccEsbv49.s:975    .text.UART_DataTx_Deal:00000000000000aa .L0 
C:\Users\User\AppData\Local\Temp\ccEsbv49.s:977    .text.UART_DataTx_Deal:00000000000000ac .L0 
C:\Users\User\AppData\Local\Temp\ccEsbv49.s:982    .text.UART_DataTx_Deal:00000000000000b4 .L0 
C:\Users\User\AppData\Local\Temp\ccEsbv49.s:983    .text.UART_DataTx_Deal:00000000000000b4 .L0 
C:\Users\User\AppData\Local\Temp\ccEsbv49.s:985    .text.UART_DataTx_Deal:00000000000000b8 .L0 
C:\Users\User\AppData\Local\Temp\ccEsbv49.s:987    .text.UART_DataTx_Deal:00000000000000ba .L0 
C:\Users\User\AppData\Local\Temp\ccEsbv49.s:989    .text.UART_DataTx_Deal:00000000000000be .L0 
C:\Users\User\AppData\Local\Temp\ccEsbv49.s:991    .text.UART_DataTx_Deal:00000000000000c2 .L0 
C:\Users\User\AppData\Local\Temp\ccEsbv49.s:993    .text.UART_DataTx_Deal:00000000000000c4 .L0 
C:\Users\User\AppData\Local\Temp\ccEsbv49.s:995    .text.UART_DataTx_Deal:00000000000000c8 .L0 
C:\Users\User\AppData\Local\Temp\ccEsbv49.s:996    .text.UART_DataTx_Deal:00000000000000c8 .L0 
C:\Users\User\AppData\Local\Temp\ccEsbv49.s:999    .text.UART_DataTx_Deal:00000000000000d0 .L0 
C:\Users\User\AppData\Local\Temp\ccEsbv49.s:1001   .text.UART_DataTx_Deal:00000000000000d4 .L0 
C:\Users\User\AppData\Local\Temp\ccEsbv49.s:1003   .text.UART_DataTx_Deal:00000000000000d8 .L0 
C:\Users\User\AppData\Local\Temp\ccEsbv49.s:1004   .text.UART_DataTx_Deal:00000000000000d8 .L0 
C:\Users\User\AppData\Local\Temp\ccEsbv49.s:1010   .text.UART_DataTx_Deal:00000000000000dc .L0 
C:\Users\User\AppData\Local\Temp\ccEsbv49.s:1011   .text.UART_DataTx_Deal:00000000000000dc .L0 
C:\Users\User\AppData\Local\Temp\ccEsbv49.s:1012   .text.UART_DataTx_Deal:00000000000000dc .L0 
C:\Users\User\AppData\Local\Temp\ccEsbv49.s:1020   .text.UART_DataTx_Deal:00000000000000e6 .L0 
C:\Users\User\AppData\Local\Temp\ccEsbv49.s:1021   .text.UART_DataTx_Deal:00000000000000ee .L0 
C:\Users\User\AppData\Local\Temp\ccEsbv49.s:1022   .text.UART_DataTx_Deal:00000000000000ee .L0 
C:\Users\User\AppData\Local\Temp\ccEsbv49.s:1023   .text.UART_DataTx_Deal:00000000000000ee .L0 
C:\Users\User\AppData\Local\Temp\ccEsbv49.s:1024   .text.UART_DataTx_Deal:00000000000000ee .L0 
C:\Users\User\AppData\Local\Temp\ccEsbv49.s:1025   .text.UART_DataTx_Deal:00000000000000ee .L0 
C:\Users\User\AppData\Local\Temp\ccEsbv49.s:1026   .text.UART_DataTx_Deal:00000000000000ee .L0 
C:\Users\User\AppData\Local\Temp\ccEsbv49.s:1028   .text.UART_DataTx_Deal:00000000000000ee .L0 
C:\Users\User\AppData\Local\Temp\ccEsbv49.s:1030   .text.UART_DataTx_Deal:00000000000000ee .L0 
C:\Users\User\AppData\Local\Temp\ccEsbv49.s:1031   .text.UART_DataTx_Deal:00000000000000ee .L0 
C:\Users\User\AppData\Local\Temp\ccEsbv49.s:1033   .text.UART_DataTx_Deal:00000000000000f0 .L0 
C:\Users\User\AppData\Local\Temp\ccEsbv49.s:1035   .text.UART_DataTx_Deal:00000000000000f2 .L0 
C:\Users\User\AppData\Local\Temp\ccEsbv49.s:1036   .text.UART_DataTx_Deal:00000000000000f2 .L0 
C:\Users\User\AppData\Local\Temp\ccEsbv49.s:1038   .text.UART_DataTx_Deal:00000000000000f4 .L0 
C:\Users\User\AppData\Local\Temp\ccEsbv49.s:1040   .text.UART_DataTx_Deal:00000000000000f6 .L0 
C:\Users\User\AppData\Local\Temp\ccEsbv49.s:1041   .text.UART_DataTx_Deal:00000000000000f6 .L0 
C:\Users\User\AppData\Local\Temp\ccEsbv49.s:1043   .text.UART_DataTx_Deal:00000000000000f8 .L0 
C:\Users\User\AppData\Local\Temp\ccEsbv49.s:1047   .text.UART_DataTx_Deal:0000000000000102 .L0 
C:\Users\User\AppData\Local\Temp\ccEsbv49.s:1049   .text.UART_DataTx_Deal:0000000000000104 .L0 
C:\Users\User\AppData\Local\Temp\ccEsbv49.s:1050   .text.UART_DataTx_Deal:0000000000000104 .L0 
C:\Users\User\AppData\Local\Temp\ccEsbv49.s:1052   .text.UART_DataTx_Deal:0000000000000106 .L0 
C:\Users\User\AppData\Local\Temp\ccEsbv49.s:1057   .text.UART_DataTx_Deal:000000000000010e .L0 
C:\Users\User\AppData\Local\Temp\ccEsbv49.s:1063   .text.UART_DataTx_Deal:0000000000000122 .L0 
C:\Users\User\AppData\Local\Temp\ccEsbv49.s:1069   .text.UART_DataTx_Deal:0000000000000134 .L0 
C:\Users\User\AppData\Local\Temp\ccEsbv49.s:1070   .text.UART_DataTx_Deal:0000000000000134 .L0 
C:\Users\User\AppData\Local\Temp\ccEsbv49.s:1072   .text.UART_DataTx_Deal:0000000000000136 .L0 
C:\Users\User\AppData\Local\Temp\ccEsbv49.s:1076   .text.UART_DataTx_Deal:0000000000000140 .L0 
C:\Users\User\AppData\Local\Temp\ccEsbv49.s:1078   .text.UART_DataTx_Deal:0000000000000142 .L0 
C:\Users\User\AppData\Local\Temp\ccEsbv49.s:1079   .text.UART_DataTx_Deal:0000000000000142 .L0 
C:\Users\User\AppData\Local\Temp\ccEsbv49.s:1081   .text.UART_DataTx_Deal:0000000000000144 .L0 
C:\Users\User\AppData\Local\Temp\ccEsbv49.s:1083   .text.UART_DataTx_Deal:0000000000000148 .L0 
C:\Users\User\AppData\Local\Temp\ccEsbv49.s:1085   .text.UART_DataTx_Deal:000000000000014a .L0 
C:\Users\User\AppData\Local\Temp\ccEsbv49.s:1087   .text.UART_DataTx_Deal:000000000000014e .L0 
C:\Users\User\AppData\Local\Temp\ccEsbv49.s:1089   .text.UART_DataTx_Deal:0000000000000150 .L0 
C:\Users\User\AppData\Local\Temp\ccEsbv49.s:1092   .text.UART_DataTx_Deal:0000000000000158 .L0 
C:\Users\User\AppData\Local\Temp\ccEsbv49.s:1093   .text.UART_DataTx_Deal:0000000000000158 .L0 
C:\Users\User\AppData\Local\Temp\ccEsbv49.s:1096   .text.UART_DataTx_Deal:0000000000000160 .L0 
C:\Users\User\AppData\Local\Temp\ccEsbv49.s:1099   .text.UART_DataTx_Deal:0000000000000168 .L0 
C:\Users\User\AppData\Local\Temp\ccEsbv49.s:1100   .text.UART_DataTx_Deal:0000000000000168 .L0 
C:\Users\User\AppData\Local\Temp\ccEsbv49.s:1103   .text.UART_DataTx_Deal:000000000000016e .L0 
C:\Users\User\AppData\Local\Temp\ccEsbv49.s:1104   .text.UART_DataTx_Deal:0000000000000170 .L0 
C:\Users\User\AppData\Local\Temp\ccEsbv49.s:1115   .text.UART_DataRx_Deal:0000000000000000 UART_DataRx_Deal
C:\Users\User\AppData\Local\Temp\ccEsbv49.s:1118   .text.UART_DataRx_Deal:0000000000000000 .L0 
C:\Users\User\AppData\Local\Temp\ccEsbv49.s:1119   .text.UART_DataRx_Deal:0000000000000000 $x
C:\Users\User\AppData\Local\Temp\ccEsbv49.s:1119   .text.UART_DataRx_Deal:0000000000000000 .L0 
C:\Users\User\AppData\Local\Temp\ccEsbv49.s:1120   .text.UART_DataRx_Deal:0000000000000008 .L0 
C:\Users\User\AppData\Local\Temp\ccEsbv49.s:1121   .text.UART_DataRx_Deal:0000000000000008 .L0 
C:\Users\User\AppData\Local\Temp\ccEsbv49.s:1122   .text.UART_DataRx_Deal:0000000000000008 .L0 
C:\Users\User\AppData\Local\Temp\ccEsbv49.s:1123   .text.UART_DataRx_Deal:0000000000000008 .L0 
C:\Users\User\AppData\Local\Temp\ccEsbv49.s:1124   .text.UART_DataRx_Deal:0000000000000008 .L0 
C:\Users\User\AppData\Local\Temp\ccEsbv49.s:1125   .text.UART_DataRx_Deal:0000000000000008 .L0 
C:\Users\User\AppData\Local\Temp\ccEsbv49.s:1127   .text.UART_DataRx_Deal:0000000000000008 .L0 
C:\Users\User\AppData\Local\Temp\ccEsbv49.s:1128   .text.UART_DataRx_Deal:0000000000000008 .L0 
C:\Users\User\AppData\Local\Temp\ccEsbv49.s:1129   .text.UART_DataRx_Deal:0000000000000008 .L0 
C:\Users\User\AppData\Local\Temp\ccEsbv49.s:1133   .text.UART_DataRx_Deal:0000000000000008 .L0 
C:\Users\User\AppData\Local\Temp\ccEsbv49.s:1134   .text.UART_DataRx_Deal:0000000000000008 .L0 
C:\Users\User\AppData\Local\Temp\ccEsbv49.s:1135   .text.UART_DataRx_Deal:0000000000000008 .L0 
c:/Users/User/Documents/GitHub/ch32h417/EVT/EXAM/SRC/Core\core_riscv.h:238    .text.UART_DataRx_Deal:0000000000000012 .L0 
C:\Users\User\AppData\Local\Temp\ccEsbv49.s:1150   .text.UART_DataRx_Deal:0000000000000016 .L0 
C:\Users\User\AppData\Local\Temp\ccEsbv49.s:1151   .text.UART_DataRx_Deal:0000000000000016 .L0 
C:\Users\User\AppData\Local\Temp\ccEsbv49.s:1152   .text.UART_DataRx_Deal:0000000000000016 .L0 
c:/Users/User/Documents/GitHub/ch32h417/EVT/EXAM/SRC/Core\core_riscv.h:238    .text.UART_DataRx_Deal:000000000000001a .L0 
C:\Users\User\AppData\Local\Temp\ccEsbv49.s:1163   .text.UART_DataRx_Deal:000000000000001e .L0 
C:\Users\User\AppData\Local\Temp\ccEsbv49.s:1164   .text.UART_DataRx_Deal:000000000000001e .L0 
C:\Users\User\AppData\Local\Temp\ccEsbv49.s:1168   .text.UART_DataRx_Deal:0000000000000026 .L0 
C:\Users\User\AppData\Local\Temp\ccEsbv49.s:1170   .text.UART_DataRx_Deal:000000000000002a .L0 
C:\Users\User\AppData\Local\Temp\ccEsbv49.s:1172   .text.UART_DataRx_Deal:000000000000002e .L0 
C:\Users\User\AppData\Local\Temp\ccEsbv49.s:1174   .text.UART_DataRx_Deal:0000000000000032 .L0 
C:\Users\User\AppData\Local\Temp\ccEsbv49.s:1175   .text.UART_DataRx_Deal:0000000000000032 .L0 
C:\Users\User\AppData\Local\Temp\ccEsbv49.s:1180   .text.UART_DataRx_Deal:0000000000000042 .L0 
C:\Users\User\AppData\Local\Temp\ccEsbv49.s:1182   .text.UART_DataRx_Deal:0000000000000046 .L0 
C:\Users\User\AppData\Local\Temp\ccEsbv49.s:1183   .text.UART_DataRx_Deal:0000000000000046 .L0 
C:\Users\User\AppData\Local\Temp\ccEsbv49.s:1186   .text.UART_DataRx_Deal:000000000000004e .L0 
C:\Users\User\AppData\Local\Temp\ccEsbv49.s:1188   .text.UART_DataRx_Deal:0000000000000052 .L0 
C:\Users\User\AppData\Local\Temp\ccEsbv49.s:1189   .text.UART_DataRx_Deal:0000000000000052 .L0 
C:\Users\User\AppData\Local\Temp\ccEsbv49.s:1193   .text.UART_DataRx_Deal:000000000000005a .L0 
C:\Users\User\AppData\Local\Temp\ccEsbv49.s:1195   .text.UART_DataRx_Deal:000000000000005e .L0 
C:\Users\User\AppData\Local\Temp\ccEsbv49.s:1199   .text.UART_DataRx_Deal:0000000000000064 .L0 
C:\Users\User\AppData\Local\Temp\ccEsbv49.s:1200   .text.UART_DataRx_Deal:0000000000000064 .L0 
C:\Users\User\AppData\Local\Temp\ccEsbv49.s:1202   .text.UART_DataRx_Deal:0000000000000068 .L0 
C:\Users\User\AppData\Local\Temp\ccEsbv49.s:1203   .text.UART_DataRx_Deal:0000000000000068 .L0 
C:\Users\User\AppData\Local\Temp\ccEsbv49.s:1205   .text.UART_DataRx_Deal:000000000000006a .L0 
C:\Users\User\AppData\Local\Temp\ccEsbv49.s:1207   .text.UART_DataRx_Deal:000000000000006e .L0 
C:\Users\User\AppData\Local\Temp\ccEsbv49.s:1209   .text.UART_DataRx_Deal:0000000000000070 .L0 
C:\Users\User\AppData\Local\Temp\ccEsbv49.s:1211   .text.UART_DataRx_Deal:0000000000000074 .L0 
C:\Users\User\AppData\Local\Temp\ccEsbv49.s:1212   .text.UART_DataRx_Deal:0000000000000074 .L0 
C:\Users\User\AppData\Local\Temp\ccEsbv49.s:1214   .text.UART_DataRx_Deal:0000000000000076 .L0 
C:\Users\User\AppData\Local\Temp\ccEsbv49.s:1220   .text.UART_DataRx_Deal:0000000000000086 .L0 
C:\Users\User\AppData\Local\Temp\ccEsbv49.s:1221   .text.UART_DataRx_Deal:0000000000000086 .L0 
C:\Users\User\AppData\Local\Temp\ccEsbv49.s:1227   .text.UART_DataRx_Deal:000000000000008a .L0 
C:\Users\User\AppData\Local\Temp\ccEsbv49.s:1228   .text.UART_DataRx_Deal:000000000000008a .L0 
C:\Users\User\AppData\Local\Temp\ccEsbv49.s:1229   .text.UART_DataRx_Deal:000000000000008a .L0 
C:\Users\User\AppData\Local\Temp\ccEsbv49.s:1236   .text.UART_DataRx_Deal:0000000000000094 .L0 
C:\Users\User\AppData\Local\Temp\ccEsbv49.s:1237   .text.UART_DataRx_Deal:0000000000000094 .L0 
C:\Users\User\AppData\Local\Temp\ccEsbv49.s:1239   .text.UART_DataRx_Deal:0000000000000096 .L0 
C:\Users\User\AppData\Local\Temp\ccEsbv49.s:1241   .text.UART_DataRx_Deal:0000000000000098 .L0 
C:\Users\User\AppData\Local\Temp\ccEsbv49.s:1242   .text.UART_DataRx_Deal:0000000000000098 .L0 
C:\Users\User\AppData\Local\Temp\ccEsbv49.s:1244   .text.UART_DataRx_Deal:000000000000009c .L0 
C:\Users\User\AppData\Local\Temp\ccEsbv49.s:1246   .text.UART_DataRx_Deal:00000000000000a0 .L0 
C:\Users\User\AppData\Local\Temp\ccEsbv49.s:1247   .text.UART_DataRx_Deal:00000000000000a0 .L0 
C:\Users\User\AppData\Local\Temp\ccEsbv49.s:1249   .text.UART_DataRx_Deal:00000000000000a2 .L0 
C:\Users\User\AppData\Local\Temp\ccEsbv49.s:1251   .text.UART_DataRx_Deal:00000000000000a6 .L0 
C:\Users\User\AppData\Local\Temp\ccEsbv49.s:1254   .text.UART_DataRx_Deal:00000000000000aa .L0 
C:\Users\User\AppData\Local\Temp\ccEsbv49.s:1255   .text.UART_DataRx_Deal:00000000000000aa .L0 
C:\Users\User\AppData\Local\Temp\ccEsbv49.s:1256   .text.UART_DataRx_Deal:00000000000000aa .L0 
C:\Users\User\AppData\Local\Temp\ccEsbv49.s:1259   .text.UART_DataRx_Deal:00000000000000ae .L0 
C:\Users\User\AppData\Local\Temp\ccEsbv49.s:1260   .text.UART_DataRx_Deal:00000000000000ae .L0 
C:\Users\User\AppData\Local\Temp\ccEsbv49.s:1262   .text.UART_DataRx_Deal:00000000000000b0 .L0 
C:\Users\User\AppData\Local\Temp\ccEsbv49.s:1264   .text.UART_DataRx_Deal:00000000000000b4 .L0 
C:\Users\User\AppData\Local\Temp\ccEsbv49.s:1267   .text.UART_DataRx_Deal:00000000000000b8 .L0 
C:\Users\User\AppData\Local\Temp\ccEsbv49.s:1269   .text.UART_DataRx_Deal:00000000000000ba .L0 
C:\Users\User\AppData\Local\Temp\ccEsbv49.s:1273   .text.UART_DataRx_Deal:00000000000000be .L0 
C:\Users\User\AppData\Local\Temp\ccEsbv49.s:1274   .text.UART_DataRx_Deal:00000000000000be .L0 
C:\Users\User\AppData\Local\Temp\ccEsbv49.s:1276   .text.UART_DataRx_Deal:00000000000000c0 .L0 
C:\Users\User\AppData\Local\Temp\ccEsbv49.s:1284   .text.UART_DataRx_Deal:00000000000000cc .L0 
C:\Users\User\AppData\Local\Temp\ccEsbv49.s:1285   .text.UART_DataRx_Deal:00000000000000cc .L0 
C:\Users\User\AppData\Local\Temp\ccEsbv49.s:1288   .text.UART_DataRx_Deal:00000000000000d0 .L0 
C:\Users\User\AppData\Local\Temp\ccEsbv49.s:1290   .text.UART_DataRx_Deal:00000000000000d4 .L0 
C:\Users\User\AppData\Local\Temp\ccEsbv49.s:1296   .text.UART_DataRx_Deal:00000000000000dc .L0 
C:\Users\User\AppData\Local\Temp\ccEsbv49.s:1297   .text.UART_DataRx_Deal:00000000000000dc .L0 
C:\Users\User\AppData\Local\Temp\ccEsbv49.s:1299   .text.UART_DataRx_Deal:00000000000000de .L0 
C:\Users\User\AppData\Local\Temp\ccEsbv49.s:1307   .text.UART_DataRx_Deal:00000000000000e8 .L0 
C:\Users\User\AppData\Local\Temp\ccEsbv49.s:1308   .text.UART_DataRx_Deal:00000000000000e8 .L0 
C:\Users\User\AppData\Local\Temp\ccEsbv49.s:1310   .text.UART_DataRx_Deal:00000000000000ea .L0 
C:\Users\User\AppData\Local\Temp\ccEsbv49.s:1312   .text.UART_DataRx_Deal:00000000000000ec .L0 
C:\Users\User\AppData\Local\Temp\ccEsbv49.s:1314   .text.UART_DataRx_Deal:00000000000000f0 .L0 
C:\Users\User\AppData\Local\Temp\ccEsbv49.s:1315   .text.UART_DataRx_Deal:00000000000000f0 .L0 
C:\Users\User\AppData\Local\Temp\ccEsbv49.s:1317   .text.UART_DataRx_Deal:00000000000000f2 .L0 
C:\Users\User\AppData\Local\Temp\ccEsbv49.s:1322   .text.UART_DataRx_Deal:00000000000000fa .L0 
C:\Users\User\AppData\Local\Temp\ccEsbv49.s:1323   .text.UART_DataRx_Deal:00000000000000fa .L0 
C:\Users\User\AppData\Local\Temp\ccEsbv49.s:1325   .text.UART_DataRx_Deal:00000000000000fe .L0 
C:\Users\User\AppData\Local\Temp\ccEsbv49.s:1327   .text.UART_DataRx_Deal:0000000000000100 .L0 
C:\Users\User\AppData\Local\Temp\ccEsbv49.s:1328   .text.UART_DataRx_Deal:0000000000000100 .L0 
C:\Users\User\AppData\Local\Temp\ccEsbv49.s:1330   .text.UART_DataRx_Deal:0000000000000104 .L0 
C:\Users\User\AppData\Local\Temp\ccEsbv49.s:1332   .text.UART_DataRx_Deal:0000000000000106 .L0 
C:\Users\User\AppData\Local\Temp\ccEsbv49.s:1333   .text.UART_DataRx_Deal:0000000000000106 .L0 
C:\Users\User\AppData\Local\Temp\ccEsbv49.s:1335   .text.UART_DataRx_Deal:0000000000000108 .L0 
C:\Users\User\AppData\Local\Temp\ccEsbv49.s:1341   .text.UART_DataRx_Deal:0000000000000110 .L0 
C:\Users\User\AppData\Local\Temp\ccEsbv49.s:1342   .text.UART_DataRx_Deal:0000000000000110 .L0 
C:\Users\User\AppData\Local\Temp\ccEsbv49.s:1343   .text.UART_DataRx_Deal:0000000000000110 .L0 
c:/Users/User/Documents/GitHub/ch32h417/EVT/EXAM/SRC/Core\core_riscv.h:238    .text.UART_DataRx_Deal:000000000000011a .L0 
C:\Users\User\AppData\Local\Temp\ccEsbv49.s:1358   .text.UART_DataRx_Deal:000000000000011e .L0 
C:\Users\User\AppData\Local\Temp\ccEsbv49.s:1359   .text.UART_DataRx_Deal:000000000000011e .L0 
C:\Users\User\AppData\Local\Temp\ccEsbv49.s:1360   .text.UART_DataRx_Deal:000000000000011e .L0 
c:/Users/User/Documents/GitHub/ch32h417/EVT/EXAM/SRC/Core\core_riscv.h:238    .text.UART_DataRx_Deal:0000000000000122 .L0 
C:\Users\User\AppData\Local\Temp\ccEsbv49.s:1371   .text.UART_DataRx_Deal:0000000000000126 .L0 
C:\Users\User\AppData\Local\Temp\ccEsbv49.s:1372   .text.UART_DataRx_Deal:0000000000000126 .L0 
C:\Users\User\AppData\Local\Temp\ccEsbv49.s:1375   .text.UART_DataRx_Deal:000000000000012c .L0 
C:\Users\User\AppData\Local\Temp\ccEsbv49.s:1376   .text.UART_DataRx_Deal:000000000000012c .L0 
C:\Users\User\AppData\Local\Temp\ccEsbv49.s:1378   .text.UART_DataRx_Deal:0000000000000130 .L0 
C:\Users\User\AppData\Local\Temp\ccEsbv49.s:1379   .text.UART_DataRx_Deal:0000000000000130 .L0 
C:\Users\User\AppData\Local\Temp\ccEsbv49.s:1382   .text.UART_DataRx_Deal:0000000000000138 .L0 
C:\Users\User\AppData\Local\Temp\ccEsbv49.s:1383   .text.UART_DataRx_Deal:0000000000000138 .L0 
C:\Users\User\AppData\Local\Temp\ccEsbv49.s:1385   .text.UART_DataRx_Deal:000000000000013c .L0 
C:\Users\User\AppData\Local\Temp\ccEsbv49.s:1387   .text.UART_DataRx_Deal:0000000000000140 .L0 
C:\Users\User\AppData\Local\Temp\ccEsbv49.s:1389   .text.UART_DataRx_Deal:0000000000000144 .L0 
C:\Users\User\AppData\Local\Temp\ccEsbv49.s:1390   .text.UART_DataRx_Deal:0000000000000144 .L0 
C:\Users\User\AppData\Local\Temp\ccEsbv49.s:1392   .text.UART_DataRx_Deal:0000000000000148 .L0 
C:\Users\User\AppData\Local\Temp\ccEsbv49.s:1393   .text.UART_DataRx_Deal:0000000000000148 .L0 
C:\Users\User\AppData\Local\Temp\ccEsbv49.s:1398   .text.UART_DataRx_Deal:000000000000014c .L0 
C:\Users\User\AppData\Local\Temp\ccEsbv49.s:1399   .text.UART_DataRx_Deal:000000000000014c .L0 
C:\Users\User\AppData\Local\Temp\ccEsbv49.s:1400   .text.UART_DataRx_Deal:000000000000014c .L0 
C:\Users\User\AppData\Local\Temp\ccEsbv49.s:1406   .text.UART_DataRx_Deal:0000000000000150 .L0 
C:\Users\User\AppData\Local\Temp\ccEsbv49.s:1407   .text.UART_DataRx_Deal:0000000000000158 .L0 
C:\Users\User\AppData\Local\Temp\ccEsbv49.s:1408   .text.UART_DataRx_Deal:0000000000000158 .L0 
C:\Users\User\AppData\Local\Temp\ccEsbv49.s:1409   .text.UART_DataRx_Deal:0000000000000158 .L0 
C:\Users\User\AppData\Local\Temp\ccEsbv49.s:1410   .text.UART_DataRx_Deal:0000000000000158 .L0 
C:\Users\User\AppData\Local\Temp\ccEsbv49.s:1411   .text.UART_DataRx_Deal:0000000000000158 .L0 
C:\Users\User\AppData\Local\Temp\ccEsbv49.s:1412   .text.UART_DataRx_Deal:0000000000000158 .L0 
C:\Users\User\AppData\Local\Temp\ccEsbv49.s:1413   .text.UART_DataRx_Deal:0000000000000158 .L0 
C:\Users\User\AppData\Local\Temp\ccEsbv49.s:1416   .text.UART_DataRx_Deal:0000000000000158 .L0 
C:\Users\User\AppData\Local\Temp\ccEsbv49.s:1418   .text.UART_DataRx_Deal:0000000000000158 .L0 
C:\Users\User\AppData\Local\Temp\ccEsbv49.s:1419   .text.UART_DataRx_Deal:0000000000000158 .L0 
C:\Users\User\AppData\Local\Temp\ccEsbv49.s:1420   .text.UART_DataRx_Deal:0000000000000158 .L0 
C:\Users\User\AppData\Local\Temp\ccEsbv49.s:1422   .text.UART_DataRx_Deal:000000000000015a .L0 
C:\Users\User\AppData\Local\Temp\ccEsbv49.s:1425   .text.UART_DataRx_Deal:0000000000000160 .L0 
C:\Users\User\AppData\Local\Temp\ccEsbv49.s:1429   .text.UART_DataRx_Deal:0000000000000164 .L0 
C:\Users\User\AppData\Local\Temp\ccEsbv49.s:1430   .text.UART_DataRx_Deal:0000000000000164 .L0 
C:\Users\User\AppData\Local\Temp\ccEsbv49.s:1436   .text.UART_DataRx_Deal:0000000000000166 .L0 
C:\Users\User\AppData\Local\Temp\ccEsbv49.s:1437   .text.UART_DataRx_Deal:0000000000000166 .L0 
C:\Users\User\AppData\Local\Temp\ccEsbv49.s:1438   .text.UART_DataRx_Deal:0000000000000166 .L0 
c:/Users/User/Documents/GitHub/ch32h417/EVT/EXAM/SRC/Core\core_riscv.h:238    .text.UART_DataRx_Deal:0000000000000170 .L0 
C:\Users\User\AppData\Local\Temp\ccEsbv49.s:1453   .text.UART_DataRx_Deal:0000000000000174 .L0 
C:\Users\User\AppData\Local\Temp\ccEsbv49.s:1454   .text.UART_DataRx_Deal:0000000000000174 .L0 
C:\Users\User\AppData\Local\Temp\ccEsbv49.s:1455   .text.UART_DataRx_Deal:0000000000000174 .L0 
c:/Users/User/Documents/GitHub/ch32h417/EVT/EXAM/SRC/Core\core_riscv.h:238    .text.UART_DataRx_Deal:0000000000000178 .L0 
C:\Users\User\AppData\Local\Temp\ccEsbv49.s:1466   .text.UART_DataRx_Deal:000000000000017c .L0 
C:\Users\User\AppData\Local\Temp\ccEsbv49.s:1467   .text.UART_DataRx_Deal:000000000000017c .L0 
C:\Users\User\AppData\Local\Temp\ccEsbv49.s:1470   .text.UART_DataRx_Deal:0000000000000182 .L0 
C:\Users\User\AppData\Local\Temp\ccEsbv49.s:1471   .text.UART_DataRx_Deal:0000000000000182 .L0 
C:\Users\User\AppData\Local\Temp\ccEsbv49.s:1473   .text.UART_DataRx_Deal:0000000000000186 .L0 
C:\Users\User\AppData\Local\Temp\ccEsbv49.s:1474   .text.UART_DataRx_Deal:0000000000000186 .L0 
C:\Users\User\AppData\Local\Temp\ccEsbv49.s:1476   .text.UART_DataRx_Deal:0000000000000188 .L0 
C:\Users\User\AppData\Local\Temp\ccEsbv49.s:1485   .text.UART_DataRx_Deal:00000000000001a4 .L0 
C:\Users\User\AppData\Local\Temp\ccEsbv49.s:1486   .text.UART_DataRx_Deal:00000000000001a4 .L0 
C:\Users\User\AppData\Local\Temp\ccEsbv49.s:1489   .text.UART_DataRx_Deal:00000000000001ac .L0 
C:\Users\User\AppData\Local\Temp\ccEsbv49.s:1490   .text.UART_DataRx_Deal:00000000000001ac .L0 
C:\Users\User\AppData\Local\Temp\ccEsbv49.s:1492   .text.UART_DataRx_Deal:00000000000001b0 .L0 
C:\Users\User\AppData\Local\Temp\ccEsbv49.s:1494   .text.UART_DataRx_Deal:00000000000001b4 .L0 
C:\Users\User\AppData\Local\Temp\ccEsbv49.s:1499   .text.UART_DataRx_Deal:00000000000001b8 .L0 
C:\Users\User\AppData\Local\Temp\ccEsbv49.s:1500   .text.UART_DataRx_Deal:00000000000001b8 .L0 
C:\Users\User\AppData\Local\Temp\ccEsbv49.s:1501   .text.UART_DataRx_Deal:00000000000001b8 .L0 
C:\Users\User\AppData\Local\Temp\ccEsbv49.s:1506   .text.UART_DataRx_Deal:00000000000001bc .L0 
C:\Users\User\AppData\Local\Temp\ccEsbv49.s:1507   .text.UART_DataRx_Deal:00000000000001bc .L0 
C:\Users\User\AppData\Local\Temp\ccEsbv49.s:1509   .text.UART_DataRx_Deal:00000000000001be .L0 
C:\Users\User\AppData\Local\Temp\ccEsbv49.s:1513   .text.UART_DataRx_Deal:00000000000001c6 .L0 
C:\Users\User\AppData\Local\Temp\ccEsbv49.s:1514   .text.UART_DataRx_Deal:00000000000001c6 .L0 
C:\Users\User\AppData\Local\Temp\ccEsbv49.s:1516   .text.UART_DataRx_Deal:00000000000001c8 .L0 
C:\Users\User\AppData\Local\Temp\ccEsbv49.s:1520   .text.UART_DataRx_Deal:00000000000001d0 .L0 
C:\Users\User\AppData\Local\Temp\ccEsbv49.s:1521   .text.UART_DataRx_Deal:00000000000001d0 .L0 
C:\Users\User\AppData\Local\Temp\ccEsbv49.s:1523   .text.UART_DataRx_Deal:00000000000001d2 .L0 
C:\Users\User\AppData\Local\Temp\ccEsbv49.s:1526   .text.UART_DataRx_Deal:00000000000001da .L0 
C:\Users\User\AppData\Local\Temp\ccEsbv49.s:1527   .text.UART_DataRx_Deal:00000000000001da .L0 
C:\Users\User\AppData\Local\Temp\ccEsbv49.s:1530   .text.UART_DataRx_Deal:00000000000001de .L0 
C:\Users\User\AppData\Local\Temp\ccEsbv49.s:1531   .text.UART_DataRx_Deal:00000000000001de .L0 
C:\Users\User\AppData\Local\Temp\ccEsbv49.s:1534   .text.UART_DataRx_Deal:00000000000001e6 .L0 
C:\Users\User\AppData\Local\Temp\ccEsbv49.s:1535   .text.UART_DataRx_Deal:00000000000001e6 .L0 
C:\Users\User\AppData\Local\Temp\ccEsbv49.s:1541   .text.UART_DataRx_Deal:00000000000001ee .L0 
C:\Users\User\AppData\Local\Temp\ccEsbv49.s:1542   .text.UART_DataRx_Deal:00000000000001ee .L0 
C:\Users\User\AppData\Local\Temp\ccEsbv49.s:1544   .text.UART_DataRx_Deal:00000000000001f0 .L0 
C:\Users\User\AppData\Local\Temp\ccEsbv49.s:1548   .text.UART_DataRx_Deal:00000000000001fa .L0 
C:\Users\User\AppData\Local\Temp\ccEsbv49.s:1549   .text.UART_DataRx_Deal:00000000000001fa .L0 
C:\Users\User\AppData\Local\Temp\ccEsbv49.s:1551   .text.UART_DataRx_Deal:0000000000000200 .L0 
C:\Users\User\AppData\Local\Temp\ccEsbv49.s:1558   .text.TIM2_IRQHandler:0000000000000000 TIM2_IRQHandler
C:\Users\User\AppData\Local\Temp\ccEsbv49.s:1561   .text.TIM2_IRQHandler:0000000000000000 .L0 
C:\Users\User\AppData\Local\Temp\ccEsbv49.s:1562   .text.TIM2_IRQHandler:0000000000000000 .L0 
C:\Users\User\AppData\Local\Temp\ccEsbv49.s:1563   .text.TIM2_IRQHandler:0000000000000000 .L0 
C:\Users\User\AppData\Local\Temp\ccEsbv49.s:1564   .text.TIM2_IRQHandler:0000000000000000 .L0 
C:\Users\User\AppData\Local\Temp\ccEsbv49.s:1565   .text.TIM2_IRQHandler:0000000000000000 $x
C:\Users\User\AppData\Local\Temp\ccEsbv49.s:1613   .sbss.tog.0:0000000000000000 tog.0
C:\Users\User\AppData\Local\Temp\ccEsbv49.s:1565   .text.TIM2_IRQHandler:0000000000000000 .L0 
C:\Users\User\AppData\Local\Temp\ccEsbv49.s:1570   .text.TIM2_IRQHandler:0000000000000010 .L0 
C:\Users\User\AppData\Local\Temp\ccEsbv49.s:1572   .text.TIM2_IRQHandler:0000000000000012 .L0 
C:\Users\User\AppData\Local\Temp\ccEsbv49.s:1574   .text.TIM2_IRQHandler:0000000000000014 .L0 
C:\Users\User\AppData\Local\Temp\ccEsbv49.s:1577   .text.TIM2_IRQHandler:0000000000000016 .L0 
C:\Users\User\AppData\Local\Temp\ccEsbv49.s:1578   .text.TIM2_IRQHandler:0000000000000016 .L0 
C:\Users\User\AppData\Local\Temp\ccEsbv49.s:1581   .text.TIM2_IRQHandler:000000000000001e .L0 
C:\Users\User\AppData\Local\Temp\ccEsbv49.s:1582   .text.TIM2_IRQHandler:000000000000001e .L0 
C:\Users\User\AppData\Local\Temp\ccEsbv49.s:1586   .text.TIM2_IRQHandler:0000000000000028 .L0 
C:\Users\User\AppData\Local\Temp\ccEsbv49.s:1590   .text.TIM2_IRQHandler:0000000000000030 .L0 
C:\Users\User\AppData\Local\Temp\ccEsbv49.s:1591   .text.TIM2_IRQHandler:0000000000000030 .L0 
C:\Users\User\AppData\Local\Temp\ccEsbv49.s:1593   .text.TIM2_IRQHandler:0000000000000032 .L0 
C:\Users\User\AppData\Local\Temp\ccEsbv49.s:1597   .text.TIM2_IRQHandler:000000000000003a .L0 
C:\Users\User\AppData\Local\Temp\ccEsbv49.s:1598   .text.TIM2_IRQHandler:000000000000003a .L0 
C:\Users\User\AppData\Local\Temp\ccEsbv49.s:1602   .text.TIM2_IRQHandler:0000000000000042 .L0 
C:\Users\User\AppData\Local\Temp\ccEsbv49.s:1605   .text.TIM2_IRQHandler:0000000000000046 .L0 
C:\Users\User\AppData\Local\Temp\ccEsbv49.s:1607   .text.TIM2_IRQHandler:000000000000004a .L0 
C:\Users\User\AppData\Local\Temp\ccEsbv49.s:7676   .debug_line_str:00000000000000aa .L0 
C:\Users\User\AppData\Local\Temp\ccEsbv49.s:7676   .debug_line_str:00000000000000fc .L0 
C:\Users\User\AppData\Local\Temp\ccEsbv49.s:7676   .debug_line_str:000000000000014d .L0 
C:\Users\User\AppData\Local\Temp\ccEsbv49.s:7676   .debug_line_str:0000000000000187 .L0 
C:\Users\User\AppData\Local\Temp\ccEsbv49.s:7676   .debug_line_str:0000000000000211 .L0 
C:\Users\User\AppData\Local\Temp\ccEsbv49.s:7676   .debug_line_str:00000000000002a2 .L0 
C:\Users\User\AppData\Local\Temp\ccEsbv49.s:7676   .debug_line_str:0000000000000328 .L0 
C:\Users\User\AppData\Local\Temp\ccEsbv49.s:7676   .debug_line_str:000000000000036c .L0 
C:\Users\User\AppData\Local\Temp\ccEsbv49.s:7676   .debug_line_str:00000000000003bf .L0 
C:\Users\User\AppData\Local\Temp\ccEsbv49.s:7676   .debug_line_str:0000000000000441 .L0 
C:\Users\User\AppData\Local\Temp\ccEsbv49.s:7676   .debug_line_str:0000000000000448 .L0 
C:\Users\User\AppData\Local\Temp\ccEsbv49.s:7676   .debug_line_str:000000000000044f .L0 
C:\Users\User\AppData\Local\Temp\ccEsbv49.s:7676   .debug_line_str:000000000000045c .L0 
C:\Users\User\AppData\Local\Temp\ccEsbv49.s:7676   .debug_line_str:000000000000046d .L0 
C:\Users\User\AppData\Local\Temp\ccEsbv49.s:7676   .debug_line_str:0000000000000476 .L0 
C:\Users\User\AppData\Local\Temp\ccEsbv49.s:7676   .debug_line_str:0000000000000480 .L0 
C:\Users\User\AppData\Local\Temp\ccEsbv49.s:7676   .debug_line_str:000000000000048b .L0 
C:\Users\User\AppData\Local\Temp\ccEsbv49.s:7676   .debug_line_str:000000000000049a .L0 
C:\Users\User\AppData\Local\Temp\ccEsbv49.s:7676   .debug_line_str:00000000000004aa .L0 
C:\Users\User\AppData\Local\Temp\ccEsbv49.s:7676   .debug_line_str:00000000000004b9 .L0 
C:\Users\User\AppData\Local\Temp\ccEsbv49.s:7676   .debug_line_str:00000000000004ca .L0 
C:\Users\User\AppData\Local\Temp\ccEsbv49.s:7676   .debug_line_str:00000000000004d1 .L0 
C:\Users\User\AppData\Local\Temp\ccEsbv49.s:7676   .debug_line_str:00000000000004e3 .L0 
C:\Users\User\AppData\Local\Temp\ccEsbv49.s:7676   .debug_line_str:00000000000004fb .L0 
C:\Users\User\AppData\Local\Temp\ccEsbv49.s:7676   .debug_line_str:0000000000000504 .L0 
C:\Users\User\AppData\Local\Temp\ccEsbv49.s:7676   .debug_line_str:000000000000050c .L0 
C:\Users\User\AppData\Local\Temp\ccEsbv49.s:7676   .debug_line_str:000000000000051b .L0 
C:\Users\User\AppData\Local\Temp\ccEsbv49.s:47     .text.RCC_Configuration:000000000000003c .L0 
C:\Users\User\AppData\Local\Temp\ccEsbv49.s:133    .text.TIM2_Init:0000000000000090 .L0 
C:\Users\User\AppData\Local\Temp\ccEsbv49.s:363    .text.UART_CfgInit:0000000000000148 .L0 
C:\Users\User\AppData\Local\Temp\ccEsbv49.s:488    .text.UART_ParaInit:0000000000000098 .L0 
C:\Users\User\AppData\Local\Temp\ccEsbv49.s:661    .text.UART_DMAInit:00000000000000ea .L0 
C:\Users\User\AppData\Local\Temp\ccEsbv49.s:752    .text.UART_Init:00000000000000a2 .L0 
C:\Users\User\AppData\Local\Temp\ccEsbv49.s:833    .text.UART_USB_Init:0000000000000070 .L0 
C:\Users\User\AppData\Local\Temp\ccEsbv49.s:1107   .text.UART_DataTx_Deal:0000000000000170 .L0 
C:\Users\User\AppData\Local\Temp\ccEsbv49.s:1554   .text.UART_DataRx_Deal:0000000000000200 .L0 
C:\Users\User\AppData\Local\Temp\ccEsbv49.s:1610   .text.TIM2_IRQHandler:000000000000004a .L0 
                     .debug_frame:0000000000000000 .L0 
C:\Users\User\AppData\Local\Temp\ccEsbv49.s:284    .text.UART_CfgInit:00000000000000dc .L6
C:\Users\User\AppData\Local\Temp\ccEsbv49.s:345    .text.UART_CfgInit:0000000000000136 .L7
C:\Users\User\AppData\Local\Temp\ccEsbv49.s:355    .text.UART_CfgInit:0000000000000142 .L9
C:\Users\User\AppData\Local\Temp\ccEsbv49.s:298    .text.UART_CfgInit:00000000000000ee .L13
C:\Users\User\AppData\Local\Temp\ccEsbv49.s:305    .text.UART_CfgInit:00000000000000f4 .L8
C:\Users\User\AppData\Local\Temp\ccEsbv49.s:409    .text.UART_ParaInit:0000000000000030 .L15
C:\Users\User\AppData\Local\Temp\ccEsbv49.s:482    .text.UART_ParaInit:0000000000000096 .L14
C:\Users\User\AppData\Local\Temp\ccEsbv49.s:596    .text.UART_DMAInit:000000000000008e .L22
C:\Users\User\AppData\Local\Temp\ccEsbv49.s:582    .text.UART_DMAInit:000000000000007c .L25
C:\Users\User\AppData\Local\Temp\ccEsbv49.s:1027   .text.UART_DataTx_Deal:00000000000000ee .L31
C:\Users\User\AppData\Local\Temp\ccEsbv49.s:1016   .text.UART_DataTx_Deal:00000000000000e6 .L30
C:\Users\User\AppData\Local\Temp\ccEsbv49.s:980    .text.UART_DataTx_Deal:00000000000000b4 .L33
C:\Users\User\AppData\Local\Temp\ccEsbv49.s:972    .text.UART_DataTx_Deal:00000000000000aa .L34
C:\Users\User\AppData\Local\Temp\ccEsbv49.s:1005   .text.UART_DataTx_Deal:00000000000000dc .L35
C:\Users\User\AppData\Local\Temp\ccEsbv49.s:1055   .text.UART_DataTx_Deal:000000000000010e .L36
C:\Users\User\AppData\Local\Temp\ccEsbv49.s:1109   .rodata.UART_DataRx_Deal.str1.4:0000000000000000 .LC0
C:\Users\User\AppData\Local\Temp\ccEsbv49.s:1223   .text.UART_DataRx_Deal:000000000000008a .L45
C:\Users\User\AppData\Local\Temp\ccEsbv49.s:1282   .text.UART_DataRx_Deal:00000000000000cc .L46
C:\Users\User\AppData\Local\Temp\ccEsbv49.s:1294   .text.UART_DataRx_Deal:00000000000000dc .L48
C:\Users\User\AppData\Local\Temp\ccEsbv49.s:1320   .text.UART_DataRx_Deal:00000000000000fa .L51
C:\Users\User\AppData\Local\Temp\ccEsbv49.s:1539   .text.UART_DataRx_Deal:00000000000001ee .L52
C:\Users\User\AppData\Local\Temp\ccEsbv49.s:1305   .text.UART_DataRx_Deal:00000000000000e8 .L53
C:\Users\User\AppData\Local\Temp\ccEsbv49.s:1432   .text.UART_DataRx_Deal:0000000000000166 .L55
C:\Users\User\AppData\Local\Temp\ccEsbv49.s:1427   .text.UART_DataRx_Deal:0000000000000164 .L58
C:\Users\User\AppData\Local\Temp\ccEsbv49.s:1191   .text.UART_DataRx_Deal:000000000000005a .L68
C:\Users\User\AppData\Local\Temp\ccEsbv49.s:1218   .text.UART_DataRx_Deal:0000000000000086 .L49
C:\Users\User\AppData\Local\Temp\ccEsbv49.s:1415   .text.UART_DataRx_Deal:0000000000000158 .L56
C:\Users\User\AppData\Local\Temp\ccEsbv49.s:1271   .text.UART_DataRx_Deal:00000000000000be .L54
C:\Users\User\AppData\Local\Temp\ccEsbv49.s:1402   .text.UART_DataRx_Deal:0000000000000150 .L44
C:\Users\User\AppData\Local\Temp\ccEsbv49.s:1528   .text.UART_DataRx_Deal:00000000000001de .L59
C:\Users\User\AppData\Local\Temp\ccEsbv49.s:1603   .text.TIM2_IRQHandler:0000000000000046 .L70
C:\Users\User\AppData\Local\Temp\ccEsbv49.s:1575   .text.TIM2_IRQHandler:0000000000000016 .L71
C:\Users\User\AppData\Local\Temp\ccEsbv49.s:5380   .debug_abbrev:0000000000000000 .Ldebug_abbrev0
C:\Users\User\AppData\Local\Temp\ccEsbv49.s:7241   .debug_str:00000000000008e1 .LASF405
C:\Users\User\AppData\Local\Temp\ccEsbv49.s:7674   .debug_line_str:0000000000000052 .LASF0
C:\Users\User\AppData\Local\Temp\ccEsbv49.s:7672   .debug_line_str:0000000000000000 .LASF1
C:\Users\User\AppData\Local\Temp\ccEsbv49.s:6823   .debug_rnglists:000000000000001f .LLRL32
C:\Users\User\AppData\Local\Temp\ccEsbv49.s:6857   .debug_line:0000000000000000 .Ldebug_line0
C:\Users\User\AppData\Local\Temp\ccEsbv49.s:7021   .debug_str:0000000000000392 .LASF2
C:\Users\User\AppData\Local\Temp\ccEsbv49.s:7465   .debug_str:0000000000000f3b .LASF5
C:\Users\User\AppData\Local\Temp\ccEsbv49.s:7515   .debug_str:000000000000106c .LASF3
C:\Users\User\AppData\Local\Temp\ccEsbv49.s:7313   .debug_str:0000000000000b9a .LASF4
C:\Users\User\AppData\Local\Temp\ccEsbv49.s:7089   .debug_str:000000000000054f .LASF6
C:\Users\User\AppData\Local\Temp\ccEsbv49.s:7605   .debug_str:0000000000001288 .LASF7
C:\Users\User\AppData\Local\Temp\ccEsbv49.s:7409   .debug_str:0000000000000deb .LASF8
C:\Users\User\AppData\Local\Temp\ccEsbv49.s:7521   .debug_str:0000000000001093 .LASF9
C:\Users\User\AppData\Local\Temp\ccEsbv49.s:7493   .debug_str:0000000000000fe2 .LASF10
C:\Users\User\AppData\Local\Temp\ccEsbv49.s:7251   .debug_str:00000000000009ef .LASF11
C:\Users\User\AppData\Local\Temp\ccEsbv49.s:7061   .debug_str:000000000000049a .LASF12
C:\Users\User\AppData\Local\Temp\ccEsbv49.s:6923   .debug_str:0000000000000186 .LASF13
C:\Users\User\AppData\Local\Temp\ccEsbv49.s:7127   .debug_str:0000000000000628 .LASF14
C:\Users\User\AppData\Local\Temp\ccEsbv49.s:7197   .debug_str:00000000000007da .LASF15
C:\Users\User\AppData\Local\Temp\ccEsbv49.s:7231   .debug_str:00000000000008a2 .LASF16
C:\Users\User\AppData\Local\Temp\ccEsbv49.s:7345   .debug_str:0000000000000c90 .LASF17
C:\Users\User\AppData\Local\Temp\ccEsbv49.s:7029   .debug_str:00000000000003c0 .LASF18
C:\Users\User\AppData\Local\Temp\ccEsbv49.s:7347   .debug_str:0000000000000c99 .LASF401
C:\Users\User\AppData\Local\Temp\ccEsbv49.s:7423   .debug_str:0000000000000e2e .LASF19
C:\Users\User\AppData\Local\Temp\ccEsbv49.s:7611   .debug_str:00000000000012ad .LASF20
C:\Users\User\AppData\Local\Temp\ccEsbv49.s:6879   .debug_str:0000000000000077 .LASF21
C:\Users\User\AppData\Local\Temp\ccEsbv49.s:7425   .debug_str:0000000000000e42 .LASF22
C:\Users\User\AppData\Local\Temp\ccEsbv49.s:7373   .debug_str:0000000000000d2e .LASF23
C:\Users\User\AppData\Local\Temp\ccEsbv49.s:7337   .debug_str:0000000000000c51 .LASF24
C:\Users\User\AppData\Local\Temp\ccEsbv49.s:7081   .debug_str:0000000000000520 .LASF25
C:\Users\User\AppData\Local\Temp\ccEsbv49.s:7047   .debug_str:0000000000000439 .LASF26
C:\Users\User\AppData\Local\Temp\ccEsbv49.s:7355   .debug_str:0000000000000ccd .LASF27
C:\Users\User\AppData\Local\Temp\ccEsbv49.s:7093   .debug_str:0000000000000561 .LASF28
C:\Users\User\AppData\Local\Temp\ccEsbv49.s:7593   .debug_str:000000000000123e .LASF29
C:\Users\User\AppData\Local\Temp\ccEsbv49.s:7223   .debug_str:000000000000086d .LASF30
C:\Users\User\AppData\Local\Temp\ccEsbv49.s:7567   .debug_str:00000000000011a5 .LASF31
C:\Users\User\AppData\Local\Temp\ccEsbv49.s:7109   .debug_str:00000000000005cc .LASF32
C:\Users\User\AppData\Local\Temp\ccEsbv49.s:7169   .debug_str:00000000000006f5 .LASF33
C:\Users\User\AppData\Local\Temp\ccEsbv49.s:6949   .debug_str:000000000000020b .LASF34
C:\Users\User\AppData\Local\Temp\ccEsbv49.s:7013   .debug_str:0000000000000369 .LASF35
C:\Users\User\AppData\Local\Temp\ccEsbv49.s:7653   .debug_str:000000000000139f .LASF36
C:\Users\User\AppData\Local\Temp\ccEsbv49.s:7067   .debug_str:00000000000004d3 .LASF37
C:\Users\User\AppData\Local\Temp\ccEsbv49.s:6911   .debug_str:000000000000013a .LASF38
C:\Users\User\AppData\Local\Temp\ccEsbv49.s:7329   .debug_str:0000000000000c11 .LASF39
C:\Users\User\AppData\Local\Temp\ccEsbv49.s:7377   .debug_str:0000000000000d48 .LASF40
C:\Users\User\AppData\Local\Temp\ccEsbv49.s:7573   .debug_str:00000000000011be .LASF41
C:\Users\User\AppData\Local\Temp\ccEsbv49.s:7199   .debug_str:00000000000007df .LASF42
C:\Users\User\AppData\Local\Temp\ccEsbv49.s:6897   .debug_str:00000000000000eb .LASF43
C:\Users\User\AppData\Local\Temp\ccEsbv49.s:7531   .debug_str:00000000000010d0 .LASF44
C:\Users\User\AppData\Local\Temp\ccEsbv49.s:7133   .debug_str:000000000000063b .LASF45
C:\Users\User\AppData\Local\Temp\ccEsbv49.s:6955   .debug_str:0000000000000230 .LASF46
C:\Users\User\AppData\Local\Temp\ccEsbv49.s:6951   .debug_str:0000000000000216 .LASF47
C:\Users\User\AppData\Local\Temp\ccEsbv49.s:7411   .debug_str:0000000000000df4 .LASF48
C:\Users\User\AppData\Local\Temp\ccEsbv49.s:7565   .debug_str:000000000000119b .LASF49
C:\Users\User\AppData\Local\Temp\ccEsbv49.s:7421   .debug_str:0000000000000e24 .LASF50
C:\Users\User\AppData\Local\Temp\ccEsbv49.s:7159   .debug_str:00000000000006c4 .LASF51
C:\Users\User\AppData\Local\Temp\ccEsbv49.s:7179   .debug_str:0000000000000752 .LASF52
C:\Users\User\AppData\Local\Temp\ccEsbv49.s:7045   .debug_str:000000000000042c .LASF53
C:\Users\User\AppData\Local\Temp\ccEsbv49.s:7635   .debug_str:000000000000133e .LASF54
C:\Users\User\AppData\Local\Temp\ccEsbv49.s:7615   .debug_str:00000000000012cc .LASF55
C:\Users\User\AppData\Local\Temp\ccEsbv49.s:7333   .debug_str:0000000000000c36 .LASF56
C:\Users\User\AppData\Local\Temp\ccEsbv49.s:7217   .debug_str:0000000000000844 .LASF57
C:\Users\User\AppData\Local\Temp\ccEsbv49.s:6893   .debug_str:00000000000000d3 .LASF58
C:\Users\User\AppData\Local\Temp\ccEsbv49.s:7341   .debug_str:0000000000000c76 .LASF59
C:\Users\User\AppData\Local\Temp\ccEsbv49.s:7357   .debug_str:0000000000000cda .LASF60
C:\Users\User\AppData\Local\Temp\ccEsbv49.s:7095   .debug_str:000000000000056e .LASF61
C:\Users\User\AppData\Local\Temp\ccEsbv49.s:7011   .debug_str:000000000000035e .LASF62
C:\Users\User\AppData\Local\Temp\ccEsbv49.s:7295   .debug_str:0000000000000b19 .LASF63
C:\Users\User\AppData\Local\Temp\ccEsbv49.s:7107   .debug_str:00000000000005bb .LASF64
C:\Users\User\AppData\Local\Temp\ccEsbv49.s:7269   .debug_str:0000000000000a72 .LASF65
C:\Users\User\AppData\Local\Temp\ccEsbv49.s:7667   .debug_str:00000000000013f6 .LASF66
C:\Users\User\AppData\Local\Temp\ccEsbv49.s:7245   .debug_str:00000000000009d1 .LASF67
C:\Users\User\AppData\Local\Temp\ccEsbv49.s:7037   .debug_str:00000000000003f7 .LASF68
C:\Users\User\AppData\Local\Temp\ccEsbv49.s:7655   .debug_str:00000000000013ac .LASF69
C:\Users\User\AppData\Local\Temp\ccEsbv49.s:7015   .debug_str:0000000000000372 .LASF70
C:\Users\User\AppData\Local\Temp\ccEsbv49.s:7353   .debug_str:0000000000000cc0 .LASF71
C:\Users\User\AppData\Local\Temp\ccEsbv49.s:7471   .debug_str:0000000000000f5a .LASF72
C:\Users\User\AppData\Local\Temp\ccEsbv49.s:7437   .debug_str:0000000000000e8a .LASF73
C:\Users\User\AppData\Local\Temp\ccEsbv49.s:7495   .debug_str:0000000000000ff4 .LASF74
C:\Users\User\AppData\Local\Temp\ccEsbv49.s:7215   .debug_str:000000000000083a .LASF75
C:\Users\User\AppData\Local\Temp\ccEsbv49.s:6939   .debug_str:00000000000001d6 .LASF76
C:\Users\User\AppData\Local\Temp\ccEsbv49.s:7327   .debug_str:0000000000000c07 .LASF77
C:\Users\User\AppData\Local\Temp\ccEsbv49.s:7517   .debug_str:000000000000107a .LASF78
C:\Users\User\AppData\Local\Temp\ccEsbv49.s:7149   .debug_str:000000000000068a .LASF79
C:\Users\User\AppData\Local\Temp\ccEsbv49.s:7645   .debug_str:0000000000001376 .LASF80
C:\Users\User\AppData\Local\Temp\ccEsbv49.s:7343   .debug_str:0000000000000c83 .LASF81
C:\Users\User\AppData\Local\Temp\ccEsbv49.s:7583   .debug_str:00000000000011fa .LASF82
C:\Users\User\AppData\Local\Temp\ccEsbv49.s:6981   .debug_str:00000000000002d0 .LASF83
C:\Users\User\AppData\Local\Temp\ccEsbv49.s:7637   .debug_str:0000000000001349 .LASF84
C:\Users\User\AppData\Local\Temp\ccEsbv49.s:7253   .debug_str:00000000000009fd .LASF85
C:\Users\User\AppData\Local\Temp\ccEsbv49.s:7601   .debug_str:0000000000001270 .LASF86
C:\Users\User\AppData\Local\Temp\ccEsbv49.s:7363   .debug_str:0000000000000cf4 .LASF87
C:\Users\User\AppData\Local\Temp\ccEsbv49.s:7331   .debug_str:0000000000000c24 .LASF88
C:\Users\User\AppData\Local\Temp\ccEsbv49.s:7443   .debug_str:0000000000000ead .LASF89
C:\Users\User\AppData\Local\Temp\ccEsbv49.s:6895   .debug_str:00000000000000e1 .LASF90
C:\Users\User\AppData\Local\Temp\ccEsbv49.s:7243   .debug_str:00000000000009c6 .LASF91
C:\Users\User\AppData\Local\Temp\ccEsbv49.s:6859   .debug_str:0000000000000000 .LASF92
C:\Users\User\AppData\Local\Temp\ccEsbv49.s:7639   .debug_str:0000000000001355 .LASF93
C:\Users\User\AppData\Local\Temp\ccEsbv49.s:7125   .debug_str:000000000000061f .LASF94
C:\Users\User\AppData\Local\Temp\ccEsbv49.s:7585   .debug_str:0000000000001205 .LASF95
C:\Users\User\AppData\Local\Temp\ccEsbv49.s:7509   .debug_str:000000000000104a .LASF96
C:\Users\User\AppData\Local\Temp\ccEsbv49.s:7237   .debug_str:00000000000008c9 .LASF97
C:\Users\User\AppData\Local\Temp\ccEsbv49.s:6977   .debug_str:00000000000002be .LASF98
C:\Users\User\AppData\Local\Temp\ccEsbv49.s:7483   .debug_str:0000000000000faf .LASF99
C:\Users\User\AppData\Local\Temp\ccEsbv49.s:7071   .debug_str:00000000000004e3 .LASF100
C:\Users\User\AppData\Local\Temp\ccEsbv49.s:7571   .debug_str:00000000000011b4 .LASF101
C:\Users\User\AppData\Local\Temp\ccEsbv49.s:7447   .debug_str:0000000000000ec6 .LASF102
C:\Users\User\AppData\Local\Temp\ccEsbv49.s:7625   .debug_str:00000000000012fd .LASF103
C:\Users\User\AppData\Local\Temp\ccEsbv49.s:7321   .debug_str:0000000000000bda .LASF104
C:\Users\User\AppData\Local\Temp\ccEsbv49.s:7059   .debug_str:0000000000000487 .LASF105
C:\Users\User\AppData\Local\Temp\ccEsbv49.s:7063   .debug_str:00000000000004b1 .LASF106
C:\Users\User\AppData\Local\Temp\ccEsbv49.s:7181   .debug_str:000000000000075f .LASF107
C:\Users\User\AppData\Local\Temp\ccEsbv49.s:6883   .debug_str:000000000000009b .LASF108
C:\Users\User\AppData\Local\Temp\ccEsbv49.s:7309   .debug_str:0000000000000b73 .LASF109
C:\Users\User\AppData\Local\Temp\ccEsbv49.s:7647   .debug_str:0000000000001383 .LASF110
C:\Users\User\AppData\Local\Temp\ccEsbv49.s:6913   .debug_str:000000000000014d .LASF111
C:\Users\User\AppData\Local\Temp\ccEsbv49.s:7155   .debug_str:00000000000006b0 .LASF112
C:\Users\User\AppData\Local\Temp\ccEsbv49.s:7597   .debug_str:000000000000125b .LASF113
C:\Users\User\AppData\Local\Temp\ccEsbv49.s:7559   .debug_str:0000000000001171 .LASF114
C:\Users\User\AppData\Local\Temp\ccEsbv49.s:7263   .debug_str:0000000000000a48 .LASF115
C:\Users\User\AppData\Local\Temp\ccEsbv49.s:7121   .debug_str:0000000000000609 .LASF116
C:\Users\User\AppData\Local\Temp\ccEsbv49.s:7621   .debug_str:00000000000012e7 .LASF117
C:\Users\User\AppData\Local\Temp\ccEsbv49.s:7297   .debug_str:0000000000000b29 .LASF118
C:\Users\User\AppData\Local\Temp\ccEsbv49.s:7627   .debug_str:0000000000001310 .LASF119
C:\Users\User\AppData\Local\Temp\ccEsbv49.s:7273   .debug_str:0000000000000a90 .LASF120
C:\Users\User\AppData\Local\Temp\ccEsbv49.s:7323   .debug_str:0000000000000bed .LASF121
C:\Users\User\AppData\Local\Temp\ccEsbv49.s:6947   .debug_str:0000000000000201 .LASF122
C:\Users\User\AppData\Local\Temp\ccEsbv49.s:6885   .debug_str:00000000000000ae .LASF123
C:\Users\User\AppData\Local\Temp\ccEsbv49.s:7475   .debug_str:0000000000000f79 .LASF124
C:\Users\User\AppData\Local\Temp\ccEsbv49.s:7603   .debug_str:000000000000127e .LASF125
C:\Users\User\AppData\Local\Temp\ccEsbv49.s:7027   .debug_str:00000000000003b4 .LASF126
C:\Users\User\AppData\Local\Temp\ccEsbv49.s:7519   .debug_str:0000000000001087 .LASF127
C:\Users\User\AppData\Local\Temp\ccEsbv49.s:6935   .debug_str:00000000000001c0 .LASF128
C:\Users\User\AppData\Local\Temp\ccEsbv49.s:7103   .debug_str:00000000000005a5 .LASF129
C:\Users\User\AppData\Local\Temp\ccEsbv49.s:7595   .debug_str:000000000000124b .LASF130
C:\Users\User\AppData\Local\Temp\ccEsbv49.s:7261   .debug_str:0000000000000a3a .LASF131
C:\Users\User\AppData\Local\Temp\ccEsbv49.s:7031   .debug_str:00000000000003c9 .LASF132
C:\Users\User\AppData\Local\Temp\ccEsbv49.s:7431   .debug_str:0000000000000e6d .LASF133
C:\Users\User\AppData\Local\Temp\ccEsbv49.s:7459   .debug_str:0000000000000f16 .LASF134
C:\Users\User\AppData\Local\Temp\ccEsbv49.s:7499   .debug_str:0000000000001007 .LASF135
C:\Users\User\AppData\Local\Temp\ccEsbv49.s:7523   .debug_str:000000000000109e .LASF136
C:\Users\User\AppData\Local\Temp\ccEsbv49.s:7183   .debug_str:0000000000000772 .LASF137
C:\Users\User\AppData\Local\Temp\ccEsbv49.s:7375   .debug_str:0000000000000d3f .LASF138
C:\Users\User\AppData\Local\Temp\ccEsbv49.s:7055   .debug_str:0000000000000476 .LASF139
C:\Users\User\AppData\Local\Temp\ccEsbv49.s:6975   .debug_str:00000000000002b3 .LASF140
C:\Users\User\AppData\Local\Temp\ccEsbv49.s:7449   .debug_str:0000000000000ed9 .LASF141
C:\Users\User\AppData\Local\Temp\ccEsbv49.s:6889   .debug_str:00000000000000bf .LASF142
C:\Users\User\AppData\Local\Temp\ccEsbv49.s:7325   .debug_str:0000000000000bf7 .LASF143
C:\Users\User\AppData\Local\Temp\ccEsbv49.s:7123   .debug_str:0000000000000615 .LASF144
C:\Users\User\AppData\Local\Temp\ccEsbv49.s:7205   .debug_str:000000000000080b .LASF145
C:\Users\User\AppData\Local\Temp\ccEsbv49.s:7487   .debug_str:0000000000000fca .LASF146
C:\Users\User\AppData\Local\Temp\ccEsbv49.s:6929   .debug_str:00000000000001a3 .LASF147
C:\Users\User\AppData\Local\Temp\ccEsbv49.s:6959   .debug_str:0000000000000249 .LASF148
C:\Users\User\AppData\Local\Temp\ccEsbv49.s:6863   .debug_str:0000000000000015 .LASF149
C:\Users\User\AppData\Local\Temp\ccEsbv49.s:7453   .debug_str:0000000000000eef .LASF150
C:\Users\User\AppData\Local\Temp\ccEsbv49.s:6865   .debug_str:000000000000001e .LASF151
C:\Users\User\AppData\Local\Temp\ccEsbv49.s:7007   .debug_str:0000000000000350 .LASF152
C:\Users\User\AppData\Local\Temp\ccEsbv49.s:7379   .debug_str:0000000000000d5b .LASF153
C:\Users\User\AppData\Local\Temp\ccEsbv49.s:7579   .debug_str:00000000000011e4 .LASF154
C:\Users\User\AppData\Local\Temp\ccEsbv49.s:7623   .debug_str:00000000000012f3 .LASF155
C:\Users\User\AppData\Local\Temp\ccEsbv49.s:7083   .debug_str:000000000000052e .LASF156
C:\Users\User\AppData\Local\Temp\ccEsbv49.s:7383   .debug_str:0000000000000d6b .LASF157
C:\Users\User\AppData\Local\Temp\ccEsbv49.s:7507   .debug_str:0000000000001045 .LASF158
C:\Users\User\AppData\Local\Temp\ccEsbv49.s:7385   .debug_str:0000000000000d75 .LASF159
C:\Users\User\AppData\Local\Temp\ccEsbv49.s:7617   .debug_str:00000000000012dd .LASF160
C:\Users\User\AppData\Local\Temp\ccEsbv49.s:7387   .debug_str:0000000000000d7f .LASF161
C:\Users\User\AppData\Local\Temp\ccEsbv49.s:7569   .debug_str:00000000000011af .LASF162
C:\Users\User\AppData\Local\Temp\ccEsbv49.s:7389   .debug_str:0000000000000d89 .LASF163
C:\Users\User\AppData\Local\Temp\ccEsbv49.s:7017   .debug_str:0000000000000380 .LASF164
C:\Users\User\AppData\Local\Temp\ccEsbv49.s:7391   .debug_str:0000000000000d93 .LASF165
C:\Users\User\AppData\Local\Temp\ccEsbv49.s:7137   .debug_str:000000000000064d .LASF166
C:\Users\User\AppData\Local\Temp\ccEsbv49.s:7393   .debug_str:0000000000000d9d .LASF167
C:\Users\User\AppData\Local\Temp\ccEsbv49.s:6877   .debug_str:000000000000006f .LASF168
C:\Users\User\AppData\Local\Temp\ccEsbv49.s:7131   .debug_str:0000000000000635 .LASF169
C:\Users\User\AppData\Local\Temp\ccEsbv49.s:6899   .debug_str:00000000000000fe .LASF170
C:\Users\User\AppData\Local\Temp\ccEsbv49.s:7395   .debug_str:0000000000000da7 .LASF171
C:\Users\User\AppData\Local\Temp\ccEsbv49.s:7001   .debug_str:0000000000000338 .LASF172
C:\Users\User\AppData\Local\Temp\ccEsbv49.s:7641   .debug_str:0000000000001360 .LASF173
C:\Users\User\AppData\Local\Temp\ccEsbv49.s:7619   .debug_str:00000000000012e2 .LASF174
C:\Users\User\AppData\Local\Temp\ccEsbv49.s:6993   .debug_str:0000000000000312 .LASF175
C:\Users\User\AppData\Local\Temp\ccEsbv49.s:7539   .debug_str:0000000000001108 .LASF176
C:\Users\User\AppData\Local\Temp\ccEsbv49.s:6909   .debug_str:0000000000000134 .LASF177
C:\Users\User\AppData\Local\Temp\ccEsbv49.s:7283   .debug_str:0000000000000ada .LASF178
C:\Users\User\AppData\Local\Temp\ccEsbv49.s:6871   .debug_str:000000000000003f .LASF348
C:\Users\User\AppData\Local\Temp\ccEsbv49.s:7469   .debug_str:0000000000000f55 .LASF179
C:\Users\User\AppData\Local\Temp\ccEsbv49.s:6933   .debug_str:00000000000001ba .LASF180
C:\Users\User\AppData\Local\Temp\ccEsbv49.s:6979   .debug_str:00000000000002ca .LASF181
C:\Users\User\AppData\Local\Temp\ccEsbv49.s:6925   .debug_str:0000000000000193 .LASF182
C:\Users\User\AppData\Local\Temp\ccEsbv49.s:7293   .debug_str:0000000000000b05 .LASF183
C:\Users\User\AppData\Local\Temp\ccEsbv49.s:7405   .debug_str:0000000000000ddc .LASF184
C:\Users\User\AppData\Local\Temp\ccEsbv49.s:7631   .debug_str:0000000000001327 .LASF185
C:\Users\User\AppData\Local\Temp\ccEsbv49.s:7005   .debug_str:000000000000034b .LASF186
C:\Users\User\AppData\Local\Temp\ccEsbv49.s:7129   .debug_str:000000000000062f .LASF187
C:\Users\User\AppData\Local\Temp\ccEsbv49.s:7163   .debug_str:00000000000006d9 .LASF188
C:\Users\User\AppData\Local\Temp\ccEsbv49.s:6997   .debug_str:0000000000000329 .LASF189
C:\Users\User\AppData\Local\Temp\ccEsbv49.s:6989   .debug_str:0000000000000305 .LASF190
C:\Users\User\AppData\Local\Temp\ccEsbv49.s:7473   .debug_str:0000000000000f6c .LASF191
C:\Users\User\AppData\Local\Temp\ccEsbv49.s:7201   .debug_str:00000000000007f2 .LASF194
C:\Users\User\AppData\Local\Temp\ccEsbv49.s:7157   .debug_str:00000000000006be .LASF192
C:\Users\User\AppData\Local\Temp\ccEsbv49.s:7541   .debug_str:0000000000001113 .LASF193
C:\Users\User\AppData\Local\Temp\ccEsbv49.s:7249   .debug_str:00000000000009e6 .LASF195
C:\Users\User\AppData\Local\Temp\ccEsbv49.s:7287   .debug_str:0000000000000aec .LASF196
C:\Users\User\AppData\Local\Temp\ccEsbv49.s:7545   .debug_str:0000000000001129 .LASF197
C:\Users\User\AppData\Local\Temp\ccEsbv49.s:7463   .debug_str:0000000000000f31 .LASF198
C:\Users\User\AppData\Local\Temp\ccEsbv49.s:6965   .debug_str:000000000000026b .LASF199
C:\Users\User\AppData\Local\Temp\ccEsbv49.s:7547   .debug_str:0000000000001134 .LASF200
C:\Users\User\AppData\Local\Temp\ccEsbv49.s:7117   .debug_str:00000000000005f8 .LASF201
C:\Users\User\AppData\Local\Temp\ccEsbv49.s:7419   .debug_str:0000000000000e1d .LASF202
C:\Users\User\AppData\Local\Temp\ccEsbv49.s:7549   .debug_str:000000000000113f .LASF203
C:\Users\User\AppData\Local\Temp\ccEsbv49.s:7561   .debug_str:000000000000117f .LASF204
C:\Users\User\AppData\Local\Temp\ccEsbv49.s:7091   .debug_str:000000000000055a .LASF205
C:\Users\User\AppData\Local\Temp\ccEsbv49.s:7551   .debug_str:000000000000114a .LASF206
C:\Users\User\AppData\Local\Temp\ccEsbv49.s:7489   .debug_str:0000000000000fd1 .LASF207
C:\Users\User\AppData\Local\Temp\ccEsbv49.s:7359   .debug_str:0000000000000ce8 .LASF208
C:\Users\User\AppData\Local\Temp\ccEsbv49.s:7361   .debug_str:0000000000000cee .LASF209
C:\Users\User\AppData\Local\Temp\ccEsbv49.s:6919   .debug_str:000000000000016b .LASF210
C:\Users\User\AppData\Local\Temp\ccEsbv49.s:7481   .debug_str:0000000000000fa5 .LASF211
C:\Users\User\AppData\Local\Temp\ccEsbv49.s:7265   .debug_str:0000000000000a56 .LASF212
C:\Users\User\AppData\Local\Temp\ccEsbv49.s:6931   .debug_str:00000000000001b3 .LASF213
C:\Users\User\AppData\Local\Temp\ccEsbv49.s:6943   .debug_str:00000000000001f1 .LASF214
C:\Users\User\AppData\Local\Temp\ccEsbv49.s:6945   .debug_str:00000000000001f9 .LASF215
C:\Users\User\AppData\Local\Temp\ccEsbv49.s:7189   .debug_str:00000000000007a5 .LASF216
C:\Users\User\AppData\Local\Temp\ccEsbv49.s:7135   .debug_str:0000000000000647 .LASF217
C:\Users\User\AppData\Local\Temp\ccEsbv49.s:7543   .debug_str:000000000000111e .LASF218
C:\Users\User\AppData\Local\Temp\ccEsbv49.s:7043   .debug_str:0000000000000427 .LASF219
C:\Users\User\AppData\Local\Temp\ccEsbv49.s:7553   .debug_str:0000000000001155 .LASF220
C:\Users\User\AppData\Local\Temp\ccEsbv49.s:7307   .debug_str:0000000000000b6b .LASF221
C:\Users\User\AppData\Local\Temp\ccEsbv49.s:7413   .debug_str:0000000000000e00 .LASF222
C:\Users\User\AppData\Local\Temp\ccEsbv49.s:7417   .debug_str:0000000000000e16 .LASF223
C:\Users\User\AppData\Local\Temp\ccEsbv49.s:7557   .debug_str:0000000000001166 .LASF224
C:\Users\User\AppData\Local\Temp\ccEsbv49.s:7607   .debug_str:000000000000129b .LASF225
C:\Users\User\AppData\Local\Temp\ccEsbv49.s:7019   .debug_str:0000000000000386 .LASF226
C:\Users\User\AppData\Local\Temp\ccEsbv49.s:7555   .debug_str:0000000000001160 .LASF227
C:\Users\User\AppData\Local\Temp\ccEsbv49.s:7209   .debug_str:000000000000081c .LASF228
C:\Users\User\AppData\Local\Temp\ccEsbv49.s:7381   .debug_str:0000000000000d65 .LASF229
C:\Users\User\AppData\Local\Temp\ccEsbv49.s:7365   .debug_str:0000000000000d01 .LASF230
C:\Users\User\AppData\Local\Temp\ccEsbv49.s:7165   .debug_str:00000000000006de .LASF231
C:\Users\User\AppData\Local\Temp\ccEsbv49.s:7649   .debug_str:000000000000138c .LASF232
C:\Users\User\AppData\Local\Temp\ccEsbv49.s:7657   .debug_str:00000000000013b8 .LASF233
C:\Users\User\AppData\Local\Temp\ccEsbv49.s:7075   .debug_str:00000000000004fc .LASF234
C:\Users\User\AppData\Local\Temp\ccEsbv49.s:7041   .debug_str:000000000000041e .LASF235
C:\Users\User\AppData\Local\Temp\ccEsbv49.s:7491   .debug_str:0000000000000fdb .LASF236
C:\Users\User\AppData\Local\Temp\ccEsbv49.s:7119   .debug_str:0000000000000602 .LASF237
C:\Users\User\AppData\Local\Temp\ccEsbv49.s:7009   .debug_str:0000000000000357 .LASF238
C:\Users\User\AppData\Local\Temp\ccEsbv49.s:7669   .debug_str:0000000000001404 .LASF239
C:\Users\User\AppData\Local\Temp\ccEsbv49.s:7161   .debug_str:00000000000006ce .LASF240
C:\Users\User\AppData\Local\Temp\ccEsbv49.s:7291   .debug_str:0000000000000afa .LASF241
C:\Users\User\AppData\Local\Temp\ccEsbv49.s:7023   .debug_str:000000000000039e .LASF242
C:\Users\User\AppData\Local\Temp\ccEsbv49.s:7407   .debug_str:0000000000000de2 .LASF243
C:\Users\User\AppData\Local\Temp\ccEsbv49.s:7207   .debug_str:0000000000000813 .LASF244
C:\Users\User\AppData\Local\Temp\ccEsbv49.s:6915   .debug_str:000000000000015b .LASF245
C:\Users\User\AppData\Local\Temp\ccEsbv49.s:7497   .debug_str:0000000000000ffe .LASF246
C:\Users\User\AppData\Local\Temp\ccEsbv49.s:7167   .debug_str:00000000000006ec .LASF247
C:\Users\User\AppData\Local\Temp\ccEsbv49.s:7441   .debug_str:0000000000000ea4 .LASF248
C:\Users\User\AppData\Local\Temp\ccEsbv49.s:7399   .debug_str:0000000000000db6 .LASF249
C:\Users\User\AppData\Local\Temp\ccEsbv49.s:7139   .debug_str:0000000000000654 .LASF250
C:\Users\User\AppData\Local\Temp\ccEsbv49.s:7651   .debug_str:0000000000001396 .LASF251
C:\Users\User\AppData\Local\Temp\ccEsbv49.s:7427   .debug_str:0000000000000e54 .LASF252
C:\Users\User\AppData\Local\Temp\ccEsbv49.s:7153   .debug_str:00000000000006a3 .LASF253
C:\Users\User\AppData\Local\Temp\ccEsbv49.s:7429   .debug_str:0000000000000e60 .LASF254
C:\Users\User\AppData\Local\Temp\ccEsbv49.s:7643   .debug_str:000000000000136a .LASF255
C:\Users\User\AppData\Local\Temp\ccEsbv49.s:7591   .debug_str:0000000000001231 .LASF256
C:\Users\User\AppData\Local\Temp\ccEsbv49.s:7661   .debug_str:00000000000013d2 .LASF257
C:\Users\User\AppData\Local\Temp\ccEsbv49.s:7151   .debug_str:0000000000000697 .LASF258
C:\Users\User\AppData\Local\Temp\ccEsbv49.s:7115   .debug_str:00000000000005eb .LASF259
C:\Users\User\AppData\Local\Temp\ccEsbv49.s:7097   .debug_str:000000000000057c .LASF260
C:\Users\User\AppData\Local\Temp\ccEsbv49.s:7445   .debug_str:0000000000000eba .LASF261
C:\Users\User\AppData\Local\Temp\ccEsbv49.s:7319   .debug_str:0000000000000bcd .LASF262
C:\Users\User\AppData\Local\Temp\ccEsbv49.s:7301   .debug_str:0000000000000b48 .LASF263
C:\Users\User\AppData\Local\Temp\ccEsbv49.s:6907   .debug_str:0000000000000128 .LASF264
C:\Users\User\AppData\Local\Temp\ccEsbv49.s:7271   .debug_str:0000000000000a83 .LASF265
C:\Users\User\AppData\Local\Temp\ccEsbv49.s:7535   .debug_str:00000000000010ee .LASF266
C:\Users\User\AppData\Local\Temp\ccEsbv49.s:7239   .debug_str:00000000000008d5 .LASF267
C:\Users\User\AppData\Local\Temp\ccEsbv49.s:7003   .debug_str:000000000000033e .LASF268
C:\Users\User\AppData\Local\Temp\ccEsbv49.s:6983   .debug_str:00000000000002dc .LASF269
C:\Users\User\AppData\Local\Temp\ccEsbv49.s:7529   .debug_str:00000000000010c4 .LASF270
C:\Users\User\AppData\Local\Temp\ccEsbv49.s:7225   .debug_str:000000000000087a .LASF271
C:\Users\User\AppData\Local\Temp\ccEsbv49.s:7211   .debug_str:0000000000000822 .LASF272
C:\Users\User\AppData\Local\Temp\ccEsbv49.s:7049   .debug_str:0000000000000447 .LASF273
C:\Users\User\AppData\Local\Temp\ccEsbv49.s:7461   .debug_str:0000000000000f24 .LASF274
C:\Users\User\AppData\Local\Temp\ccEsbv49.s:7439   .debug_str:0000000000000e97 .LASF275
C:\Users\User\AppData\Local\Temp\ccEsbv49.s:6991   .debug_str:000000000000030b .LASF276
C:\Users\User\AppData\Local\Temp\ccEsbv49.s:7077   .debug_str:0000000000000503 .LASF277
C:\Users\User\AppData\Local\Temp\ccEsbv49.s:7351   .debug_str:0000000000000cb1 .LASF278
C:\Users\User\AppData\Local\Temp\ccEsbv49.s:6985   .debug_str:00000000000002e9 .LASF279
C:\Users\User\AppData\Local\Temp\ccEsbv49.s:7311   .debug_str:0000000000000b86 .LASF280
C:\Users\User\AppData\Local\Temp\ccEsbv49.s:6903   .debug_str:0000000000000117 .LASF281
C:\Users\User\AppData\Local\Temp\ccEsbv49.s:7485   .debug_str:0000000000000fbb .LASF282
C:\Users\User\AppData\Local\Temp\ccEsbv49.s:6881   .debug_str:0000000000000089 .LASF283
C:\Users\User\AppData\Local\Temp\ccEsbv49.s:7233   .debug_str:00000000000008aa .LASF284
C:\Users\User\AppData\Local\Temp\ccEsbv49.s:7339   .debug_str:0000000000000c5f .LASF285
C:\Users\User\AppData\Local\Temp\ccEsbv49.s:7349   .debug_str:0000000000000c9e .LASF286
C:\Users\User\AppData\Local\Temp\ccEsbv49.s:7219   .debug_str:0000000000000857 .LASF287
C:\Users\User\AppData\Local\Temp\ccEsbv49.s:6953   .debug_str:0000000000000223 .LASF288
C:\Users\User\AppData\Local\Temp\ccEsbv49.s:6963   .debug_str:0000000000000263 .LASF289
C:\Users\User\AppData\Local\Temp\ccEsbv49.s:7085   .debug_str:0000000000000533 .LASF290
C:\Users\User\AppData\Local\Temp\ccEsbv49.s:6921   .debug_str:0000000000000172 .LASF291
C:\Users\User\AppData\Local\Temp\ccEsbv49.s:7173   .debug_str:0000000000000719 .LASF292
C:\Users\User\AppData\Local\Temp\ccEsbv49.s:7401   .debug_str:0000000000000dbf .LASF293
C:\Users\User\AppData\Local\Temp\ccEsbv49.s:7259   .debug_str:0000000000000a2b .LASF294
C:\Users\User\AppData\Local\Temp\ccEsbv49.s:7203   .debug_str:00000000000007f9 .LASF295
C:\Users\User\AppData\Local\Temp\ccEsbv49.s:7659   .debug_str:00000000000013c2 .LASF296
C:\Users\User\AppData\Local\Temp\ccEsbv49.s:7317   .debug_str:0000000000000bb8 .LASF297
C:\Users\User\AppData\Local\Temp\ccEsbv49.s:7369   .debug_str:0000000000000d15 .LASF298
C:\Users\User\AppData\Local\Temp\ccEsbv49.s:6869   .debug_str:0000000000000031 .LASF299
C:\Users\User\AppData\Local\Temp\ccEsbv49.s:7079   .debug_str:000000000000050a .LASF300
C:\Users\User\AppData\Local\Temp\ccEsbv49.s:7101   .debug_str:0000000000000597 .LASF301
C:\Users\User\AppData\Local\Temp\ccEsbv49.s:7113   .debug_str:00000000000005dd .LASF302
C:\Users\User\AppData\Local\Temp\ccEsbv49.s:7143   .debug_str:0000000000000665 .LASF303
C:\Users\User\AppData\Local\Temp\ccEsbv49.s:7195   .debug_str:00000000000007c9 .LASF304
C:\Users\User\AppData\Local\Temp\ccEsbv49.s:7335   .debug_str:0000000000000c41 .LASF305
C:\Users\User\AppData\Local\Temp\ccEsbv49.s:7193   .debug_str:00000000000007b9 .LASF306
C:\Users\User\AppData\Local\Temp\ccEsbv49.s:7477   .debug_str:0000000000000f83 .LASF307
C:\Users\User\AppData\Local\Temp\ccEsbv49.s:7433   .debug_str:0000000000000e7b .LASF308
C:\Users\User\AppData\Local\Temp\ccEsbv49.s:7415   .debug_str:0000000000000e0b .LASF309
C:\Users\User\AppData\Local\Temp\ccEsbv49.s:6891   .debug_str:00000000000000c9 .LASF310
C:\Users\User\AppData\Local\Temp\ccEsbv49.s:7513   .debug_str:000000000000105b .LASF311
C:\Users\User\AppData\Local\Temp\ccEsbv49.s:6873   .debug_str:000000000000004f .LASF312
C:\Users\User\AppData\Local\Temp\ccEsbv49.s:7227   .debug_str:0000000000000887 .LASF313
C:\Users\User\AppData\Local\Temp\ccEsbv49.s:6969   .debug_str:0000000000000287 .LASF314
C:\Users\User\AppData\Local\Temp\ccEsbv49.s:7035   .debug_str:00000000000003e5 .LASF315
C:\Users\User\AppData\Local\Temp\ccEsbv49.s:7171   .debug_str:0000000000000703 .LASF316
C:\Users\User\AppData\Local\Temp\ccEsbv49.s:7589   .debug_str:0000000000001219 .LASF317
C:\Users\User\AppData\Local\Temp\ccEsbv49.s:7033   .debug_str:00000000000003d6 .LASF318
C:\Users\User\AppData\Local\Temp\ccEsbv49.s:6961   .debug_str:0000000000000252 .LASF319
C:\Users\User\AppData\Local\Temp\ccEsbv49.s:6973   .debug_str:00000000000002a4 .LASF320
C:\Users\User\AppData\Local\Temp\ccEsbv49.s:7577   .debug_str:00000000000011d7 .LASF321
C:\Users\User\AppData\Local\Temp\ccEsbv49.s:7229   .debug_str:0000000000000897 .LASF322
C:\Users\User\AppData\Local\Temp\ccEsbv49.s:7255   .debug_str:0000000000000a09 .LASF323
C:\Users\User\AppData\Local\Temp\ccEsbv49.s:7563   .debug_str:0000000000001189 .LASF324
C:\Users\User\AppData\Local\Temp\ccEsbv49.s:6867   .debug_str:0000000000000023 .LASF352
C:\Users\User\AppData\Local\Temp\ccEsbv49.s:7503   .debug_str:0000000000001025 .LASF406
C:\Users\User\AppData\Local\Temp\ccEsbv49.s:7305   .debug_str:0000000000000b60 .LASF325
C:\Users\User\AppData\Local\Temp\ccEsbv49.s:7629   .debug_str:000000000000131c .LASF326
C:\Users\User\AppData\Local\Temp\ccEsbv49.s:7403   .debug_str:0000000000000dcf .LASF327
C:\Users\User\AppData\Local\Temp\ccEsbv49.s:7025   .debug_str:00000000000003a9 .LASF328
C:\Users\User\AppData\Local\Temp\ccEsbv49.s:7277   .debug_str:0000000000000aaf .LASF329
C:\Users\User\AppData\Local\Temp\ccEsbv49.s:7105   .debug_str:00000000000005b0 .LASF330
C:\Users\User\AppData\Local\Temp\ccEsbv49.s:7213   .debug_str:000000000000082f .LASF331
C:\Users\User\AppData\Local\Temp\ccEsbv49.s:7457   .debug_str:0000000000000f09 .LASF332
C:\Users\User\AppData\Local\Temp\ccEsbv49.s:7279   .debug_str:0000000000000abd .LASF333
C:\Users\User\AppData\Local\Temp\ccEsbv49.s:7285   .debug_str:0000000000000ae4 .LASF334
C:\Users\User\AppData\Local\Temp\ccEsbv49.s:7575   .debug_str:00000000000011d1 .LASF335
C:\Users\User\AppData\Local\Temp\ccEsbv49.s:7581   .debug_str:00000000000011ec .LASF336
C:\Users\User\AppData\Local\Temp\ccEsbv49.s:7051   .debug_str:0000000000000453 .LASF337
C:\Users\User\AppData\Local\Temp\ccEsbv49.s:7191   .debug_str:00000000000007aa .LASF338
C:\Users\User\AppData\Local\Temp\ccEsbv49.s:7069   .debug_str:00000000000004dd .LASF339
C:\Users\User\AppData\Local\Temp\ccEsbv49.s:7065   .debug_str:00000000000004c4 .LASF340
C:\Users\User\AppData\Local\Temp\ccEsbv49.s:6901   .debug_str:0000000000000105 .LASF341
C:\Users\User\AppData\Local\Temp\ccEsbv49.s:6875   .debug_str:000000000000005d .LASF342
C:\Users\User\AppData\Local\Temp\ccEsbv49.s:7599   .debug_str:0000000000001268 .LASF343
C:\Users\User\AppData\Local\Temp\ccEsbv49.s:7435   .debug_str:0000000000000e84 .LASF344
C:\Users\User\AppData\Local\Temp\ccEsbv49.s:7145   .debug_str:0000000000000676 .LASF345
C:\Users\User\AppData\Local\Temp\ccEsbv49.s:7315   .debug_str:0000000000000ba4 .LASF346
C:\Users\User\AppData\Local\Temp\ccEsbv49.s:7587   .debug_str:0000000000001210 .LASF347
C:\Users\User\AppData\Local\Temp\ccEsbv49.s:7397   .debug_str:0000000000000db1 .LASF349
C:\Users\User\AppData\Local\Temp\ccEsbv49.s:7053   .debug_str:0000000000000461 .LASF350
C:\Users\User\AppData\Local\Temp\ccEsbv49.s:7039   .debug_str:0000000000000408 .LASF351
C:\Users\User\AppData\Local\Temp\ccEsbv49.s:7175   .debug_str:0000000000000736 .LASF353
C:\Users\User\AppData\Local\Temp\ccEsbv49.s:6957   .debug_str:000000000000023d .LASF354
C:\Users\User\AppData\Local\Temp\ccEsbv49.s:7609   .debug_str:00000000000012a6 .LASF355
C:\Users\User\AppData\Local\Temp\ccEsbv49.s:6917   .debug_str:0000000000000164 .LASF356
C:\Users\User\AppData\Local\Temp\ccEsbv49.s:7501   .debug_str:0000000000001018 .LASF357
C:\Users\User\AppData\Local\Temp\ccEsbv49.s:6887   .debug_str:00000000000000b7 .LASF358
C:\Users\User\AppData\Local\Temp\ccEsbv49.s:7455   .debug_str:0000000000000ef4 .LASF359
C:\Users\User\AppData\Local\Temp\ccEsbv49.s:6927   .debug_str:000000000000019a .LASF360
C:\Users\User\AppData\Local\Temp\ccEsbv49.s:7533   .debug_str:00000000000010e3 .LASF361
C:\Users\User\AppData\Local\Temp\ccEsbv49.s:7527   .debug_str:00000000000010ba .LASF362
C:\Users\User\AppData\Local\Temp\ccEsbv49.s:7467   .debug_str:0000000000000f45 .LASF363
C:\Users\User\AppData\Local\Temp\ccEsbv49.s:6937   .debug_str:00000000000001cb .LASF364
C:\Users\User\AppData\Local\Temp\ccEsbv49.s:7633   .debug_str:000000000000132d .LASF365
C:\Users\User\AppData\Local\Temp\ccEsbv49.s:6999   .debug_str:000000000000032e .LASF366
C:\Users\User\AppData\Local\Temp\ccEsbv49.s:7087   .debug_str:0000000000000542 .LASF367
C:\Users\User\AppData\Local\Temp\ccEsbv49.s:7141   .debug_str:000000000000065d .LASF368
C:\Users\User\AppData\Local\Temp\ccEsbv49.s:7451   .debug_str:0000000000000ee2 .LASF369
C:\Users\User\AppData\Local\Temp\ccEsbv49.s:7367   .debug_str:0000000000000d07 .LASF370
C:\Users\User\AppData\Local\Temp\ccEsbv49.s:7187   .debug_str:0000000000000794 .LASF371
C:\Users\User\AppData\Local\Temp\ccEsbv49.s:7525   .debug_str:00000000000010af .LASF372
C:\Users\User\AppData\Local\Temp\ccEsbv49.s:6967   .debug_str:0000000000000272 .LASF373
C:\Users\User\AppData\Local\Temp\ccEsbv49.s:7275   .debug_str:0000000000000a99 .LASF374
C:\Users\User\AppData\Local\Temp\ccEsbv49.s:7267   .debug_str:0000000000000a5c .LASF375
C:\Users\User\AppData\Local\Temp\ccEsbv49.s:7613   .debug_str:00000000000012bc .LASF376
C:\Users\User\AppData\Local\Temp\ccEsbv49.s:1559   .text.TIM2_IRQHandler:0000000000000000 .LFB50
C:\Users\User\AppData\Local\Temp\ccEsbv49.s:1608   .text.TIM2_IRQHandler:000000000000004a .LFE50
C:\Users\User\AppData\Local\Temp\ccEsbv49.s:7235   .debug_str:00000000000008b8 .LASF377
C:\Users\User\AppData\Local\Temp\ccEsbv49.s:1116   .text.UART_DataRx_Deal:0000000000000000 .LFB49
C:\Users\User\AppData\Local\Temp\ccEsbv49.s:1552   .text.UART_DataRx_Deal:0000000000000200 .LFE49
C:\Users\User\AppData\Local\Temp\ccEsbv49.s:7111   .debug_str:00000000000005d6 .LASF378
C:\Users\User\AppData\Local\Temp\ccEsbv49.s:6359   .debug_loclists:000000000000000c .LLST20
C:\Users\User\AppData\Local\Temp\ccEsbv49.s:7303   .debug_str:0000000000000b55 .LASF379
C:\Users\User\AppData\Local\Temp\ccEsbv49.s:6381   .debug_loclists:0000000000000034 .LLST21
C:\Users\User\AppData\Local\Temp\ccEsbv49.s:7257   .debug_str:0000000000000a23 .LASF380
C:\Users\User\AppData\Local\Temp\ccEsbv49.s:6413   .debug_loclists:0000000000000068 .LLST22
C:\Users\User\AppData\Local\Temp\ccEsbv49.s:1131   .text.UART_DataRx_Deal:0000000000000008 .LBB38
C:\Users\User\AppData\Local\Temp\ccEsbv49.s:1146   .text.UART_DataRx_Deal:0000000000000016 .LBE38
C:\Users\User\AppData\Local\Temp\ccEsbv49.s:6444   .debug_loclists:00000000000000a4 .LLST23
C:\Users\User\AppData\Local\Temp\ccEsbv49.s:1148   .text.UART_DataRx_Deal:0000000000000016 .LBB40
C:\Users\User\AppData\Local\Temp\ccEsbv49.s:1161   .text.UART_DataRx_Deal:000000000000001e .LBE40
C:\Users\User\AppData\Local\Temp\ccEsbv49.s:6453   .debug_loclists:00000000000000b2 .LLST24
C:\Users\User\AppData\Local\Temp\ccEsbv49.s:1225   .text.UART_DataRx_Deal:000000000000008a .LBB42
C:\Users\User\AppData\Local\Temp\ccEsbv49.s:1234   .text.UART_DataRx_Deal:0000000000000094 .LBE42
C:\Users\User\AppData\Local\Temp\ccEsbv49.s:6462   .debug_loclists:00000000000000c0 .LLST25
C:\Users\User\AppData\Local\Temp\ccEsbv49.s:1339   .text.UART_DataRx_Deal:0000000000000110 .LBB44
C:\Users\User\AppData\Local\Temp\ccEsbv49.s:1354   .text.UART_DataRx_Deal:000000000000011e .LBE44
C:\Users\User\AppData\Local\Temp\ccEsbv49.s:6471   .debug_loclists:00000000000000ce .LLST26
C:\Users\User\AppData\Local\Temp\ccEsbv49.s:1356   .text.UART_DataRx_Deal:000000000000011e .LBB46
C:\Users\User\AppData\Local\Temp\ccEsbv49.s:1369   .text.UART_DataRx_Deal:0000000000000126 .LBE46
C:\Users\User\AppData\Local\Temp\ccEsbv49.s:6480   .debug_loclists:00000000000000dc .LLST27
C:\Users\User\AppData\Local\Temp\ccEsbv49.s:1396   .text.UART_DataRx_Deal:000000000000014c .LBB48
C:\Users\User\AppData\Local\Temp\ccEsbv49.s:1404   .text.UART_DataRx_Deal:0000000000000150 .LBE48
C:\Users\User\AppData\Local\Temp\ccEsbv49.s:6489   .debug_loclists:00000000000000ea .LLST28
C:\Users\User\AppData\Local\Temp\ccEsbv49.s:1434   .text.UART_DataRx_Deal:0000000000000166 .LBB50
C:\Users\User\AppData\Local\Temp\ccEsbv49.s:1449   .text.UART_DataRx_Deal:0000000000000174 .LBE50
C:\Users\User\AppData\Local\Temp\ccEsbv49.s:6498   .debug_loclists:00000000000000f8 .LLST29
C:\Users\User\AppData\Local\Temp\ccEsbv49.s:1451   .text.UART_DataRx_Deal:0000000000000174 .LBB52
C:\Users\User\AppData\Local\Temp\ccEsbv49.s:1464   .text.UART_DataRx_Deal:000000000000017c .LBE52
C:\Users\User\AppData\Local\Temp\ccEsbv49.s:6507   .debug_loclists:0000000000000106 .LLST30
C:\Users\User\AppData\Local\Temp\ccEsbv49.s:1497   .text.UART_DataRx_Deal:00000000000001b8 .LBB54
C:\Users\User\AppData\Local\Temp\ccEsbv49.s:1504   .text.UART_DataRx_Deal:00000000000001bc .LBE54
C:\Users\User\AppData\Local\Temp\ccEsbv49.s:6516   .debug_loclists:0000000000000114 .LLST31
C:\Users\User\AppData\Local\Temp\ccEsbv49.s:1217   .text.UART_DataRx_Deal:0000000000000086 .LVL74
C:\Users\User\AppData\Local\Temp\ccEsbv49.s:1483   .text.UART_DataRx_Deal:00000000000001a4 .LVL98
C:\Users\User\AppData\Local\Temp\ccEsbv49.s:6941   .debug_str:00000000000001e0 .LASF381
C:\Users\User\AppData\Local\Temp\ccEsbv49.s:838    .text.UART_DataTx_Deal:0000000000000000 .LFB48
C:\Users\User\AppData\Local\Temp\ccEsbv49.s:1105   .text.UART_DataTx_Deal:0000000000000170 .LFE48
C:\Users\User\AppData\Local\Temp\ccEsbv49.s:7057   .debug_str:0000000000000481 .LASF382
C:\Users\User\AppData\Local\Temp\ccEsbv49.s:6525   .debug_loclists:0000000000000122 .LLST15
C:\Users\User\AppData\Local\Temp\ccEsbv49.s:871    .text.UART_DataTx_Deal:0000000000000038 .LBB30
C:\Users\User\AppData\Local\Temp\ccEsbv49.s:6815   .debug_rnglists:000000000000000c .LLRL16
C:\Users\User\AppData\Local\Temp\ccEsbv49.s:6537   .debug_loclists:0000000000000133 .LLST17
C:\Users\User\AppData\Local\Temp\ccEsbv49.s:904    .text.UART_DataTx_Deal:0000000000000058 .LBB34
C:\Users\User\AppData\Local\Temp\ccEsbv49.s:917    .text.UART_DataTx_Deal:0000000000000060 .LBE34
C:\Users\User\AppData\Local\Temp\ccEsbv49.s:6546   .debug_loclists:0000000000000141 .LLST18
C:\Users\User\AppData\Local\Temp\ccEsbv49.s:1008   .text.UART_DataTx_Deal:00000000000000dc .LBB36
C:\Users\User\AppData\Local\Temp\ccEsbv49.s:1018   .text.UART_DataTx_Deal:00000000000000e6 .LBE36
C:\Users\User\AppData\Local\Temp\ccEsbv49.s:6555   .debug_loclists:000000000000014f .LLST19
C:\Users\User\AppData\Local\Temp\ccEsbv49.s:1061   .text.UART_DataTx_Deal:0000000000000122 .LVL67
C:\Users\User\AppData\Local\Temp\ccEsbv49.s:1067   .text.UART_DataTx_Deal:0000000000000134 .LVL68
C:\Users\User\AppData\Local\Temp\ccEsbv49.s:1090   .text.UART_DataTx_Deal:0000000000000158 .LVL69
C:\Users\User\AppData\Local\Temp\ccEsbv49.s:7665   .debug_str:00000000000013e8 .LASF383
C:\Users\User\AppData\Local\Temp\ccEsbv49.s:757    .text.UART_USB_Init:0000000000000000 .LFB47
C:\Users\User\AppData\Local\Temp\ccEsbv49.s:831    .text.UART_USB_Init:0000000000000070 .LFE47
C:\Users\User\AppData\Local\Temp\ccEsbv49.s:6905   .debug_str:000000000000011f .LASF384
C:\Users\User\AppData\Local\Temp\ccEsbv49.s:6564   .debug_loclists:000000000000015d .LLST12
C:\Users\User\AppData\Local\Temp\ccEsbv49.s:7663   .debug_str:00000000000013df .LASF385
C:\Users\User\AppData\Local\Temp\ccEsbv49.s:6602   .debug_loclists:000000000000019a .LLST13
C:\Users\User\AppData\Local\Temp\ccEsbv49.s:7371   .debug_str:0000000000000d27 .LASF386
C:\Users\User\AppData\Local\Temp\ccEsbv49.s:6609   .debug_loclists:00000000000001a6 .LLST14
C:\Users\User\AppData\Local\Temp\ccEsbv49.s:806    .text.UART_USB_Init:000000000000003e .LVL59
C:\Users\User\AppData\Local\Temp\ccEsbv49.s:6861   .debug_str:000000000000000b .LASF387
C:\Users\User\AppData\Local\Temp\ccEsbv49.s:666    .text.UART_Init:0000000000000000 .LFB46
C:\Users\User\AppData\Local\Temp\ccEsbv49.s:750    .text.UART_Init:00000000000000a2 .LFE46
C:\Users\User\AppData\Local\Temp\ccEsbv49.s:6987   .debug_str:0000000000000300 .LASF388
C:\Users\User\AppData\Local\Temp\ccEsbv49.s:6616   .debug_loclists:00000000000001b2 .LLST8
C:\Users\User\AppData\Local\Temp\ccEsbv49.s:6631   .debug_loclists:00000000000001cc .LLST9
C:\Users\User\AppData\Local\Temp\ccEsbv49.s:6643   .debug_loclists:00000000000001e3 .LLST10
C:\Users\User\AppData\Local\Temp\ccEsbv49.s:6658   .debug_loclists:00000000000001fd .LLST11
C:\Users\User\AppData\Local\Temp\ccEsbv49.s:698    .text.UART_Init:000000000000002a .LVL43
C:\Users\User\AppData\Local\Temp\ccEsbv49.s:703    .text.UART_Init:0000000000000038 .LVL44
C:\Users\User\AppData\Local\Temp\ccEsbv49.s:708    .text.UART_Init:0000000000000046 .LVL45
C:\Users\User\AppData\Local\Temp\ccEsbv49.s:714    .text.UART_Init:0000000000000054 .LVL46
C:\Users\User\AppData\Local\Temp\ccEsbv49.s:721    .text.UART_Init:0000000000000068 .LVL47
C:\Users\User\AppData\Local\Temp\ccEsbv49.s:728    .text.UART_Init:000000000000007e .LVL48
C:\Users\User\AppData\Local\Temp\ccEsbv49.s:734    .text.UART_Init:0000000000000090 .LVL49
C:\Users\User\AppData\Local\Temp\ccEsbv49.s:738    .text.UART_Init:000000000000009a .LVL50
C:\Users\User\AppData\Local\Temp\ccEsbv49.s:7221   .debug_str:0000000000000860 .LASF389
C:\Users\User\AppData\Local\Temp\ccEsbv49.s:493    .text.UART_DMAInit:0000000000000000 .LFB45
C:\Users\User\AppData\Local\Temp\ccEsbv49.s:659    .text.UART_DMAInit:00000000000000ea .LFE45
C:\Users\User\AppData\Local\Temp\ccEsbv49.s:7511   .debug_str:0000000000001056 .LASF390
C:\Users\User\AppData\Local\Temp\ccEsbv49.s:6673   .debug_loclists:0000000000000217 .LLST5
C:\Users\User\AppData\Local\Temp\ccEsbv49.s:7147   .debug_str:0000000000000685 .LASF391
C:\Users\User\AppData\Local\Temp\ccEsbv49.s:6688   .debug_loclists:0000000000000231 .LLST6
C:\Users\User\AppData\Local\Temp\ccEsbv49.s:6700   .debug_loclists:0000000000000248 .LLST7
C:\Users\User\AppData\Local\Temp\ccEsbv49.s:6971   .debug_str:0000000000000292 .LASF392
C:\Users\User\AppData\Local\Temp\ccEsbv49.s:519    .text.UART_DMAInit:0000000000000020 .LVL31
C:\Users\User\AppData\Local\Temp\ccEsbv49.s:527    .text.UART_DMAInit:0000000000000034 .LVL32
C:\Users\User\AppData\Local\Temp\ccEsbv49.s:573    .text.UART_DMAInit:0000000000000068 .LVL33
C:\Users\User\AppData\Local\Temp\ccEsbv49.s:578    .text.UART_DMAInit:0000000000000076 .LVL34
C:\Users\User\AppData\Local\Temp\ccEsbv49.s:585    .text.UART_DMAInit:0000000000000084 .LVL35
C:\Users\User\AppData\Local\Temp\ccEsbv49.s:602    .text.UART_DMAInit:000000000000009e .LVL36
C:\Users\User\AppData\Local\Temp\ccEsbv49.s:648    .text.UART_DMAInit:00000000000000d4 .LVL37
C:\Users\User\AppData\Local\Temp\ccEsbv49.s:653    .text.UART_DMAInit:00000000000000e2 .LVL38
C:\Users\User\AppData\Local\Temp\ccEsbv49.s:7099   .debug_str:0000000000000589 .LASF393
C:\Users\User\AppData\Local\Temp\ccEsbv49.s:368    .text.UART_ParaInit:0000000000000000 .LFB44
C:\Users\User\AppData\Local\Temp\ccEsbv49.s:486    .text.UART_ParaInit:0000000000000098 .LFE44
C:\Users\User\AppData\Local\Temp\ccEsbv49.s:6712   .debug_loclists:000000000000025f .LLST4
C:\Users\User\AppData\Local\Temp\ccEsbv49.s:7537   .debug_str:00000000000010fb .LASF394
C:\Users\User\AppData\Local\Temp\ccEsbv49.s:138    .text.UART_CfgInit:0000000000000000 .LFB43
C:\Users\User\AppData\Local\Temp\ccEsbv49.s:361    .text.UART_CfgInit:0000000000000148 .LFE43
C:\Users\User\AppData\Local\Temp\ccEsbv49.s:6725   .debug_loclists:0000000000000277 .LLST1
C:\Users\User\AppData\Local\Temp\ccEsbv49.s:6737   .debug_loclists:000000000000028e .LLST2
C:\Users\User\AppData\Local\Temp\ccEsbv49.s:6752   .debug_loclists:00000000000002a8 .LLST3
C:\Users\User\AppData\Local\Temp\ccEsbv49.s:7185   .debug_str:0000000000000780 .LASF395
C:\Users\User\AppData\Local\Temp\ccEsbv49.s:7299   .debug_str:0000000000000b35 .LASF396
C:\Users\User\AppData\Local\Temp\ccEsbv49.s:180    .text.UART_CfgInit:0000000000000030 .LVL12
C:\Users\User\AppData\Local\Temp\ccEsbv49.s:199    .text.UART_CfgInit:000000000000004a .LVL13
C:\Users\User\AppData\Local\Temp\ccEsbv49.s:223    .text.UART_CfgInit:0000000000000078 .LVL14
C:\Users\User\AppData\Local\Temp\ccEsbv49.s:229    .text.UART_CfgInit:0000000000000088 .LVL15
C:\Users\User\AppData\Local\Temp\ccEsbv49.s:246    .text.UART_CfgInit:00000000000000a0 .LVL16
C:\Users\User\AppData\Local\Temp\ccEsbv49.s:252    .text.UART_CfgInit:00000000000000b0 .LVL17
C:\Users\User\AppData\Local\Temp\ccEsbv49.s:271    .text.UART_CfgInit:00000000000000ca .LVL18
C:\Users\User\AppData\Local\Temp\ccEsbv49.s:321    .text.UART_CfgInit:000000000000010e .LVL19
C:\Users\User\AppData\Local\Temp\ccEsbv49.s:326    .text.UART_CfgInit:000000000000011e .LVL20
C:\Users\User\AppData\Local\Temp\ccEsbv49.s:331    .text.UART_CfgInit:000000000000012c .LVL21
C:\Users\User\AppData\Local\Temp\ccEsbv49.s:7247   .debug_str:00000000000009dc .LASF397
C:\Users\User\AppData\Local\Temp\ccEsbv49.s:52     .text.TIM2_Init:0000000000000000 .LFB42
C:\Users\User\AppData\Local\Temp\ccEsbv49.s:131    .text.TIM2_Init:0000000000000090 .LFE42
C:\Users\User\AppData\Local\Temp\ccEsbv49.s:7505   .debug_str:000000000000102f .LASF398
C:\Users\User\AppData\Local\Temp\ccEsbv49.s:108    .text.TIM2_Init:000000000000006c .LBB28
C:\Users\User\AppData\Local\Temp\ccEsbv49.s:118    .text.TIM2_Init:0000000000000078 .LBE28
C:\Users\User\AppData\Local\Temp\ccEsbv49.s:6767   .debug_loclists:00000000000002c2 .LLST0
C:\Users\User\AppData\Local\Temp\ccEsbv49.s:70     .text.TIM2_Init:000000000000001e .LVL3
C:\Users\User\AppData\Local\Temp\ccEsbv49.s:95     .text.TIM2_Init:000000000000004e .LVL4
C:\Users\User\AppData\Local\Temp\ccEsbv49.s:100    .text.TIM2_Init:000000000000005c .LVL5
C:\Users\User\AppData\Local\Temp\ccEsbv49.s:106    .text.TIM2_Init:000000000000006c .LVL6
C:\Users\User\AppData\Local\Temp\ccEsbv49.s:123    .text.TIM2_Init:0000000000000086 .LVL8
C:\Users\User\AppData\Local\Temp\ccEsbv49.s:7281   .debug_str:0000000000000ac8 .LASF407
C:\Users\User\AppData\Local\Temp\ccEsbv49.s:15     .text.RCC_Configuration:0000000000000000 .LFB41
C:\Users\User\AppData\Local\Temp\ccEsbv49.s:45     .text.RCC_Configuration:000000000000003c .LFE41
C:\Users\User\AppData\Local\Temp\ccEsbv49.s:26     .text.RCC_Configuration:0000000000000016 .LVL0
C:\Users\User\AppData\Local\Temp\ccEsbv49.s:32     .text.RCC_Configuration:0000000000000026 .LVL1
C:\Users\User\AppData\Local\Temp\ccEsbv49.s:37     .text.RCC_Configuration:0000000000000032 .LVL2
C:\Users\User\AppData\Local\Temp\ccEsbv49.s:7177   .debug_str:0000000000000742 .LASF399
C:\Users\User\AppData\Local\Temp\ccEsbv49.s:7073   .debug_str:00000000000004ed .LASF400
C:\Users\User\AppData\Local\Temp\ccEsbv49.s:6995   .debug_str:0000000000000318 .LASF403
C:\Users\User\AppData\Local\Temp\ccEsbv49.s:7289   .debug_str:0000000000000af3 .LASF402
C:\Users\User\AppData\Local\Temp\ccEsbv49.s:7479   .debug_str:0000000000000f94 .LASF404
C:\Users\User\AppData\Local\Temp\ccEsbv49.s:1197   .text.UART_DataRx_Deal:0000000000000064 .LVL73
C:\Users\User\AppData\Local\Temp\ccEsbv49.s:1286   .text.UART_DataRx_Deal:00000000000000d0 .LVL83
C:\Users\User\AppData\Local\Temp\ccEsbv49.s:1293   .text.UART_DataRx_Deal:00000000000000dc .LVL84
C:\Users\User\AppData\Local\Temp\ccEsbv49.s:1300   .text.UART_DataRx_Deal:00000000000000e0 .LVL85
C:\Users\User\AppData\Local\Temp\ccEsbv49.s:1252   .text.UART_DataRx_Deal:00000000000000aa .LVL77
C:\Users\User\AppData\Local\Temp\ccEsbv49.s:1265   .text.UART_DataRx_Deal:00000000000000b8 .LVL79
C:\Users\User\AppData\Local\Temp\ccEsbv49.s:1304   .text.UART_DataRx_Deal:00000000000000e8 .LVL86
C:\Users\User\AppData\Local\Temp\ccEsbv49.s:1319   .text.UART_DataRx_Deal:00000000000000fa .LVL87
C:\Users\User\AppData\Local\Temp\ccEsbv49.s:1414   .text.UART_DataRx_Deal:0000000000000158 .LVL93
C:\Users\User\AppData\Local\Temp\ccEsbv49.s:1426   .text.UART_DataRx_Deal:0000000000000164 .LVL94
C:\Users\User\AppData\Local\Temp\ccEsbv49.s:1257   .text.UART_DataRx_Deal:00000000000000ae .LVL78
C:\Users\User\AppData\Local\Temp\ccEsbv49.s:1270   .text.UART_DataRx_Deal:00000000000000be .LVL80
C:\Users\User\AppData\Local\Temp\ccEsbv49.s:1279   .text.UART_DataRx_Deal:00000000000000ca .LVL81
C:\Users\User\AppData\Local\Temp\ccEsbv49.s:1281   .text.UART_DataRx_Deal:00000000000000cc .LVL82
C:\Users\User\AppData\Local\Temp\ccEsbv49.s:1431   .text.UART_DataRx_Deal:0000000000000166 .LVL95
C:\Users\User\AppData\Local\Temp\ccEsbv49.s:1130   .text.UART_DataRx_Deal:0000000000000008 .LVL70
C:\Users\User\AppData\Local\Temp\ccEsbv49.s:1143   .text.UART_DataRx_Deal:0000000000000016 .LVL71
C:\Users\User\AppData\Local\Temp\ccEsbv49.s:1158   .text.UART_DataRx_Deal:000000000000001e .LVL72
C:\Users\User\AppData\Local\Temp\ccEsbv49.s:1222   .text.UART_DataRx_Deal:000000000000008a .LVL75
C:\Users\User\AppData\Local\Temp\ccEsbv49.s:1232   .text.UART_DataRx_Deal:0000000000000094 .LVL76
C:\Users\User\AppData\Local\Temp\ccEsbv49.s:1338   .text.UART_DataRx_Deal:0000000000000110 .LVL88
C:\Users\User\AppData\Local\Temp\ccEsbv49.s:1351   .text.UART_DataRx_Deal:000000000000011e .LVL89
C:\Users\User\AppData\Local\Temp\ccEsbv49.s:1366   .text.UART_DataRx_Deal:0000000000000126 .LVL90
C:\Users\User\AppData\Local\Temp\ccEsbv49.s:1395   .text.UART_DataRx_Deal:000000000000014c .LVL91
C:\Users\User\AppData\Local\Temp\ccEsbv49.s:1401   .text.UART_DataRx_Deal:0000000000000150 .LVL92
C:\Users\User\AppData\Local\Temp\ccEsbv49.s:1446   .text.UART_DataRx_Deal:0000000000000174 .LVL96
C:\Users\User\AppData\Local\Temp\ccEsbv49.s:1461   .text.UART_DataRx_Deal:000000000000017c .LVL97
C:\Users\User\AppData\Local\Temp\ccEsbv49.s:1496   .text.UART_DataRx_Deal:00000000000001b8 .LVL99
C:\Users\User\AppData\Local\Temp\ccEsbv49.s:1502   .text.UART_DataRx_Deal:00000000000001bc .LVL100
C:\Users\User\AppData\Local\Temp\ccEsbv49.s:929    .text.UART_DataTx_Deal:000000000000006e .LVL63
C:\Users\User\AppData\Local\Temp\ccEsbv49.s:941    .text.UART_DataTx_Deal:000000000000007e .LVL64
C:\Users\User\AppData\Local\Temp\ccEsbv49.s:887    .text.UART_DataTx_Deal:000000000000004c .LVL60
C:\Users\User\AppData\Local\Temp\ccEsbv49.s:899    .text.UART_DataTx_Deal:0000000000000058 .LVL61
C:\Users\User\AppData\Local\Temp\ccEsbv49.s:914    .text.UART_DataTx_Deal:0000000000000060 .LVL62
C:\Users\User\AppData\Local\Temp\ccEsbv49.s:1007   .text.UART_DataTx_Deal:00000000000000dc .LVL65
C:\Users\User\AppData\Local\Temp\ccEsbv49.s:1015   .text.UART_DataTx_Deal:00000000000000e6 .LVL66
C:\Users\User\AppData\Local\Temp\ccEsbv49.s:773    .text.UART_USB_Init:0000000000000018 .LVL51
C:\Users\User\AppData\Local\Temp\ccEsbv49.s:781    .text.UART_USB_Init:0000000000000022 .LVL52
C:\Users\User\AppData\Local\Temp\ccEsbv49.s:786    .text.UART_USB_Init:0000000000000026 .LVL53
C:\Users\User\AppData\Local\Temp\ccEsbv49.s:788    .text.UART_USB_Init:0000000000000028 .LVL54
C:\Users\User\AppData\Local\Temp\ccEsbv49.s:800    .text.UART_USB_Init:0000000000000032 .LVL57
C:\Users\User\AppData\Local\Temp\ccEsbv49.s:803    .text.UART_USB_Init:0000000000000034 .LVL58
C:\Users\User\AppData\Local\Temp\ccEsbv49.s:792    .text.UART_USB_Init:000000000000002c .LVL55
C:\Users\User\AppData\Local\Temp\ccEsbv49.s:796    .text.UART_USB_Init:0000000000000030 .LVL56
C:\Users\User\AppData\Local\Temp\ccEsbv49.s:669    .text.UART_Init:0000000000000000 .LVL39
C:\Users\User\AppData\Local\Temp\ccEsbv49.s:687    .text.UART_Init:0000000000000016 .LVL40
C:\Users\User\AppData\Local\Temp\ccEsbv49.s:691    .text.UART_Init:000000000000001c .LVL42
C:\Users\User\AppData\Local\Temp\ccEsbv49.s:689    .text.UART_Init:0000000000000018 .LVL41
C:\Users\User\AppData\Local\Temp\ccEsbv49.s:496    .text.UART_DMAInit:0000000000000000 .LVL27
C:\Users\User\AppData\Local\Temp\ccEsbv49.s:517    .text.UART_DMAInit:0000000000000018 .LVL30
C:\Users\User\AppData\Local\Temp\ccEsbv49.s:513    .text.UART_DMAInit:0000000000000012 .LVL28
C:\Users\User\AppData\Local\Temp\ccEsbv49.s:515    .text.UART_DMAInit:0000000000000016 .LVL29
C:\Users\User\AppData\Local\Temp\ccEsbv49.s:401    .text.UART_ParaInit:0000000000000028 .LVL23
C:\Users\User\AppData\Local\Temp\ccEsbv49.s:408    .text.UART_ParaInit:0000000000000030 .LVL24
C:\Users\User\AppData\Local\Temp\ccEsbv49.s:415    .text.UART_ParaInit:0000000000000036 .LVL25
C:\Users\User\AppData\Local\Temp\ccEsbv49.s:141    .text.UART_CfgInit:0000000000000000 .LVL9
C:\Users\User\AppData\Local\Temp\ccEsbv49.s:162    .text.UART_CfgInit:0000000000000016 .LVL10
C:\Users\User\AppData\Local\Temp\ccEsbv49.s:164    .text.UART_CfgInit:0000000000000018 .LVL11
C:\Users\User\AppData\Local\Temp\ccEsbv49.s:116    .text.TIM2_Init:0000000000000078 .LVL7
C:\Users\User\AppData\Local\Temp\ccEsbv49.s:1668   .debug_info:0000000000000000 .Ldebug_info0
C:\Users\User\AppData\Local\Temp\ccEsbv49.s:876    .text.UART_DataTx_Deal:000000000000003a .LBE30
C:\Users\User\AppData\Local\Temp\ccEsbv49.s:888    .text.UART_DataTx_Deal:000000000000004c .LBB33
C:\Users\User\AppData\Local\Temp\ccEsbv49.s:902    .text.UART_DataTx_Deal:0000000000000058 .LBE33

UNDEFINED SYMBOLS
__riscv_save_0
RCC_HB2PeriphClockCmd
RCC_HB1PeriphClockCmd
RCC_HBPeriphClockCmd
__riscv_restore_0
TIM_DeInit
SystemCoreClock
TIM_TimeBaseInit
TIM_ClearFlag
TIM_ITConfig
TIM_Cmd
__riscv_save_6
GPIO_SetBits
GPIO_Init
GPIO_PinAFConfig
USART_Init
USART_ClearFlag
USART_Cmd
__riscv_restore_6
__riscv_save_3
memset
DMA_DeInit
DMA_Init
DMA_MuxChannelConfig
DMA_Cmd
__riscv_restore_3
USART_DMACmd
__riscv_save_4
printf
__riscv_restore_4
USBFS_EP3_Buf
memcpy
