   1              		.file	"ch32h417_qspi.c"
   2              		.option nopic
   3              		.attribute arch, "rv32i2p0_m2p0_a2p0_c2p0_zba1p0_zbb1p0_zbc1p0_zbs1p0_xw"
   4              		.attribute unaligned_access, 0
   5              		.attribute stack_align, 16
   6              		.text
   7              	.Ltext0:
   8              		.cfi_sections	.debug_frame
   9              		.file 0 "c:\\Users\\User\\Documents\\GitHub\\ch32h417\\EVT\\EXAM\\USBFS\\DEVICE\\SimulateCDC\\V3F\
  10              		.section	.text.QSPI_DeInit,"ax",@progbits
  11              		.align	1
  12              		.globl	QSPI_DeInit
  14              	QSPI_DeInit:
  15              	.LFB40:
  16              		.file 1 "c:/Users/User/Documents/GitHub/ch32h417/EVT/EXAM/SRC/Peripheral/src/ch32h417_qspi.c"
   1:c:/Users/User/Documents/GitHub/ch32h417/EVT/EXAM/SRC/Peripheral/src\ch32h417_qspi.c **** /********************************** (C) COPYRIGHT *******************************
   2:c:/Users/User/Documents/GitHub/ch32h417/EVT/EXAM/SRC/Peripheral/src\ch32h417_qspi.c **** * File Name          : ch32h417_qspi.c
   3:c:/Users/User/Documents/GitHub/ch32h417/EVT/EXAM/SRC/Peripheral/src\ch32h417_qspi.c **** * Author             : WCH
   4:c:/Users/User/Documents/GitHub/ch32h417/EVT/EXAM/SRC/Peripheral/src\ch32h417_qspi.c **** * Version            : V1.0.0
   5:c:/Users/User/Documents/GitHub/ch32h417/EVT/EXAM/SRC/Peripheral/src\ch32h417_qspi.c **** * Date               : 2025/03/01
   6:c:/Users/User/Documents/GitHub/ch32h417/EVT/EXAM/SRC/Peripheral/src\ch32h417_qspi.c **** * Description        : This file provides all the QSPI firmware functions.
   7:c:/Users/User/Documents/GitHub/ch32h417/EVT/EXAM/SRC/Peripheral/src\ch32h417_qspi.c **** *********************************************************************************
   8:c:/Users/User/Documents/GitHub/ch32h417/EVT/EXAM/SRC/Peripheral/src\ch32h417_qspi.c **** * Copyright (c) 2025 Nanjing Qinheng Microelectronics Co., Ltd.
   9:c:/Users/User/Documents/GitHub/ch32h417/EVT/EXAM/SRC/Peripheral/src\ch32h417_qspi.c **** * Attention: This software (modified or not) and binary are used for 
  10:c:/Users/User/Documents/GitHub/ch32h417/EVT/EXAM/SRC/Peripheral/src\ch32h417_qspi.c **** * microcontroller manufactured by Nanjing Qinheng Microelectronics.
  11:c:/Users/User/Documents/GitHub/ch32h417/EVT/EXAM/SRC/Peripheral/src\ch32h417_qspi.c **** *******************************************************************************/
  12:c:/Users/User/Documents/GitHub/ch32h417/EVT/EXAM/SRC/Peripheral/src\ch32h417_qspi.c **** #include "ch32h417_qspi.h"
  13:c:/Users/User/Documents/GitHub/ch32h417/EVT/EXAM/SRC/Peripheral/src\ch32h417_qspi.c **** #include "ch32h417_rcc.h"
  14:c:/Users/User/Documents/GitHub/ch32h417/EVT/EXAM/SRC/Peripheral/src\ch32h417_qspi.c **** 
  15:c:/Users/User/Documents/GitHub/ch32h417/EVT/EXAM/SRC/Peripheral/src\ch32h417_qspi.c **** #define QSPI_CR_CLEAR_MASK               0x00FFFFCF
  16:c:/Users/User/Documents/GitHub/ch32h417/EVT/EXAM/SRC/Peripheral/src\ch32h417_qspi.c **** #define QSPI_DCR_CLEAR_MASK              0xFFE0F7FE
  17:c:/Users/User/Documents/GitHub/ch32h417/EVT/EXAM/SRC/Peripheral/src\ch32h417_qspi.c **** #define QSPI_CCR_CLEAR_MASK              0x90800000
  18:c:/Users/User/Documents/GitHub/ch32h417/EVT/EXAM/SRC/Peripheral/src\ch32h417_qspi.c **** #define QSPI_PIR_CLEAR_MASK              0xFFFF0000
  19:c:/Users/User/Documents/GitHub/ch32h417/EVT/EXAM/SRC/Peripheral/src\ch32h417_qspi.c **** #define QSPI_LPTR_CLEAR_MASK             0xFFFF0000
  20:c:/Users/User/Documents/GitHub/ch32h417/EVT/EXAM/SRC/Peripheral/src\ch32h417_qspi.c **** #define QSPI_CCR_CLEAR_INSTRUCTION_MASK  0xFFFFFF00
  21:c:/Users/User/Documents/GitHub/ch32h417/EVT/EXAM/SRC/Peripheral/src\ch32h417_qspi.c **** #define QSPI_CCR_CLEAR_DCY_MASK          0xFFC3FFFF
  22:c:/Users/User/Documents/GitHub/ch32h417/EVT/EXAM/SRC/Peripheral/src\ch32h417_qspi.c **** #define QSPI_CR_CLEAR_FIFOTHRESHOLD_MASK 0xFFFFF0FF
  23:c:/Users/User/Documents/GitHub/ch32h417/EVT/EXAM/SRC/Peripheral/src\ch32h417_qspi.c **** #define QSPI_CR_INTERRUPT_MASK           0x001F0000
  24:c:/Users/User/Documents/GitHub/ch32h417/EVT/EXAM/SRC/Peripheral/src\ch32h417_qspi.c **** #define QSPI_SR_INTERRUPT_MASK           0x0000001F
  25:c:/Users/User/Documents/GitHub/ch32h417/EVT/EXAM/SRC/Peripheral/src\ch32h417_qspi.c **** #define QSPI_FSR_INTERRUPT_MASK          0x0000001B
  26:c:/Users/User/Documents/GitHub/ch32h417/EVT/EXAM/SRC/Peripheral/src\ch32h417_qspi.c **** 
  27:c:/Users/User/Documents/GitHub/ch32h417/EVT/EXAM/SRC/Peripheral/src\ch32h417_qspi.c **** /*********************************************************************
  28:c:/Users/User/Documents/GitHub/ch32h417/EVT/EXAM/SRC/Peripheral/src\ch32h417_qspi.c ****  * @fn      QSPI_DeInit
  29:c:/Users/User/Documents/GitHub/ch32h417/EVT/EXAM/SRC/Peripheral/src\ch32h417_qspi.c ****  *
  30:c:/Users/User/Documents/GitHub/ch32h417/EVT/EXAM/SRC/Peripheral/src\ch32h417_qspi.c ****  * @brief   Deinitializes the QSPI peripheral registers to their default 
  31:c:/Users/User/Documents/GitHub/ch32h417/EVT/EXAM/SRC/Peripheral/src\ch32h417_qspi.c ****  *          reset values.
  32:c:/Users/User/Documents/GitHub/ch32h417/EVT/EXAM/SRC/Peripheral/src\ch32h417_qspi.c ****  *
  33:c:/Users/User/Documents/GitHub/ch32h417/EVT/EXAM/SRC/Peripheral/src\ch32h417_qspi.c ****  * @param   QSPIx - where x can be  - 1, 2. 
  34:c:/Users/User/Documents/GitHub/ch32h417/EVT/EXAM/SRC/Peripheral/src\ch32h417_qspi.c ****  * 
  35:c:/Users/User/Documents/GitHub/ch32h417/EVT/EXAM/SRC/Peripheral/src\ch32h417_qspi.c ****  * @return  None
  36:c:/Users/User/Documents/GitHub/ch32h417/EVT/EXAM/SRC/Peripheral/src\ch32h417_qspi.c ****  */
  37:c:/Users/User/Documents/GitHub/ch32h417/EVT/EXAM/SRC/Peripheral/src\ch32h417_qspi.c **** void QSPI_DeInit(QSPI_TypeDef *QSPIx)
  38:c:/Users/User/Documents/GitHub/ch32h417/EVT/EXAM/SRC/Peripheral/src\ch32h417_qspi.c **** {
  17              		.loc 1 38 1
  18              		.cfi_startproc
  19              	.LVL0:
  20 0000 17030000 		call	t0,__riscv_save_0
  20      E7020300 
  21              		.cfi_offset 1, -4
  22              		.cfi_def_cfa_offset 16
  39:c:/Users/User/Documents/GitHub/ch32h417/EVT/EXAM/SRC/Peripheral/src\ch32h417_qspi.c ****     if (QSPIx == QSPI1)
  23              		.loc 1 39 5
  24              		.loc 1 39 8 is_stmt 0
  25 0008 B7570240 		li	a5,1073893376
  26 000c 138707C0 		addi	a4,a5,-1024
  27 0010 6312E502 		bne	a0,a4,.L2
  40:c:/Users/User/Documents/GitHub/ch32h417/EVT/EXAM/SRC/Peripheral/src\ch32h417_qspi.c ****     {
  41:c:/Users/User/Documents/GitHub/ch32h417/EVT/EXAM/SRC/Peripheral/src\ch32h417_qspi.c ****         RCC_HB2PeriphResetCmd(RCC_HB1Periph_QSPI1, ENABLE);
  28              		.loc 1 41 9 is_stmt 1
  29 0014 8545     		li	a1,1
  30 0016 0565     		li	a0,4096
  31              	.LVL1:
  32 0018 97000000 		call	RCC_HB2PeriphResetCmd
  32      E7800000 
  33              	.LVL2:
  42:c:/Users/User/Documents/GitHub/ch32h417/EVT/EXAM/SRC/Peripheral/src\ch32h417_qspi.c ****         RCC_HB2PeriphResetCmd(RCC_HB1Periph_QSPI1, DISABLE);
  34              		.loc 1 42 9
  35 0020 8145     		li	a1,0
  36 0022 0565     		li	a0,4096
  37              	.L5:
  43:c:/Users/User/Documents/GitHub/ch32h417/EVT/EXAM/SRC/Peripheral/src\ch32h417_qspi.c ****     }
  44:c:/Users/User/Documents/GitHub/ch32h417/EVT/EXAM/SRC/Peripheral/src\ch32h417_qspi.c ****     else if (QSPIx == QSPI2)
  45:c:/Users/User/Documents/GitHub/ch32h417/EVT/EXAM/SRC/Peripheral/src\ch32h417_qspi.c ****     {
  46:c:/Users/User/Documents/GitHub/ch32h417/EVT/EXAM/SRC/Peripheral/src\ch32h417_qspi.c ****         RCC_HB2PeriphResetCmd(RCC_HB1Periph_QSPI2, ENABLE);
  47:c:/Users/User/Documents/GitHub/ch32h417/EVT/EXAM/SRC/Peripheral/src\ch32h417_qspi.c ****         RCC_HB2PeriphResetCmd(RCC_HB1Periph_QSPI2, DISABLE);
  38              		.loc 1 47 9 is_stmt 0
  39 0024 97000000 		call	RCC_HB2PeriphResetCmd
  39      E7800000 
  40              	.LVL3:
  41              	.L1:
  48:c:/Users/User/Documents/GitHub/ch32h417/EVT/EXAM/SRC/Peripheral/src\ch32h417_qspi.c ****     }
  49:c:/Users/User/Documents/GitHub/ch32h417/EVT/EXAM/SRC/Peripheral/src\ch32h417_qspi.c **** }
  42              		.loc 1 49 1
  43 002c 17030000 		tail	__riscv_restore_0
  43      67000300 
  44              		.cfi_remember_state
  45              		.cfi_restore 1
  46              		.cfi_def_cfa_offset 0
  47              	.LVL4:
  48              	.L2:
  49              		.cfi_restore_state
  44:c:/Users/User/Documents/GitHub/ch32h417/EVT/EXAM/SRC/Peripheral/src\ch32h417_qspi.c ****     {
  50              		.loc 1 44 10 is_stmt 1
  44:c:/Users/User/Documents/GitHub/ch32h417/EVT/EXAM/SRC/Peripheral/src\ch32h417_qspi.c ****     {
  51              		.loc 1 44 13 is_stmt 0
  52 0034 E31CF5FE 		bne	a0,a5,.L1
  46:c:/Users/User/Documents/GitHub/ch32h417/EVT/EXAM/SRC/Peripheral/src\ch32h417_qspi.c ****         RCC_HB2PeriphResetCmd(RCC_HB1Periph_QSPI2, DISABLE);
  53              		.loc 1 46 9 is_stmt 1
  54 0038 8545     		li	a1,1
  55 003a 0965     		li	a0,8192
  56              	.LVL5:
  57 003c 97000000 		call	RCC_HB2PeriphResetCmd
  57      E7800000 
  58              	.LVL6:
  47:c:/Users/User/Documents/GitHub/ch32h417/EVT/EXAM/SRC/Peripheral/src\ch32h417_qspi.c ****     }
  59              		.loc 1 47 9
  60 0044 8145     		li	a1,0
  61 0046 0965     		li	a0,8192
  62 0048 F1BF     		j	.L5
  63              		.cfi_endproc
  64              	.LFE40:
  66              		.section	.text.QSPI_ComConfig_StructInit,"ax",@progbits
  67              		.align	1
  68              		.globl	QSPI_ComConfig_StructInit
  70              	QSPI_ComConfig_StructInit:
  71              	.LFB41:
  50:c:/Users/User/Documents/GitHub/ch32h417/EVT/EXAM/SRC/Peripheral/src\ch32h417_qspi.c **** 
  51:c:/Users/User/Documents/GitHub/ch32h417/EVT/EXAM/SRC/Peripheral/src\ch32h417_qspi.c **** /*********************************************************************
  52:c:/Users/User/Documents/GitHub/ch32h417/EVT/EXAM/SRC/Peripheral/src\ch32h417_qspi.c ****  * @fn      QSPI_ComConfig_StructInit
  53:c:/Users/User/Documents/GitHub/ch32h417/EVT/EXAM/SRC/Peripheral/src\ch32h417_qspi.c ****  *
  54:c:/Users/User/Documents/GitHub/ch32h417/EVT/EXAM/SRC/Peripheral/src\ch32h417_qspi.c ****  * @brief   Fills each QSPI_ComConfig_InitStruct member with its default value.
  55:c:/Users/User/Documents/GitHub/ch32h417/EVT/EXAM/SRC/Peripheral/src\ch32h417_qspi.c ****  *
  56:c:/Users/User/Documents/GitHub/ch32h417/EVT/EXAM/SRC/Peripheral/src\ch32h417_qspi.c ****  * @param   QSPIx - where x can be  - 1, 2.
  57:c:/Users/User/Documents/GitHub/ch32h417/EVT/EXAM/SRC/Peripheral/src\ch32h417_qspi.c ****  *          QSPI_ComConfig_InitStruct - pointer to a QSPI_ComConfig_InitTypeDef 
  58:c:/Users/User/Documents/GitHub/ch32h417/EVT/EXAM/SRC/Peripheral/src\ch32h417_qspi.c ****  *        structure which will be initialized.
  59:c:/Users/User/Documents/GitHub/ch32h417/EVT/EXAM/SRC/Peripheral/src\ch32h417_qspi.c ****  *
  60:c:/Users/User/Documents/GitHub/ch32h417/EVT/EXAM/SRC/Peripheral/src\ch32h417_qspi.c ****  * @return  none
  61:c:/Users/User/Documents/GitHub/ch32h417/EVT/EXAM/SRC/Peripheral/src\ch32h417_qspi.c ****  */
  62:c:/Users/User/Documents/GitHub/ch32h417/EVT/EXAM/SRC/Peripheral/src\ch32h417_qspi.c **** void QSPI_ComConfig_StructInit(QSPI_ComConfig_InitTypeDef *QSPI_ComConfig_InitStruct)
  63:c:/Users/User/Documents/GitHub/ch32h417/EVT/EXAM/SRC/Peripheral/src\ch32h417_qspi.c **** {
  72              		.loc 1 63 1
  73              		.cfi_startproc
  74              	.LVL7:
  64:c:/Users/User/Documents/GitHub/ch32h417/EVT/EXAM/SRC/Peripheral/src\ch32h417_qspi.c **** 
  65:c:/Users/User/Documents/GitHub/ch32h417/EVT/EXAM/SRC/Peripheral/src\ch32h417_qspi.c ****     QSPI_ComConfig_InitStruct->QSPI_ComConfig_SIOOMode = QSPI_ComConfig_SIOOMode_Disable;
  75              		.loc 1 65 5
  76              		.loc 1 65 56 is_stmt 0
  77 0000 23220500 		sw	zero,4(a0)
  66:c:/Users/User/Documents/GitHub/ch32h417/EVT/EXAM/SRC/Peripheral/src\ch32h417_qspi.c ****     QSPI_ComConfig_InitStruct->QSPI_ComConfig_FMode = QSPI_ComConfig_FMode_Indirect_Write;
  78              		.loc 1 66 5 is_stmt 1
  79              		.loc 1 66 53 is_stmt 0
  80 0004 23200500 		sw	zero,0(a0)
  67:c:/Users/User/Documents/GitHub/ch32h417/EVT/EXAM/SRC/Peripheral/src\ch32h417_qspi.c ****     QSPI_ComConfig_InitStruct->QSPI_ComConfig_DMode = QSPI_ComConfig_DMode_NoData;
  81              		.loc 1 67 5 is_stmt 1
  82              		.loc 1 67 53 is_stmt 0
  83 0008 23240500 		sw	zero,8(a0)
  68:c:/Users/User/Documents/GitHub/ch32h417/EVT/EXAM/SRC/Peripheral/src\ch32h417_qspi.c ****     QSPI_ComConfig_InitStruct->QSPI_ComConfig_DummyCycles = 0;
  84              		.loc 1 68 5 is_stmt 1
  85              		.loc 1 68 59 is_stmt 0
  86 000c 23260500 		sw	zero,12(a0)
  69:c:/Users/User/Documents/GitHub/ch32h417/EVT/EXAM/SRC/Peripheral/src\ch32h417_qspi.c ****     QSPI_ComConfig_InitStruct->QSPI_ComConfig_ABSize = QSPI_ComConfig_ABSize_8bit;
  87              		.loc 1 69 5 is_stmt 1
  88              		.loc 1 69 54 is_stmt 0
  89 0010 23280500 		sw	zero,16(a0)
  70:c:/Users/User/Documents/GitHub/ch32h417/EVT/EXAM/SRC/Peripheral/src\ch32h417_qspi.c ****     QSPI_ComConfig_InitStruct->QSPI_ComConfig_ABMode = QSPI_ComConfig_ABMode_NoAlternateByte;
  90              		.loc 1 70 5 is_stmt 1
  91              		.loc 1 70 54 is_stmt 0
  92 0014 232A0500 		sw	zero,20(a0)
  71:c:/Users/User/Documents/GitHub/ch32h417/EVT/EXAM/SRC/Peripheral/src\ch32h417_qspi.c ****     QSPI_ComConfig_InitStruct->QSPI_ComConfig_ADSize = QSPI_ComConfig_ADSize_8bit;
  93              		.loc 1 71 5 is_stmt 1
  94              		.loc 1 71 54 is_stmt 0
  95 0018 232C0500 		sw	zero,24(a0)
  72:c:/Users/User/Documents/GitHub/ch32h417/EVT/EXAM/SRC/Peripheral/src\ch32h417_qspi.c ****     QSPI_ComConfig_InitStruct->QSPI_ComConfig_ADMode = QSPI_ComConfig_ADMode_NoAddress;
  96              		.loc 1 72 5 is_stmt 1
  97              		.loc 1 72 54 is_stmt 0
  98 001c 232E0500 		sw	zero,28(a0)
  73:c:/Users/User/Documents/GitHub/ch32h417/EVT/EXAM/SRC/Peripheral/src\ch32h417_qspi.c ****     QSPI_ComConfig_InitStruct->QSPI_ComConfig_IMode = QSPI_ComConfig_IMode_NoInstruction;
  99              		.loc 1 73 5 is_stmt 1
 100              		.loc 1 73 53 is_stmt 0
 101 0020 23200502 		sw	zero,32(a0)
  74:c:/Users/User/Documents/GitHub/ch32h417/EVT/EXAM/SRC/Peripheral/src\ch32h417_qspi.c ****     QSPI_ComConfig_InitStruct->QSPI_ComConfig_Ins = 0;
 102              		.loc 1 74 5 is_stmt 1
 103              		.loc 1 74 51 is_stmt 0
 104 0024 23220502 		sw	zero,36(a0)
  75:c:/Users/User/Documents/GitHub/ch32h417/EVT/EXAM/SRC/Peripheral/src\ch32h417_qspi.c **** }
 105              		.loc 1 75 1
 106 0028 8280     		ret
 107              		.cfi_endproc
 108              	.LFE41:
 110              		.section	.text.QSPI_Init,"ax",@progbits
 111              		.align	1
 112              		.globl	QSPI_Init
 114              	QSPI_Init:
 115              	.LFB42:
  76:c:/Users/User/Documents/GitHub/ch32h417/EVT/EXAM/SRC/Peripheral/src\ch32h417_qspi.c **** 
  77:c:/Users/User/Documents/GitHub/ch32h417/EVT/EXAM/SRC/Peripheral/src\ch32h417_qspi.c **** /*********************************************************************
  78:c:/Users/User/Documents/GitHub/ch32h417/EVT/EXAM/SRC/Peripheral/src\ch32h417_qspi.c ****  * @fn      QSPI_Init
  79:c:/Users/User/Documents/GitHub/ch32h417/EVT/EXAM/SRC/Peripheral/src\ch32h417_qspi.c ****  *
  80:c:/Users/User/Documents/GitHub/ch32h417/EVT/EXAM/SRC/Peripheral/src\ch32h417_qspi.c ****  * @brief   Initializes the QSPI peripheral according to the specified 
  81:c:/Users/User/Documents/GitHub/ch32h417/EVT/EXAM/SRC/Peripheral/src\ch32h417_qspi.c ****  *        parameters in the QSPI_InitStruct.
  82:c:/Users/User/Documents/GitHub/ch32h417/EVT/EXAM/SRC/Peripheral/src\ch32h417_qspi.c ****  * 
  83:c:/Users/User/Documents/GitHub/ch32h417/EVT/EXAM/SRC/Peripheral/src\ch32h417_qspi.c ****  * @param   QSPIx - where x can be  - 1, 2.
  84:c:/Users/User/Documents/GitHub/ch32h417/EVT/EXAM/SRC/Peripheral/src\ch32h417_qspi.c ****  *          QSPI_InitStruct - pointer to a QSPI_InitTypeDef structure that
  85:c:/Users/User/Documents/GitHub/ch32h417/EVT/EXAM/SRC/Peripheral/src\ch32h417_qspi.c ****  *        contains the configuration information for the specified QSPI peripheral.
  86:c:/Users/User/Documents/GitHub/ch32h417/EVT/EXAM/SRC/Peripheral/src\ch32h417_qspi.c ****  * 
  87:c:/Users/User/Documents/GitHub/ch32h417/EVT/EXAM/SRC/Peripheral/src\ch32h417_qspi.c ****  * @return  none
  88:c:/Users/User/Documents/GitHub/ch32h417/EVT/EXAM/SRC/Peripheral/src\ch32h417_qspi.c ****  */
  89:c:/Users/User/Documents/GitHub/ch32h417/EVT/EXAM/SRC/Peripheral/src\ch32h417_qspi.c **** void QSPI_Init(QSPI_TypeDef *QSPIx, QSPI_InitTypeDef *QSPI_InitStruct)
  90:c:/Users/User/Documents/GitHub/ch32h417/EVT/EXAM/SRC/Peripheral/src\ch32h417_qspi.c **** {
 116              		.loc 1 90 1 is_stmt 1
 117              		.cfi_startproc
 118              	.LVL8:
  91:c:/Users/User/Documents/GitHub/ch32h417/EVT/EXAM/SRC/Peripheral/src\ch32h417_qspi.c ****     uint32_t tmpreg = 0;
 119              		.loc 1 91 5
  92:c:/Users/User/Documents/GitHub/ch32h417/EVT/EXAM/SRC/Peripheral/src\ch32h417_qspi.c **** 
  93:c:/Users/User/Documents/GitHub/ch32h417/EVT/EXAM/SRC/Peripheral/src\ch32h417_qspi.c ****     tmpreg = QSPIx->CR;
 120              		.loc 1 93 5
 121              		.loc 1 93 12 is_stmt 0
 122 0000 1841     		lw	a4,0(a0)
 123              	.LVL9:
  94:c:/Users/User/Documents/GitHub/ch32h417/EVT/EXAM/SRC/Peripheral/src\ch32h417_qspi.c **** 
  95:c:/Users/User/Documents/GitHub/ch32h417/EVT/EXAM/SRC/Peripheral/src\ch32h417_qspi.c ****     tmpreg &= QSPI_CR_CLEAR_MASK;
 124              		.loc 1 95 5 is_stmt 1
 125              		.loc 1 95 12 is_stmt 0
 126 0002 B7070001 		li	a5,16777216
 127 0006 9387F7FC 		addi	a5,a5,-49
  96:c:/Users/User/Documents/GitHub/ch32h417/EVT/EXAM/SRC/Peripheral/src\ch32h417_qspi.c **** 
  97:c:/Users/User/Documents/GitHub/ch32h417/EVT/EXAM/SRC/Peripheral/src\ch32h417_qspi.c ****     tmpreg |= (uint32_t)(((QSPI_InitStruct->QSPI_Prescaler) << 24) | (QSPI_InitStruct->QSPI_FSelect
 128              		.loc 1 97 102
 129 000a D449     		lw	a3,20(a1)
  95:c:/Users/User/Documents/GitHub/ch32h417/EVT/EXAM/SRC/Peripheral/src\ch32h417_qspi.c **** 
 130              		.loc 1 95 12
 131 000c 7D8F     		and	a4,a4,a5
 132              	.LVL10:
 133              		.loc 1 97 5 is_stmt 1
 134              		.loc 1 97 102 is_stmt 0
 135 000e 9C49     		lw	a5,16(a1)
 136 0010 D58F     		or	a5,a5,a3
 137              		.loc 1 97 61
 138 0012 9441     		lw	a3,0(a1)
 139 0014 E206     		slli	a3,a3,24
 140              		.loc 1 97 102
 141 0016 D58F     		or	a5,a5,a3
 142              		.loc 1 97 12
 143 0018 D98F     		or	a5,a5,a4
 144              	.LVL11:
  98:c:/Users/User/Documents/GitHub/ch32h417/EVT/EXAM/SRC/Peripheral/src\ch32h417_qspi.c **** 
  99:c:/Users/User/Documents/GitHub/ch32h417/EVT/EXAM/SRC/Peripheral/src\ch32h417_qspi.c ****     QSPIx->CR = tmpreg;
 145              		.loc 1 99 5 is_stmt 1
 146              		.loc 1 99 15 is_stmt 0
 147 001a 1CC1     		sw	a5,0(a0)
 100:c:/Users/User/Documents/GitHub/ch32h417/EVT/EXAM/SRC/Peripheral/src\ch32h417_qspi.c **** 
 101:c:/Users/User/Documents/GitHub/ch32h417/EVT/EXAM/SRC/Peripheral/src\ch32h417_qspi.c ****     tmpreg = QSPIx->DCR;
 148              		.loc 1 101 5 is_stmt 1
 149              		.loc 1 101 12 is_stmt 0
 150 001c 5841     		lw	a4,4(a0)
 151              	.LVL12:
 102:c:/Users/User/Documents/GitHub/ch32h417/EVT/EXAM/SRC/Peripheral/src\ch32h417_qspi.c **** 
 103:c:/Users/User/Documents/GitHub/ch32h417/EVT/EXAM/SRC/Peripheral/src\ch32h417_qspi.c ****     tmpreg &= QSPI_DCR_CLEAR_MASK;
 152              		.loc 1 103 5 is_stmt 1
 153              		.loc 1 103 12 is_stmt 0
 154 001e B7F7E0FF 		li	a5,-2035712
 155 0022 9387E77F 		addi	a5,a5,2046
 104:c:/Users/User/Documents/GitHub/ch32h417/EVT/EXAM/SRC/Peripheral/src\ch32h417_qspi.c **** 
 105:c:/Users/User/Documents/GitHub/ch32h417/EVT/EXAM/SRC/Peripheral/src\ch32h417_qspi.c ****     tmpreg |= (uint32_t)(((QSPI_InitStruct->QSPI_FSize) << 16) | (QSPI_InitStruct->QSPI_CSHTime) | 
 156              		.loc 1 105 98
 157 0026 D441     		lw	a3,4(a1)
 103:c:/Users/User/Documents/GitHub/ch32h417/EVT/EXAM/SRC/Peripheral/src\ch32h417_qspi.c **** 
 158              		.loc 1 103 12
 159 0028 7D8F     		and	a4,a4,a5
 160              	.LVL13:
 161              		.loc 1 105 5 is_stmt 1
 162              		.loc 1 105 98 is_stmt 0
 163 002a 9C45     		lw	a5,8(a1)
 164 002c D58F     		or	a5,a5,a3
 165              		.loc 1 105 57
 166 002e D445     		lw	a3,12(a1)
 167 0030 C206     		slli	a3,a3,16
 168              		.loc 1 105 98
 169 0032 D58F     		or	a5,a5,a3
 170              		.loc 1 105 12
 171 0034 D98F     		or	a5,a5,a4
 172              	.LVL14:
 106:c:/Users/User/Documents/GitHub/ch32h417/EVT/EXAM/SRC/Peripheral/src\ch32h417_qspi.c **** 
 107:c:/Users/User/Documents/GitHub/ch32h417/EVT/EXAM/SRC/Peripheral/src\ch32h417_qspi.c ****     QSPIx->DCR = tmpreg;
 173              		.loc 1 107 5 is_stmt 1
 174              		.loc 1 107 16 is_stmt 0
 175 0036 5CC1     		sw	a5,4(a0)
 108:c:/Users/User/Documents/GitHub/ch32h417/EVT/EXAM/SRC/Peripheral/src\ch32h417_qspi.c **** }
 176              		.loc 1 108 1
 177 0038 8280     		ret
 178              		.cfi_endproc
 179              	.LFE42:
 181              		.section	.text.QSPI_ComConfig_Init,"ax",@progbits
 182              		.align	1
 183              		.globl	QSPI_ComConfig_Init
 185              	QSPI_ComConfig_Init:
 186              	.LFB43:
 109:c:/Users/User/Documents/GitHub/ch32h417/EVT/EXAM/SRC/Peripheral/src\ch32h417_qspi.c **** 
 110:c:/Users/User/Documents/GitHub/ch32h417/EVT/EXAM/SRC/Peripheral/src\ch32h417_qspi.c **** /*********************************************************************
 111:c:/Users/User/Documents/GitHub/ch32h417/EVT/EXAM/SRC/Peripheral/src\ch32h417_qspi.c ****  * @fn      QSPI_ComConfig_Init
 112:c:/Users/User/Documents/GitHub/ch32h417/EVT/EXAM/SRC/Peripheral/src\ch32h417_qspi.c ****  * 
 113:c:/Users/User/Documents/GitHub/ch32h417/EVT/EXAM/SRC/Peripheral/src\ch32h417_qspi.c ****  * @brief   Initializes the QSPI CCR according to the specified 
 114:c:/Users/User/Documents/GitHub/ch32h417/EVT/EXAM/SRC/Peripheral/src\ch32h417_qspi.c ****  *        parameters in the QSPI_ComConfig_InitStruct.
 115:c:/Users/User/Documents/GitHub/ch32h417/EVT/EXAM/SRC/Peripheral/src\ch32h417_qspi.c ****  * 
 116:c:/Users/User/Documents/GitHub/ch32h417/EVT/EXAM/SRC/Peripheral/src\ch32h417_qspi.c ****  * @param   QSPIx - where x can be  - 1, 2.
 117:c:/Users/User/Documents/GitHub/ch32h417/EVT/EXAM/SRC/Peripheral/src\ch32h417_qspi.c ****  *          QSPI_ComConfig_InitStruct - pointer to a QSPI_ComConfig_InitTypeDef structure that
 118:c:/Users/User/Documents/GitHub/ch32h417/EVT/EXAM/SRC/Peripheral/src\ch32h417_qspi.c ****  *        contains the communication configuration informations about QSPI peripheral.
 119:c:/Users/User/Documents/GitHub/ch32h417/EVT/EXAM/SRC/Peripheral/src\ch32h417_qspi.c ****  * 
 120:c:/Users/User/Documents/GitHub/ch32h417/EVT/EXAM/SRC/Peripheral/src\ch32h417_qspi.c ****  * @return  none
 121:c:/Users/User/Documents/GitHub/ch32h417/EVT/EXAM/SRC/Peripheral/src\ch32h417_qspi.c ****  */
 122:c:/Users/User/Documents/GitHub/ch32h417/EVT/EXAM/SRC/Peripheral/src\ch32h417_qspi.c **** void QSPI_ComConfig_Init(QSPI_TypeDef *QSPIx, QSPI_ComConfig_InitTypeDef *QSPI_ComConfig_InitStruct
 123:c:/Users/User/Documents/GitHub/ch32h417/EVT/EXAM/SRC/Peripheral/src\ch32h417_qspi.c **** {
 187              		.loc 1 123 1 is_stmt 1
 188              		.cfi_startproc
 189              	.LVL15:
 124:c:/Users/User/Documents/GitHub/ch32h417/EVT/EXAM/SRC/Peripheral/src\ch32h417_qspi.c ****     uint32_t tmpreg = 0;
 190              		.loc 1 124 5
 125:c:/Users/User/Documents/GitHub/ch32h417/EVT/EXAM/SRC/Peripheral/src\ch32h417_qspi.c **** 
 126:c:/Users/User/Documents/GitHub/ch32h417/EVT/EXAM/SRC/Peripheral/src\ch32h417_qspi.c ****     tmpreg = QSPIx->CCR;
 191              		.loc 1 126 5
 192              		.loc 1 126 12 is_stmt 0
 193 0000 5849     		lw	a4,20(a0)
 194              	.LVL16:
 127:c:/Users/User/Documents/GitHub/ch32h417/EVT/EXAM/SRC/Peripheral/src\ch32h417_qspi.c **** 
 128:c:/Users/User/Documents/GitHub/ch32h417/EVT/EXAM/SRC/Peripheral/src\ch32h417_qspi.c ****     tmpreg &= QSPI_CCR_CLEAR_MASK;
 195              		.loc 1 128 5 is_stmt 1
 196              		.loc 1 128 12 is_stmt 0
 197 0002 B7078090 		li	a5,-1870659584
 129:c:/Users/User/Documents/GitHub/ch32h417/EVT/EXAM/SRC/Peripheral/src\ch32h417_qspi.c **** 
 130:c:/Users/User/Documents/GitHub/ch32h417/EVT/EXAM/SRC/Peripheral/src\ch32h417_qspi.c ****     tmpreg |= (uint32_t)((QSPI_ComConfig_InitStruct->QSPI_ComConfig_FMode) | (QSPI_ComConfig_InitSt
 198              		.loc 1 130 76
 199 0006 D441     		lw	a3,4(a1)
 128:c:/Users/User/Documents/GitHub/ch32h417/EVT/EXAM/SRC/Peripheral/src\ch32h417_qspi.c **** 
 200              		.loc 1 128 12
 201 0008 7D8F     		and	a4,a4,a5
 202              	.LVL17:
 203              		.loc 1 130 5 is_stmt 1
 204              		.loc 1 130 76 is_stmt 0
 205 000a 9C41     		lw	a5,0(a1)
 206 000c D58F     		or	a5,a5,a3
 207              		.loc 1 130 131
 208 000e 9445     		lw	a3,8(a1)
 209 0010 D58F     		or	a5,a5,a3
 210              		.loc 1 130 183
 211 0012 9449     		lw	a3,16(a1)
 212 0014 D58F     		or	a5,a5,a3
 213              		.loc 1 130 236
 214 0016 D449     		lw	a3,20(a1)
 215 0018 D58F     		or	a5,a5,a3
 216              		.loc 1 130 289
 217 001a 944D     		lw	a3,24(a1)
 218 001c D58F     		or	a5,a5,a3
 219              		.loc 1 130 342
 220 001e D44D     		lw	a3,28(a1)
 221 0020 D58F     		or	a5,a5,a3
 222              		.loc 1 130 395
 223 0022 9451     		lw	a3,32(a1)
 224 0024 D58F     		or	a5,a5,a3
 225              		.loc 1 130 447
 226 0026 D451     		lw	a3,36(a1)
 227 0028 D58F     		or	a5,a5,a3
 228              		.loc 1 130 556
 229 002a D445     		lw	a3,12(a1)
 230 002c CA06     		slli	a3,a3,18
 231              		.loc 1 130 497
 232 002e D58F     		or	a5,a5,a3
 233              		.loc 1 130 12
 234 0030 D98F     		or	a5,a5,a4
 235              	.LVL18:
 131:c:/Users/User/Documents/GitHub/ch32h417/EVT/EXAM/SRC/Peripheral/src\ch32h417_qspi.c **** 
 132:c:/Users/User/Documents/GitHub/ch32h417/EVT/EXAM/SRC/Peripheral/src\ch32h417_qspi.c ****     QSPIx->CCR = tmpreg;
 236              		.loc 1 132 5 is_stmt 1
 237              		.loc 1 132 16 is_stmt 0
 238 0032 5CC9     		sw	a5,20(a0)
 133:c:/Users/User/Documents/GitHub/ch32h417/EVT/EXAM/SRC/Peripheral/src\ch32h417_qspi.c **** }
 239              		.loc 1 133 1
 240 0034 8280     		ret
 241              		.cfi_endproc
 242              	.LFE43:
 244              		.section	.text.QSPI_Cmd,"ax",@progbits
 245              		.align	1
 246              		.globl	QSPI_Cmd
 248              	QSPI_Cmd:
 249              	.LFB44:
 134:c:/Users/User/Documents/GitHub/ch32h417/EVT/EXAM/SRC/Peripheral/src\ch32h417_qspi.c **** 
 135:c:/Users/User/Documents/GitHub/ch32h417/EVT/EXAM/SRC/Peripheral/src\ch32h417_qspi.c **** /*********************************************************************
 136:c:/Users/User/Documents/GitHub/ch32h417/EVT/EXAM/SRC/Peripheral/src\ch32h417_qspi.c ****  * @fn      QSPI_Cmd
 137:c:/Users/User/Documents/GitHub/ch32h417/EVT/EXAM/SRC/Peripheral/src\ch32h417_qspi.c ****  * 
 138:c:/Users/User/Documents/GitHub/ch32h417/EVT/EXAM/SRC/Peripheral/src\ch32h417_qspi.c ****  * @brief   Enables or disables QSPI peripheral.
 139:c:/Users/User/Documents/GitHub/ch32h417/EVT/EXAM/SRC/Peripheral/src\ch32h417_qspi.c ****  * 
 140:c:/Users/User/Documents/GitHub/ch32h417/EVT/EXAM/SRC/Peripheral/src\ch32h417_qspi.c ****  * @param   QSPIx - where x can be  - 1, 2.
 141:c:/Users/User/Documents/GitHub/ch32h417/EVT/EXAM/SRC/Peripheral/src\ch32h417_qspi.c ****  *          NewState - ENABLE or DISABLE.
 142:c:/Users/User/Documents/GitHub/ch32h417/EVT/EXAM/SRC/Peripheral/src\ch32h417_qspi.c ****  * 
 143:c:/Users/User/Documents/GitHub/ch32h417/EVT/EXAM/SRC/Peripheral/src\ch32h417_qspi.c ****  * @return  none
 144:c:/Users/User/Documents/GitHub/ch32h417/EVT/EXAM/SRC/Peripheral/src\ch32h417_qspi.c ****  */
 145:c:/Users/User/Documents/GitHub/ch32h417/EVT/EXAM/SRC/Peripheral/src\ch32h417_qspi.c **** void QSPI_Cmd(QSPI_TypeDef *QSPIx, FunctionalState NewState)
 146:c:/Users/User/Documents/GitHub/ch32h417/EVT/EXAM/SRC/Peripheral/src\ch32h417_qspi.c **** {
 250              		.loc 1 146 1 is_stmt 1
 251              		.cfi_startproc
 252              	.LVL19:
 147:c:/Users/User/Documents/GitHub/ch32h417/EVT/EXAM/SRC/Peripheral/src\ch32h417_qspi.c ****     if (NewState != DISABLE)
 253              		.loc 1 147 5
 148:c:/Users/User/Documents/GitHub/ch32h417/EVT/EXAM/SRC/Peripheral/src\ch32h417_qspi.c ****     {
 149:c:/Users/User/Documents/GitHub/ch32h417/EVT/EXAM/SRC/Peripheral/src\ch32h417_qspi.c ****         QSPIx->CR |= QSPI_CR_EN;
 254              		.loc 1 149 14 is_stmt 0
 255 0000 1C41     		lw	a5,0(a0)
 147:c:/Users/User/Documents/GitHub/ch32h417/EVT/EXAM/SRC/Peripheral/src\ch32h417_qspi.c ****     if (NewState != DISABLE)
 256              		.loc 1 147 8
 257 0002 89C5     		beq	a1,zero,.L10
 258              		.loc 1 149 9 is_stmt 1
 259              		.loc 1 149 19 is_stmt 0
 260 0004 93E71700 		ori	a5,a5,1
 261              	.L12:
 150:c:/Users/User/Documents/GitHub/ch32h417/EVT/EXAM/SRC/Peripheral/src\ch32h417_qspi.c ****     }
 151:c:/Users/User/Documents/GitHub/ch32h417/EVT/EXAM/SRC/Peripheral/src\ch32h417_qspi.c ****     else
 152:c:/Users/User/Documents/GitHub/ch32h417/EVT/EXAM/SRC/Peripheral/src\ch32h417_qspi.c ****     {
 153:c:/Users/User/Documents/GitHub/ch32h417/EVT/EXAM/SRC/Peripheral/src\ch32h417_qspi.c ****         QSPIx->CR &= ~QSPI_CR_EN;
 262              		.loc 1 153 19
 263 0008 1CC1     		sw	a5,0(a0)
 154:c:/Users/User/Documents/GitHub/ch32h417/EVT/EXAM/SRC/Peripheral/src\ch32h417_qspi.c ****     }
 155:c:/Users/User/Documents/GitHub/ch32h417/EVT/EXAM/SRC/Peripheral/src\ch32h417_qspi.c **** }
 264              		.loc 1 155 1
 265 000a 8280     		ret
 266              	.L10:
 153:c:/Users/User/Documents/GitHub/ch32h417/EVT/EXAM/SRC/Peripheral/src\ch32h417_qspi.c ****     }
 267              		.loc 1 153 9 is_stmt 1
 153:c:/Users/User/Documents/GitHub/ch32h417/EVT/EXAM/SRC/Peripheral/src\ch32h417_qspi.c ****     }
 268              		.loc 1 153 19 is_stmt 0
 269 000c F99B     		andi	a5,a5,-2
 270 000e EDBF     		j	.L12
 271              		.cfi_endproc
 272              	.LFE44:
 274              		.section	.text.QSPI_AutoPollingMode_Config,"ax",@progbits
 275              		.align	1
 276              		.globl	QSPI_AutoPollingMode_Config
 278              	QSPI_AutoPollingMode_Config:
 279              	.LFB45:
 156:c:/Users/User/Documents/GitHub/ch32h417/EVT/EXAM/SRC/Peripheral/src\ch32h417_qspi.c **** 
 157:c:/Users/User/Documents/GitHub/ch32h417/EVT/EXAM/SRC/Peripheral/src\ch32h417_qspi.c **** /*********************************************************************
 158:c:/Users/User/Documents/GitHub/ch32h417/EVT/EXAM/SRC/Peripheral/src\ch32h417_qspi.c ****  * @fn      QSPI_AutoPollingMode_Config
 159:c:/Users/User/Documents/GitHub/ch32h417/EVT/EXAM/SRC/Peripheral/src\ch32h417_qspi.c ****  * 
 160:c:/Users/User/Documents/GitHub/ch32h417/EVT/EXAM/SRC/Peripheral/src\ch32h417_qspi.c ****  * @brief   Configure the QSPI Automatic Polling Mode.
 161:c:/Users/User/Documents/GitHub/ch32h417/EVT/EXAM/SRC/Peripheral/src\ch32h417_qspi.c ****  * 
 162:c:/Users/User/Documents/GitHub/ch32h417/EVT/EXAM/SRC/Peripheral/src\ch32h417_qspi.c ****  * @param   QSPIx - where x can be  - 1, 2.
 163:c:/Users/User/Documents/GitHub/ch32h417/EVT/EXAM/SRC/Peripheral/src\ch32h417_qspi.c ****  *          QSPI_Match - Value to be compared with the masked status register to get a match. 
 164:c:/Users/User/Documents/GitHub/ch32h417/EVT/EXAM/SRC/Peripheral/src\ch32h417_qspi.c ****  *        This parameter can be any value between 0x00000000 and 0xFFFFFFFF.
 165:c:/Users/User/Documents/GitHub/ch32h417/EVT/EXAM/SRC/Peripheral/src\ch32h417_qspi.c ****  *          QSPI_Mask - Mask to be applied to the status bytes received in polling mode.. 
 166:c:/Users/User/Documents/GitHub/ch32h417/EVT/EXAM/SRC/Peripheral/src\ch32h417_qspi.c ****  *        This parameter can be any value between 0x00000000 and 0xFFFFFFFF.
 167:c:/Users/User/Documents/GitHub/ch32h417/EVT/EXAM/SRC/Peripheral/src\ch32h417_qspi.c ****  *          QSPI_Match_Mode - indicates which method should be used for determining a match during
 168:c:/Users/User/Documents/GitHub/ch32h417/EVT/EXAM/SRC/Peripheral/src\ch32h417_qspi.c ****  *        automatic polling mode. 
 169:c:/Users/User/Documents/GitHub/ch32h417/EVT/EXAM/SRC/Peripheral/src\ch32h417_qspi.c ****  *          This parameter can be any value of :
 170:c:/Users/User/Documents/GitHub/ch32h417/EVT/EXAM/SRC/Peripheral/src\ch32h417_qspi.c ****  *            QSPI_PMM_AND - AND match mode- SMF is set if all the unmasked bits received from the 
 171:c:/Users/User/Documents/GitHub/ch32h417/EVT/EXAM/SRC/Peripheral/src\ch32h417_qspi.c ****  *                 the corresponding bits in the match register
 172:c:/Users/User/Documents/GitHub/ch32h417/EVT/EXAM/SRC/Peripheral/src\ch32h417_qspi.c ****  *            QSPI_PMM_OR - OR match mode- SMF is set if any one of the unmasked bits received from
 173:c:/Users/User/Documents/GitHub/ch32h417/EVT/EXAM/SRC/Peripheral/src\ch32h417_qspi.c ****  *              matches its corresponding bit in the match register.
 174:c:/Users/User/Documents/GitHub/ch32h417/EVT/EXAM/SRC/Peripheral/src\ch32h417_qspi.c ****  * 
 175:c:/Users/User/Documents/GitHub/ch32h417/EVT/EXAM/SRC/Peripheral/src\ch32h417_qspi.c ****  * @return  none
 176:c:/Users/User/Documents/GitHub/ch32h417/EVT/EXAM/SRC/Peripheral/src\ch32h417_qspi.c ****  */
 177:c:/Users/User/Documents/GitHub/ch32h417/EVT/EXAM/SRC/Peripheral/src\ch32h417_qspi.c **** void QSPI_AutoPollingMode_Config(QSPI_TypeDef *QSPIx, uint32_t QSPI_Match, uint32_t QSPI_Mask, uint
 178:c:/Users/User/Documents/GitHub/ch32h417/EVT/EXAM/SRC/Peripheral/src\ch32h417_qspi.c **** {
 280              		.loc 1 178 1 is_stmt 1
 281              		.cfi_startproc
 282              	.LVL20:
 179:c:/Users/User/Documents/GitHub/ch32h417/EVT/EXAM/SRC/Peripheral/src\ch32h417_qspi.c **** 
 180:c:/Users/User/Documents/GitHub/ch32h417/EVT/EXAM/SRC/Peripheral/src\ch32h417_qspi.c ****     QSPIx->PSMAR = QSPI_Match;
 283              		.loc 1 180 5
 284              		.loc 1 180 18 is_stmt 0
 285 0000 0CD5     		sw	a1,40(a0)
 181:c:/Users/User/Documents/GitHub/ch32h417/EVT/EXAM/SRC/Peripheral/src\ch32h417_qspi.c **** 
 182:c:/Users/User/Documents/GitHub/ch32h417/EVT/EXAM/SRC/Peripheral/src\ch32h417_qspi.c ****     QSPIx->PSMKR = QSPI_Mask;
 286              		.loc 1 182 5 is_stmt 1
 287              		.loc 1 182 18 is_stmt 0
 288 0002 50D1     		sw	a2,36(a0)
 183:c:/Users/User/Documents/GitHub/ch32h417/EVT/EXAM/SRC/Peripheral/src\ch32h417_qspi.c **** 
 184:c:/Users/User/Documents/GitHub/ch32h417/EVT/EXAM/SRC/Peripheral/src\ch32h417_qspi.c ****     if (QSPI_Match_Mode)
 289              		.loc 1 184 5 is_stmt 1
 185:c:/Users/User/Documents/GitHub/ch32h417/EVT/EXAM/SRC/Peripheral/src\ch32h417_qspi.c ****     {
 186:c:/Users/User/Documents/GitHub/ch32h417/EVT/EXAM/SRC/Peripheral/src\ch32h417_qspi.c ****         QSPIx->CR |= QSPI_CR_PMM;
 290              		.loc 1 186 14 is_stmt 0
 291 0004 1C41     		lw	a5,0(a0)
 184:c:/Users/User/Documents/GitHub/ch32h417/EVT/EXAM/SRC/Peripheral/src\ch32h417_qspi.c ****     {
 292              		.loc 1 184 8
 293 0006 89C6     		beq	a3,zero,.L14
 294              		.loc 1 186 9 is_stmt 1
 295              		.loc 1 186 19 is_stmt 0
 296 0008 93977729 		bseti	a5,a5,23
 297              	.L16:
 187:c:/Users/User/Documents/GitHub/ch32h417/EVT/EXAM/SRC/Peripheral/src\ch32h417_qspi.c ****     }
 188:c:/Users/User/Documents/GitHub/ch32h417/EVT/EXAM/SRC/Peripheral/src\ch32h417_qspi.c ****     else
 189:c:/Users/User/Documents/GitHub/ch32h417/EVT/EXAM/SRC/Peripheral/src\ch32h417_qspi.c ****     {
 190:c:/Users/User/Documents/GitHub/ch32h417/EVT/EXAM/SRC/Peripheral/src\ch32h417_qspi.c ****         QSPIx->CR &= ~QSPI_CR_PMM;
 298              		.loc 1 190 19
 299 000c 1CC1     		sw	a5,0(a0)
 191:c:/Users/User/Documents/GitHub/ch32h417/EVT/EXAM/SRC/Peripheral/src\ch32h417_qspi.c ****     }
 192:c:/Users/User/Documents/GitHub/ch32h417/EVT/EXAM/SRC/Peripheral/src\ch32h417_qspi.c ****     
 193:c:/Users/User/Documents/GitHub/ch32h417/EVT/EXAM/SRC/Peripheral/src\ch32h417_qspi.c **** }
 300              		.loc 1 193 1
 301 000e 8280     		ret
 302              	.L14:
 190:c:/Users/User/Documents/GitHub/ch32h417/EVT/EXAM/SRC/Peripheral/src\ch32h417_qspi.c ****     }
 303              		.loc 1 190 9 is_stmt 1
 190:c:/Users/User/Documents/GitHub/ch32h417/EVT/EXAM/SRC/Peripheral/src\ch32h417_qspi.c ****     }
 304              		.loc 1 190 19 is_stmt 0
 305 0010 93977749 		bclri	a5,a5,23
 306 0014 E5BF     		j	.L16
 307              		.cfi_endproc
 308              	.LFE45:
 310              		.section	.text.QSPI_AutoPollingMode_SetInterval,"ax",@progbits
 311              		.align	1
 312              		.globl	QSPI_AutoPollingMode_SetInterval
 314              	QSPI_AutoPollingMode_SetInterval:
 315              	.LFB46:
 194:c:/Users/User/Documents/GitHub/ch32h417/EVT/EXAM/SRC/Peripheral/src\ch32h417_qspi.c **** 
 195:c:/Users/User/Documents/GitHub/ch32h417/EVT/EXAM/SRC/Peripheral/src\ch32h417_qspi.c **** /*********************************************************************
 196:c:/Users/User/Documents/GitHub/ch32h417/EVT/EXAM/SRC/Peripheral/src\ch32h417_qspi.c ****  * @fn      QSPI_AutoPollingMode_SetInterval
 197:c:/Users/User/Documents/GitHub/ch32h417/EVT/EXAM/SRC/Peripheral/src\ch32h417_qspi.c ****  * 
 198:c:/Users/User/Documents/GitHub/ch32h417/EVT/EXAM/SRC/Peripheral/src\ch32h417_qspi.c ****  * @brief   Sets the number of CLK cycle between two read during automatic polling phases.
 199:c:/Users/User/Documents/GitHub/ch32h417/EVT/EXAM/SRC/Peripheral/src\ch32h417_qspi.c ****  * 
 200:c:/Users/User/Documents/GitHub/ch32h417/EVT/EXAM/SRC/Peripheral/src\ch32h417_qspi.c ****  * @param   QSPIx - where x can be  - 1, 2.
 201:c:/Users/User/Documents/GitHub/ch32h417/EVT/EXAM/SRC/Peripheral/src\ch32h417_qspi.c ****  *          QSPI_Interval - The number of CLK cycle between two read during automatic polling phase
 202:c:/Users/User/Documents/GitHub/ch32h417/EVT/EXAM/SRC/Peripheral/src\ch32h417_qspi.c ****  *        This parameter can be any value of between 0x0000 and 0xFFFF
 203:c:/Users/User/Documents/GitHub/ch32h417/EVT/EXAM/SRC/Peripheral/src\ch32h417_qspi.c ****  * 
 204:c:/Users/User/Documents/GitHub/ch32h417/EVT/EXAM/SRC/Peripheral/src\ch32h417_qspi.c ****  * @return  none
 205:c:/Users/User/Documents/GitHub/ch32h417/EVT/EXAM/SRC/Peripheral/src\ch32h417_qspi.c ****  */
 206:c:/Users/User/Documents/GitHub/ch32h417/EVT/EXAM/SRC/Peripheral/src\ch32h417_qspi.c **** void QSPI_AutoPollingMode_SetInterval(QSPI_TypeDef *QSPIx, uint32_t QSPI_Interval)
 207:c:/Users/User/Documents/GitHub/ch32h417/EVT/EXAM/SRC/Peripheral/src\ch32h417_qspi.c **** {
 316              		.loc 1 207 1 is_stmt 1
 317              		.cfi_startproc
 318              	.LVL21:
 208:c:/Users/User/Documents/GitHub/ch32h417/EVT/EXAM/SRC/Peripheral/src\ch32h417_qspi.c ****     uint32_t tmpreg = 0;
 319              		.loc 1 208 5
 209:c:/Users/User/Documents/GitHub/ch32h417/EVT/EXAM/SRC/Peripheral/src\ch32h417_qspi.c **** 
 210:c:/Users/User/Documents/GitHub/ch32h417/EVT/EXAM/SRC/Peripheral/src\ch32h417_qspi.c ****     tmpreg = QSPIx->PIR;
 320              		.loc 1 210 5
 321              		.loc 1 210 12 is_stmt 0
 322 0000 5C55     		lw	a5,44(a0)
 323              	.LVL22:
 211:c:/Users/User/Documents/GitHub/ch32h417/EVT/EXAM/SRC/Peripheral/src\ch32h417_qspi.c **** 
 212:c:/Users/User/Documents/GitHub/ch32h417/EVT/EXAM/SRC/Peripheral/src\ch32h417_qspi.c ****     tmpreg &= QSPI_PIR_CLEAR_MASK;
 324              		.loc 1 212 5 is_stmt 1
 325              		.loc 1 212 12 is_stmt 0
 326 0002 4177     		li	a4,-65536
 327 0004 F98F     		and	a5,a5,a4
 328              	.LVL23:
 213:c:/Users/User/Documents/GitHub/ch32h417/EVT/EXAM/SRC/Peripheral/src\ch32h417_qspi.c **** 
 214:c:/Users/User/Documents/GitHub/ch32h417/EVT/EXAM/SRC/Peripheral/src\ch32h417_qspi.c ****     tmpreg |= QSPI_Interval;
 329              		.loc 1 214 5 is_stmt 1
 330              		.loc 1 214 12 is_stmt 0
 331 0006 CD8F     		or	a5,a5,a1
 332              	.LVL24:
 215:c:/Users/User/Documents/GitHub/ch32h417/EVT/EXAM/SRC/Peripheral/src\ch32h417_qspi.c **** 
 216:c:/Users/User/Documents/GitHub/ch32h417/EVT/EXAM/SRC/Peripheral/src\ch32h417_qspi.c ****     QSPIx->PIR = tmpreg;
 333              		.loc 1 216 5 is_stmt 1
 334              		.loc 1 216 16 is_stmt 0
 335 0008 5CD5     		sw	a5,44(a0)
 217:c:/Users/User/Documents/GitHub/ch32h417/EVT/EXAM/SRC/Peripheral/src\ch32h417_qspi.c ****     
 218:c:/Users/User/Documents/GitHub/ch32h417/EVT/EXAM/SRC/Peripheral/src\ch32h417_qspi.c **** }
 336              		.loc 1 218 1
 337 000a 8280     		ret
 338              		.cfi_endproc
 339              	.LFE46:
 341              		.section	.text.QSPI_MemoryMappedMode_SetTimeout,"ax",@progbits
 342              		.align	1
 343              		.globl	QSPI_MemoryMappedMode_SetTimeout
 345              	QSPI_MemoryMappedMode_SetTimeout:
 346              	.LFB47:
 219:c:/Users/User/Documents/GitHub/ch32h417/EVT/EXAM/SRC/Peripheral/src\ch32h417_qspi.c **** 
 220:c:/Users/User/Documents/GitHub/ch32h417/EVT/EXAM/SRC/Peripheral/src\ch32h417_qspi.c **** /*********************************************************************
 221:c:/Users/User/Documents/GitHub/ch32h417/EVT/EXAM/SRC/Peripheral/src\ch32h417_qspi.c ****  * @fn      QSPI_MemoryMappedMode_SetTimeout
 222:c:/Users/User/Documents/GitHub/ch32h417/EVT/EXAM/SRC/Peripheral/src\ch32h417_qspi.c ****  * 
 223:c:/Users/User/Documents/GitHub/ch32h417/EVT/EXAM/SRC/Peripheral/src\ch32h417_qspi.c ****  * @brief   Sets the value of the Timeout in Memory Mapped mode
 224:c:/Users/User/Documents/GitHub/ch32h417/EVT/EXAM/SRC/Peripheral/src\ch32h417_qspi.c ****  * 
 225:c:/Users/User/Documents/GitHub/ch32h417/EVT/EXAM/SRC/Peripheral/src\ch32h417_qspi.c ****  * @param   QSPIx - where x can be  - 1, 2.
 226:c:/Users/User/Documents/GitHub/ch32h417/EVT/EXAM/SRC/Peripheral/src\ch32h417_qspi.c ****  *          QSPI_Timeout - This field indicates how many CLK cycles QSPI waits after the 
 227:c:/Users/User/Documents/GitHub/ch32h417/EVT/EXAM/SRC/Peripheral/src\ch32h417_qspi.c ****  *        FIFO becomes full until it raises nCS, putting the flash memory 
 228:c:/Users/User/Documents/GitHub/ch32h417/EVT/EXAM/SRC/Peripheral/src\ch32h417_qspi.c ****  *        in a lowerconsumption state. 
 229:c:/Users/User/Documents/GitHub/ch32h417/EVT/EXAM/SRC/Peripheral/src\ch32h417_qspi.c ****  *        This parameter can be any value of between 0x0000 and 0xFFFF
 230:c:/Users/User/Documents/GitHub/ch32h417/EVT/EXAM/SRC/Peripheral/src\ch32h417_qspi.c ****  * 
 231:c:/Users/User/Documents/GitHub/ch32h417/EVT/EXAM/SRC/Peripheral/src\ch32h417_qspi.c ****  * @return  none
 232:c:/Users/User/Documents/GitHub/ch32h417/EVT/EXAM/SRC/Peripheral/src\ch32h417_qspi.c ****  */
 233:c:/Users/User/Documents/GitHub/ch32h417/EVT/EXAM/SRC/Peripheral/src\ch32h417_qspi.c **** void QSPI_MemoryMappedMode_SetTimeout(QSPI_TypeDef *QSPIx, uint32_t QSPI_Timeout)
 234:c:/Users/User/Documents/GitHub/ch32h417/EVT/EXAM/SRC/Peripheral/src\ch32h417_qspi.c **** {
 347              		.loc 1 234 1 is_stmt 1
 348              		.cfi_startproc
 349              	.LVL25:
 235:c:/Users/User/Documents/GitHub/ch32h417/EVT/EXAM/SRC/Peripheral/src\ch32h417_qspi.c ****     uint32_t tmpreg = 0;
 350              		.loc 1 235 5
 236:c:/Users/User/Documents/GitHub/ch32h417/EVT/EXAM/SRC/Peripheral/src\ch32h417_qspi.c **** 
 237:c:/Users/User/Documents/GitHub/ch32h417/EVT/EXAM/SRC/Peripheral/src\ch32h417_qspi.c ****     tmpreg = QSPIx->LPTR;
 351              		.loc 1 237 5
 352              		.loc 1 237 12 is_stmt 0
 353 0000 1C59     		lw	a5,48(a0)
 354              	.LVL26:
 238:c:/Users/User/Documents/GitHub/ch32h417/EVT/EXAM/SRC/Peripheral/src\ch32h417_qspi.c **** 
 239:c:/Users/User/Documents/GitHub/ch32h417/EVT/EXAM/SRC/Peripheral/src\ch32h417_qspi.c ****     tmpreg &= QSPI_LPTR_CLEAR_MASK;
 355              		.loc 1 239 5 is_stmt 1
 356              		.loc 1 239 12 is_stmt 0
 357 0002 4177     		li	a4,-65536
 358 0004 F98F     		and	a5,a5,a4
 359              	.LVL27:
 240:c:/Users/User/Documents/GitHub/ch32h417/EVT/EXAM/SRC/Peripheral/src\ch32h417_qspi.c **** 
 241:c:/Users/User/Documents/GitHub/ch32h417/EVT/EXAM/SRC/Peripheral/src\ch32h417_qspi.c ****     tmpreg |= QSPI_Timeout;
 360              		.loc 1 241 5 is_stmt 1
 361              		.loc 1 241 12 is_stmt 0
 362 0006 CD8F     		or	a5,a5,a1
 363              	.LVL28:
 242:c:/Users/User/Documents/GitHub/ch32h417/EVT/EXAM/SRC/Peripheral/src\ch32h417_qspi.c **** 
 243:c:/Users/User/Documents/GitHub/ch32h417/EVT/EXAM/SRC/Peripheral/src\ch32h417_qspi.c ****     QSPIx->LPTR = tmpreg;
 364              		.loc 1 243 5 is_stmt 1
 365              		.loc 1 243 17 is_stmt 0
 366 0008 1CD9     		sw	a5,48(a0)
 244:c:/Users/User/Documents/GitHub/ch32h417/EVT/EXAM/SRC/Peripheral/src\ch32h417_qspi.c ****     
 245:c:/Users/User/Documents/GitHub/ch32h417/EVT/EXAM/SRC/Peripheral/src\ch32h417_qspi.c **** }
 367              		.loc 1 245 1
 368 000a 8280     		ret
 369              		.cfi_endproc
 370              	.LFE47:
 372              		.section	.text.QSPI_SetAddress,"ax",@progbits
 373              		.align	1
 374              		.globl	QSPI_SetAddress
 376              	QSPI_SetAddress:
 377              	.LFB48:
 246:c:/Users/User/Documents/GitHub/ch32h417/EVT/EXAM/SRC/Peripheral/src\ch32h417_qspi.c **** 
 247:c:/Users/User/Documents/GitHub/ch32h417/EVT/EXAM/SRC/Peripheral/src\ch32h417_qspi.c **** /*********************************************************************
 248:c:/Users/User/Documents/GitHub/ch32h417/EVT/EXAM/SRC/Peripheral/src\ch32h417_qspi.c ****  * @fn      QSPI_SetAddress
 249:c:/Users/User/Documents/GitHub/ch32h417/EVT/EXAM/SRC/Peripheral/src\ch32h417_qspi.c ****  * 
 250:c:/Users/User/Documents/GitHub/ch32h417/EVT/EXAM/SRC/Peripheral/src\ch32h417_qspi.c ****  * @brief   Sets the value of the Address
 251:c:/Users/User/Documents/GitHub/ch32h417/EVT/EXAM/SRC/Peripheral/src\ch32h417_qspi.c ****  * 
 252:c:/Users/User/Documents/GitHub/ch32h417/EVT/EXAM/SRC/Peripheral/src\ch32h417_qspi.c ****  * @param   QSPIx - where x can be  - 1, 2.
 253:c:/Users/User/Documents/GitHub/ch32h417/EVT/EXAM/SRC/Peripheral/src\ch32h417_qspi.c ****  *          QSPI_Address - Address to be send to the external flash memory.  
 254:c:/Users/User/Documents/GitHub/ch32h417/EVT/EXAM/SRC/Peripheral/src\ch32h417_qspi.c ****  *        This parameter can be any value of between 0x00000000 and 0xFFFFFFFF
 255:c:/Users/User/Documents/GitHub/ch32h417/EVT/EXAM/SRC/Peripheral/src\ch32h417_qspi.c ****  * 
 256:c:/Users/User/Documents/GitHub/ch32h417/EVT/EXAM/SRC/Peripheral/src\ch32h417_qspi.c ****  * @return  none
 257:c:/Users/User/Documents/GitHub/ch32h417/EVT/EXAM/SRC/Peripheral/src\ch32h417_qspi.c ****  */
 258:c:/Users/User/Documents/GitHub/ch32h417/EVT/EXAM/SRC/Peripheral/src\ch32h417_qspi.c **** void QSPI_SetAddress(QSPI_TypeDef *QSPIx, uint32_t QSPI_Address)
 259:c:/Users/User/Documents/GitHub/ch32h417/EVT/EXAM/SRC/Peripheral/src\ch32h417_qspi.c **** {
 378              		.loc 1 259 1 is_stmt 1
 379              		.cfi_startproc
 380              	.LVL29:
 260:c:/Users/User/Documents/GitHub/ch32h417/EVT/EXAM/SRC/Peripheral/src\ch32h417_qspi.c **** 
 261:c:/Users/User/Documents/GitHub/ch32h417/EVT/EXAM/SRC/Peripheral/src\ch32h417_qspi.c ****     QSPIx->AR = QSPI_Address;
 381              		.loc 1 261 5
 382              		.loc 1 261 15 is_stmt 0
 383 0000 0CCD     		sw	a1,24(a0)
 262:c:/Users/User/Documents/GitHub/ch32h417/EVT/EXAM/SRC/Peripheral/src\ch32h417_qspi.c ****     
 263:c:/Users/User/Documents/GitHub/ch32h417/EVT/EXAM/SRC/Peripheral/src\ch32h417_qspi.c **** }
 384              		.loc 1 263 1
 385 0002 8280     		ret
 386              		.cfi_endproc
 387              	.LFE48:
 389              		.section	.text.QSPI_SetAlternateByte,"ax",@progbits
 390              		.align	1
 391              		.globl	QSPI_SetAlternateByte
 393              	QSPI_SetAlternateByte:
 394              	.LFB49:
 264:c:/Users/User/Documents/GitHub/ch32h417/EVT/EXAM/SRC/Peripheral/src\ch32h417_qspi.c **** 
 265:c:/Users/User/Documents/GitHub/ch32h417/EVT/EXAM/SRC/Peripheral/src\ch32h417_qspi.c **** /*********************************************************************
 266:c:/Users/User/Documents/GitHub/ch32h417/EVT/EXAM/SRC/Peripheral/src\ch32h417_qspi.c ****  * @fn      QSPI_SetAlternateByte
 267:c:/Users/User/Documents/GitHub/ch32h417/EVT/EXAM/SRC/Peripheral/src\ch32h417_qspi.c ****  * 
 268:c:/Users/User/Documents/GitHub/ch32h417/EVT/EXAM/SRC/Peripheral/src\ch32h417_qspi.c ****  * @brief   Sets the value of the Alternate Bytes
 269:c:/Users/User/Documents/GitHub/ch32h417/EVT/EXAM/SRC/Peripheral/src\ch32h417_qspi.c ****  * 
 270:c:/Users/User/Documents/GitHub/ch32h417/EVT/EXAM/SRC/Peripheral/src\ch32h417_qspi.c ****  * @param   QSPIx - where x can be  - 1, 2.
 271:c:/Users/User/Documents/GitHub/ch32h417/EVT/EXAM/SRC/Peripheral/src\ch32h417_qspi.c ****  *          QSPI_AlternateByte - Optional data to be send to the external QSPI device right after t
 272:c:/Users/User/Documents/GitHub/ch32h417/EVT/EXAM/SRC/Peripheral/src\ch32h417_qspi.c ****  *        This parameter can be any value of between 0x00000000 and 0xFFFFFFFF
 273:c:/Users/User/Documents/GitHub/ch32h417/EVT/EXAM/SRC/Peripheral/src\ch32h417_qspi.c ****  * 
 274:c:/Users/User/Documents/GitHub/ch32h417/EVT/EXAM/SRC/Peripheral/src\ch32h417_qspi.c ****  * @return  none
 275:c:/Users/User/Documents/GitHub/ch32h417/EVT/EXAM/SRC/Peripheral/src\ch32h417_qspi.c ****  */
 276:c:/Users/User/Documents/GitHub/ch32h417/EVT/EXAM/SRC/Peripheral/src\ch32h417_qspi.c **** void QSPI_SetAlternateByte(QSPI_TypeDef *QSPIx, uint32_t QSPI_AlternateByte)
 277:c:/Users/User/Documents/GitHub/ch32h417/EVT/EXAM/SRC/Peripheral/src\ch32h417_qspi.c **** {
 395              		.loc 1 277 1 is_stmt 1
 396              		.cfi_startproc
 397              	.LVL30:
 278:c:/Users/User/Documents/GitHub/ch32h417/EVT/EXAM/SRC/Peripheral/src\ch32h417_qspi.c **** 
 279:c:/Users/User/Documents/GitHub/ch32h417/EVT/EXAM/SRC/Peripheral/src\ch32h417_qspi.c ****     QSPIx->ABR = QSPI_AlternateByte;
 398              		.loc 1 279 5
 399              		.loc 1 279 16 is_stmt 0
 400 0000 4CCD     		sw	a1,28(a0)
 280:c:/Users/User/Documents/GitHub/ch32h417/EVT/EXAM/SRC/Peripheral/src\ch32h417_qspi.c ****     
 281:c:/Users/User/Documents/GitHub/ch32h417/EVT/EXAM/SRC/Peripheral/src\ch32h417_qspi.c **** }
 401              		.loc 1 281 1
 402 0002 8280     		ret
 403              		.cfi_endproc
 404              	.LFE49:
 406              		.section	.text.QSPI_SetFIFOThreshold,"ax",@progbits
 407              		.align	1
 408              		.globl	QSPI_SetFIFOThreshold
 410              	QSPI_SetFIFOThreshold:
 411              	.LFB50:
 282:c:/Users/User/Documents/GitHub/ch32h417/EVT/EXAM/SRC/Peripheral/src\ch32h417_qspi.c **** 
 283:c:/Users/User/Documents/GitHub/ch32h417/EVT/EXAM/SRC/Peripheral/src\ch32h417_qspi.c **** /*********************************************************************
 284:c:/Users/User/Documents/GitHub/ch32h417/EVT/EXAM/SRC/Peripheral/src\ch32h417_qspi.c ****  * @fn      QSPI_SetFIFOThreshold
 285:c:/Users/User/Documents/GitHub/ch32h417/EVT/EXAM/SRC/Peripheral/src\ch32h417_qspi.c ****  * 
 286:c:/Users/User/Documents/GitHub/ch32h417/EVT/EXAM/SRC/Peripheral/src\ch32h417_qspi.c ****  * @brief   Sets the FIFO Threshold
 287:c:/Users/User/Documents/GitHub/ch32h417/EVT/EXAM/SRC/Peripheral/src\ch32h417_qspi.c ****  * 
 288:c:/Users/User/Documents/GitHub/ch32h417/EVT/EXAM/SRC/Peripheral/src\ch32h417_qspi.c ****  * @param   QSPIx - where x can be  - 1, 2.
 289:c:/Users/User/Documents/GitHub/ch32h417/EVT/EXAM/SRC/Peripheral/src\ch32h417_qspi.c ****  *          QSPI_FIFOThres - Defines, in indirect mode, the threshold number 
 290:c:/Users/User/Documents/GitHub/ch32h417/EVT/EXAM/SRC/Peripheral/src\ch32h417_qspi.c ****  *        of bytes in the FIFO which will cause the FIFO Threshold Flag 
 291:c:/Users/User/Documents/GitHub/ch32h417/EVT/EXAM/SRC/Peripheral/src\ch32h417_qspi.c ****  *           FTF to be set.
 292:c:/Users/User/Documents/GitHub/ch32h417/EVT/EXAM/SRC/Peripheral/src\ch32h417_qspi.c ****  *        This parameter can be any value of between 0x00 and 0x0F
 293:c:/Users/User/Documents/GitHub/ch32h417/EVT/EXAM/SRC/Peripheral/src\ch32h417_qspi.c ****  * 
 294:c:/Users/User/Documents/GitHub/ch32h417/EVT/EXAM/SRC/Peripheral/src\ch32h417_qspi.c ****  * @return  none
 295:c:/Users/User/Documents/GitHub/ch32h417/EVT/EXAM/SRC/Peripheral/src\ch32h417_qspi.c ****  */
 296:c:/Users/User/Documents/GitHub/ch32h417/EVT/EXAM/SRC/Peripheral/src\ch32h417_qspi.c **** void QSPI_SetFIFOThreshold(QSPI_TypeDef *QSPIx, uint32_t QSPI_FIFOThreshold)
 297:c:/Users/User/Documents/GitHub/ch32h417/EVT/EXAM/SRC/Peripheral/src\ch32h417_qspi.c **** {
 412              		.loc 1 297 1 is_stmt 1
 413              		.cfi_startproc
 414              	.LVL31:
 298:c:/Users/User/Documents/GitHub/ch32h417/EVT/EXAM/SRC/Peripheral/src\ch32h417_qspi.c ****     uint32_t tmpreg = 0;
 415              		.loc 1 298 5
 299:c:/Users/User/Documents/GitHub/ch32h417/EVT/EXAM/SRC/Peripheral/src\ch32h417_qspi.c **** 
 300:c:/Users/User/Documents/GitHub/ch32h417/EVT/EXAM/SRC/Peripheral/src\ch32h417_qspi.c ****     tmpreg = QSPIx->CR;
 416              		.loc 1 300 5
 417              		.loc 1 300 12 is_stmt 0
 418 0000 1C41     		lw	a5,0(a0)
 419              	.LVL32:
 301:c:/Users/User/Documents/GitHub/ch32h417/EVT/EXAM/SRC/Peripheral/src\ch32h417_qspi.c **** 
 302:c:/Users/User/Documents/GitHub/ch32h417/EVT/EXAM/SRC/Peripheral/src\ch32h417_qspi.c ****     tmpreg &= QSPI_CR_CLEAR_FIFOTHRESHOLD_MASK;
 420              		.loc 1 302 5 is_stmt 1
 421              		.loc 1 302 12 is_stmt 0
 422 0002 7D77     		li	a4,-4096
 423 0004 1307F70F 		addi	a4,a4,255
 424 0008 F98F     		and	a5,a5,a4
 425              	.LVL33:
 303:c:/Users/User/Documents/GitHub/ch32h417/EVT/EXAM/SRC/Peripheral/src\ch32h417_qspi.c **** 
 304:c:/Users/User/Documents/GitHub/ch32h417/EVT/EXAM/SRC/Peripheral/src\ch32h417_qspi.c ****     tmpreg |= (QSPI_FIFOThreshold << 8);
 426              		.loc 1 304 5 is_stmt 1
 427              		.loc 1 304 35 is_stmt 0
 428 000a A205     		slli	a1,a1,8
 429              	.LVL34:
 430              		.loc 1 304 12
 431 000c DD8D     		or	a1,a1,a5
 432              	.LVL35:
 305:c:/Users/User/Documents/GitHub/ch32h417/EVT/EXAM/SRC/Peripheral/src\ch32h417_qspi.c **** 
 306:c:/Users/User/Documents/GitHub/ch32h417/EVT/EXAM/SRC/Peripheral/src\ch32h417_qspi.c ****     QSPIx->CR = tmpreg;
 433              		.loc 1 306 5 is_stmt 1
 434              		.loc 1 306 15 is_stmt 0
 435 000e 0CC1     		sw	a1,0(a0)
 307:c:/Users/User/Documents/GitHub/ch32h417/EVT/EXAM/SRC/Peripheral/src\ch32h417_qspi.c **** }
 436              		.loc 1 307 1
 437 0010 8280     		ret
 438              		.cfi_endproc
 439              	.LFE50:
 441              		.section	.text.QSPI_SetDataLength,"ax",@progbits
 442              		.align	1
 443              		.globl	QSPI_SetDataLength
 445              	QSPI_SetDataLength:
 446              	.LFB51:
 308:c:/Users/User/Documents/GitHub/ch32h417/EVT/EXAM/SRC/Peripheral/src\ch32h417_qspi.c **** 
 309:c:/Users/User/Documents/GitHub/ch32h417/EVT/EXAM/SRC/Peripheral/src\ch32h417_qspi.c **** /*********************************************************************
 310:c:/Users/User/Documents/GitHub/ch32h417/EVT/EXAM/SRC/Peripheral/src\ch32h417_qspi.c ****  * @fn      QSPI_SetDataLength
 311:c:/Users/User/Documents/GitHub/ch32h417/EVT/EXAM/SRC/Peripheral/src\ch32h417_qspi.c ****  * 
 312:c:/Users/User/Documents/GitHub/ch32h417/EVT/EXAM/SRC/Peripheral/src\ch32h417_qspi.c ****  * @brief   Sets number of Bytes to be transferred 
 313:c:/Users/User/Documents/GitHub/ch32h417/EVT/EXAM/SRC/Peripheral/src\ch32h417_qspi.c ****  * 
 314:c:/Users/User/Documents/GitHub/ch32h417/EVT/EXAM/SRC/Peripheral/src\ch32h417_qspi.c ****  * @param   QSPIx - where x can be  - 1, 2.
 315:c:/Users/User/Documents/GitHub/ch32h417/EVT/EXAM/SRC/Peripheral/src\ch32h417_qspi.c ****  *          QSPI_DataLength - Number of data to be retrieved (value) 
 316:c:/Users/User/Documents/GitHub/ch32h417/EVT/EXAM/SRC/Peripheral/src\ch32h417_qspi.c ****  *        in indirect and status-polling modes.
 317:c:/Users/User/Documents/GitHub/ch32h417/EVT/EXAM/SRC/Peripheral/src\ch32h417_qspi.c ****  * 
 318:c:/Users/User/Documents/GitHub/ch32h417/EVT/EXAM/SRC/Peripheral/src\ch32h417_qspi.c ****  * @return  none
 319:c:/Users/User/Documents/GitHub/ch32h417/EVT/EXAM/SRC/Peripheral/src\ch32h417_qspi.c ****  */
 320:c:/Users/User/Documents/GitHub/ch32h417/EVT/EXAM/SRC/Peripheral/src\ch32h417_qspi.c **** void QSPI_SetDataLength(QSPI_TypeDef *QSPIx, uint32_t QSPI_DataLength)
 321:c:/Users/User/Documents/GitHub/ch32h417/EVT/EXAM/SRC/Peripheral/src\ch32h417_qspi.c **** {
 447              		.loc 1 321 1 is_stmt 1
 448              		.cfi_startproc
 449              	.LVL36:
 322:c:/Users/User/Documents/GitHub/ch32h417/EVT/EXAM/SRC/Peripheral/src\ch32h417_qspi.c **** 
 323:c:/Users/User/Documents/GitHub/ch32h417/EVT/EXAM/SRC/Peripheral/src\ch32h417_qspi.c ****     QSPIx->DLR = QSPI_DataLength -1;
 450              		.loc 1 323 5
 451              		.loc 1 323 34 is_stmt 0
 452 0000 FD15     		addi	a1,a1,-1
 453              	.LVL37:
 454              		.loc 1 323 16
 455 0002 0CC9     		sw	a1,16(a0)
 324:c:/Users/User/Documents/GitHub/ch32h417/EVT/EXAM/SRC/Peripheral/src\ch32h417_qspi.c ****     
 325:c:/Users/User/Documents/GitHub/ch32h417/EVT/EXAM/SRC/Peripheral/src\ch32h417_qspi.c **** }
 456              		.loc 1 325 1
 457 0004 8280     		ret
 458              		.cfi_endproc
 459              	.LFE51:
 461              		.section	.text.QSPI_TimeoutCounterCmd,"ax",@progbits
 462              		.align	1
 463              		.globl	QSPI_TimeoutCounterCmd
 465              	QSPI_TimeoutCounterCmd:
 466              	.LFB52:
 326:c:/Users/User/Documents/GitHub/ch32h417/EVT/EXAM/SRC/Peripheral/src\ch32h417_qspi.c **** 
 327:c:/Users/User/Documents/GitHub/ch32h417/EVT/EXAM/SRC/Peripheral/src\ch32h417_qspi.c **** /*********************************************************************
 328:c:/Users/User/Documents/GitHub/ch32h417/EVT/EXAM/SRC/Peripheral/src\ch32h417_qspi.c ****  * @fn      QSPI_TimeoutCounterCmd
 329:c:/Users/User/Documents/GitHub/ch32h417/EVT/EXAM/SRC/Peripheral/src\ch32h417_qspi.c ****  * 
 330:c:/Users/User/Documents/GitHub/ch32h417/EVT/EXAM/SRC/Peripheral/src\ch32h417_qspi.c ****  * @brief   Enables or disables The Timeout Counter.
 331:c:/Users/User/Documents/GitHub/ch32h417/EVT/EXAM/SRC/Peripheral/src\ch32h417_qspi.c ****  * 
 332:c:/Users/User/Documents/GitHub/ch32h417/EVT/EXAM/SRC/Peripheral/src\ch32h417_qspi.c ****  * @param   QSPIx - where x can be  - 1, 2.
 333:c:/Users/User/Documents/GitHub/ch32h417/EVT/EXAM/SRC/Peripheral/src\ch32h417_qspi.c ****  *          NewState - ENABLE or DISABLE.
 334:c:/Users/User/Documents/GitHub/ch32h417/EVT/EXAM/SRC/Peripheral/src\ch32h417_qspi.c ****  * 
 335:c:/Users/User/Documents/GitHub/ch32h417/EVT/EXAM/SRC/Peripheral/src\ch32h417_qspi.c ****  * @return  none
 336:c:/Users/User/Documents/GitHub/ch32h417/EVT/EXAM/SRC/Peripheral/src\ch32h417_qspi.c ****  */
 337:c:/Users/User/Documents/GitHub/ch32h417/EVT/EXAM/SRC/Peripheral/src\ch32h417_qspi.c **** void QSPI_TimeoutCounterCmd(QSPI_TypeDef *QSPIx, FunctionalState NewState)
 338:c:/Users/User/Documents/GitHub/ch32h417/EVT/EXAM/SRC/Peripheral/src\ch32h417_qspi.c **** {
 467              		.loc 1 338 1 is_stmt 1
 468              		.cfi_startproc
 469              	.LVL38:
 339:c:/Users/User/Documents/GitHub/ch32h417/EVT/EXAM/SRC/Peripheral/src\ch32h417_qspi.c **** 
 340:c:/Users/User/Documents/GitHub/ch32h417/EVT/EXAM/SRC/Peripheral/src\ch32h417_qspi.c ****     if (NewState != DISABLE)
 470              		.loc 1 340 5
 341:c:/Users/User/Documents/GitHub/ch32h417/EVT/EXAM/SRC/Peripheral/src\ch32h417_qspi.c ****     {
 342:c:/Users/User/Documents/GitHub/ch32h417/EVT/EXAM/SRC/Peripheral/src\ch32h417_qspi.c ****         QSPIx->CR |= QSPI_CR_TCEN;
 471              		.loc 1 342 14 is_stmt 0
 472 0000 1C41     		lw	a5,0(a0)
 340:c:/Users/User/Documents/GitHub/ch32h417/EVT/EXAM/SRC/Peripheral/src\ch32h417_qspi.c ****     {
 473              		.loc 1 340 8
 474 0002 89C5     		beq	a1,zero,.L24
 475              		.loc 1 342 9 is_stmt 1
 476              		.loc 1 342 19 is_stmt 0
 477 0004 93E78700 		ori	a5,a5,8
 478              	.L26:
 343:c:/Users/User/Documents/GitHub/ch32h417/EVT/EXAM/SRC/Peripheral/src\ch32h417_qspi.c ****     }
 344:c:/Users/User/Documents/GitHub/ch32h417/EVT/EXAM/SRC/Peripheral/src\ch32h417_qspi.c ****     else
 345:c:/Users/User/Documents/GitHub/ch32h417/EVT/EXAM/SRC/Peripheral/src\ch32h417_qspi.c ****     {
 346:c:/Users/User/Documents/GitHub/ch32h417/EVT/EXAM/SRC/Peripheral/src\ch32h417_qspi.c ****         QSPIx->CR &= ~QSPI_CR_TCEN;
 479              		.loc 1 346 19
 480 0008 1CC1     		sw	a5,0(a0)
 347:c:/Users/User/Documents/GitHub/ch32h417/EVT/EXAM/SRC/Peripheral/src\ch32h417_qspi.c ****     }
 348:c:/Users/User/Documents/GitHub/ch32h417/EVT/EXAM/SRC/Peripheral/src\ch32h417_qspi.c ****     
 349:c:/Users/User/Documents/GitHub/ch32h417/EVT/EXAM/SRC/Peripheral/src\ch32h417_qspi.c **** }
 481              		.loc 1 349 1
 482 000a 8280     		ret
 483              	.L24:
 346:c:/Users/User/Documents/GitHub/ch32h417/EVT/EXAM/SRC/Peripheral/src\ch32h417_qspi.c ****     }
 484              		.loc 1 346 9 is_stmt 1
 346:c:/Users/User/Documents/GitHub/ch32h417/EVT/EXAM/SRC/Peripheral/src\ch32h417_qspi.c ****     }
 485              		.loc 1 346 19 is_stmt 0
 486 000c DD9B     		andi	a5,a5,-9
 487 000e EDBF     		j	.L26
 488              		.cfi_endproc
 489              	.LFE52:
 491              		.section	.text.QSPI_AutoPollingModeStopCmd,"ax",@progbits
 492              		.align	1
 493              		.globl	QSPI_AutoPollingModeStopCmd
 495              	QSPI_AutoPollingModeStopCmd:
 496              	.LFB53:
 350:c:/Users/User/Documents/GitHub/ch32h417/EVT/EXAM/SRC/Peripheral/src\ch32h417_qspi.c **** 
 351:c:/Users/User/Documents/GitHub/ch32h417/EVT/EXAM/SRC/Peripheral/src\ch32h417_qspi.c **** /*********************************************************************
 352:c:/Users/User/Documents/GitHub/ch32h417/EVT/EXAM/SRC/Peripheral/src\ch32h417_qspi.c ****  * @fn      QSPI_AutoPollingModeStopCmd
 353:c:/Users/User/Documents/GitHub/ch32h417/EVT/EXAM/SRC/Peripheral/src\ch32h417_qspi.c ****  * 
 354:c:/Users/User/Documents/GitHub/ch32h417/EVT/EXAM/SRC/Peripheral/src\ch32h417_qspi.c ****  * @brief   Enables or disables Automatic Polling Mode Stop when a match occurs.
 355:c:/Users/User/Documents/GitHub/ch32h417/EVT/EXAM/SRC/Peripheral/src\ch32h417_qspi.c ****  * 
 356:c:/Users/User/Documents/GitHub/ch32h417/EVT/EXAM/SRC/Peripheral/src\ch32h417_qspi.c ****  * @param   QSPIx - where x can be  - 1, 2.
 357:c:/Users/User/Documents/GitHub/ch32h417/EVT/EXAM/SRC/Peripheral/src\ch32h417_qspi.c ****  *          NewState - ENABLE or DISABLE.
 358:c:/Users/User/Documents/GitHub/ch32h417/EVT/EXAM/SRC/Peripheral/src\ch32h417_qspi.c ****  * 
 359:c:/Users/User/Documents/GitHub/ch32h417/EVT/EXAM/SRC/Peripheral/src\ch32h417_qspi.c ****  * @return  none
 360:c:/Users/User/Documents/GitHub/ch32h417/EVT/EXAM/SRC/Peripheral/src\ch32h417_qspi.c ****  */
 361:c:/Users/User/Documents/GitHub/ch32h417/EVT/EXAM/SRC/Peripheral/src\ch32h417_qspi.c **** void QSPI_AutoPollingModeStopCmd(QSPI_TypeDef *QSPIx, FunctionalState NewState)
 362:c:/Users/User/Documents/GitHub/ch32h417/EVT/EXAM/SRC/Peripheral/src\ch32h417_qspi.c **** {
 497              		.loc 1 362 1 is_stmt 1
 498              		.cfi_startproc
 499              	.LVL39:
 363:c:/Users/User/Documents/GitHub/ch32h417/EVT/EXAM/SRC/Peripheral/src\ch32h417_qspi.c **** 
 364:c:/Users/User/Documents/GitHub/ch32h417/EVT/EXAM/SRC/Peripheral/src\ch32h417_qspi.c ****     if (NewState != DISABLE)
 500              		.loc 1 364 5
 365:c:/Users/User/Documents/GitHub/ch32h417/EVT/EXAM/SRC/Peripheral/src\ch32h417_qspi.c ****     {
 366:c:/Users/User/Documents/GitHub/ch32h417/EVT/EXAM/SRC/Peripheral/src\ch32h417_qspi.c ****         QSPIx->CR |= QSPI_CR_APMS;
 501              		.loc 1 366 14 is_stmt 0
 502 0000 1C41     		lw	a5,0(a0)
 364:c:/Users/User/Documents/GitHub/ch32h417/EVT/EXAM/SRC/Peripheral/src\ch32h417_qspi.c ****     {
 503              		.loc 1 364 8
 504 0002 89C5     		beq	a1,zero,.L28
 505              		.loc 1 366 9 is_stmt 1
 506              		.loc 1 366 19 is_stmt 0
 507 0004 93976729 		bseti	a5,a5,22
 508              	.L30:
 367:c:/Users/User/Documents/GitHub/ch32h417/EVT/EXAM/SRC/Peripheral/src\ch32h417_qspi.c ****     }
 368:c:/Users/User/Documents/GitHub/ch32h417/EVT/EXAM/SRC/Peripheral/src\ch32h417_qspi.c ****     else
 369:c:/Users/User/Documents/GitHub/ch32h417/EVT/EXAM/SRC/Peripheral/src\ch32h417_qspi.c ****     {
 370:c:/Users/User/Documents/GitHub/ch32h417/EVT/EXAM/SRC/Peripheral/src\ch32h417_qspi.c ****         QSPIx->CR &= ~QSPI_CR_APMS;
 509              		.loc 1 370 19
 510 0008 1CC1     		sw	a5,0(a0)
 371:c:/Users/User/Documents/GitHub/ch32h417/EVT/EXAM/SRC/Peripheral/src\ch32h417_qspi.c ****     }
 372:c:/Users/User/Documents/GitHub/ch32h417/EVT/EXAM/SRC/Peripheral/src\ch32h417_qspi.c ****     
 373:c:/Users/User/Documents/GitHub/ch32h417/EVT/EXAM/SRC/Peripheral/src\ch32h417_qspi.c **** }
 511              		.loc 1 373 1
 512 000a 8280     		ret
 513              	.L28:
 370:c:/Users/User/Documents/GitHub/ch32h417/EVT/EXAM/SRC/Peripheral/src\ch32h417_qspi.c ****     }
 514              		.loc 1 370 9 is_stmt 1
 370:c:/Users/User/Documents/GitHub/ch32h417/EVT/EXAM/SRC/Peripheral/src\ch32h417_qspi.c ****     }
 515              		.loc 1 370 19 is_stmt 0
 516 000c 93976749 		bclri	a5,a5,22
 517 0010 E5BF     		j	.L30
 518              		.cfi_endproc
 519              	.LFE53:
 521              		.section	.text.QSPI_AbortRequest,"ax",@progbits
 522              		.align	1
 523              		.globl	QSPI_AbortRequest
 525              	QSPI_AbortRequest:
 526              	.LFB54:
 374:c:/Users/User/Documents/GitHub/ch32h417/EVT/EXAM/SRC/Peripheral/src\ch32h417_qspi.c **** 
 375:c:/Users/User/Documents/GitHub/ch32h417/EVT/EXAM/SRC/Peripheral/src\ch32h417_qspi.c **** /*********************************************************************
 376:c:/Users/User/Documents/GitHub/ch32h417/EVT/EXAM/SRC/Peripheral/src\ch32h417_qspi.c ****  * @fn      QSPI_AbortRequest
 377:c:/Users/User/Documents/GitHub/ch32h417/EVT/EXAM/SRC/Peripheral/src\ch32h417_qspi.c ****  * 
 378:c:/Users/User/Documents/GitHub/ch32h417/EVT/EXAM/SRC/Peripheral/src\ch32h417_qspi.c ****  * @brief   Abort the on-going command sequence.
 379:c:/Users/User/Documents/GitHub/ch32h417/EVT/EXAM/SRC/Peripheral/src\ch32h417_qspi.c ****  *
 380:c:/Users/User/Documents/GitHub/ch32h417/EVT/EXAM/SRC/Peripheral/src\ch32h417_qspi.c ****  * @param   none
 381:c:/Users/User/Documents/GitHub/ch32h417/EVT/EXAM/SRC/Peripheral/src\ch32h417_qspi.c ****  *
 382:c:/Users/User/Documents/GitHub/ch32h417/EVT/EXAM/SRC/Peripheral/src\ch32h417_qspi.c ****  * @return  none
 383:c:/Users/User/Documents/GitHub/ch32h417/EVT/EXAM/SRC/Peripheral/src\ch32h417_qspi.c ****  */
 384:c:/Users/User/Documents/GitHub/ch32h417/EVT/EXAM/SRC/Peripheral/src\ch32h417_qspi.c **** void QSPI_AbortRequest(QSPI_TypeDef *QSPIx)
 385:c:/Users/User/Documents/GitHub/ch32h417/EVT/EXAM/SRC/Peripheral/src\ch32h417_qspi.c **** {
 527              		.loc 1 385 1 is_stmt 1
 528              		.cfi_startproc
 529              	.LVL40:
 386:c:/Users/User/Documents/GitHub/ch32h417/EVT/EXAM/SRC/Peripheral/src\ch32h417_qspi.c ****     QSPIx->CR |= QSPI_CR_ABORT;
 530              		.loc 1 386 5
 531              		.loc 1 386 10 is_stmt 0
 532 0000 1C41     		lw	a5,0(a0)
 533              		.loc 1 386 15
 534 0002 93E72700 		ori	a5,a5,2
 535 0006 1CC1     		sw	a5,0(a0)
 387:c:/Users/User/Documents/GitHub/ch32h417/EVT/EXAM/SRC/Peripheral/src\ch32h417_qspi.c **** }
 536              		.loc 1 387 1
 537 0008 8280     		ret
 538              		.cfi_endproc
 539              	.LFE54:
 541              		.section	.text.QSPI_SendData8,"ax",@progbits
 542              		.align	1
 543              		.globl	QSPI_SendData8
 545              	QSPI_SendData8:
 546              	.LFB55:
 388:c:/Users/User/Documents/GitHub/ch32h417/EVT/EXAM/SRC/Peripheral/src\ch32h417_qspi.c **** 
 389:c:/Users/User/Documents/GitHub/ch32h417/EVT/EXAM/SRC/Peripheral/src\ch32h417_qspi.c **** /*********************************************************************
 390:c:/Users/User/Documents/GitHub/ch32h417/EVT/EXAM/SRC/Peripheral/src\ch32h417_qspi.c ****  * @fn      QSPI_SendData8
 391:c:/Users/User/Documents/GitHub/ch32h417/EVT/EXAM/SRC/Peripheral/src\ch32h417_qspi.c ****  * 
 392:c:/Users/User/Documents/GitHub/ch32h417/EVT/EXAM/SRC/Peripheral/src\ch32h417_qspi.c ****  * @brief   Transmits a 8bit Data through the QSPI peripheral.
 393:c:/Users/User/Documents/GitHub/ch32h417/EVT/EXAM/SRC/Peripheral/src\ch32h417_qspi.c ****  * 
 394:c:/Users/User/Documents/GitHub/ch32h417/EVT/EXAM/SRC/Peripheral/src\ch32h417_qspi.c ****  * @param   QSPIx - where x can be  - 1, 2.
 395:c:/Users/User/Documents/GitHub/ch32h417/EVT/EXAM/SRC/Peripheral/src\ch32h417_qspi.c ****  *          Data - Data to be transmitted.
 396:c:/Users/User/Documents/GitHub/ch32h417/EVT/EXAM/SRC/Peripheral/src\ch32h417_qspi.c ****  * 
 397:c:/Users/User/Documents/GitHub/ch32h417/EVT/EXAM/SRC/Peripheral/src\ch32h417_qspi.c ****  * @return  none
 398:c:/Users/User/Documents/GitHub/ch32h417/EVT/EXAM/SRC/Peripheral/src\ch32h417_qspi.c ****  */
 399:c:/Users/User/Documents/GitHub/ch32h417/EVT/EXAM/SRC/Peripheral/src\ch32h417_qspi.c **** void QSPI_SendData8(QSPI_TypeDef *QSPIx, uint8_t Data)
 400:c:/Users/User/Documents/GitHub/ch32h417/EVT/EXAM/SRC/Peripheral/src\ch32h417_qspi.c **** {
 547              		.loc 1 400 1 is_stmt 1
 548              		.cfi_startproc
 549              	.LVL41:
 401:c:/Users/User/Documents/GitHub/ch32h417/EVT/EXAM/SRC/Peripheral/src\ch32h417_qspi.c ****     uint32_t qspibase = 0;
 550              		.loc 1 401 5
 402:c:/Users/User/Documents/GitHub/ch32h417/EVT/EXAM/SRC/Peripheral/src\ch32h417_qspi.c **** 
 403:c:/Users/User/Documents/GitHub/ch32h417/EVT/EXAM/SRC/Peripheral/src\ch32h417_qspi.c ****     qspibase = (uint32_t)QSPIx;
 551              		.loc 1 403 5
 404:c:/Users/User/Documents/GitHub/ch32h417/EVT/EXAM/SRC/Peripheral/src\ch32h417_qspi.c ****     qspibase += 0x20;
 552              		.loc 1 404 5
 405:c:/Users/User/Documents/GitHub/ch32h417/EVT/EXAM/SRC/Peripheral/src\ch32h417_qspi.c **** 
 406:c:/Users/User/Documents/GitHub/ch32h417/EVT/EXAM/SRC/Peripheral/src\ch32h417_qspi.c ****     *(__IO uint8_t *)qspibase = Data;
 553              		.loc 1 406 5
 554              		.loc 1 406 31 is_stmt 0
 555 0000 2300B502 		sb	a1,32(a0)
 407:c:/Users/User/Documents/GitHub/ch32h417/EVT/EXAM/SRC/Peripheral/src\ch32h417_qspi.c **** }
 556              		.loc 1 407 1
 557 0004 8280     		ret
 558              		.cfi_endproc
 559              	.LFE55:
 561              		.section	.text.QSPI_SendData16,"ax",@progbits
 562              		.align	1
 563              		.globl	QSPI_SendData16
 565              	QSPI_SendData16:
 566              	.LFB56:
 408:c:/Users/User/Documents/GitHub/ch32h417/EVT/EXAM/SRC/Peripheral/src\ch32h417_qspi.c **** 
 409:c:/Users/User/Documents/GitHub/ch32h417/EVT/EXAM/SRC/Peripheral/src\ch32h417_qspi.c **** /*********************************************************************
 410:c:/Users/User/Documents/GitHub/ch32h417/EVT/EXAM/SRC/Peripheral/src\ch32h417_qspi.c ****  * @fn      QSPI_SendData16
 411:c:/Users/User/Documents/GitHub/ch32h417/EVT/EXAM/SRC/Peripheral/src\ch32h417_qspi.c ****  * 
 412:c:/Users/User/Documents/GitHub/ch32h417/EVT/EXAM/SRC/Peripheral/src\ch32h417_qspi.c ****  * @brief   Transmits a 16bit Data through the QSPI peripheral.
 413:c:/Users/User/Documents/GitHub/ch32h417/EVT/EXAM/SRC/Peripheral/src\ch32h417_qspi.c ****  * 
 414:c:/Users/User/Documents/GitHub/ch32h417/EVT/EXAM/SRC/Peripheral/src\ch32h417_qspi.c ****  * @param   QSPIx - where x can be  - 1, 2.
 415:c:/Users/User/Documents/GitHub/ch32h417/EVT/EXAM/SRC/Peripheral/src\ch32h417_qspi.c ****  *          Data - Data to be transmitted.
 416:c:/Users/User/Documents/GitHub/ch32h417/EVT/EXAM/SRC/Peripheral/src\ch32h417_qspi.c ****  * 
 417:c:/Users/User/Documents/GitHub/ch32h417/EVT/EXAM/SRC/Peripheral/src\ch32h417_qspi.c ****  * @return  none
 418:c:/Users/User/Documents/GitHub/ch32h417/EVT/EXAM/SRC/Peripheral/src\ch32h417_qspi.c ****  */
 419:c:/Users/User/Documents/GitHub/ch32h417/EVT/EXAM/SRC/Peripheral/src\ch32h417_qspi.c **** void QSPI_SendData16(QSPI_TypeDef *QSPIx, uint16_t Data)
 420:c:/Users/User/Documents/GitHub/ch32h417/EVT/EXAM/SRC/Peripheral/src\ch32h417_qspi.c **** {
 567              		.loc 1 420 1 is_stmt 1
 568              		.cfi_startproc
 569              	.LVL42:
 421:c:/Users/User/Documents/GitHub/ch32h417/EVT/EXAM/SRC/Peripheral/src\ch32h417_qspi.c ****     uint32_t qspibase = 0;
 570              		.loc 1 421 5
 422:c:/Users/User/Documents/GitHub/ch32h417/EVT/EXAM/SRC/Peripheral/src\ch32h417_qspi.c **** 
 423:c:/Users/User/Documents/GitHub/ch32h417/EVT/EXAM/SRC/Peripheral/src\ch32h417_qspi.c ****     qspibase = (uint32_t)QSPIx;
 571              		.loc 1 423 5
 424:c:/Users/User/Documents/GitHub/ch32h417/EVT/EXAM/SRC/Peripheral/src\ch32h417_qspi.c ****     qspibase += 0x20;
 572              		.loc 1 424 5
 425:c:/Users/User/Documents/GitHub/ch32h417/EVT/EXAM/SRC/Peripheral/src\ch32h417_qspi.c **** 
 426:c:/Users/User/Documents/GitHub/ch32h417/EVT/EXAM/SRC/Peripheral/src\ch32h417_qspi.c ****     *(__IO uint16_t *)qspibase = Data;
 573              		.loc 1 426 5
 574              		.loc 1 426 32 is_stmt 0
 575 0000 0EB1     		sh	a1,32(a0)
 427:c:/Users/User/Documents/GitHub/ch32h417/EVT/EXAM/SRC/Peripheral/src\ch32h417_qspi.c **** }
 576              		.loc 1 427 1
 577 0002 8280     		ret
 578              		.cfi_endproc
 579              	.LFE56:
 581              		.section	.text.QSPI_SendData32,"ax",@progbits
 582              		.align	1
 583              		.globl	QSPI_SendData32
 585              	QSPI_SendData32:
 586              	.LFB57:
 428:c:/Users/User/Documents/GitHub/ch32h417/EVT/EXAM/SRC/Peripheral/src\ch32h417_qspi.c **** 
 429:c:/Users/User/Documents/GitHub/ch32h417/EVT/EXAM/SRC/Peripheral/src\ch32h417_qspi.c **** /*********************************************************************
 430:c:/Users/User/Documents/GitHub/ch32h417/EVT/EXAM/SRC/Peripheral/src\ch32h417_qspi.c ****  * @fn      QSPI_SendData32
 431:c:/Users/User/Documents/GitHub/ch32h417/EVT/EXAM/SRC/Peripheral/src\ch32h417_qspi.c ****  * 
 432:c:/Users/User/Documents/GitHub/ch32h417/EVT/EXAM/SRC/Peripheral/src\ch32h417_qspi.c ****  * @brief   Transmits a 32bit Data through the QSPI peripheral.
 433:c:/Users/User/Documents/GitHub/ch32h417/EVT/EXAM/SRC/Peripheral/src\ch32h417_qspi.c ****  * 
 434:c:/Users/User/Documents/GitHub/ch32h417/EVT/EXAM/SRC/Peripheral/src\ch32h417_qspi.c ****  * @param   QSPIx - where x can be  - 1, 2.
 435:c:/Users/User/Documents/GitHub/ch32h417/EVT/EXAM/SRC/Peripheral/src\ch32h417_qspi.c ****  *          Data - Data to be transmitted.
 436:c:/Users/User/Documents/GitHub/ch32h417/EVT/EXAM/SRC/Peripheral/src\ch32h417_qspi.c ****  * 
 437:c:/Users/User/Documents/GitHub/ch32h417/EVT/EXAM/SRC/Peripheral/src\ch32h417_qspi.c ****  * @return  none
 438:c:/Users/User/Documents/GitHub/ch32h417/EVT/EXAM/SRC/Peripheral/src\ch32h417_qspi.c ****  */
 439:c:/Users/User/Documents/GitHub/ch32h417/EVT/EXAM/SRC/Peripheral/src\ch32h417_qspi.c **** void QSPI_SendData32(QSPI_TypeDef *QSPIx, uint32_t Data)
 440:c:/Users/User/Documents/GitHub/ch32h417/EVT/EXAM/SRC/Peripheral/src\ch32h417_qspi.c **** {
 587              		.loc 1 440 1 is_stmt 1
 588              		.cfi_startproc
 589              	.LVL43:
 441:c:/Users/User/Documents/GitHub/ch32h417/EVT/EXAM/SRC/Peripheral/src\ch32h417_qspi.c ****     QSPIx->DR = Data;
 590              		.loc 1 441 5
 591              		.loc 1 441 15 is_stmt 0
 592 0000 0CD1     		sw	a1,32(a0)
 442:c:/Users/User/Documents/GitHub/ch32h417/EVT/EXAM/SRC/Peripheral/src\ch32h417_qspi.c **** }
 593              		.loc 1 442 1
 594 0002 8280     		ret
 595              		.cfi_endproc
 596              	.LFE57:
 598              		.section	.text.QSPI_ReceiveData8,"ax",@progbits
 599              		.align	1
 600              		.globl	QSPI_ReceiveData8
 602              	QSPI_ReceiveData8:
 603              	.LFB58:
 443:c:/Users/User/Documents/GitHub/ch32h417/EVT/EXAM/SRC/Peripheral/src\ch32h417_qspi.c **** 
 444:c:/Users/User/Documents/GitHub/ch32h417/EVT/EXAM/SRC/Peripheral/src\ch32h417_qspi.c **** /*********************************************************************
 445:c:/Users/User/Documents/GitHub/ch32h417/EVT/EXAM/SRC/Peripheral/src\ch32h417_qspi.c ****  * @fn      QSPI_ReceiveData8
 446:c:/Users/User/Documents/GitHub/ch32h417/EVT/EXAM/SRC/Peripheral/src\ch32h417_qspi.c ****  * 
 447:c:/Users/User/Documents/GitHub/ch32h417/EVT/EXAM/SRC/Peripheral/src\ch32h417_qspi.c ****  * @brief   Returns the most recent received 8bit data by the QSPI peripheral. 
 448:c:/Users/User/Documents/GitHub/ch32h417/EVT/EXAM/SRC/Peripheral/src\ch32h417_qspi.c ****  * 
 449:c:/Users/User/Documents/GitHub/ch32h417/EVT/EXAM/SRC/Peripheral/src\ch32h417_qspi.c ****  * @param   QSPIx - where x can be  - 1, 2.
 450:c:/Users/User/Documents/GitHub/ch32h417/EVT/EXAM/SRC/Peripheral/src\ch32h417_qspi.c ****  * 
 451:c:/Users/User/Documents/GitHub/ch32h417/EVT/EXAM/SRC/Peripheral/src\ch32h417_qspi.c ****  * @return  The value of the received data.
 452:c:/Users/User/Documents/GitHub/ch32h417/EVT/EXAM/SRC/Peripheral/src\ch32h417_qspi.c ****  */
 453:c:/Users/User/Documents/GitHub/ch32h417/EVT/EXAM/SRC/Peripheral/src\ch32h417_qspi.c **** uint8_t QSPI_ReceiveData8(QSPI_TypeDef *QSPIx)
 454:c:/Users/User/Documents/GitHub/ch32h417/EVT/EXAM/SRC/Peripheral/src\ch32h417_qspi.c **** {
 604              		.loc 1 454 1 is_stmt 1
 605              		.cfi_startproc
 606              	.LVL44:
 455:c:/Users/User/Documents/GitHub/ch32h417/EVT/EXAM/SRC/Peripheral/src\ch32h417_qspi.c ****     uint32_t qspibase = 0;
 607              		.loc 1 455 5
 456:c:/Users/User/Documents/GitHub/ch32h417/EVT/EXAM/SRC/Peripheral/src\ch32h417_qspi.c **** 
 457:c:/Users/User/Documents/GitHub/ch32h417/EVT/EXAM/SRC/Peripheral/src\ch32h417_qspi.c ****     qspibase = (uint32_t)QSPIx;
 608              		.loc 1 457 5
 458:c:/Users/User/Documents/GitHub/ch32h417/EVT/EXAM/SRC/Peripheral/src\ch32h417_qspi.c ****     qspibase += 0x20;
 609              		.loc 1 458 5
 459:c:/Users/User/Documents/GitHub/ch32h417/EVT/EXAM/SRC/Peripheral/src\ch32h417_qspi.c **** 
 460:c:/Users/User/Documents/GitHub/ch32h417/EVT/EXAM/SRC/Peripheral/src\ch32h417_qspi.c ****     return *(__IO uint8_t *)qspibase;
 610              		.loc 1 460 5
 611              		.loc 1 460 12 is_stmt 0
 612 0000 03450502 		lbu	a0,32(a0)
 613              	.LVL45:
 461:c:/Users/User/Documents/GitHub/ch32h417/EVT/EXAM/SRC/Peripheral/src\ch32h417_qspi.c **** }
 614              		.loc 1 461 1
 615 0004 8280     		ret
 616              		.cfi_endproc
 617              	.LFE58:
 619              		.section	.text.QSPI_ReceiveData16,"ax",@progbits
 620              		.align	1
 621              		.globl	QSPI_ReceiveData16
 623              	QSPI_ReceiveData16:
 624              	.LFB59:
 462:c:/Users/User/Documents/GitHub/ch32h417/EVT/EXAM/SRC/Peripheral/src\ch32h417_qspi.c **** 
 463:c:/Users/User/Documents/GitHub/ch32h417/EVT/EXAM/SRC/Peripheral/src\ch32h417_qspi.c **** /*********************************************************************
 464:c:/Users/User/Documents/GitHub/ch32h417/EVT/EXAM/SRC/Peripheral/src\ch32h417_qspi.c ****  * @fn      QSPI_ReceiveData16
 465:c:/Users/User/Documents/GitHub/ch32h417/EVT/EXAM/SRC/Peripheral/src\ch32h417_qspi.c ****  * 
 466:c:/Users/User/Documents/GitHub/ch32h417/EVT/EXAM/SRC/Peripheral/src\ch32h417_qspi.c ****  * @brief   Returns the most recent received 16bit data by the QSPI peripheral.
 467:c:/Users/User/Documents/GitHub/ch32h417/EVT/EXAM/SRC/Peripheral/src\ch32h417_qspi.c ****  * 
 468:c:/Users/User/Documents/GitHub/ch32h417/EVT/EXAM/SRC/Peripheral/src\ch32h417_qspi.c ****  * @param   QSPIx - where x can be  - 1, 2.
 469:c:/Users/User/Documents/GitHub/ch32h417/EVT/EXAM/SRC/Peripheral/src\ch32h417_qspi.c ****  * 
 470:c:/Users/User/Documents/GitHub/ch32h417/EVT/EXAM/SRC/Peripheral/src\ch32h417_qspi.c ****  * @return  The value of the received data.
 471:c:/Users/User/Documents/GitHub/ch32h417/EVT/EXAM/SRC/Peripheral/src\ch32h417_qspi.c ****  */
 472:c:/Users/User/Documents/GitHub/ch32h417/EVT/EXAM/SRC/Peripheral/src\ch32h417_qspi.c **** uint16_t QSPI_ReceiveData16(QSPI_TypeDef *QSPIx)
 473:c:/Users/User/Documents/GitHub/ch32h417/EVT/EXAM/SRC/Peripheral/src\ch32h417_qspi.c **** {
 625              		.loc 1 473 1 is_stmt 1
 626              		.cfi_startproc
 627              	.LVL46:
 474:c:/Users/User/Documents/GitHub/ch32h417/EVT/EXAM/SRC/Peripheral/src\ch32h417_qspi.c ****     uint32_t qspibase = 0;
 628              		.loc 1 474 5
 475:c:/Users/User/Documents/GitHub/ch32h417/EVT/EXAM/SRC/Peripheral/src\ch32h417_qspi.c **** 
 476:c:/Users/User/Documents/GitHub/ch32h417/EVT/EXAM/SRC/Peripheral/src\ch32h417_qspi.c ****     qspibase = (uint32_t)QSPIx;
 629              		.loc 1 476 5
 477:c:/Users/User/Documents/GitHub/ch32h417/EVT/EXAM/SRC/Peripheral/src\ch32h417_qspi.c ****     qspibase += 0x20;
 630              		.loc 1 477 5
 478:c:/Users/User/Documents/GitHub/ch32h417/EVT/EXAM/SRC/Peripheral/src\ch32h417_qspi.c **** 
 479:c:/Users/User/Documents/GitHub/ch32h417/EVT/EXAM/SRC/Peripheral/src\ch32h417_qspi.c ****     return *(__IO uint16_t *)qspibase;
 631              		.loc 1 479 5
 632              		.loc 1 479 12 is_stmt 0
 633 0000 0A31     		lhu	a0,32(a0)
 634              	.LVL47:
 480:c:/Users/User/Documents/GitHub/ch32h417/EVT/EXAM/SRC/Peripheral/src\ch32h417_qspi.c **** }
 635              		.loc 1 480 1
 636 0002 8280     		ret
 637              		.cfi_endproc
 638              	.LFE59:
 640              		.section	.text.QSPI_ReceiveData32,"ax",@progbits
 641              		.align	1
 642              		.globl	QSPI_ReceiveData32
 644              	QSPI_ReceiveData32:
 645              	.LFB60:
 481:c:/Users/User/Documents/GitHub/ch32h417/EVT/EXAM/SRC/Peripheral/src\ch32h417_qspi.c **** 
 482:c:/Users/User/Documents/GitHub/ch32h417/EVT/EXAM/SRC/Peripheral/src\ch32h417_qspi.c **** /*********************************************************************
 483:c:/Users/User/Documents/GitHub/ch32h417/EVT/EXAM/SRC/Peripheral/src\ch32h417_qspi.c ****  * @fn      QSPI_ReceiveData32
 484:c:/Users/User/Documents/GitHub/ch32h417/EVT/EXAM/SRC/Peripheral/src\ch32h417_qspi.c ****  * 
 485:c:/Users/User/Documents/GitHub/ch32h417/EVT/EXAM/SRC/Peripheral/src\ch32h417_qspi.c ****  * @brief   Returns the most recent received 32bit data by the QSPI peripheral. 
 486:c:/Users/User/Documents/GitHub/ch32h417/EVT/EXAM/SRC/Peripheral/src\ch32h417_qspi.c ****  * 
 487:c:/Users/User/Documents/GitHub/ch32h417/EVT/EXAM/SRC/Peripheral/src\ch32h417_qspi.c ****  * @param   QSPIx - where x can be  - 1, 2.
 488:c:/Users/User/Documents/GitHub/ch32h417/EVT/EXAM/SRC/Peripheral/src\ch32h417_qspi.c ****  * 
 489:c:/Users/User/Documents/GitHub/ch32h417/EVT/EXAM/SRC/Peripheral/src\ch32h417_qspi.c ****  * @return  The value of the received data.
 490:c:/Users/User/Documents/GitHub/ch32h417/EVT/EXAM/SRC/Peripheral/src\ch32h417_qspi.c ****  */
 491:c:/Users/User/Documents/GitHub/ch32h417/EVT/EXAM/SRC/Peripheral/src\ch32h417_qspi.c **** uint32_t QSPI_ReceiveData32(QSPI_TypeDef *QSPIx)
 492:c:/Users/User/Documents/GitHub/ch32h417/EVT/EXAM/SRC/Peripheral/src\ch32h417_qspi.c **** {
 646              		.loc 1 492 1 is_stmt 1
 647              		.cfi_startproc
 648              	.LVL48:
 493:c:/Users/User/Documents/GitHub/ch32h417/EVT/EXAM/SRC/Peripheral/src\ch32h417_qspi.c ****     return QSPIx->DR;
 649              		.loc 1 493 5
 650              		.loc 1 493 17 is_stmt 0
 651 0000 0851     		lw	a0,32(a0)
 652              	.LVL49:
 494:c:/Users/User/Documents/GitHub/ch32h417/EVT/EXAM/SRC/Peripheral/src\ch32h417_qspi.c **** }
 653              		.loc 1 494 1
 654 0002 8280     		ret
 655              		.cfi_endproc
 656              	.LFE60:
 658              		.section	.text.QSPI_DMACmd,"ax",@progbits
 659              		.align	1
 660              		.globl	QSPI_DMACmd
 662              	QSPI_DMACmd:
 663              	.LFB61:
 495:c:/Users/User/Documents/GitHub/ch32h417/EVT/EXAM/SRC/Peripheral/src\ch32h417_qspi.c **** 
 496:c:/Users/User/Documents/GitHub/ch32h417/EVT/EXAM/SRC/Peripheral/src\ch32h417_qspi.c **** /*********************************************************************
 497:c:/Users/User/Documents/GitHub/ch32h417/EVT/EXAM/SRC/Peripheral/src\ch32h417_qspi.c ****  * @fn      QSPI_DMACmd
 498:c:/Users/User/Documents/GitHub/ch32h417/EVT/EXAM/SRC/Peripheral/src\ch32h417_qspi.c ****  * 
 499:c:/Users/User/Documents/GitHub/ch32h417/EVT/EXAM/SRC/Peripheral/src\ch32h417_qspi.c ****  * @brief   Enables or disables DMA for Indirect Mode.
 500:c:/Users/User/Documents/GitHub/ch32h417/EVT/EXAM/SRC/Peripheral/src\ch32h417_qspi.c ****  * 
 501:c:/Users/User/Documents/GitHub/ch32h417/EVT/EXAM/SRC/Peripheral/src\ch32h417_qspi.c ****  * @param   QSPIx - where x can be  - 1, 2.
 502:c:/Users/User/Documents/GitHub/ch32h417/EVT/EXAM/SRC/Peripheral/src\ch32h417_qspi.c ****  *          NewState - ENABLE or DISABLE.
 503:c:/Users/User/Documents/GitHub/ch32h417/EVT/EXAM/SRC/Peripheral/src\ch32h417_qspi.c ****  * 
 504:c:/Users/User/Documents/GitHub/ch32h417/EVT/EXAM/SRC/Peripheral/src\ch32h417_qspi.c ****  * @return  none
 505:c:/Users/User/Documents/GitHub/ch32h417/EVT/EXAM/SRC/Peripheral/src\ch32h417_qspi.c ****  */
 506:c:/Users/User/Documents/GitHub/ch32h417/EVT/EXAM/SRC/Peripheral/src\ch32h417_qspi.c **** void QSPI_DMACmd(QSPI_TypeDef *QSPIx, FunctionalState NewState)
 507:c:/Users/User/Documents/GitHub/ch32h417/EVT/EXAM/SRC/Peripheral/src\ch32h417_qspi.c **** {
 664              		.loc 1 507 1 is_stmt 1
 665              		.cfi_startproc
 666              	.LVL50:
 508:c:/Users/User/Documents/GitHub/ch32h417/EVT/EXAM/SRC/Peripheral/src\ch32h417_qspi.c ****     if (NewState != DISABLE)
 667              		.loc 1 508 5
 509:c:/Users/User/Documents/GitHub/ch32h417/EVT/EXAM/SRC/Peripheral/src\ch32h417_qspi.c ****     {
 510:c:/Users/User/Documents/GitHub/ch32h417/EVT/EXAM/SRC/Peripheral/src\ch32h417_qspi.c ****         QSPIx->CR |= QSPI_CR_DMAEN;
 668              		.loc 1 510 14 is_stmt 0
 669 0000 1C41     		lw	a5,0(a0)
 508:c:/Users/User/Documents/GitHub/ch32h417/EVT/EXAM/SRC/Peripheral/src\ch32h417_qspi.c ****     if (NewState != DISABLE)
 670              		.loc 1 508 8
 671 0002 89C5     		beq	a1,zero,.L39
 672              		.loc 1 510 9 is_stmt 1
 673              		.loc 1 510 19 is_stmt 0
 674 0004 93E74700 		ori	a5,a5,4
 675              	.L41:
 511:c:/Users/User/Documents/GitHub/ch32h417/EVT/EXAM/SRC/Peripheral/src\ch32h417_qspi.c ****     }
 512:c:/Users/User/Documents/GitHub/ch32h417/EVT/EXAM/SRC/Peripheral/src\ch32h417_qspi.c ****     else
 513:c:/Users/User/Documents/GitHub/ch32h417/EVT/EXAM/SRC/Peripheral/src\ch32h417_qspi.c ****     {
 514:c:/Users/User/Documents/GitHub/ch32h417/EVT/EXAM/SRC/Peripheral/src\ch32h417_qspi.c ****         QSPIx->CR &= ~QSPI_CR_DMAEN;
 676              		.loc 1 514 19
 677 0008 1CC1     		sw	a5,0(a0)
 515:c:/Users/User/Documents/GitHub/ch32h417/EVT/EXAM/SRC/Peripheral/src\ch32h417_qspi.c ****     }
 516:c:/Users/User/Documents/GitHub/ch32h417/EVT/EXAM/SRC/Peripheral/src\ch32h417_qspi.c **** }
 678              		.loc 1 516 1
 679 000a 8280     		ret
 680              	.L39:
 514:c:/Users/User/Documents/GitHub/ch32h417/EVT/EXAM/SRC/Peripheral/src\ch32h417_qspi.c ****     }
 681              		.loc 1 514 9 is_stmt 1
 514:c:/Users/User/Documents/GitHub/ch32h417/EVT/EXAM/SRC/Peripheral/src\ch32h417_qspi.c ****     }
 682              		.loc 1 514 19 is_stmt 0
 683 000c ED9B     		andi	a5,a5,-5
 684 000e EDBF     		j	.L41
 685              		.cfi_endproc
 686              	.LFE61:
 688              		.section	.text.QSPI_Start,"ax",@progbits
 689              		.align	1
 690              		.globl	QSPI_Start
 692              	QSPI_Start:
 693              	.LFB62:
 517:c:/Users/User/Documents/GitHub/ch32h417/EVT/EXAM/SRC/Peripheral/src\ch32h417_qspi.c **** 
 518:c:/Users/User/Documents/GitHub/ch32h417/EVT/EXAM/SRC/Peripheral/src\ch32h417_qspi.c **** /*********************************************************************
 519:c:/Users/User/Documents/GitHub/ch32h417/EVT/EXAM/SRC/Peripheral/src\ch32h417_qspi.c ****  * @fn      QSPI_Start
 520:c:/Users/User/Documents/GitHub/ch32h417/EVT/EXAM/SRC/Peripheral/src\ch32h417_qspi.c ****  * 
 521:c:/Users/User/Documents/GitHub/ch32h417/EVT/EXAM/SRC/Peripheral/src\ch32h417_qspi.c ****  * @brief   Start a single QSPI transfer.
 522:c:/Users/User/Documents/GitHub/ch32h417/EVT/EXAM/SRC/Peripheral/src\ch32h417_qspi.c ****  * 
 523:c:/Users/User/Documents/GitHub/ch32h417/EVT/EXAM/SRC/Peripheral/src\ch32h417_qspi.c ****  * @param   QSPIx - where x can be  - 1, 2.
 524:c:/Users/User/Documents/GitHub/ch32h417/EVT/EXAM/SRC/Peripheral/src\ch32h417_qspi.c ****  * 
 525:c:/Users/User/Documents/GitHub/ch32h417/EVT/EXAM/SRC/Peripheral/src\ch32h417_qspi.c ****  * @return  none
 526:c:/Users/User/Documents/GitHub/ch32h417/EVT/EXAM/SRC/Peripheral/src\ch32h417_qspi.c ****  */
 527:c:/Users/User/Documents/GitHub/ch32h417/EVT/EXAM/SRC/Peripheral/src\ch32h417_qspi.c **** void QSPI_Start(QSPI_TypeDef *QSPIx)
 528:c:/Users/User/Documents/GitHub/ch32h417/EVT/EXAM/SRC/Peripheral/src\ch32h417_qspi.c **** {
 694              		.loc 1 528 1 is_stmt 1
 695              		.cfi_startproc
 696              	.LVL51:
 529:c:/Users/User/Documents/GitHub/ch32h417/EVT/EXAM/SRC/Peripheral/src\ch32h417_qspi.c ****     QSPIx->CR |= QSPI_CR_START;
 697              		.loc 1 529 5
 698              		.loc 1 529 10 is_stmt 0
 699 0000 1C41     		lw	a5,0(a0)
 700              		.loc 1 529 15
 701 0002 93E70702 		ori	a5,a5,32
 702 0006 1CC1     		sw	a5,0(a0)
 530:c:/Users/User/Documents/GitHub/ch32h417/EVT/EXAM/SRC/Peripheral/src\ch32h417_qspi.c **** }
 703              		.loc 1 530 1
 704 0008 8280     		ret
 705              		.cfi_endproc
 706              	.LFE62:
 708              		.section	.text.QSPI_ITConfig,"ax",@progbits
 709              		.align	1
 710              		.globl	QSPI_ITConfig
 712              	QSPI_ITConfig:
 713              	.LFB63:
 531:c:/Users/User/Documents/GitHub/ch32h417/EVT/EXAM/SRC/Peripheral/src\ch32h417_qspi.c **** 
 532:c:/Users/User/Documents/GitHub/ch32h417/EVT/EXAM/SRC/Peripheral/src\ch32h417_qspi.c **** /*********************************************************************
 533:c:/Users/User/Documents/GitHub/ch32h417/EVT/EXAM/SRC/Peripheral/src\ch32h417_qspi.c ****  * @fn      QSPI_ITConfig
 534:c:/Users/User/Documents/GitHub/ch32h417/EVT/EXAM/SRC/Peripheral/src\ch32h417_qspi.c ****  * 
 535:c:/Users/User/Documents/GitHub/ch32h417/EVT/EXAM/SRC/Peripheral/src\ch32h417_qspi.c ****  * @brief   Enables or disables the specified QSPI interrupts.
 536:c:/Users/User/Documents/GitHub/ch32h417/EVT/EXAM/SRC/Peripheral/src\ch32h417_qspi.c ****  * 
 537:c:/Users/User/Documents/GitHub/ch32h417/EVT/EXAM/SRC/Peripheral/src\ch32h417_qspi.c ****  * @param   QSPIx - where x can be  - 1, 2.
 538:c:/Users/User/Documents/GitHub/ch32h417/EVT/EXAM/SRC/Peripheral/src\ch32h417_qspi.c ****  *          QSPI_IT - specifies the QSPI interrupt source to be enabled or disabled. 
 539:c:/Users/User/Documents/GitHub/ch32h417/EVT/EXAM/SRC/Peripheral/src\ch32h417_qspi.c ****  *        This parameter can be one of the following values:
 540:c:/Users/User/Documents/GitHub/ch32h417/EVT/EXAM/SRC/Peripheral/src\ch32h417_qspi.c ****  *              QSPI_IT_TO - Timeout interrupt
 541:c:/Users/User/Documents/GitHub/ch32h417/EVT/EXAM/SRC/Peripheral/src\ch32h417_qspi.c ****  *              QSPI_IT_SM - Status Match interrupt
 542:c:/Users/User/Documents/GitHub/ch32h417/EVT/EXAM/SRC/Peripheral/src\ch32h417_qspi.c ****  *              QSPI_IT_FT - FIFO Threshold
 543:c:/Users/User/Documents/GitHub/ch32h417/EVT/EXAM/SRC/Peripheral/src\ch32h417_qspi.c ****  *              QSPI_IT_TC - Transfer Complete
 544:c:/Users/User/Documents/GitHub/ch32h417/EVT/EXAM/SRC/Peripheral/src\ch32h417_qspi.c ****  *              QSPI_IT_TE - Transfer Error      
 545:c:/Users/User/Documents/GitHub/ch32h417/EVT/EXAM/SRC/Peripheral/src\ch32h417_qspi.c ****  *          NewState - ENABLE or DISABLE.
 546:c:/Users/User/Documents/GitHub/ch32h417/EVT/EXAM/SRC/Peripheral/src\ch32h417_qspi.c ****  * 
 547:c:/Users/User/Documents/GitHub/ch32h417/EVT/EXAM/SRC/Peripheral/src\ch32h417_qspi.c ****  * @return  none
 548:c:/Users/User/Documents/GitHub/ch32h417/EVT/EXAM/SRC/Peripheral/src\ch32h417_qspi.c ****  */
 549:c:/Users/User/Documents/GitHub/ch32h417/EVT/EXAM/SRC/Peripheral/src\ch32h417_qspi.c **** void QSPI_ITConfig(QSPI_TypeDef *QSPIx, uint32_t QSPI_IT, FunctionalState NewState)
 550:c:/Users/User/Documents/GitHub/ch32h417/EVT/EXAM/SRC/Peripheral/src\ch32h417_qspi.c **** {
 714              		.loc 1 550 1 is_stmt 1
 715              		.cfi_startproc
 716              	.LVL52:
 551:c:/Users/User/Documents/GitHub/ch32h417/EVT/EXAM/SRC/Peripheral/src\ch32h417_qspi.c ****     uint32_t tmpreg = 0;
 717              		.loc 1 551 5
 552:c:/Users/User/Documents/GitHub/ch32h417/EVT/EXAM/SRC/Peripheral/src\ch32h417_qspi.c **** 
 553:c:/Users/User/Documents/GitHub/ch32h417/EVT/EXAM/SRC/Peripheral/src\ch32h417_qspi.c ****     tmpreg = QSPIx->CR;
 718              		.loc 1 553 5
 719              		.loc 1 553 12 is_stmt 0
 720 0000 1841     		lw	a4,0(a0)
 721              	.LVL53:
 554:c:/Users/User/Documents/GitHub/ch32h417/EVT/EXAM/SRC/Peripheral/src\ch32h417_qspi.c **** 
 555:c:/Users/User/Documents/GitHub/ch32h417/EVT/EXAM/SRC/Peripheral/src\ch32h417_qspi.c ****     if (NewState != DISABLE)
 722              		.loc 1 555 5 is_stmt 1
 556:c:/Users/User/Documents/GitHub/ch32h417/EVT/EXAM/SRC/Peripheral/src\ch32h417_qspi.c ****     {
 557:c:/Users/User/Documents/GitHub/ch32h417/EVT/EXAM/SRC/Peripheral/src\ch32h417_qspi.c ****         tmpreg |= (uint32_t)(QSPI_IT & QSPI_CR_INTERRUPT_MASK);
 723              		.loc 1 557 19 is_stmt 0
 724 0002 B7071F00 		li	a5,2031616
 725 0006 FD8D     		and	a1,a1,a5
 726              	.LVL54:
 558:c:/Users/User/Documents/GitHub/ch32h417/EVT/EXAM/SRC/Peripheral/src\ch32h417_qspi.c ****     }
 559:c:/Users/User/Documents/GitHub/ch32h417/EVT/EXAM/SRC/Peripheral/src\ch32h417_qspi.c ****     else
 560:c:/Users/User/Documents/GitHub/ch32h417/EVT/EXAM/SRC/Peripheral/src\ch32h417_qspi.c ****     {
 561:c:/Users/User/Documents/GitHub/ch32h417/EVT/EXAM/SRC/Peripheral/src\ch32h417_qspi.c ****         tmpreg &= ~(uint32_t)(QSPI_IT & QSPI_CR_INTERRUPT_MASK);
 727              		.loc 1 561 16
 728 0008 B377B740 		andn	a5,a4,a1
 555:c:/Users/User/Documents/GitHub/ch32h417/EVT/EXAM/SRC/Peripheral/src\ch32h417_qspi.c ****     {
 729              		.loc 1 555 8
 730 000c 19C2     		beq	a2,zero,.L45
 557:c:/Users/User/Documents/GitHub/ch32h417/EVT/EXAM/SRC/Peripheral/src\ch32h417_qspi.c ****     }
 731              		.loc 1 557 9 is_stmt 1
 557:c:/Users/User/Documents/GitHub/ch32h417/EVT/EXAM/SRC/Peripheral/src\ch32h417_qspi.c ****     }
 732              		.loc 1 557 16 is_stmt 0
 733 000e B367B700 		or	a5,a4,a1
 734              	.LVL55:
 735              	.L45:
 562:c:/Users/User/Documents/GitHub/ch32h417/EVT/EXAM/SRC/Peripheral/src\ch32h417_qspi.c ****     }
 563:c:/Users/User/Documents/GitHub/ch32h417/EVT/EXAM/SRC/Peripheral/src\ch32h417_qspi.c **** 
 564:c:/Users/User/Documents/GitHub/ch32h417/EVT/EXAM/SRC/Peripheral/src\ch32h417_qspi.c ****     QSPIx->CR = tmpreg;
 736              		.loc 1 564 5 is_stmt 1
 737              		.loc 1 564 15 is_stmt 0
 738 0012 1CC1     		sw	a5,0(a0)
 565:c:/Users/User/Documents/GitHub/ch32h417/EVT/EXAM/SRC/Peripheral/src\ch32h417_qspi.c **** }
 739              		.loc 1 565 1
 740 0014 8280     		ret
 741              		.cfi_endproc
 742              	.LFE63:
 744              		.section	.text.QSPI_GetFIFOLevel,"ax",@progbits
 745              		.align	1
 746              		.globl	QSPI_GetFIFOLevel
 748              	QSPI_GetFIFOLevel:
 749              	.LFB64:
 566:c:/Users/User/Documents/GitHub/ch32h417/EVT/EXAM/SRC/Peripheral/src\ch32h417_qspi.c **** 
 567:c:/Users/User/Documents/GitHub/ch32h417/EVT/EXAM/SRC/Peripheral/src\ch32h417_qspi.c **** /*********************************************************************
 568:c:/Users/User/Documents/GitHub/ch32h417/EVT/EXAM/SRC/Peripheral/src\ch32h417_qspi.c ****  * @fn      QSPI_GetFIFOLevel
 569:c:/Users/User/Documents/GitHub/ch32h417/EVT/EXAM/SRC/Peripheral/src\ch32h417_qspi.c ****  * 
 570:c:/Users/User/Documents/GitHub/ch32h417/EVT/EXAM/SRC/Peripheral/src\ch32h417_qspi.c ****  * @brief   Returns the current QSPI FIFO filled level.
 571:c:/Users/User/Documents/GitHub/ch32h417/EVT/EXAM/SRC/Peripheral/src\ch32h417_qspi.c ****  * 
 572:c:/Users/User/Documents/GitHub/ch32h417/EVT/EXAM/SRC/Peripheral/src\ch32h417_qspi.c ****  * @return  Number of valid bytes which are being held in the FIFO.
 573:c:/Users/User/Documents/GitHub/ch32h417/EVT/EXAM/SRC/Peripheral/src\ch32h417_qspi.c ****  *        0x00 - FIFO is empty
 574:c:/Users/User/Documents/GitHub/ch32h417/EVT/EXAM/SRC/Peripheral/src\ch32h417_qspi.c ****  *        0x1F - FIFO is full    
 575:c:/Users/User/Documents/GitHub/ch32h417/EVT/EXAM/SRC/Peripheral/src\ch32h417_qspi.c ****  */
 576:c:/Users/User/Documents/GitHub/ch32h417/EVT/EXAM/SRC/Peripheral/src\ch32h417_qspi.c **** uint32_t QSPI_GetFIFOLevel(QSPI_TypeDef *QSPIx)
 577:c:/Users/User/Documents/GitHub/ch32h417/EVT/EXAM/SRC/Peripheral/src\ch32h417_qspi.c **** {
 750              		.loc 1 577 1 is_stmt 1
 751              		.cfi_startproc
 752              	.LVL56:
 578:c:/Users/User/Documents/GitHub/ch32h417/EVT/EXAM/SRC/Peripheral/src\ch32h417_qspi.c ****     return ((QSPIx->SR & QSPI_SR_FLEVEL) >> 8);
 753              		.loc 1 578 5
 754              		.loc 1 578 19 is_stmt 0
 755 0000 0845     		lw	a0,8(a0)
 756              	.LVL57:
 757              		.loc 1 578 42
 758 0002 2181     		srli	a0,a0,8
 579:c:/Users/User/Documents/GitHub/ch32h417/EVT/EXAM/SRC/Peripheral/src\ch32h417_qspi.c **** }
 759              		.loc 1 579 1
 760 0004 1375F503 		andi	a0,a0,63
 761 0008 8280     		ret
 762              		.cfi_endproc
 763              	.LFE64:
 765              		.section	.text.QSPI_GetFMode,"ax",@progbits
 766              		.align	1
 767              		.globl	QSPI_GetFMode
 769              	QSPI_GetFMode:
 770              	.LFB65:
 580:c:/Users/User/Documents/GitHub/ch32h417/EVT/EXAM/SRC/Peripheral/src\ch32h417_qspi.c **** 
 581:c:/Users/User/Documents/GitHub/ch32h417/EVT/EXAM/SRC/Peripheral/src\ch32h417_qspi.c **** /*********************************************************************
 582:c:/Users/User/Documents/GitHub/ch32h417/EVT/EXAM/SRC/Peripheral/src\ch32h417_qspi.c ****  * @fn      QSPI_GetFMode
 583:c:/Users/User/Documents/GitHub/ch32h417/EVT/EXAM/SRC/Peripheral/src\ch32h417_qspi.c ****  * 
 584:c:/Users/User/Documents/GitHub/ch32h417/EVT/EXAM/SRC/Peripheral/src\ch32h417_qspi.c ****  * @brief   Returns the QSPI functional mode.  
 585:c:/Users/User/Documents/GitHub/ch32h417/EVT/EXAM/SRC/Peripheral/src\ch32h417_qspi.c ****  * 
 586:c:/Users/User/Documents/GitHub/ch32h417/EVT/EXAM/SRC/Peripheral/src\ch32h417_qspi.c ****  * @param   QSPIx - where x can be  - 1, 2.
 587:c:/Users/User/Documents/GitHub/ch32h417/EVT/EXAM/SRC/Peripheral/src\ch32h417_qspi.c ****  * 
 588:c:/Users/User/Documents/GitHub/ch32h417/EVT/EXAM/SRC/Peripheral/src\ch32h417_qspi.c ****  * @return  QSPI Functional Mode .The returned value can be one of the following:
 589:c:/Users/User/Documents/GitHub/ch32h417/EVT/EXAM/SRC/Peripheral/src\ch32h417_qspi.c ****  *              - 0x00000000: QSPI_FMode_Indirect_Write
 590:c:/Users/User/Documents/GitHub/ch32h417/EVT/EXAM/SRC/Peripheral/src\ch32h417_qspi.c ****  *              - 0x04000000: QSPI_FMode_Indirect_Read
 591:c:/Users/User/Documents/GitHub/ch32h417/EVT/EXAM/SRC/Peripheral/src\ch32h417_qspi.c ****  *              - 0x08000000: QSPI_FMode_AutoPolling
 592:c:/Users/User/Documents/GitHub/ch32h417/EVT/EXAM/SRC/Peripheral/src\ch32h417_qspi.c ****  *              - 0x0C000000: QSPI_FMode_MemoryMapped
 593:c:/Users/User/Documents/GitHub/ch32h417/EVT/EXAM/SRC/Peripheral/src\ch32h417_qspi.c ****  */
 594:c:/Users/User/Documents/GitHub/ch32h417/EVT/EXAM/SRC/Peripheral/src\ch32h417_qspi.c **** uint32_t QSPI_GetFMode(QSPI_TypeDef *QSPIx)
 595:c:/Users/User/Documents/GitHub/ch32h417/EVT/EXAM/SRC/Peripheral/src\ch32h417_qspi.c **** {
 771              		.loc 1 595 1 is_stmt 1
 772              		.cfi_startproc
 773              	.LVL58:
 596:c:/Users/User/Documents/GitHub/ch32h417/EVT/EXAM/SRC/Peripheral/src\ch32h417_qspi.c ****     return (QSPIx->CCR & QSPI_CCR_FMODE);
 774              		.loc 1 596 5
 775              		.loc 1 596 18 is_stmt 0
 776 0000 4849     		lw	a0,20(a0)
 777              	.LVL59:
 597:c:/Users/User/Documents/GitHub/ch32h417/EVT/EXAM/SRC/Peripheral/src\ch32h417_qspi.c **** }
 778              		.loc 1 597 1
 779 0002 B707000C 		li	a5,201326592
 780 0006 7D8D     		and	a0,a0,a5
 781 0008 8280     		ret
 782              		.cfi_endproc
 783              	.LFE65:
 785              		.section	.text.QSPI_GetFlagStatus,"ax",@progbits
 786              		.align	1
 787              		.globl	QSPI_GetFlagStatus
 789              	QSPI_GetFlagStatus:
 790              	.LFB66:
 598:c:/Users/User/Documents/GitHub/ch32h417/EVT/EXAM/SRC/Peripheral/src\ch32h417_qspi.c **** 
 599:c:/Users/User/Documents/GitHub/ch32h417/EVT/EXAM/SRC/Peripheral/src\ch32h417_qspi.c **** /*********************************************************************
 600:c:/Users/User/Documents/GitHub/ch32h417/EVT/EXAM/SRC/Peripheral/src\ch32h417_qspi.c ****  * @fn      QSPI_GetFlagStatus
 601:c:/Users/User/Documents/GitHub/ch32h417/EVT/EXAM/SRC/Peripheral/src\ch32h417_qspi.c ****  * 
 602:c:/Users/User/Documents/GitHub/ch32h417/EVT/EXAM/SRC/Peripheral/src\ch32h417_qspi.c ****  * @brief   Checks whether the specified QSPI flag is set or not.  
 603:c:/Users/User/Documents/GitHub/ch32h417/EVT/EXAM/SRC/Peripheral/src\ch32h417_qspi.c ****  * 
 604:c:/Users/User/Documents/GitHub/ch32h417/EVT/EXAM/SRC/Peripheral/src\ch32h417_qspi.c ****  * @param   QSPIx - where x can be  - 1, 2.
 605:c:/Users/User/Documents/GitHub/ch32h417/EVT/EXAM/SRC/Peripheral/src\ch32h417_qspi.c ****  *          QSPI_FLAG - specifies the QSPI flag to check. 
 606:c:/Users/User/Documents/GitHub/ch32h417/EVT/EXAM/SRC/Peripheral/src\ch32h417_qspi.c ****  *        This parameter can be one of the following values:
 607:c:/Users/User/Documents/GitHub/ch32h417/EVT/EXAM/SRC/Peripheral/src\ch32h417_qspi.c ****  *              QSPI_FLAG_TO - Timeout interrupt flag
 608:c:/Users/User/Documents/GitHub/ch32h417/EVT/EXAM/SRC/Peripheral/src\ch32h417_qspi.c ****  *              QSPI_FLAG_SM - Status Match interrupt flag
 609:c:/Users/User/Documents/GitHub/ch32h417/EVT/EXAM/SRC/Peripheral/src\ch32h417_qspi.c ****  *              QSPI_FLAG_FT - FIFO Threshold flag
 610:c:/Users/User/Documents/GitHub/ch32h417/EVT/EXAM/SRC/Peripheral/src\ch32h417_qspi.c ****  *              QSPI_FLAG_TC - Transfer Complete flag
 611:c:/Users/User/Documents/GitHub/ch32h417/EVT/EXAM/SRC/Peripheral/src\ch32h417_qspi.c ****  *              QSPI_FLAG_TE - Transfer Error flag
 612:c:/Users/User/Documents/GitHub/ch32h417/EVT/EXAM/SRC/Peripheral/src\ch32h417_qspi.c ****  *              QSPI_FLAG_BUSY - Busy flag      
 613:c:/Users/User/Documents/GitHub/ch32h417/EVT/EXAM/SRC/Peripheral/src\ch32h417_qspi.c ****  * 
 614:c:/Users/User/Documents/GitHub/ch32h417/EVT/EXAM/SRC/Peripheral/src\ch32h417_qspi.c ****  * @return  The new state of QSPI_FLAG (SET or RESET).
 615:c:/Users/User/Documents/GitHub/ch32h417/EVT/EXAM/SRC/Peripheral/src\ch32h417_qspi.c ****  */
 616:c:/Users/User/Documents/GitHub/ch32h417/EVT/EXAM/SRC/Peripheral/src\ch32h417_qspi.c **** FlagStatus QSPI_GetFlagStatus(QSPI_TypeDef *QSPIx, uint32_t QSPI_FLAG)
 617:c:/Users/User/Documents/GitHub/ch32h417/EVT/EXAM/SRC/Peripheral/src\ch32h417_qspi.c **** {
 791              		.loc 1 617 1 is_stmt 1
 792              		.cfi_startproc
 793              	.LVL60:
 618:c:/Users/User/Documents/GitHub/ch32h417/EVT/EXAM/SRC/Peripheral/src\ch32h417_qspi.c ****     FlagStatus bitstatus = RESET;
 794              		.loc 1 618 5
 619:c:/Users/User/Documents/GitHub/ch32h417/EVT/EXAM/SRC/Peripheral/src\ch32h417_qspi.c **** 
 620:c:/Users/User/Documents/GitHub/ch32h417/EVT/EXAM/SRC/Peripheral/src\ch32h417_qspi.c ****     if ((QSPIx->SR & QSPI_FLAG) != RESET)
 795              		.loc 1 620 5
 796              		.loc 1 620 15 is_stmt 0
 797 0000 0845     		lw	a0,8(a0)
 798              	.LVL61:
 621:c:/Users/User/Documents/GitHub/ch32h417/EVT/EXAM/SRC/Peripheral/src\ch32h417_qspi.c ****     {
 622:c:/Users/User/Documents/GitHub/ch32h417/EVT/EXAM/SRC/Peripheral/src\ch32h417_qspi.c ****         bitstatus = SET;
 623:c:/Users/User/Documents/GitHub/ch32h417/EVT/EXAM/SRC/Peripheral/src\ch32h417_qspi.c ****     }
 624:c:/Users/User/Documents/GitHub/ch32h417/EVT/EXAM/SRC/Peripheral/src\ch32h417_qspi.c ****     else
 625:c:/Users/User/Documents/GitHub/ch32h417/EVT/EXAM/SRC/Peripheral/src\ch32h417_qspi.c ****     {
 626:c:/Users/User/Documents/GitHub/ch32h417/EVT/EXAM/SRC/Peripheral/src\ch32h417_qspi.c ****         bitstatus = RESET;
 627:c:/Users/User/Documents/GitHub/ch32h417/EVT/EXAM/SRC/Peripheral/src\ch32h417_qspi.c ****     }
 628:c:/Users/User/Documents/GitHub/ch32h417/EVT/EXAM/SRC/Peripheral/src\ch32h417_qspi.c **** 
 629:c:/Users/User/Documents/GitHub/ch32h417/EVT/EXAM/SRC/Peripheral/src\ch32h417_qspi.c ****     return bitstatus;
 799              		.loc 1 629 5 is_stmt 1
 620:c:/Users/User/Documents/GitHub/ch32h417/EVT/EXAM/SRC/Peripheral/src\ch32h417_qspi.c ****     {
 800              		.loc 1 620 20 is_stmt 0
 801 0002 6D8D     		and	a0,a0,a1
 802              	.LVL62:
 630:c:/Users/User/Documents/GitHub/ch32h417/EVT/EXAM/SRC/Peripheral/src\ch32h417_qspi.c **** }
 803              		.loc 1 630 1
 804 0004 3335A000 		snez	a0,a0
 805 0008 8280     		ret
 806              		.cfi_endproc
 807              	.LFE66:
 809              		.section	.text.QSPI_ClearFlag,"ax",@progbits
 810              		.align	1
 811              		.globl	QSPI_ClearFlag
 813              	QSPI_ClearFlag:
 814              	.LFB67:
 631:c:/Users/User/Documents/GitHub/ch32h417/EVT/EXAM/SRC/Peripheral/src\ch32h417_qspi.c **** 
 632:c:/Users/User/Documents/GitHub/ch32h417/EVT/EXAM/SRC/Peripheral/src\ch32h417_qspi.c **** /*********************************************************************
 633:c:/Users/User/Documents/GitHub/ch32h417/EVT/EXAM/SRC/Peripheral/src\ch32h417_qspi.c ****  * @fn      QSPI_ClearFlag
 634:c:/Users/User/Documents/GitHub/ch32h417/EVT/EXAM/SRC/Peripheral/src\ch32h417_qspi.c ****  * 
 635:c:/Users/User/Documents/GitHub/ch32h417/EVT/EXAM/SRC/Peripheral/src\ch32h417_qspi.c ****  * @brief   Clears the QSPI flag.
 636:c:/Users/User/Documents/GitHub/ch32h417/EVT/EXAM/SRC/Peripheral/src\ch32h417_qspi.c ****  * 
 637:c:/Users/User/Documents/GitHub/ch32h417/EVT/EXAM/SRC/Peripheral/src\ch32h417_qspi.c ****  * @param   QSPIx - where x can be  - 1, 2.
 638:c:/Users/User/Documents/GitHub/ch32h417/EVT/EXAM/SRC/Peripheral/src\ch32h417_qspi.c ****  *          QSPI_FLAG - specifies the QSPI flag to clear. 
 639:c:/Users/User/Documents/GitHub/ch32h417/EVT/EXAM/SRC/Peripheral/src\ch32h417_qspi.c ****  *        This parameter can be one of the following values:
 640:c:/Users/User/Documents/GitHub/ch32h417/EVT/EXAM/SRC/Peripheral/src\ch32h417_qspi.c ****  *              QSPI_FLAG_TO - Timeout interrupt flag
 641:c:/Users/User/Documents/GitHub/ch32h417/EVT/EXAM/SRC/Peripheral/src\ch32h417_qspi.c ****  *              QSPI_FLAG_SM - Status Match interrupt flag
 642:c:/Users/User/Documents/GitHub/ch32h417/EVT/EXAM/SRC/Peripheral/src\ch32h417_qspi.c ****  *              QSPI_FLAG_TC - Transfer Complete flag
 643:c:/Users/User/Documents/GitHub/ch32h417/EVT/EXAM/SRC/Peripheral/src\ch32h417_qspi.c ****  *              QSPI_FLAG_TE - Transfer Error flag
 644:c:/Users/User/Documents/GitHub/ch32h417/EVT/EXAM/SRC/Peripheral/src\ch32h417_qspi.c ****  * 
 645:c:/Users/User/Documents/GitHub/ch32h417/EVT/EXAM/SRC/Peripheral/src\ch32h417_qspi.c ****  * @return  none
 646:c:/Users/User/Documents/GitHub/ch32h417/EVT/EXAM/SRC/Peripheral/src\ch32h417_qspi.c ****  */
 647:c:/Users/User/Documents/GitHub/ch32h417/EVT/EXAM/SRC/Peripheral/src\ch32h417_qspi.c **** void QSPI_ClearFlag(QSPI_TypeDef *QSPIx, uint32_t QSPI_FLAG)
 648:c:/Users/User/Documents/GitHub/ch32h417/EVT/EXAM/SRC/Peripheral/src\ch32h417_qspi.c **** {
 815              		.loc 1 648 1 is_stmt 1
 816              		.cfi_startproc
 817              	.LVL63:
 649:c:/Users/User/Documents/GitHub/ch32h417/EVT/EXAM/SRC/Peripheral/src\ch32h417_qspi.c ****     QSPIx->FCR = QSPI_FLAG;
 818              		.loc 1 649 5
 819              		.loc 1 649 16 is_stmt 0
 820 0000 4CC5     		sw	a1,12(a0)
 650:c:/Users/User/Documents/GitHub/ch32h417/EVT/EXAM/SRC/Peripheral/src\ch32h417_qspi.c **** }
 821              		.loc 1 650 1
 822 0002 8280     		ret
 823              		.cfi_endproc
 824              	.LFE67:
 826              		.section	.text.QSPI_GetITStatus,"ax",@progbits
 827              		.align	1
 828              		.globl	QSPI_GetITStatus
 830              	QSPI_GetITStatus:
 831              	.LFB68:
 651:c:/Users/User/Documents/GitHub/ch32h417/EVT/EXAM/SRC/Peripheral/src\ch32h417_qspi.c **** 
 652:c:/Users/User/Documents/GitHub/ch32h417/EVT/EXAM/SRC/Peripheral/src\ch32h417_qspi.c **** /*********************************************************************
 653:c:/Users/User/Documents/GitHub/ch32h417/EVT/EXAM/SRC/Peripheral/src\ch32h417_qspi.c ****  * @fn      QSPI_GetITStatus
 654:c:/Users/User/Documents/GitHub/ch32h417/EVT/EXAM/SRC/Peripheral/src\ch32h417_qspi.c ****  * 
 655:c:/Users/User/Documents/GitHub/ch32h417/EVT/EXAM/SRC/Peripheral/src\ch32h417_qspi.c ****  * @brief   Checks whether the specified QSPI interrupt has occurred or not.
 656:c:/Users/User/Documents/GitHub/ch32h417/EVT/EXAM/SRC/Peripheral/src\ch32h417_qspi.c ****  * 
 657:c:/Users/User/Documents/GitHub/ch32h417/EVT/EXAM/SRC/Peripheral/src\ch32h417_qspi.c ****  * @param   QSPIx - where x can be  - 1, 2.
 658:c:/Users/User/Documents/GitHub/ch32h417/EVT/EXAM/SRC/Peripheral/src\ch32h417_qspi.c ****  *          QSPI_IT - specifies the QSPI interrupt source to check. 
 659:c:/Users/User/Documents/GitHub/ch32h417/EVT/EXAM/SRC/Peripheral/src\ch32h417_qspi.c ****  *        This parameter can be one of the following values:
 660:c:/Users/User/Documents/GitHub/ch32h417/EVT/EXAM/SRC/Peripheral/src\ch32h417_qspi.c ****  *              QSPI_IT_TO - Timeout interrupt 
 661:c:/Users/User/Documents/GitHub/ch32h417/EVT/EXAM/SRC/Peripheral/src\ch32h417_qspi.c ****  *              QSPI_IT_SM - Status Match interrupt
 662:c:/Users/User/Documents/GitHub/ch32h417/EVT/EXAM/SRC/Peripheral/src\ch32h417_qspi.c ****  *              QSPI_IT_FT - FIFO Threshold
 663:c:/Users/User/Documents/GitHub/ch32h417/EVT/EXAM/SRC/Peripheral/src\ch32h417_qspi.c ****  *              QSPI_IT_TC - Transfer Complete
 664:c:/Users/User/Documents/GitHub/ch32h417/EVT/EXAM/SRC/Peripheral/src\ch32h417_qspi.c ****  *              QSPI_IT_TE - Transfer Error    
 665:c:/Users/User/Documents/GitHub/ch32h417/EVT/EXAM/SRC/Peripheral/src\ch32h417_qspi.c ****  * 
 666:c:/Users/User/Documents/GitHub/ch32h417/EVT/EXAM/SRC/Peripheral/src\ch32h417_qspi.c ****  * @return  The new state of QSPI_IT (SET or RESET).
 667:c:/Users/User/Documents/GitHub/ch32h417/EVT/EXAM/SRC/Peripheral/src\ch32h417_qspi.c ****  */
 668:c:/Users/User/Documents/GitHub/ch32h417/EVT/EXAM/SRC/Peripheral/src\ch32h417_qspi.c **** ITStatus QSPI_GetITStatus(QSPI_TypeDef *QSPIx, uint32_t QSPI_IT)
 669:c:/Users/User/Documents/GitHub/ch32h417/EVT/EXAM/SRC/Peripheral/src\ch32h417_qspi.c **** {
 832              		.loc 1 669 1 is_stmt 1
 833              		.cfi_startproc
 834              	.LVL64:
 670:c:/Users/User/Documents/GitHub/ch32h417/EVT/EXAM/SRC/Peripheral/src\ch32h417_qspi.c ****     ITStatus bitstatus = RESET;
 835              		.loc 1 670 5
 671:c:/Users/User/Documents/GitHub/ch32h417/EVT/EXAM/SRC/Peripheral/src\ch32h417_qspi.c ****     uint32_t tmpcreg = 0, tmpsreg = 0;
 836              		.loc 1 671 5
 672:c:/Users/User/Documents/GitHub/ch32h417/EVT/EXAM/SRC/Peripheral/src\ch32h417_qspi.c **** 
 673:c:/Users/User/Documents/GitHub/ch32h417/EVT/EXAM/SRC/Peripheral/src\ch32h417_qspi.c ****     tmpcreg = QSPIx->CR;
 837              		.loc 1 673 5
 838              		.loc 1 673 13 is_stmt 0
 839 0000 1C41     		lw	a5,0(a0)
 840              	.LVL65:
 674:c:/Users/User/Documents/GitHub/ch32h417/EVT/EXAM/SRC/Peripheral/src\ch32h417_qspi.c ****     tmpcreg &= (uint32_t)(QSPI_IT & QSPI_CR_INTERRUPT_MASK);
 841              		.loc 1 674 5 is_stmt 1
 669:c:/Users/User/Documents/GitHub/ch32h417/EVT/EXAM/SRC/Peripheral/src\ch32h417_qspi.c ****     ITStatus bitstatus = RESET;
 842              		.loc 1 669 1 is_stmt 0
 843 0002 2A87     		mv	a4,a0
 844              		.loc 1 674 13
 845 0004 B7061F00 		li	a3,2031616
 846 0008 ED8F     		and	a5,a5,a1
 847              	.LVL66:
 848 000a 33F5D700 		and	a0,a5,a3
 849              	.LVL67:
 675:c:/Users/User/Documents/GitHub/ch32h417/EVT/EXAM/SRC/Peripheral/src\ch32h417_qspi.c **** 
 676:c:/Users/User/Documents/GitHub/ch32h417/EVT/EXAM/SRC/Peripheral/src\ch32h417_qspi.c ****     tmpsreg = QSPIx->SR;
 850              		.loc 1 676 5 is_stmt 1
 851              		.loc 1 676 13 is_stmt 0
 852 000e 1C47     		lw	a5,8(a4)
 853              	.LVL68:
 677:c:/Users/User/Documents/GitHub/ch32h417/EVT/EXAM/SRC/Peripheral/src\ch32h417_qspi.c ****     tmpsreg &= (uint32_t)(QSPI_IT & QSPI_SR_INTERRUPT_MASK);
 854              		.loc 1 677 5 is_stmt 1
 678:c:/Users/User/Documents/GitHub/ch32h417/EVT/EXAM/SRC/Peripheral/src\ch32h417_qspi.c **** 
 679:c:/Users/User/Documents/GitHub/ch32h417/EVT/EXAM/SRC/Peripheral/src\ch32h417_qspi.c ****     if ((tmpcreg != RESET) && (tmpsreg != RESET))
 855              		.loc 1 679 5
 856              		.loc 1 679 8 is_stmt 0
 857 0010 09C5     		beq	a0,zero,.L50
 677:c:/Users/User/Documents/GitHub/ch32h417/EVT/EXAM/SRC/Peripheral/src\ch32h417_qspi.c ****     tmpsreg &= (uint32_t)(QSPI_IT & QSPI_SR_INTERRUPT_MASK);
 858              		.loc 1 677 13 discriminator 1
 859 0012 FD8D     		and	a1,a1,a5
 860              	.LVL69:
 861 0014 FD89     		andi	a1,a1,31
 862              	.LVL70:
 863              		.loc 1 679 28 discriminator 1
 864 0016 3335B000 		snez	a0,a1
 865              	.LVL71:
 680:c:/Users/User/Documents/GitHub/ch32h417/EVT/EXAM/SRC/Peripheral/src\ch32h417_qspi.c ****     {
 681:c:/Users/User/Documents/GitHub/ch32h417/EVT/EXAM/SRC/Peripheral/src\ch32h417_qspi.c ****         bitstatus = SET;
 682:c:/Users/User/Documents/GitHub/ch32h417/EVT/EXAM/SRC/Peripheral/src\ch32h417_qspi.c ****     }
 683:c:/Users/User/Documents/GitHub/ch32h417/EVT/EXAM/SRC/Peripheral/src\ch32h417_qspi.c ****     else
 684:c:/Users/User/Documents/GitHub/ch32h417/EVT/EXAM/SRC/Peripheral/src\ch32h417_qspi.c ****     {
 685:c:/Users/User/Documents/GitHub/ch32h417/EVT/EXAM/SRC/Peripheral/src\ch32h417_qspi.c ****         bitstatus = RESET;
 686:c:/Users/User/Documents/GitHub/ch32h417/EVT/EXAM/SRC/Peripheral/src\ch32h417_qspi.c ****     }
 687:c:/Users/User/Documents/GitHub/ch32h417/EVT/EXAM/SRC/Peripheral/src\ch32h417_qspi.c **** 
 688:c:/Users/User/Documents/GitHub/ch32h417/EVT/EXAM/SRC/Peripheral/src\ch32h417_qspi.c ****     return bitstatus;
 866              		.loc 1 688 5 is_stmt 1 discriminator 1
 867              	.L50:
 689:c:/Users/User/Documents/GitHub/ch32h417/EVT/EXAM/SRC/Peripheral/src\ch32h417_qspi.c **** }
 868              		.loc 1 689 1 is_stmt 0
 869 001a 8280     		ret
 870              		.cfi_endproc
 871              	.LFE68:
 873              		.section	.text.QSPI_ClearITPendingBit,"ax",@progbits
 874              		.align	1
 875              		.globl	QSPI_ClearITPendingBit
 877              	QSPI_ClearITPendingBit:
 878              	.LFB69:
 690:c:/Users/User/Documents/GitHub/ch32h417/EVT/EXAM/SRC/Peripheral/src\ch32h417_qspi.c **** 
 691:c:/Users/User/Documents/GitHub/ch32h417/EVT/EXAM/SRC/Peripheral/src\ch32h417_qspi.c **** /*********************************************************************
 692:c:/Users/User/Documents/GitHub/ch32h417/EVT/EXAM/SRC/Peripheral/src\ch32h417_qspi.c ****  * @fn      QSPI_ClearITPendingBit
 693:c:/Users/User/Documents/GitHub/ch32h417/EVT/EXAM/SRC/Peripheral/src\ch32h417_qspi.c ****  * 
 694:c:/Users/User/Documents/GitHub/ch32h417/EVT/EXAM/SRC/Peripheral/src\ch32h417_qspi.c ****  * @brief   Clears the QSPI's interrupt pending bits.
 695:c:/Users/User/Documents/GitHub/ch32h417/EVT/EXAM/SRC/Peripheral/src\ch32h417_qspi.c ****  * 
 696:c:/Users/User/Documents/GitHub/ch32h417/EVT/EXAM/SRC/Peripheral/src\ch32h417_qspi.c ****  * @param   QSPIx - where x can be  - 1, 2.
 697:c:/Users/User/Documents/GitHub/ch32h417/EVT/EXAM/SRC/Peripheral/src\ch32h417_qspi.c ****  *          QSPI_IT - specifies the QSPI pending bit to clear. 
 698:c:/Users/User/Documents/GitHub/ch32h417/EVT/EXAM/SRC/Peripheral/src\ch32h417_qspi.c ****  *        This parameter can be one of the following values:
 699:c:/Users/User/Documents/GitHub/ch32h417/EVT/EXAM/SRC/Peripheral/src\ch32h417_qspi.c ****  *              QSPI_IT_TO - Timeout interrupt 
 700:c:/Users/User/Documents/GitHub/ch32h417/EVT/EXAM/SRC/Peripheral/src\ch32h417_qspi.c ****  *              QSPI_IT_SM - Status Match interrupt
 701:c:/Users/User/Documents/GitHub/ch32h417/EVT/EXAM/SRC/Peripheral/src\ch32h417_qspi.c ****  *              QSPI_IT_TC - Transfer Complete
 702:c:/Users/User/Documents/GitHub/ch32h417/EVT/EXAM/SRC/Peripheral/src\ch32h417_qspi.c ****  *              QSPI_IT_TE - Transfer Error 
 703:c:/Users/User/Documents/GitHub/ch32h417/EVT/EXAM/SRC/Peripheral/src\ch32h417_qspi.c ****  * 
 704:c:/Users/User/Documents/GitHub/ch32h417/EVT/EXAM/SRC/Peripheral/src\ch32h417_qspi.c ****  * @return  none
 705:c:/Users/User/Documents/GitHub/ch32h417/EVT/EXAM/SRC/Peripheral/src\ch32h417_qspi.c ****  */
 706:c:/Users/User/Documents/GitHub/ch32h417/EVT/EXAM/SRC/Peripheral/src\ch32h417_qspi.c **** void QSPI_ClearITPendingBit(QSPI_TypeDef *QSPIx, uint32_t QSPI_IT)
 707:c:/Users/User/Documents/GitHub/ch32h417/EVT/EXAM/SRC/Peripheral/src\ch32h417_qspi.c **** {
 879              		.loc 1 707 1 is_stmt 1
 880              		.cfi_startproc
 881              	.LVL72:
 708:c:/Users/User/Documents/GitHub/ch32h417/EVT/EXAM/SRC/Peripheral/src\ch32h417_qspi.c ****     QSPIx->FCR = (uint32_t)(QSPI_IT & QSPI_FSR_INTERRUPT_MASK);
 882              		.loc 1 708 5
 883              		.loc 1 708 18 is_stmt 0
 884 0000 ED89     		andi	a1,a1,27
 885              	.LVL73:
 886              		.loc 1 708 16
 887 0002 4CC5     		sw	a1,12(a0)
 709:c:/Users/User/Documents/GitHub/ch32h417/EVT/EXAM/SRC/Peripheral/src\ch32h417_qspi.c **** }
 888              		.loc 1 709 1
 889 0004 8280     		ret
 890              		.cfi_endproc
 891              	.LFE69:
 893              		.section	.text.QSPI_DualFlashMode_Cmd,"ax",@progbits
 894              		.align	1
 895              		.globl	QSPI_DualFlashMode_Cmd
 897              	QSPI_DualFlashMode_Cmd:
 898              	.LFB70:
 710:c:/Users/User/Documents/GitHub/ch32h417/EVT/EXAM/SRC/Peripheral/src\ch32h417_qspi.c **** 
 711:c:/Users/User/Documents/GitHub/ch32h417/EVT/EXAM/SRC/Peripheral/src\ch32h417_qspi.c **** /*********************************************************************
 712:c:/Users/User/Documents/GitHub/ch32h417/EVT/EXAM/SRC/Peripheral/src\ch32h417_qspi.c ****  * @fn      QSPI_DualFlashMode_Cmd
 713:c:/Users/User/Documents/GitHub/ch32h417/EVT/EXAM/SRC/Peripheral/src\ch32h417_qspi.c ****  * 
 714:c:/Users/User/Documents/GitHub/ch32h417/EVT/EXAM/SRC/Peripheral/src\ch32h417_qspi.c ****  * @brief   Enables or disables QSPI Dual Flash Mode.
 715:c:/Users/User/Documents/GitHub/ch32h417/EVT/EXAM/SRC/Peripheral/src\ch32h417_qspi.c ****  * 
 716:c:/Users/User/Documents/GitHub/ch32h417/EVT/EXAM/SRC/Peripheral/src\ch32h417_qspi.c ****  * @param   QSPIx - where x can be  - 1, 2.
 717:c:/Users/User/Documents/GitHub/ch32h417/EVT/EXAM/SRC/Peripheral/src\ch32h417_qspi.c ****  *          NewState - ENABLE or DISABLE.
 718:c:/Users/User/Documents/GitHub/ch32h417/EVT/EXAM/SRC/Peripheral/src\ch32h417_qspi.c ****  * 
 719:c:/Users/User/Documents/GitHub/ch32h417/EVT/EXAM/SRC/Peripheral/src\ch32h417_qspi.c ****  * @return  none
 720:c:/Users/User/Documents/GitHub/ch32h417/EVT/EXAM/SRC/Peripheral/src\ch32h417_qspi.c ****  */
 721:c:/Users/User/Documents/GitHub/ch32h417/EVT/EXAM/SRC/Peripheral/src\ch32h417_qspi.c **** void QSPI_DualFlashMode_Cmd(QSPI_TypeDef *QSPIx, FunctionalState NewState)
 722:c:/Users/User/Documents/GitHub/ch32h417/EVT/EXAM/SRC/Peripheral/src\ch32h417_qspi.c **** {
 899              		.loc 1 722 1 is_stmt 1
 900              		.cfi_startproc
 901              	.LVL74:
 723:c:/Users/User/Documents/GitHub/ch32h417/EVT/EXAM/SRC/Peripheral/src\ch32h417_qspi.c ****     if (NewState != DISABLE)
 902              		.loc 1 723 5
 724:c:/Users/User/Documents/GitHub/ch32h417/EVT/EXAM/SRC/Peripheral/src\ch32h417_qspi.c ****     {
 725:c:/Users/User/Documents/GitHub/ch32h417/EVT/EXAM/SRC/Peripheral/src\ch32h417_qspi.c ****         QSPIx->CR |= QSPI_CR_DFM;
 903              		.loc 1 725 14 is_stmt 0
 904 0000 1C41     		lw	a5,0(a0)
 723:c:/Users/User/Documents/GitHub/ch32h417/EVT/EXAM/SRC/Peripheral/src\ch32h417_qspi.c ****     if (NewState != DISABLE)
 905              		.loc 1 723 8
 906 0002 89C5     		beq	a1,zero,.L57
 907              		.loc 1 725 9 is_stmt 1
 908              		.loc 1 725 19 is_stmt 0
 909 0004 93E70704 		ori	a5,a5,64
 910              	.L59:
 726:c:/Users/User/Documents/GitHub/ch32h417/EVT/EXAM/SRC/Peripheral/src\ch32h417_qspi.c ****     }
 727:c:/Users/User/Documents/GitHub/ch32h417/EVT/EXAM/SRC/Peripheral/src\ch32h417_qspi.c ****     else
 728:c:/Users/User/Documents/GitHub/ch32h417/EVT/EXAM/SRC/Peripheral/src\ch32h417_qspi.c ****     {
 729:c:/Users/User/Documents/GitHub/ch32h417/EVT/EXAM/SRC/Peripheral/src\ch32h417_qspi.c ****         QSPIx->CR &= ~QSPI_CR_DFM;
 911              		.loc 1 729 19
 912 0008 1CC1     		sw	a5,0(a0)
 730:c:/Users/User/Documents/GitHub/ch32h417/EVT/EXAM/SRC/Peripheral/src\ch32h417_qspi.c ****     }
 731:c:/Users/User/Documents/GitHub/ch32h417/EVT/EXAM/SRC/Peripheral/src\ch32h417_qspi.c **** }
 913              		.loc 1 731 1
 914 000a 8280     		ret
 915              	.L57:
 729:c:/Users/User/Documents/GitHub/ch32h417/EVT/EXAM/SRC/Peripheral/src\ch32h417_qspi.c ****     }
 916              		.loc 1 729 9 is_stmt 1
 729:c:/Users/User/Documents/GitHub/ch32h417/EVT/EXAM/SRC/Peripheral/src\ch32h417_qspi.c ****     }
 917              		.loc 1 729 19 is_stmt 0
 918 000c 93F7F7FB 		andi	a5,a5,-65
 919 0010 E5BF     		j	.L59
 920              		.cfi_endproc
 921              	.LFE70:
 923              		.section	.text.QSPI_EnableQuad,"ax",@progbits
 924              		.align	1
 925              		.globl	QSPI_EnableQuad
 927              	QSPI_EnableQuad:
 928              	.LFB71:
 732:c:/Users/User/Documents/GitHub/ch32h417/EVT/EXAM/SRC/Peripheral/src\ch32h417_qspi.c **** 
 733:c:/Users/User/Documents/GitHub/ch32h417/EVT/EXAM/SRC/Peripheral/src\ch32h417_qspi.c **** /*********************************************************************
 734:c:/Users/User/Documents/GitHub/ch32h417/EVT/EXAM/SRC/Peripheral/src\ch32h417_qspi.c ****  * @fn      QSPI_EnableQuad
 735:c:/Users/User/Documents/GitHub/ch32h417/EVT/EXAM/SRC/Peripheral/src\ch32h417_qspi.c ****  * 
 736:c:/Users/User/Documents/GitHub/ch32h417/EVT/EXAM/SRC/Peripheral/src\ch32h417_qspi.c ****  * @brief   Enables or disables QSPI 4-line Mode.
 737:c:/Users/User/Documents/GitHub/ch32h417/EVT/EXAM/SRC/Peripheral/src\ch32h417_qspi.c ****  * 
 738:c:/Users/User/Documents/GitHub/ch32h417/EVT/EXAM/SRC/Peripheral/src\ch32h417_qspi.c ****  * @param   QSPIx - where x can be  - 1, 2.
 739:c:/Users/User/Documents/GitHub/ch32h417/EVT/EXAM/SRC/Peripheral/src\ch32h417_qspi.c ****  *          NewState - ENABLE or DISABLE.
 740:c:/Users/User/Documents/GitHub/ch32h417/EVT/EXAM/SRC/Peripheral/src\ch32h417_qspi.c ****  * 
 741:c:/Users/User/Documents/GitHub/ch32h417/EVT/EXAM/SRC/Peripheral/src\ch32h417_qspi.c ****  * @return  none
 742:c:/Users/User/Documents/GitHub/ch32h417/EVT/EXAM/SRC/Peripheral/src\ch32h417_qspi.c ****  */
 743:c:/Users/User/Documents/GitHub/ch32h417/EVT/EXAM/SRC/Peripheral/src\ch32h417_qspi.c **** void QSPI_EnableQuad(QSPI_TypeDef *QSPIx, FunctionalState NewState)
 744:c:/Users/User/Documents/GitHub/ch32h417/EVT/EXAM/SRC/Peripheral/src\ch32h417_qspi.c **** {
 929              		.loc 1 744 1 is_stmt 1
 930              		.cfi_startproc
 931              	.LVL75:
 745:c:/Users/User/Documents/GitHub/ch32h417/EVT/EXAM/SRC/Peripheral/src\ch32h417_qspi.c ****     if (NewState != DISABLE)
 932              		.loc 1 745 5
 746:c:/Users/User/Documents/GitHub/ch32h417/EVT/EXAM/SRC/Peripheral/src\ch32h417_qspi.c ****     {
 747:c:/Users/User/Documents/GitHub/ch32h417/EVT/EXAM/SRC/Peripheral/src\ch32h417_qspi.c ****         QSPIx->CR |= QSPI_SIOXEN;
 933              		.loc 1 747 14 is_stmt 0
 934 0000 1C41     		lw	a5,0(a0)
 745:c:/Users/User/Documents/GitHub/ch32h417/EVT/EXAM/SRC/Peripheral/src\ch32h417_qspi.c ****     if (NewState != DISABLE)
 935              		.loc 1 745 8
 936 0002 89C5     		beq	a1,zero,.L61
 937              		.loc 1 747 9 is_stmt 1
 938              		.loc 1 747 19 is_stmt 0
 939 0004 9397D728 		bseti	a5,a5,13
 940              	.L63:
 748:c:/Users/User/Documents/GitHub/ch32h417/EVT/EXAM/SRC/Peripheral/src\ch32h417_qspi.c ****     }
 749:c:/Users/User/Documents/GitHub/ch32h417/EVT/EXAM/SRC/Peripheral/src\ch32h417_qspi.c ****     else
 750:c:/Users/User/Documents/GitHub/ch32h417/EVT/EXAM/SRC/Peripheral/src\ch32h417_qspi.c ****     {
 751:c:/Users/User/Documents/GitHub/ch32h417/EVT/EXAM/SRC/Peripheral/src\ch32h417_qspi.c ****         QSPIx->CR &= ~QSPI_SIOXEN;
 941              		.loc 1 751 19
 942 0008 1CC1     		sw	a5,0(a0)
 752:c:/Users/User/Documents/GitHub/ch32h417/EVT/EXAM/SRC/Peripheral/src\ch32h417_qspi.c ****     }
 753:c:/Users/User/Documents/GitHub/ch32h417/EVT/EXAM/SRC/Peripheral/src\ch32h417_qspi.c **** }
 943              		.loc 1 753 1
 944 000a 8280     		ret
 945              	.L61:
 751:c:/Users/User/Documents/GitHub/ch32h417/EVT/EXAM/SRC/Peripheral/src\ch32h417_qspi.c ****     }
 946              		.loc 1 751 9 is_stmt 1
 751:c:/Users/User/Documents/GitHub/ch32h417/EVT/EXAM/SRC/Peripheral/src\ch32h417_qspi.c ****     }
 947              		.loc 1 751 19 is_stmt 0
 948 000c 9397D748 		bclri	a5,a5,13
 949 0010 E5BF     		j	.L63
 950              		.cfi_endproc
 951              	.LFE71:
 953              		.text
 954              	.Letext0:
 955              		.file 2 "d:\\mounriver\\mounriver_studio2\\resources\\app\\resources\\win32\\components\\wch\\tool
 956              		.file 3 "d:\\mounriver\\mounriver_studio2\\resources\\app\\resources\\win32\\components\\wch\\tool
 957              		.file 4 "c:/Users/User/Documents/GitHub/ch32h417/EVT/EXAM/SRC/Core/core_riscv.h"
 958              		.file 5 "c:/Users/User/Documents/GitHub/ch32h417/EVT/EXAM/SRC/Peripheral/inc/ch32h417.h"
 959              		.file 6 "c:/Users/User/Documents/GitHub/ch32h417/EVT/EXAM/SRC/Peripheral/inc/ch32h417_qspi.h"
 960              		.file 7 "c:/Users/User/Documents/GitHub/ch32h417/EVT/EXAM/SRC/Peripheral/inc/ch32h417_rcc.h"
DEFINED SYMBOLS
                            *ABS*:0000000000000000 ch32h417_qspi.c
C:\Users\User\AppData\Local\Temp\ccYGOFAS.s:14     .text.QSPI_DeInit:0000000000000000 QSPI_DeInit
C:\Users\User\AppData\Local\Temp\ccYGOFAS.s:18     .text.QSPI_DeInit:0000000000000000 .L0 
C:\Users\User\AppData\Local\Temp\ccYGOFAS.s:20     .text.QSPI_DeInit:0000000000000000 $x
C:\Users\User\AppData\Local\Temp\ccYGOFAS.s:20     .text.QSPI_DeInit:0000000000000000 .L0 
C:\Users\User\AppData\Local\Temp\ccYGOFAS.s:21     .text.QSPI_DeInit:0000000000000008 .L0 
C:\Users\User\AppData\Local\Temp\ccYGOFAS.s:22     .text.QSPI_DeInit:0000000000000008 .L0 
C:\Users\User\AppData\Local\Temp\ccYGOFAS.s:24     .text.QSPI_DeInit:0000000000000008 .L0 
C:\Users\User\AppData\Local\Temp\ccYGOFAS.s:25     .text.QSPI_DeInit:0000000000000008 .L0 
C:\Users\User\AppData\Local\Temp\ccYGOFAS.s:29     .text.QSPI_DeInit:0000000000000014 .L0 
C:\Users\User\AppData\Local\Temp\ccYGOFAS.s:35     .text.QSPI_DeInit:0000000000000020 .L0 
C:\Users\User\AppData\Local\Temp\ccYGOFAS.s:39     .text.QSPI_DeInit:0000000000000024 .L0 
C:\Users\User\AppData\Local\Temp\ccYGOFAS.s:43     .text.QSPI_DeInit:000000000000002c .L0 
C:\Users\User\AppData\Local\Temp\ccYGOFAS.s:44     .text.QSPI_DeInit:0000000000000034 .L0 
C:\Users\User\AppData\Local\Temp\ccYGOFAS.s:45     .text.QSPI_DeInit:0000000000000034 .L0 
C:\Users\User\AppData\Local\Temp\ccYGOFAS.s:46     .text.QSPI_DeInit:0000000000000034 .L0 
C:\Users\User\AppData\Local\Temp\ccYGOFAS.s:49     .text.QSPI_DeInit:0000000000000034 .L0 
C:\Users\User\AppData\Local\Temp\ccYGOFAS.s:51     .text.QSPI_DeInit:0000000000000034 .L0 
C:\Users\User\AppData\Local\Temp\ccYGOFAS.s:52     .text.QSPI_DeInit:0000000000000034 .L0 
C:\Users\User\AppData\Local\Temp\ccYGOFAS.s:54     .text.QSPI_DeInit:0000000000000038 .L0 
C:\Users\User\AppData\Local\Temp\ccYGOFAS.s:60     .text.QSPI_DeInit:0000000000000044 .L0 
C:\Users\User\AppData\Local\Temp\ccYGOFAS.s:63     .text.QSPI_DeInit:000000000000004a .L0 
C:\Users\User\AppData\Local\Temp\ccYGOFAS.s:70     .text.QSPI_ComConfig_StructInit:0000000000000000 QSPI_ComConfig_StructInit
C:\Users\User\AppData\Local\Temp\ccYGOFAS.s:73     .text.QSPI_ComConfig_StructInit:0000000000000000 .L0 
C:\Users\User\AppData\Local\Temp\ccYGOFAS.s:75     .text.QSPI_ComConfig_StructInit:0000000000000000 .L0 
C:\Users\User\AppData\Local\Temp\ccYGOFAS.s:76     .text.QSPI_ComConfig_StructInit:0000000000000000 .L0 
C:\Users\User\AppData\Local\Temp\ccYGOFAS.s:77     .text.QSPI_ComConfig_StructInit:0000000000000000 $x
C:\Users\User\AppData\Local\Temp\ccYGOFAS.s:77     .text.QSPI_ComConfig_StructInit:0000000000000000 .L0 
C:\Users\User\AppData\Local\Temp\ccYGOFAS.s:79     .text.QSPI_ComConfig_StructInit:0000000000000004 .L0 
C:\Users\User\AppData\Local\Temp\ccYGOFAS.s:80     .text.QSPI_ComConfig_StructInit:0000000000000004 .L0 
C:\Users\User\AppData\Local\Temp\ccYGOFAS.s:82     .text.QSPI_ComConfig_StructInit:0000000000000008 .L0 
C:\Users\User\AppData\Local\Temp\ccYGOFAS.s:83     .text.QSPI_ComConfig_StructInit:0000000000000008 .L0 
C:\Users\User\AppData\Local\Temp\ccYGOFAS.s:85     .text.QSPI_ComConfig_StructInit:000000000000000c .L0 
C:\Users\User\AppData\Local\Temp\ccYGOFAS.s:86     .text.QSPI_ComConfig_StructInit:000000000000000c .L0 
C:\Users\User\AppData\Local\Temp\ccYGOFAS.s:88     .text.QSPI_ComConfig_StructInit:0000000000000010 .L0 
C:\Users\User\AppData\Local\Temp\ccYGOFAS.s:89     .text.QSPI_ComConfig_StructInit:0000000000000010 .L0 
C:\Users\User\AppData\Local\Temp\ccYGOFAS.s:91     .text.QSPI_ComConfig_StructInit:0000000000000014 .L0 
C:\Users\User\AppData\Local\Temp\ccYGOFAS.s:92     .text.QSPI_ComConfig_StructInit:0000000000000014 .L0 
C:\Users\User\AppData\Local\Temp\ccYGOFAS.s:94     .text.QSPI_ComConfig_StructInit:0000000000000018 .L0 
C:\Users\User\AppData\Local\Temp\ccYGOFAS.s:95     .text.QSPI_ComConfig_StructInit:0000000000000018 .L0 
C:\Users\User\AppData\Local\Temp\ccYGOFAS.s:97     .text.QSPI_ComConfig_StructInit:000000000000001c .L0 
C:\Users\User\AppData\Local\Temp\ccYGOFAS.s:98     .text.QSPI_ComConfig_StructInit:000000000000001c .L0 
C:\Users\User\AppData\Local\Temp\ccYGOFAS.s:100    .text.QSPI_ComConfig_StructInit:0000000000000020 .L0 
C:\Users\User\AppData\Local\Temp\ccYGOFAS.s:101    .text.QSPI_ComConfig_StructInit:0000000000000020 .L0 
C:\Users\User\AppData\Local\Temp\ccYGOFAS.s:103    .text.QSPI_ComConfig_StructInit:0000000000000024 .L0 
C:\Users\User\AppData\Local\Temp\ccYGOFAS.s:104    .text.QSPI_ComConfig_StructInit:0000000000000024 .L0 
C:\Users\User\AppData\Local\Temp\ccYGOFAS.s:106    .text.QSPI_ComConfig_StructInit:0000000000000028 .L0 
C:\Users\User\AppData\Local\Temp\ccYGOFAS.s:107    .text.QSPI_ComConfig_StructInit:000000000000002a .L0 
C:\Users\User\AppData\Local\Temp\ccYGOFAS.s:114    .text.QSPI_Init:0000000000000000 QSPI_Init
C:\Users\User\AppData\Local\Temp\ccYGOFAS.s:117    .text.QSPI_Init:0000000000000000 .L0 
C:\Users\User\AppData\Local\Temp\ccYGOFAS.s:119    .text.QSPI_Init:0000000000000000 .L0 
C:\Users\User\AppData\Local\Temp\ccYGOFAS.s:120    .text.QSPI_Init:0000000000000000 .L0 
C:\Users\User\AppData\Local\Temp\ccYGOFAS.s:121    .text.QSPI_Init:0000000000000000 .L0 
C:\Users\User\AppData\Local\Temp\ccYGOFAS.s:122    .text.QSPI_Init:0000000000000000 $x
C:\Users\User\AppData\Local\Temp\ccYGOFAS.s:122    .text.QSPI_Init:0000000000000000 .L0 
C:\Users\User\AppData\Local\Temp\ccYGOFAS.s:125    .text.QSPI_Init:0000000000000002 .L0 
C:\Users\User\AppData\Local\Temp\ccYGOFAS.s:126    .text.QSPI_Init:0000000000000002 .L0 
C:\Users\User\AppData\Local\Temp\ccYGOFAS.s:129    .text.QSPI_Init:000000000000000a .L0 
C:\Users\User\AppData\Local\Temp\ccYGOFAS.s:131    .text.QSPI_Init:000000000000000c .L0 
C:\Users\User\AppData\Local\Temp\ccYGOFAS.s:134    .text.QSPI_Init:000000000000000e .L0 
C:\Users\User\AppData\Local\Temp\ccYGOFAS.s:135    .text.QSPI_Init:000000000000000e .L0 
C:\Users\User\AppData\Local\Temp\ccYGOFAS.s:138    .text.QSPI_Init:0000000000000012 .L0 
C:\Users\User\AppData\Local\Temp\ccYGOFAS.s:141    .text.QSPI_Init:0000000000000016 .L0 
C:\Users\User\AppData\Local\Temp\ccYGOFAS.s:143    .text.QSPI_Init:0000000000000018 .L0 
C:\Users\User\AppData\Local\Temp\ccYGOFAS.s:146    .text.QSPI_Init:000000000000001a .L0 
C:\Users\User\AppData\Local\Temp\ccYGOFAS.s:147    .text.QSPI_Init:000000000000001a .L0 
C:\Users\User\AppData\Local\Temp\ccYGOFAS.s:149    .text.QSPI_Init:000000000000001c .L0 
C:\Users\User\AppData\Local\Temp\ccYGOFAS.s:150    .text.QSPI_Init:000000000000001c .L0 
C:\Users\User\AppData\Local\Temp\ccYGOFAS.s:153    .text.QSPI_Init:000000000000001e .L0 
C:\Users\User\AppData\Local\Temp\ccYGOFAS.s:154    .text.QSPI_Init:000000000000001e .L0 
C:\Users\User\AppData\Local\Temp\ccYGOFAS.s:157    .text.QSPI_Init:0000000000000026 .L0 
C:\Users\User\AppData\Local\Temp\ccYGOFAS.s:159    .text.QSPI_Init:0000000000000028 .L0 
C:\Users\User\AppData\Local\Temp\ccYGOFAS.s:162    .text.QSPI_Init:000000000000002a .L0 
C:\Users\User\AppData\Local\Temp\ccYGOFAS.s:163    .text.QSPI_Init:000000000000002a .L0 
C:\Users\User\AppData\Local\Temp\ccYGOFAS.s:166    .text.QSPI_Init:000000000000002e .L0 
C:\Users\User\AppData\Local\Temp\ccYGOFAS.s:169    .text.QSPI_Init:0000000000000032 .L0 
C:\Users\User\AppData\Local\Temp\ccYGOFAS.s:171    .text.QSPI_Init:0000000000000034 .L0 
C:\Users\User\AppData\Local\Temp\ccYGOFAS.s:174    .text.QSPI_Init:0000000000000036 .L0 
C:\Users\User\AppData\Local\Temp\ccYGOFAS.s:175    .text.QSPI_Init:0000000000000036 .L0 
C:\Users\User\AppData\Local\Temp\ccYGOFAS.s:177    .text.QSPI_Init:0000000000000038 .L0 
C:\Users\User\AppData\Local\Temp\ccYGOFAS.s:178    .text.QSPI_Init:000000000000003a .L0 
C:\Users\User\AppData\Local\Temp\ccYGOFAS.s:185    .text.QSPI_ComConfig_Init:0000000000000000 QSPI_ComConfig_Init
C:\Users\User\AppData\Local\Temp\ccYGOFAS.s:188    .text.QSPI_ComConfig_Init:0000000000000000 .L0 
C:\Users\User\AppData\Local\Temp\ccYGOFAS.s:190    .text.QSPI_ComConfig_Init:0000000000000000 .L0 
C:\Users\User\AppData\Local\Temp\ccYGOFAS.s:191    .text.QSPI_ComConfig_Init:0000000000000000 .L0 
C:\Users\User\AppData\Local\Temp\ccYGOFAS.s:192    .text.QSPI_ComConfig_Init:0000000000000000 .L0 
C:\Users\User\AppData\Local\Temp\ccYGOFAS.s:193    .text.QSPI_ComConfig_Init:0000000000000000 $x
C:\Users\User\AppData\Local\Temp\ccYGOFAS.s:193    .text.QSPI_ComConfig_Init:0000000000000000 .L0 
C:\Users\User\AppData\Local\Temp\ccYGOFAS.s:196    .text.QSPI_ComConfig_Init:0000000000000002 .L0 
C:\Users\User\AppData\Local\Temp\ccYGOFAS.s:197    .text.QSPI_ComConfig_Init:0000000000000002 .L0 
C:\Users\User\AppData\Local\Temp\ccYGOFAS.s:199    .text.QSPI_ComConfig_Init:0000000000000006 .L0 
C:\Users\User\AppData\Local\Temp\ccYGOFAS.s:201    .text.QSPI_ComConfig_Init:0000000000000008 .L0 
C:\Users\User\AppData\Local\Temp\ccYGOFAS.s:204    .text.QSPI_ComConfig_Init:000000000000000a .L0 
C:\Users\User\AppData\Local\Temp\ccYGOFAS.s:205    .text.QSPI_ComConfig_Init:000000000000000a .L0 
C:\Users\User\AppData\Local\Temp\ccYGOFAS.s:208    .text.QSPI_ComConfig_Init:000000000000000e .L0 
C:\Users\User\AppData\Local\Temp\ccYGOFAS.s:211    .text.QSPI_ComConfig_Init:0000000000000012 .L0 
C:\Users\User\AppData\Local\Temp\ccYGOFAS.s:214    .text.QSPI_ComConfig_Init:0000000000000016 .L0 
C:\Users\User\AppData\Local\Temp\ccYGOFAS.s:217    .text.QSPI_ComConfig_Init:000000000000001a .L0 
C:\Users\User\AppData\Local\Temp\ccYGOFAS.s:220    .text.QSPI_ComConfig_Init:000000000000001e .L0 
C:\Users\User\AppData\Local\Temp\ccYGOFAS.s:223    .text.QSPI_ComConfig_Init:0000000000000022 .L0 
C:\Users\User\AppData\Local\Temp\ccYGOFAS.s:226    .text.QSPI_ComConfig_Init:0000000000000026 .L0 
C:\Users\User\AppData\Local\Temp\ccYGOFAS.s:229    .text.QSPI_ComConfig_Init:000000000000002a .L0 
C:\Users\User\AppData\Local\Temp\ccYGOFAS.s:232    .text.QSPI_ComConfig_Init:000000000000002e .L0 
C:\Users\User\AppData\Local\Temp\ccYGOFAS.s:234    .text.QSPI_ComConfig_Init:0000000000000030 .L0 
C:\Users\User\AppData\Local\Temp\ccYGOFAS.s:237    .text.QSPI_ComConfig_Init:0000000000000032 .L0 
C:\Users\User\AppData\Local\Temp\ccYGOFAS.s:238    .text.QSPI_ComConfig_Init:0000000000000032 .L0 
C:\Users\User\AppData\Local\Temp\ccYGOFAS.s:240    .text.QSPI_ComConfig_Init:0000000000000034 .L0 
C:\Users\User\AppData\Local\Temp\ccYGOFAS.s:241    .text.QSPI_ComConfig_Init:0000000000000036 .L0 
C:\Users\User\AppData\Local\Temp\ccYGOFAS.s:248    .text.QSPI_Cmd:0000000000000000 QSPI_Cmd
C:\Users\User\AppData\Local\Temp\ccYGOFAS.s:251    .text.QSPI_Cmd:0000000000000000 .L0 
C:\Users\User\AppData\Local\Temp\ccYGOFAS.s:253    .text.QSPI_Cmd:0000000000000000 .L0 
C:\Users\User\AppData\Local\Temp\ccYGOFAS.s:254    .text.QSPI_Cmd:0000000000000000 .L0 
C:\Users\User\AppData\Local\Temp\ccYGOFAS.s:255    .text.QSPI_Cmd:0000000000000000 $x
C:\Users\User\AppData\Local\Temp\ccYGOFAS.s:255    .text.QSPI_Cmd:0000000000000000 .L0 
C:\Users\User\AppData\Local\Temp\ccYGOFAS.s:257    .text.QSPI_Cmd:0000000000000002 .L0 
C:\Users\User\AppData\Local\Temp\ccYGOFAS.s:259    .text.QSPI_Cmd:0000000000000004 .L0 
C:\Users\User\AppData\Local\Temp\ccYGOFAS.s:260    .text.QSPI_Cmd:0000000000000004 .L0 
C:\Users\User\AppData\Local\Temp\ccYGOFAS.s:263    .text.QSPI_Cmd:0000000000000008 .L0 
C:\Users\User\AppData\Local\Temp\ccYGOFAS.s:265    .text.QSPI_Cmd:000000000000000a .L0 
C:\Users\User\AppData\Local\Temp\ccYGOFAS.s:268    .text.QSPI_Cmd:000000000000000c .L0 
C:\Users\User\AppData\Local\Temp\ccYGOFAS.s:269    .text.QSPI_Cmd:000000000000000c .L0 
C:\Users\User\AppData\Local\Temp\ccYGOFAS.s:271    .text.QSPI_Cmd:0000000000000010 .L0 
C:\Users\User\AppData\Local\Temp\ccYGOFAS.s:278    .text.QSPI_AutoPollingMode_Config:0000000000000000 QSPI_AutoPollingMode_Config
C:\Users\User\AppData\Local\Temp\ccYGOFAS.s:281    .text.QSPI_AutoPollingMode_Config:0000000000000000 .L0 
C:\Users\User\AppData\Local\Temp\ccYGOFAS.s:283    .text.QSPI_AutoPollingMode_Config:0000000000000000 .L0 
C:\Users\User\AppData\Local\Temp\ccYGOFAS.s:284    .text.QSPI_AutoPollingMode_Config:0000000000000000 .L0 
C:\Users\User\AppData\Local\Temp\ccYGOFAS.s:285    .text.QSPI_AutoPollingMode_Config:0000000000000000 $x
C:\Users\User\AppData\Local\Temp\ccYGOFAS.s:285    .text.QSPI_AutoPollingMode_Config:0000000000000000 .L0 
C:\Users\User\AppData\Local\Temp\ccYGOFAS.s:287    .text.QSPI_AutoPollingMode_Config:0000000000000002 .L0 
C:\Users\User\AppData\Local\Temp\ccYGOFAS.s:288    .text.QSPI_AutoPollingMode_Config:0000000000000002 .L0 
C:\Users\User\AppData\Local\Temp\ccYGOFAS.s:290    .text.QSPI_AutoPollingMode_Config:0000000000000004 .L0 
C:\Users\User\AppData\Local\Temp\ccYGOFAS.s:291    .text.QSPI_AutoPollingMode_Config:0000000000000004 .L0 
C:\Users\User\AppData\Local\Temp\ccYGOFAS.s:293    .text.QSPI_AutoPollingMode_Config:0000000000000006 .L0 
C:\Users\User\AppData\Local\Temp\ccYGOFAS.s:295    .text.QSPI_AutoPollingMode_Config:0000000000000008 .L0 
C:\Users\User\AppData\Local\Temp\ccYGOFAS.s:296    .text.QSPI_AutoPollingMode_Config:0000000000000008 .L0 
C:\Users\User\AppData\Local\Temp\ccYGOFAS.s:299    .text.QSPI_AutoPollingMode_Config:000000000000000c .L0 
C:\Users\User\AppData\Local\Temp\ccYGOFAS.s:301    .text.QSPI_AutoPollingMode_Config:000000000000000e .L0 
C:\Users\User\AppData\Local\Temp\ccYGOFAS.s:304    .text.QSPI_AutoPollingMode_Config:0000000000000010 .L0 
C:\Users\User\AppData\Local\Temp\ccYGOFAS.s:305    .text.QSPI_AutoPollingMode_Config:0000000000000010 .L0 
C:\Users\User\AppData\Local\Temp\ccYGOFAS.s:307    .text.QSPI_AutoPollingMode_Config:0000000000000016 .L0 
C:\Users\User\AppData\Local\Temp\ccYGOFAS.s:314    .text.QSPI_AutoPollingMode_SetInterval:0000000000000000 QSPI_AutoPollingMode_SetInterval
C:\Users\User\AppData\Local\Temp\ccYGOFAS.s:317    .text.QSPI_AutoPollingMode_SetInterval:0000000000000000 .L0 
C:\Users\User\AppData\Local\Temp\ccYGOFAS.s:319    .text.QSPI_AutoPollingMode_SetInterval:0000000000000000 .L0 
C:\Users\User\AppData\Local\Temp\ccYGOFAS.s:320    .text.QSPI_AutoPollingMode_SetInterval:0000000000000000 .L0 
C:\Users\User\AppData\Local\Temp\ccYGOFAS.s:321    .text.QSPI_AutoPollingMode_SetInterval:0000000000000000 .L0 
C:\Users\User\AppData\Local\Temp\ccYGOFAS.s:322    .text.QSPI_AutoPollingMode_SetInterval:0000000000000000 $x
C:\Users\User\AppData\Local\Temp\ccYGOFAS.s:322    .text.QSPI_AutoPollingMode_SetInterval:0000000000000000 .L0 
C:\Users\User\AppData\Local\Temp\ccYGOFAS.s:325    .text.QSPI_AutoPollingMode_SetInterval:0000000000000002 .L0 
C:\Users\User\AppData\Local\Temp\ccYGOFAS.s:326    .text.QSPI_AutoPollingMode_SetInterval:0000000000000002 .L0 
C:\Users\User\AppData\Local\Temp\ccYGOFAS.s:330    .text.QSPI_AutoPollingMode_SetInterval:0000000000000006 .L0 
C:\Users\User\AppData\Local\Temp\ccYGOFAS.s:331    .text.QSPI_AutoPollingMode_SetInterval:0000000000000006 .L0 
C:\Users\User\AppData\Local\Temp\ccYGOFAS.s:334    .text.QSPI_AutoPollingMode_SetInterval:0000000000000008 .L0 
C:\Users\User\AppData\Local\Temp\ccYGOFAS.s:335    .text.QSPI_AutoPollingMode_SetInterval:0000000000000008 .L0 
C:\Users\User\AppData\Local\Temp\ccYGOFAS.s:337    .text.QSPI_AutoPollingMode_SetInterval:000000000000000a .L0 
C:\Users\User\AppData\Local\Temp\ccYGOFAS.s:338    .text.QSPI_AutoPollingMode_SetInterval:000000000000000c .L0 
C:\Users\User\AppData\Local\Temp\ccYGOFAS.s:345    .text.QSPI_MemoryMappedMode_SetTimeout:0000000000000000 QSPI_MemoryMappedMode_SetTimeout
C:\Users\User\AppData\Local\Temp\ccYGOFAS.s:348    .text.QSPI_MemoryMappedMode_SetTimeout:0000000000000000 .L0 
C:\Users\User\AppData\Local\Temp\ccYGOFAS.s:350    .text.QSPI_MemoryMappedMode_SetTimeout:0000000000000000 .L0 
C:\Users\User\AppData\Local\Temp\ccYGOFAS.s:351    .text.QSPI_MemoryMappedMode_SetTimeout:0000000000000000 .L0 
C:\Users\User\AppData\Local\Temp\ccYGOFAS.s:352    .text.QSPI_MemoryMappedMode_SetTimeout:0000000000000000 .L0 
C:\Users\User\AppData\Local\Temp\ccYGOFAS.s:353    .text.QSPI_MemoryMappedMode_SetTimeout:0000000000000000 $x
C:\Users\User\AppData\Local\Temp\ccYGOFAS.s:353    .text.QSPI_MemoryMappedMode_SetTimeout:0000000000000000 .L0 
C:\Users\User\AppData\Local\Temp\ccYGOFAS.s:356    .text.QSPI_MemoryMappedMode_SetTimeout:0000000000000002 .L0 
C:\Users\User\AppData\Local\Temp\ccYGOFAS.s:357    .text.QSPI_MemoryMappedMode_SetTimeout:0000000000000002 .L0 
C:\Users\User\AppData\Local\Temp\ccYGOFAS.s:361    .text.QSPI_MemoryMappedMode_SetTimeout:0000000000000006 .L0 
C:\Users\User\AppData\Local\Temp\ccYGOFAS.s:362    .text.QSPI_MemoryMappedMode_SetTimeout:0000000000000006 .L0 
C:\Users\User\AppData\Local\Temp\ccYGOFAS.s:365    .text.QSPI_MemoryMappedMode_SetTimeout:0000000000000008 .L0 
C:\Users\User\AppData\Local\Temp\ccYGOFAS.s:366    .text.QSPI_MemoryMappedMode_SetTimeout:0000000000000008 .L0 
C:\Users\User\AppData\Local\Temp\ccYGOFAS.s:368    .text.QSPI_MemoryMappedMode_SetTimeout:000000000000000a .L0 
C:\Users\User\AppData\Local\Temp\ccYGOFAS.s:369    .text.QSPI_MemoryMappedMode_SetTimeout:000000000000000c .L0 
C:\Users\User\AppData\Local\Temp\ccYGOFAS.s:376    .text.QSPI_SetAddress:0000000000000000 QSPI_SetAddress
C:\Users\User\AppData\Local\Temp\ccYGOFAS.s:379    .text.QSPI_SetAddress:0000000000000000 .L0 
C:\Users\User\AppData\Local\Temp\ccYGOFAS.s:381    .text.QSPI_SetAddress:0000000000000000 .L0 
C:\Users\User\AppData\Local\Temp\ccYGOFAS.s:382    .text.QSPI_SetAddress:0000000000000000 .L0 
C:\Users\User\AppData\Local\Temp\ccYGOFAS.s:383    .text.QSPI_SetAddress:0000000000000000 $x
C:\Users\User\AppData\Local\Temp\ccYGOFAS.s:383    .text.QSPI_SetAddress:0000000000000000 .L0 
C:\Users\User\AppData\Local\Temp\ccYGOFAS.s:385    .text.QSPI_SetAddress:0000000000000002 .L0 
C:\Users\User\AppData\Local\Temp\ccYGOFAS.s:386    .text.QSPI_SetAddress:0000000000000004 .L0 
C:\Users\User\AppData\Local\Temp\ccYGOFAS.s:393    .text.QSPI_SetAlternateByte:0000000000000000 QSPI_SetAlternateByte
C:\Users\User\AppData\Local\Temp\ccYGOFAS.s:396    .text.QSPI_SetAlternateByte:0000000000000000 .L0 
C:\Users\User\AppData\Local\Temp\ccYGOFAS.s:398    .text.QSPI_SetAlternateByte:0000000000000000 .L0 
C:\Users\User\AppData\Local\Temp\ccYGOFAS.s:399    .text.QSPI_SetAlternateByte:0000000000000000 .L0 
C:\Users\User\AppData\Local\Temp\ccYGOFAS.s:400    .text.QSPI_SetAlternateByte:0000000000000000 $x
C:\Users\User\AppData\Local\Temp\ccYGOFAS.s:400    .text.QSPI_SetAlternateByte:0000000000000000 .L0 
C:\Users\User\AppData\Local\Temp\ccYGOFAS.s:402    .text.QSPI_SetAlternateByte:0000000000000002 .L0 
C:\Users\User\AppData\Local\Temp\ccYGOFAS.s:403    .text.QSPI_SetAlternateByte:0000000000000004 .L0 
C:\Users\User\AppData\Local\Temp\ccYGOFAS.s:410    .text.QSPI_SetFIFOThreshold:0000000000000000 QSPI_SetFIFOThreshold
C:\Users\User\AppData\Local\Temp\ccYGOFAS.s:413    .text.QSPI_SetFIFOThreshold:0000000000000000 .L0 
C:\Users\User\AppData\Local\Temp\ccYGOFAS.s:415    .text.QSPI_SetFIFOThreshold:0000000000000000 .L0 
C:\Users\User\AppData\Local\Temp\ccYGOFAS.s:416    .text.QSPI_SetFIFOThreshold:0000000000000000 .L0 
C:\Users\User\AppData\Local\Temp\ccYGOFAS.s:417    .text.QSPI_SetFIFOThreshold:0000000000000000 .L0 
C:\Users\User\AppData\Local\Temp\ccYGOFAS.s:418    .text.QSPI_SetFIFOThreshold:0000000000000000 $x
C:\Users\User\AppData\Local\Temp\ccYGOFAS.s:418    .text.QSPI_SetFIFOThreshold:0000000000000000 .L0 
C:\Users\User\AppData\Local\Temp\ccYGOFAS.s:421    .text.QSPI_SetFIFOThreshold:0000000000000002 .L0 
C:\Users\User\AppData\Local\Temp\ccYGOFAS.s:422    .text.QSPI_SetFIFOThreshold:0000000000000002 .L0 
C:\Users\User\AppData\Local\Temp\ccYGOFAS.s:427    .text.QSPI_SetFIFOThreshold:000000000000000a .L0 
C:\Users\User\AppData\Local\Temp\ccYGOFAS.s:428    .text.QSPI_SetFIFOThreshold:000000000000000a .L0 
C:\Users\User\AppData\Local\Temp\ccYGOFAS.s:431    .text.QSPI_SetFIFOThreshold:000000000000000c .L0 
C:\Users\User\AppData\Local\Temp\ccYGOFAS.s:434    .text.QSPI_SetFIFOThreshold:000000000000000e .L0 
C:\Users\User\AppData\Local\Temp\ccYGOFAS.s:435    .text.QSPI_SetFIFOThreshold:000000000000000e .L0 
C:\Users\User\AppData\Local\Temp\ccYGOFAS.s:437    .text.QSPI_SetFIFOThreshold:0000000000000010 .L0 
C:\Users\User\AppData\Local\Temp\ccYGOFAS.s:438    .text.QSPI_SetFIFOThreshold:0000000000000012 .L0 
C:\Users\User\AppData\Local\Temp\ccYGOFAS.s:445    .text.QSPI_SetDataLength:0000000000000000 QSPI_SetDataLength
C:\Users\User\AppData\Local\Temp\ccYGOFAS.s:448    .text.QSPI_SetDataLength:0000000000000000 .L0 
C:\Users\User\AppData\Local\Temp\ccYGOFAS.s:450    .text.QSPI_SetDataLength:0000000000000000 .L0 
C:\Users\User\AppData\Local\Temp\ccYGOFAS.s:451    .text.QSPI_SetDataLength:0000000000000000 .L0 
C:\Users\User\AppData\Local\Temp\ccYGOFAS.s:452    .text.QSPI_SetDataLength:0000000000000000 $x
C:\Users\User\AppData\Local\Temp\ccYGOFAS.s:452    .text.QSPI_SetDataLength:0000000000000000 .L0 
C:\Users\User\AppData\Local\Temp\ccYGOFAS.s:455    .text.QSPI_SetDataLength:0000000000000002 .L0 
C:\Users\User\AppData\Local\Temp\ccYGOFAS.s:457    .text.QSPI_SetDataLength:0000000000000004 .L0 
C:\Users\User\AppData\Local\Temp\ccYGOFAS.s:458    .text.QSPI_SetDataLength:0000000000000006 .L0 
C:\Users\User\AppData\Local\Temp\ccYGOFAS.s:465    .text.QSPI_TimeoutCounterCmd:0000000000000000 QSPI_TimeoutCounterCmd
C:\Users\User\AppData\Local\Temp\ccYGOFAS.s:468    .text.QSPI_TimeoutCounterCmd:0000000000000000 .L0 
C:\Users\User\AppData\Local\Temp\ccYGOFAS.s:470    .text.QSPI_TimeoutCounterCmd:0000000000000000 .L0 
C:\Users\User\AppData\Local\Temp\ccYGOFAS.s:471    .text.QSPI_TimeoutCounterCmd:0000000000000000 .L0 
C:\Users\User\AppData\Local\Temp\ccYGOFAS.s:472    .text.QSPI_TimeoutCounterCmd:0000000000000000 $x
C:\Users\User\AppData\Local\Temp\ccYGOFAS.s:472    .text.QSPI_TimeoutCounterCmd:0000000000000000 .L0 
C:\Users\User\AppData\Local\Temp\ccYGOFAS.s:474    .text.QSPI_TimeoutCounterCmd:0000000000000002 .L0 
C:\Users\User\AppData\Local\Temp\ccYGOFAS.s:476    .text.QSPI_TimeoutCounterCmd:0000000000000004 .L0 
C:\Users\User\AppData\Local\Temp\ccYGOFAS.s:477    .text.QSPI_TimeoutCounterCmd:0000000000000004 .L0 
C:\Users\User\AppData\Local\Temp\ccYGOFAS.s:480    .text.QSPI_TimeoutCounterCmd:0000000000000008 .L0 
C:\Users\User\AppData\Local\Temp\ccYGOFAS.s:482    .text.QSPI_TimeoutCounterCmd:000000000000000a .L0 
C:\Users\User\AppData\Local\Temp\ccYGOFAS.s:485    .text.QSPI_TimeoutCounterCmd:000000000000000c .L0 
C:\Users\User\AppData\Local\Temp\ccYGOFAS.s:486    .text.QSPI_TimeoutCounterCmd:000000000000000c .L0 
C:\Users\User\AppData\Local\Temp\ccYGOFAS.s:488    .text.QSPI_TimeoutCounterCmd:0000000000000010 .L0 
C:\Users\User\AppData\Local\Temp\ccYGOFAS.s:495    .text.QSPI_AutoPollingModeStopCmd:0000000000000000 QSPI_AutoPollingModeStopCmd
C:\Users\User\AppData\Local\Temp\ccYGOFAS.s:498    .text.QSPI_AutoPollingModeStopCmd:0000000000000000 .L0 
C:\Users\User\AppData\Local\Temp\ccYGOFAS.s:500    .text.QSPI_AutoPollingModeStopCmd:0000000000000000 .L0 
C:\Users\User\AppData\Local\Temp\ccYGOFAS.s:501    .text.QSPI_AutoPollingModeStopCmd:0000000000000000 .L0 
C:\Users\User\AppData\Local\Temp\ccYGOFAS.s:502    .text.QSPI_AutoPollingModeStopCmd:0000000000000000 $x
C:\Users\User\AppData\Local\Temp\ccYGOFAS.s:502    .text.QSPI_AutoPollingModeStopCmd:0000000000000000 .L0 
C:\Users\User\AppData\Local\Temp\ccYGOFAS.s:504    .text.QSPI_AutoPollingModeStopCmd:0000000000000002 .L0 
C:\Users\User\AppData\Local\Temp\ccYGOFAS.s:506    .text.QSPI_AutoPollingModeStopCmd:0000000000000004 .L0 
C:\Users\User\AppData\Local\Temp\ccYGOFAS.s:507    .text.QSPI_AutoPollingModeStopCmd:0000000000000004 .L0 
C:\Users\User\AppData\Local\Temp\ccYGOFAS.s:510    .text.QSPI_AutoPollingModeStopCmd:0000000000000008 .L0 
C:\Users\User\AppData\Local\Temp\ccYGOFAS.s:512    .text.QSPI_AutoPollingModeStopCmd:000000000000000a .L0 
C:\Users\User\AppData\Local\Temp\ccYGOFAS.s:515    .text.QSPI_AutoPollingModeStopCmd:000000000000000c .L0 
C:\Users\User\AppData\Local\Temp\ccYGOFAS.s:516    .text.QSPI_AutoPollingModeStopCmd:000000000000000c .L0 
C:\Users\User\AppData\Local\Temp\ccYGOFAS.s:518    .text.QSPI_AutoPollingModeStopCmd:0000000000000012 .L0 
C:\Users\User\AppData\Local\Temp\ccYGOFAS.s:525    .text.QSPI_AbortRequest:0000000000000000 QSPI_AbortRequest
C:\Users\User\AppData\Local\Temp\ccYGOFAS.s:528    .text.QSPI_AbortRequest:0000000000000000 .L0 
C:\Users\User\AppData\Local\Temp\ccYGOFAS.s:530    .text.QSPI_AbortRequest:0000000000000000 .L0 
C:\Users\User\AppData\Local\Temp\ccYGOFAS.s:531    .text.QSPI_AbortRequest:0000000000000000 .L0 
C:\Users\User\AppData\Local\Temp\ccYGOFAS.s:532    .text.QSPI_AbortRequest:0000000000000000 $x
C:\Users\User\AppData\Local\Temp\ccYGOFAS.s:532    .text.QSPI_AbortRequest:0000000000000000 .L0 
C:\Users\User\AppData\Local\Temp\ccYGOFAS.s:534    .text.QSPI_AbortRequest:0000000000000002 .L0 
C:\Users\User\AppData\Local\Temp\ccYGOFAS.s:537    .text.QSPI_AbortRequest:0000000000000008 .L0 
C:\Users\User\AppData\Local\Temp\ccYGOFAS.s:538    .text.QSPI_AbortRequest:000000000000000a .L0 
C:\Users\User\AppData\Local\Temp\ccYGOFAS.s:545    .text.QSPI_SendData8:0000000000000000 QSPI_SendData8
C:\Users\User\AppData\Local\Temp\ccYGOFAS.s:548    .text.QSPI_SendData8:0000000000000000 .L0 
C:\Users\User\AppData\Local\Temp\ccYGOFAS.s:550    .text.QSPI_SendData8:0000000000000000 .L0 
C:\Users\User\AppData\Local\Temp\ccYGOFAS.s:551    .text.QSPI_SendData8:0000000000000000 .L0 
C:\Users\User\AppData\Local\Temp\ccYGOFAS.s:552    .text.QSPI_SendData8:0000000000000000 .L0 
C:\Users\User\AppData\Local\Temp\ccYGOFAS.s:553    .text.QSPI_SendData8:0000000000000000 .L0 
C:\Users\User\AppData\Local\Temp\ccYGOFAS.s:554    .text.QSPI_SendData8:0000000000000000 .L0 
C:\Users\User\AppData\Local\Temp\ccYGOFAS.s:555    .text.QSPI_SendData8:0000000000000000 $x
C:\Users\User\AppData\Local\Temp\ccYGOFAS.s:555    .text.QSPI_SendData8:0000000000000000 .L0 
C:\Users\User\AppData\Local\Temp\ccYGOFAS.s:557    .text.QSPI_SendData8:0000000000000004 .L0 
C:\Users\User\AppData\Local\Temp\ccYGOFAS.s:558    .text.QSPI_SendData8:0000000000000006 .L0 
C:\Users\User\AppData\Local\Temp\ccYGOFAS.s:565    .text.QSPI_SendData16:0000000000000000 QSPI_SendData16
C:\Users\User\AppData\Local\Temp\ccYGOFAS.s:568    .text.QSPI_SendData16:0000000000000000 .L0 
C:\Users\User\AppData\Local\Temp\ccYGOFAS.s:570    .text.QSPI_SendData16:0000000000000000 .L0 
C:\Users\User\AppData\Local\Temp\ccYGOFAS.s:571    .text.QSPI_SendData16:0000000000000000 .L0 
C:\Users\User\AppData\Local\Temp\ccYGOFAS.s:572    .text.QSPI_SendData16:0000000000000000 .L0 
C:\Users\User\AppData\Local\Temp\ccYGOFAS.s:573    .text.QSPI_SendData16:0000000000000000 .L0 
C:\Users\User\AppData\Local\Temp\ccYGOFAS.s:574    .text.QSPI_SendData16:0000000000000000 .L0 
C:\Users\User\AppData\Local\Temp\ccYGOFAS.s:575    .text.QSPI_SendData16:0000000000000000 $x
C:\Users\User\AppData\Local\Temp\ccYGOFAS.s:575    .text.QSPI_SendData16:0000000000000000 .L0 
C:\Users\User\AppData\Local\Temp\ccYGOFAS.s:577    .text.QSPI_SendData16:0000000000000002 .L0 
C:\Users\User\AppData\Local\Temp\ccYGOFAS.s:578    .text.QSPI_SendData16:0000000000000004 .L0 
C:\Users\User\AppData\Local\Temp\ccYGOFAS.s:585    .text.QSPI_SendData32:0000000000000000 QSPI_SendData32
C:\Users\User\AppData\Local\Temp\ccYGOFAS.s:588    .text.QSPI_SendData32:0000000000000000 .L0 
C:\Users\User\AppData\Local\Temp\ccYGOFAS.s:590    .text.QSPI_SendData32:0000000000000000 .L0 
C:\Users\User\AppData\Local\Temp\ccYGOFAS.s:591    .text.QSPI_SendData32:0000000000000000 .L0 
C:\Users\User\AppData\Local\Temp\ccYGOFAS.s:592    .text.QSPI_SendData32:0000000000000000 $x
C:\Users\User\AppData\Local\Temp\ccYGOFAS.s:592    .text.QSPI_SendData32:0000000000000000 .L0 
C:\Users\User\AppData\Local\Temp\ccYGOFAS.s:594    .text.QSPI_SendData32:0000000000000002 .L0 
C:\Users\User\AppData\Local\Temp\ccYGOFAS.s:595    .text.QSPI_SendData32:0000000000000004 .L0 
C:\Users\User\AppData\Local\Temp\ccYGOFAS.s:602    .text.QSPI_ReceiveData8:0000000000000000 QSPI_ReceiveData8
C:\Users\User\AppData\Local\Temp\ccYGOFAS.s:605    .text.QSPI_ReceiveData8:0000000000000000 .L0 
C:\Users\User\AppData\Local\Temp\ccYGOFAS.s:607    .text.QSPI_ReceiveData8:0000000000000000 .L0 
C:\Users\User\AppData\Local\Temp\ccYGOFAS.s:608    .text.QSPI_ReceiveData8:0000000000000000 .L0 
C:\Users\User\AppData\Local\Temp\ccYGOFAS.s:609    .text.QSPI_ReceiveData8:0000000000000000 .L0 
C:\Users\User\AppData\Local\Temp\ccYGOFAS.s:610    .text.QSPI_ReceiveData8:0000000000000000 .L0 
C:\Users\User\AppData\Local\Temp\ccYGOFAS.s:611    .text.QSPI_ReceiveData8:0000000000000000 .L0 
C:\Users\User\AppData\Local\Temp\ccYGOFAS.s:612    .text.QSPI_ReceiveData8:0000000000000000 $x
C:\Users\User\AppData\Local\Temp\ccYGOFAS.s:612    .text.QSPI_ReceiveData8:0000000000000000 .L0 
C:\Users\User\AppData\Local\Temp\ccYGOFAS.s:615    .text.QSPI_ReceiveData8:0000000000000004 .L0 
C:\Users\User\AppData\Local\Temp\ccYGOFAS.s:616    .text.QSPI_ReceiveData8:0000000000000006 .L0 
C:\Users\User\AppData\Local\Temp\ccYGOFAS.s:623    .text.QSPI_ReceiveData16:0000000000000000 QSPI_ReceiveData16
C:\Users\User\AppData\Local\Temp\ccYGOFAS.s:626    .text.QSPI_ReceiveData16:0000000000000000 .L0 
C:\Users\User\AppData\Local\Temp\ccYGOFAS.s:628    .text.QSPI_ReceiveData16:0000000000000000 .L0 
C:\Users\User\AppData\Local\Temp\ccYGOFAS.s:629    .text.QSPI_ReceiveData16:0000000000000000 .L0 
C:\Users\User\AppData\Local\Temp\ccYGOFAS.s:630    .text.QSPI_ReceiveData16:0000000000000000 .L0 
C:\Users\User\AppData\Local\Temp\ccYGOFAS.s:631    .text.QSPI_ReceiveData16:0000000000000000 .L0 
C:\Users\User\AppData\Local\Temp\ccYGOFAS.s:632    .text.QSPI_ReceiveData16:0000000000000000 .L0 
C:\Users\User\AppData\Local\Temp\ccYGOFAS.s:633    .text.QSPI_ReceiveData16:0000000000000000 $x
C:\Users\User\AppData\Local\Temp\ccYGOFAS.s:633    .text.QSPI_ReceiveData16:0000000000000000 .L0 
C:\Users\User\AppData\Local\Temp\ccYGOFAS.s:636    .text.QSPI_ReceiveData16:0000000000000002 .L0 
C:\Users\User\AppData\Local\Temp\ccYGOFAS.s:637    .text.QSPI_ReceiveData16:0000000000000004 .L0 
C:\Users\User\AppData\Local\Temp\ccYGOFAS.s:644    .text.QSPI_ReceiveData32:0000000000000000 QSPI_ReceiveData32
C:\Users\User\AppData\Local\Temp\ccYGOFAS.s:647    .text.QSPI_ReceiveData32:0000000000000000 .L0 
C:\Users\User\AppData\Local\Temp\ccYGOFAS.s:649    .text.QSPI_ReceiveData32:0000000000000000 .L0 
C:\Users\User\AppData\Local\Temp\ccYGOFAS.s:650    .text.QSPI_ReceiveData32:0000000000000000 .L0 
C:\Users\User\AppData\Local\Temp\ccYGOFAS.s:651    .text.QSPI_ReceiveData32:0000000000000000 $x
C:\Users\User\AppData\Local\Temp\ccYGOFAS.s:651    .text.QSPI_ReceiveData32:0000000000000000 .L0 
C:\Users\User\AppData\Local\Temp\ccYGOFAS.s:654    .text.QSPI_ReceiveData32:0000000000000002 .L0 
C:\Users\User\AppData\Local\Temp\ccYGOFAS.s:655    .text.QSPI_ReceiveData32:0000000000000004 .L0 
C:\Users\User\AppData\Local\Temp\ccYGOFAS.s:662    .text.QSPI_DMACmd:0000000000000000 QSPI_DMACmd
C:\Users\User\AppData\Local\Temp\ccYGOFAS.s:665    .text.QSPI_DMACmd:0000000000000000 .L0 
C:\Users\User\AppData\Local\Temp\ccYGOFAS.s:667    .text.QSPI_DMACmd:0000000000000000 .L0 
C:\Users\User\AppData\Local\Temp\ccYGOFAS.s:668    .text.QSPI_DMACmd:0000000000000000 .L0 
C:\Users\User\AppData\Local\Temp\ccYGOFAS.s:669    .text.QSPI_DMACmd:0000000000000000 $x
C:\Users\User\AppData\Local\Temp\ccYGOFAS.s:669    .text.QSPI_DMACmd:0000000000000000 .L0 
C:\Users\User\AppData\Local\Temp\ccYGOFAS.s:671    .text.QSPI_DMACmd:0000000000000002 .L0 
C:\Users\User\AppData\Local\Temp\ccYGOFAS.s:673    .text.QSPI_DMACmd:0000000000000004 .L0 
C:\Users\User\AppData\Local\Temp\ccYGOFAS.s:674    .text.QSPI_DMACmd:0000000000000004 .L0 
C:\Users\User\AppData\Local\Temp\ccYGOFAS.s:677    .text.QSPI_DMACmd:0000000000000008 .L0 
C:\Users\User\AppData\Local\Temp\ccYGOFAS.s:679    .text.QSPI_DMACmd:000000000000000a .L0 
C:\Users\User\AppData\Local\Temp\ccYGOFAS.s:682    .text.QSPI_DMACmd:000000000000000c .L0 
C:\Users\User\AppData\Local\Temp\ccYGOFAS.s:683    .text.QSPI_DMACmd:000000000000000c .L0 
C:\Users\User\AppData\Local\Temp\ccYGOFAS.s:685    .text.QSPI_DMACmd:0000000000000010 .L0 
C:\Users\User\AppData\Local\Temp\ccYGOFAS.s:692    .text.QSPI_Start:0000000000000000 QSPI_Start
C:\Users\User\AppData\Local\Temp\ccYGOFAS.s:695    .text.QSPI_Start:0000000000000000 .L0 
C:\Users\User\AppData\Local\Temp\ccYGOFAS.s:697    .text.QSPI_Start:0000000000000000 .L0 
C:\Users\User\AppData\Local\Temp\ccYGOFAS.s:698    .text.QSPI_Start:0000000000000000 .L0 
C:\Users\User\AppData\Local\Temp\ccYGOFAS.s:699    .text.QSPI_Start:0000000000000000 $x
C:\Users\User\AppData\Local\Temp\ccYGOFAS.s:699    .text.QSPI_Start:0000000000000000 .L0 
C:\Users\User\AppData\Local\Temp\ccYGOFAS.s:701    .text.QSPI_Start:0000000000000002 .L0 
C:\Users\User\AppData\Local\Temp\ccYGOFAS.s:704    .text.QSPI_Start:0000000000000008 .L0 
C:\Users\User\AppData\Local\Temp\ccYGOFAS.s:705    .text.QSPI_Start:000000000000000a .L0 
C:\Users\User\AppData\Local\Temp\ccYGOFAS.s:712    .text.QSPI_ITConfig:0000000000000000 QSPI_ITConfig
C:\Users\User\AppData\Local\Temp\ccYGOFAS.s:715    .text.QSPI_ITConfig:0000000000000000 .L0 
C:\Users\User\AppData\Local\Temp\ccYGOFAS.s:717    .text.QSPI_ITConfig:0000000000000000 .L0 
C:\Users\User\AppData\Local\Temp\ccYGOFAS.s:718    .text.QSPI_ITConfig:0000000000000000 .L0 
C:\Users\User\AppData\Local\Temp\ccYGOFAS.s:719    .text.QSPI_ITConfig:0000000000000000 .L0 
C:\Users\User\AppData\Local\Temp\ccYGOFAS.s:720    .text.QSPI_ITConfig:0000000000000000 $x
C:\Users\User\AppData\Local\Temp\ccYGOFAS.s:720    .text.QSPI_ITConfig:0000000000000000 .L0 
C:\Users\User\AppData\Local\Temp\ccYGOFAS.s:723    .text.QSPI_ITConfig:0000000000000002 .L0 
C:\Users\User\AppData\Local\Temp\ccYGOFAS.s:724    .text.QSPI_ITConfig:0000000000000002 .L0 
C:\Users\User\AppData\Local\Temp\ccYGOFAS.s:728    .text.QSPI_ITConfig:0000000000000008 .L0 
C:\Users\User\AppData\Local\Temp\ccYGOFAS.s:730    .text.QSPI_ITConfig:000000000000000c .L0 
C:\Users\User\AppData\Local\Temp\ccYGOFAS.s:732    .text.QSPI_ITConfig:000000000000000e .L0 
C:\Users\User\AppData\Local\Temp\ccYGOFAS.s:733    .text.QSPI_ITConfig:000000000000000e .L0 
C:\Users\User\AppData\Local\Temp\ccYGOFAS.s:737    .text.QSPI_ITConfig:0000000000000012 .L0 
C:\Users\User\AppData\Local\Temp\ccYGOFAS.s:738    .text.QSPI_ITConfig:0000000000000012 .L0 
C:\Users\User\AppData\Local\Temp\ccYGOFAS.s:740    .text.QSPI_ITConfig:0000000000000014 .L0 
C:\Users\User\AppData\Local\Temp\ccYGOFAS.s:741    .text.QSPI_ITConfig:0000000000000016 .L0 
C:\Users\User\AppData\Local\Temp\ccYGOFAS.s:748    .text.QSPI_GetFIFOLevel:0000000000000000 QSPI_GetFIFOLevel
C:\Users\User\AppData\Local\Temp\ccYGOFAS.s:751    .text.QSPI_GetFIFOLevel:0000000000000000 .L0 
C:\Users\User\AppData\Local\Temp\ccYGOFAS.s:753    .text.QSPI_GetFIFOLevel:0000000000000000 .L0 
C:\Users\User\AppData\Local\Temp\ccYGOFAS.s:754    .text.QSPI_GetFIFOLevel:0000000000000000 .L0 
C:\Users\User\AppData\Local\Temp\ccYGOFAS.s:755    .text.QSPI_GetFIFOLevel:0000000000000000 $x
C:\Users\User\AppData\Local\Temp\ccYGOFAS.s:755    .text.QSPI_GetFIFOLevel:0000000000000000 .L0 
C:\Users\User\AppData\Local\Temp\ccYGOFAS.s:758    .text.QSPI_GetFIFOLevel:0000000000000002 .L0 
C:\Users\User\AppData\Local\Temp\ccYGOFAS.s:760    .text.QSPI_GetFIFOLevel:0000000000000004 .L0 
C:\Users\User\AppData\Local\Temp\ccYGOFAS.s:762    .text.QSPI_GetFIFOLevel:000000000000000a .L0 
C:\Users\User\AppData\Local\Temp\ccYGOFAS.s:769    .text.QSPI_GetFMode:0000000000000000 QSPI_GetFMode
C:\Users\User\AppData\Local\Temp\ccYGOFAS.s:772    .text.QSPI_GetFMode:0000000000000000 .L0 
C:\Users\User\AppData\Local\Temp\ccYGOFAS.s:774    .text.QSPI_GetFMode:0000000000000000 .L0 
C:\Users\User\AppData\Local\Temp\ccYGOFAS.s:775    .text.QSPI_GetFMode:0000000000000000 .L0 
C:\Users\User\AppData\Local\Temp\ccYGOFAS.s:776    .text.QSPI_GetFMode:0000000000000000 $x
C:\Users\User\AppData\Local\Temp\ccYGOFAS.s:776    .text.QSPI_GetFMode:0000000000000000 .L0 
C:\Users\User\AppData\Local\Temp\ccYGOFAS.s:779    .text.QSPI_GetFMode:0000000000000002 .L0 
C:\Users\User\AppData\Local\Temp\ccYGOFAS.s:782    .text.QSPI_GetFMode:000000000000000a .L0 
C:\Users\User\AppData\Local\Temp\ccYGOFAS.s:789    .text.QSPI_GetFlagStatus:0000000000000000 QSPI_GetFlagStatus
C:\Users\User\AppData\Local\Temp\ccYGOFAS.s:792    .text.QSPI_GetFlagStatus:0000000000000000 .L0 
C:\Users\User\AppData\Local\Temp\ccYGOFAS.s:794    .text.QSPI_GetFlagStatus:0000000000000000 .L0 
C:\Users\User\AppData\Local\Temp\ccYGOFAS.s:795    .text.QSPI_GetFlagStatus:0000000000000000 .L0 
C:\Users\User\AppData\Local\Temp\ccYGOFAS.s:796    .text.QSPI_GetFlagStatus:0000000000000000 .L0 
C:\Users\User\AppData\Local\Temp\ccYGOFAS.s:797    .text.QSPI_GetFlagStatus:0000000000000000 $x
C:\Users\User\AppData\Local\Temp\ccYGOFAS.s:797    .text.QSPI_GetFlagStatus:0000000000000000 .L0 
C:\Users\User\AppData\Local\Temp\ccYGOFAS.s:800    .text.QSPI_GetFlagStatus:0000000000000002 .L0 
C:\Users\User\AppData\Local\Temp\ccYGOFAS.s:801    .text.QSPI_GetFlagStatus:0000000000000002 .L0 
C:\Users\User\AppData\Local\Temp\ccYGOFAS.s:804    .text.QSPI_GetFlagStatus:0000000000000004 .L0 
C:\Users\User\AppData\Local\Temp\ccYGOFAS.s:806    .text.QSPI_GetFlagStatus:000000000000000a .L0 
C:\Users\User\AppData\Local\Temp\ccYGOFAS.s:813    .text.QSPI_ClearFlag:0000000000000000 QSPI_ClearFlag
C:\Users\User\AppData\Local\Temp\ccYGOFAS.s:816    .text.QSPI_ClearFlag:0000000000000000 .L0 
C:\Users\User\AppData\Local\Temp\ccYGOFAS.s:818    .text.QSPI_ClearFlag:0000000000000000 .L0 
C:\Users\User\AppData\Local\Temp\ccYGOFAS.s:819    .text.QSPI_ClearFlag:0000000000000000 .L0 
C:\Users\User\AppData\Local\Temp\ccYGOFAS.s:820    .text.QSPI_ClearFlag:0000000000000000 $x
C:\Users\User\AppData\Local\Temp\ccYGOFAS.s:820    .text.QSPI_ClearFlag:0000000000000000 .L0 
C:\Users\User\AppData\Local\Temp\ccYGOFAS.s:822    .text.QSPI_ClearFlag:0000000000000002 .L0 
C:\Users\User\AppData\Local\Temp\ccYGOFAS.s:823    .text.QSPI_ClearFlag:0000000000000004 .L0 
C:\Users\User\AppData\Local\Temp\ccYGOFAS.s:830    .text.QSPI_GetITStatus:0000000000000000 QSPI_GetITStatus
C:\Users\User\AppData\Local\Temp\ccYGOFAS.s:833    .text.QSPI_GetITStatus:0000000000000000 .L0 
C:\Users\User\AppData\Local\Temp\ccYGOFAS.s:835    .text.QSPI_GetITStatus:0000000000000000 .L0 
C:\Users\User\AppData\Local\Temp\ccYGOFAS.s:836    .text.QSPI_GetITStatus:0000000000000000 .L0 
C:\Users\User\AppData\Local\Temp\ccYGOFAS.s:837    .text.QSPI_GetITStatus:0000000000000000 .L0 
C:\Users\User\AppData\Local\Temp\ccYGOFAS.s:838    .text.QSPI_GetITStatus:0000000000000000 .L0 
C:\Users\User\AppData\Local\Temp\ccYGOFAS.s:839    .text.QSPI_GetITStatus:0000000000000000 $x
C:\Users\User\AppData\Local\Temp\ccYGOFAS.s:839    .text.QSPI_GetITStatus:0000000000000000 .L0 
C:\Users\User\AppData\Local\Temp\ccYGOFAS.s:842    .text.QSPI_GetITStatus:0000000000000002 .L0 
C:\Users\User\AppData\Local\Temp\ccYGOFAS.s:843    .text.QSPI_GetITStatus:0000000000000002 .L0 
C:\Users\User\AppData\Local\Temp\ccYGOFAS.s:845    .text.QSPI_GetITStatus:0000000000000004 .L0 
C:\Users\User\AppData\Local\Temp\ccYGOFAS.s:851    .text.QSPI_GetITStatus:000000000000000e .L0 
C:\Users\User\AppData\Local\Temp\ccYGOFAS.s:852    .text.QSPI_GetITStatus:000000000000000e .L0 
C:\Users\User\AppData\Local\Temp\ccYGOFAS.s:855    .text.QSPI_GetITStatus:0000000000000010 .L0 
C:\Users\User\AppData\Local\Temp\ccYGOFAS.s:856    .text.QSPI_GetITStatus:0000000000000010 .L0 
C:\Users\User\AppData\Local\Temp\ccYGOFAS.s:857    .text.QSPI_GetITStatus:0000000000000010 .L0 
C:\Users\User\AppData\Local\Temp\ccYGOFAS.s:859    .text.QSPI_GetITStatus:0000000000000012 .L0 
C:\Users\User\AppData\Local\Temp\ccYGOFAS.s:864    .text.QSPI_GetITStatus:0000000000000016 .L0 
C:\Users\User\AppData\Local\Temp\ccYGOFAS.s:868    .text.QSPI_GetITStatus:000000000000001a .L0 
C:\Users\User\AppData\Local\Temp\ccYGOFAS.s:869    .text.QSPI_GetITStatus:000000000000001a .L0 
C:\Users\User\AppData\Local\Temp\ccYGOFAS.s:870    .text.QSPI_GetITStatus:000000000000001c .L0 
C:\Users\User\AppData\Local\Temp\ccYGOFAS.s:877    .text.QSPI_ClearITPendingBit:0000000000000000 QSPI_ClearITPendingBit
C:\Users\User\AppData\Local\Temp\ccYGOFAS.s:880    .text.QSPI_ClearITPendingBit:0000000000000000 .L0 
C:\Users\User\AppData\Local\Temp\ccYGOFAS.s:882    .text.QSPI_ClearITPendingBit:0000000000000000 .L0 
C:\Users\User\AppData\Local\Temp\ccYGOFAS.s:883    .text.QSPI_ClearITPendingBit:0000000000000000 .L0 
C:\Users\User\AppData\Local\Temp\ccYGOFAS.s:884    .text.QSPI_ClearITPendingBit:0000000000000000 $x
C:\Users\User\AppData\Local\Temp\ccYGOFAS.s:884    .text.QSPI_ClearITPendingBit:0000000000000000 .L0 
C:\Users\User\AppData\Local\Temp\ccYGOFAS.s:887    .text.QSPI_ClearITPendingBit:0000000000000002 .L0 
C:\Users\User\AppData\Local\Temp\ccYGOFAS.s:889    .text.QSPI_ClearITPendingBit:0000000000000004 .L0 
C:\Users\User\AppData\Local\Temp\ccYGOFAS.s:890    .text.QSPI_ClearITPendingBit:0000000000000006 .L0 
C:\Users\User\AppData\Local\Temp\ccYGOFAS.s:897    .text.QSPI_DualFlashMode_Cmd:0000000000000000 QSPI_DualFlashMode_Cmd
C:\Users\User\AppData\Local\Temp\ccYGOFAS.s:900    .text.QSPI_DualFlashMode_Cmd:0000000000000000 .L0 
C:\Users\User\AppData\Local\Temp\ccYGOFAS.s:902    .text.QSPI_DualFlashMode_Cmd:0000000000000000 .L0 
C:\Users\User\AppData\Local\Temp\ccYGOFAS.s:903    .text.QSPI_DualFlashMode_Cmd:0000000000000000 .L0 
C:\Users\User\AppData\Local\Temp\ccYGOFAS.s:904    .text.QSPI_DualFlashMode_Cmd:0000000000000000 $x
C:\Users\User\AppData\Local\Temp\ccYGOFAS.s:904    .text.QSPI_DualFlashMode_Cmd:0000000000000000 .L0 
C:\Users\User\AppData\Local\Temp\ccYGOFAS.s:906    .text.QSPI_DualFlashMode_Cmd:0000000000000002 .L0 
C:\Users\User\AppData\Local\Temp\ccYGOFAS.s:908    .text.QSPI_DualFlashMode_Cmd:0000000000000004 .L0 
C:\Users\User\AppData\Local\Temp\ccYGOFAS.s:909    .text.QSPI_DualFlashMode_Cmd:0000000000000004 .L0 
C:\Users\User\AppData\Local\Temp\ccYGOFAS.s:912    .text.QSPI_DualFlashMode_Cmd:0000000000000008 .L0 
C:\Users\User\AppData\Local\Temp\ccYGOFAS.s:914    .text.QSPI_DualFlashMode_Cmd:000000000000000a .L0 
C:\Users\User\AppData\Local\Temp\ccYGOFAS.s:917    .text.QSPI_DualFlashMode_Cmd:000000000000000c .L0 
C:\Users\User\AppData\Local\Temp\ccYGOFAS.s:918    .text.QSPI_DualFlashMode_Cmd:000000000000000c .L0 
C:\Users\User\AppData\Local\Temp\ccYGOFAS.s:920    .text.QSPI_DualFlashMode_Cmd:0000000000000012 .L0 
C:\Users\User\AppData\Local\Temp\ccYGOFAS.s:927    .text.QSPI_EnableQuad:0000000000000000 QSPI_EnableQuad
C:\Users\User\AppData\Local\Temp\ccYGOFAS.s:930    .text.QSPI_EnableQuad:0000000000000000 .L0 
C:\Users\User\AppData\Local\Temp\ccYGOFAS.s:932    .text.QSPI_EnableQuad:0000000000000000 .L0 
C:\Users\User\AppData\Local\Temp\ccYGOFAS.s:933    .text.QSPI_EnableQuad:0000000000000000 .L0 
C:\Users\User\AppData\Local\Temp\ccYGOFAS.s:934    .text.QSPI_EnableQuad:0000000000000000 $x
C:\Users\User\AppData\Local\Temp\ccYGOFAS.s:934    .text.QSPI_EnableQuad:0000000000000000 .L0 
C:\Users\User\AppData\Local\Temp\ccYGOFAS.s:936    .text.QSPI_EnableQuad:0000000000000002 .L0 
C:\Users\User\AppData\Local\Temp\ccYGOFAS.s:938    .text.QSPI_EnableQuad:0000000000000004 .L0 
C:\Users\User\AppData\Local\Temp\ccYGOFAS.s:939    .text.QSPI_EnableQuad:0000000000000004 .L0 
C:\Users\User\AppData\Local\Temp\ccYGOFAS.s:942    .text.QSPI_EnableQuad:0000000000000008 .L0 
C:\Users\User\AppData\Local\Temp\ccYGOFAS.s:944    .text.QSPI_EnableQuad:000000000000000a .L0 
C:\Users\User\AppData\Local\Temp\ccYGOFAS.s:947    .text.QSPI_EnableQuad:000000000000000c .L0 
C:\Users\User\AppData\Local\Temp\ccYGOFAS.s:948    .text.QSPI_EnableQuad:000000000000000c .L0 
C:\Users\User\AppData\Local\Temp\ccYGOFAS.s:950    .text.QSPI_EnableQuad:0000000000000012 .L0 
C:\Users\User\AppData\Local\Temp\ccYGOFAS.s:3475   .debug_line_str:00000000000000a6 .L0 
C:\Users\User\AppData\Local\Temp\ccYGOFAS.s:3475   .debug_line_str:00000000000000f8 .L0 
C:\Users\User\AppData\Local\Temp\ccYGOFAS.s:3475   .debug_line_str:000000000000013c .L0 
C:\Users\User\AppData\Local\Temp\ccYGOFAS.s:3475   .debug_line_str:00000000000001c6 .L0 
C:\Users\User\AppData\Local\Temp\ccYGOFAS.s:3475   .debug_line_str:000000000000024c .L0 
C:\Users\User\AppData\Local\Temp\ccYGOFAS.s:3475   .debug_line_str:0000000000000286 .L0 
C:\Users\User\AppData\Local\Temp\ccYGOFAS.s:3475   .debug_line_str:00000000000002ca .L0 
C:\Users\User\AppData\Local\Temp\ccYGOFAS.s:3475   .debug_line_str:00000000000002da .L0 
C:\Users\User\AppData\Local\Temp\ccYGOFAS.s:3475   .debug_line_str:00000000000002ea .L0 
C:\Users\User\AppData\Local\Temp\ccYGOFAS.s:3475   .debug_line_str:00000000000002fb .L0 
C:\Users\User\AppData\Local\Temp\ccYGOFAS.s:3475   .debug_line_str:0000000000000305 .L0 
C:\Users\User\AppData\Local\Temp\ccYGOFAS.s:3475   .debug_line_str:0000000000000312 .L0 
C:\Users\User\AppData\Local\Temp\ccYGOFAS.s:3475   .debug_line_str:000000000000031d .L0 
C:\Users\User\AppData\Local\Temp\ccYGOFAS.s:3475   .debug_line_str:000000000000032d .L0 
C:\Users\User\AppData\Local\Temp\ccYGOFAS.s:66     .text.QSPI_DeInit:000000000000004a .L0 
C:\Users\User\AppData\Local\Temp\ccYGOFAS.s:110    .text.QSPI_ComConfig_StructInit:000000000000002a .L0 
C:\Users\User\AppData\Local\Temp\ccYGOFAS.s:181    .text.QSPI_Init:000000000000003a .L0 
C:\Users\User\AppData\Local\Temp\ccYGOFAS.s:244    .text.QSPI_ComConfig_Init:0000000000000036 .L0 
C:\Users\User\AppData\Local\Temp\ccYGOFAS.s:274    .text.QSPI_Cmd:0000000000000010 .L0 
C:\Users\User\AppData\Local\Temp\ccYGOFAS.s:310    .text.QSPI_AutoPollingMode_Config:0000000000000016 .L0 
C:\Users\User\AppData\Local\Temp\ccYGOFAS.s:341    .text.QSPI_AutoPollingMode_SetInterval:000000000000000c .L0 
C:\Users\User\AppData\Local\Temp\ccYGOFAS.s:372    .text.QSPI_MemoryMappedMode_SetTimeout:000000000000000c .L0 
C:\Users\User\AppData\Local\Temp\ccYGOFAS.s:389    .text.QSPI_SetAddress:0000000000000004 .L0 
C:\Users\User\AppData\Local\Temp\ccYGOFAS.s:406    .text.QSPI_SetAlternateByte:0000000000000004 .L0 
C:\Users\User\AppData\Local\Temp\ccYGOFAS.s:441    .text.QSPI_SetFIFOThreshold:0000000000000012 .L0 
C:\Users\User\AppData\Local\Temp\ccYGOFAS.s:461    .text.QSPI_SetDataLength:0000000000000006 .L0 
C:\Users\User\AppData\Local\Temp\ccYGOFAS.s:491    .text.QSPI_TimeoutCounterCmd:0000000000000010 .L0 
C:\Users\User\AppData\Local\Temp\ccYGOFAS.s:521    .text.QSPI_AutoPollingModeStopCmd:0000000000000012 .L0 
C:\Users\User\AppData\Local\Temp\ccYGOFAS.s:541    .text.QSPI_AbortRequest:000000000000000a .L0 
C:\Users\User\AppData\Local\Temp\ccYGOFAS.s:561    .text.QSPI_SendData8:0000000000000006 .L0 
C:\Users\User\AppData\Local\Temp\ccYGOFAS.s:581    .text.QSPI_SendData16:0000000000000004 .L0 
C:\Users\User\AppData\Local\Temp\ccYGOFAS.s:598    .text.QSPI_SendData32:0000000000000004 .L0 
C:\Users\User\AppData\Local\Temp\ccYGOFAS.s:619    .text.QSPI_ReceiveData8:0000000000000006 .L0 
C:\Users\User\AppData\Local\Temp\ccYGOFAS.s:640    .text.QSPI_ReceiveData16:0000000000000004 .L0 
C:\Users\User\AppData\Local\Temp\ccYGOFAS.s:658    .text.QSPI_ReceiveData32:0000000000000004 .L0 
C:\Users\User\AppData\Local\Temp\ccYGOFAS.s:688    .text.QSPI_DMACmd:0000000000000010 .L0 
C:\Users\User\AppData\Local\Temp\ccYGOFAS.s:708    .text.QSPI_Start:000000000000000a .L0 
C:\Users\User\AppData\Local\Temp\ccYGOFAS.s:744    .text.QSPI_ITConfig:0000000000000016 .L0 
C:\Users\User\AppData\Local\Temp\ccYGOFAS.s:765    .text.QSPI_GetFIFOLevel:000000000000000a .L0 
C:\Users\User\AppData\Local\Temp\ccYGOFAS.s:785    .text.QSPI_GetFMode:000000000000000a .L0 
C:\Users\User\AppData\Local\Temp\ccYGOFAS.s:809    .text.QSPI_GetFlagStatus:000000000000000a .L0 
C:\Users\User\AppData\Local\Temp\ccYGOFAS.s:826    .text.QSPI_ClearFlag:0000000000000004 .L0 
C:\Users\User\AppData\Local\Temp\ccYGOFAS.s:873    .text.QSPI_GetITStatus:000000000000001c .L0 
C:\Users\User\AppData\Local\Temp\ccYGOFAS.s:893    .text.QSPI_ClearITPendingBit:0000000000000006 .L0 
C:\Users\User\AppData\Local\Temp\ccYGOFAS.s:923    .text.QSPI_DualFlashMode_Cmd:0000000000000012 .L0 
C:\Users\User\AppData\Local\Temp\ccYGOFAS.s:953    .text.QSPI_EnableQuad:0000000000000012 .L0 
                     .debug_frame:0000000000000000 .L0 
C:\Users\User\AppData\Local\Temp\ccYGOFAS.s:48     .text.QSPI_DeInit:0000000000000034 .L2
C:\Users\User\AppData\Local\Temp\ccYGOFAS.s:41     .text.QSPI_DeInit:000000000000002c .L1
C:\Users\User\AppData\Local\Temp\ccYGOFAS.s:37     .text.QSPI_DeInit:0000000000000024 .L5
C:\Users\User\AppData\Local\Temp\ccYGOFAS.s:266    .text.QSPI_Cmd:000000000000000c .L10
C:\Users\User\AppData\Local\Temp\ccYGOFAS.s:261    .text.QSPI_Cmd:0000000000000008 .L12
C:\Users\User\AppData\Local\Temp\ccYGOFAS.s:302    .text.QSPI_AutoPollingMode_Config:0000000000000010 .L14
C:\Users\User\AppData\Local\Temp\ccYGOFAS.s:297    .text.QSPI_AutoPollingMode_Config:000000000000000c .L16
C:\Users\User\AppData\Local\Temp\ccYGOFAS.s:483    .text.QSPI_TimeoutCounterCmd:000000000000000c .L24
C:\Users\User\AppData\Local\Temp\ccYGOFAS.s:478    .text.QSPI_TimeoutCounterCmd:0000000000000008 .L26
C:\Users\User\AppData\Local\Temp\ccYGOFAS.s:513    .text.QSPI_AutoPollingModeStopCmd:000000000000000c .L28
C:\Users\User\AppData\Local\Temp\ccYGOFAS.s:508    .text.QSPI_AutoPollingModeStopCmd:0000000000000008 .L30
C:\Users\User\AppData\Local\Temp\ccYGOFAS.s:680    .text.QSPI_DMACmd:000000000000000c .L39
C:\Users\User\AppData\Local\Temp\ccYGOFAS.s:675    .text.QSPI_DMACmd:0000000000000008 .L41
C:\Users\User\AppData\Local\Temp\ccYGOFAS.s:735    .text.QSPI_ITConfig:0000000000000012 .L45
C:\Users\User\AppData\Local\Temp\ccYGOFAS.s:867    .text.QSPI_GetITStatus:000000000000001a .L50
C:\Users\User\AppData\Local\Temp\ccYGOFAS.s:915    .text.QSPI_DualFlashMode_Cmd:000000000000000c .L57
C:\Users\User\AppData\Local\Temp\ccYGOFAS.s:910    .text.QSPI_DualFlashMode_Cmd:0000000000000008 .L59
C:\Users\User\AppData\Local\Temp\ccYGOFAS.s:945    .text.QSPI_EnableQuad:000000000000000c .L61
C:\Users\User\AppData\Local\Temp\ccYGOFAS.s:940    .text.QSPI_EnableQuad:0000000000000008 .L63
C:\Users\User\AppData\Local\Temp\ccYGOFAS.s:2112   .debug_abbrev:0000000000000000 .Ldebug_abbrev0
C:\Users\User\AppData\Local\Temp\ccYGOFAS.s:3356   .debug_str:000000000000028f .LASF98
C:\Users\User\AppData\Local\Temp\ccYGOFAS.s:3473   .debug_line_str:0000000000000052 .LASF0
C:\Users\User\AppData\Local\Temp\ccYGOFAS.s:3471   .debug_line_str:0000000000000000 .LASF1
C:\Users\User\AppData\Local\Temp\ccYGOFAS.s:3170   .debug_rnglists:000000000000000c .LLRL25
C:\Users\User\AppData\Local\Temp\ccYGOFAS.s:3270   .debug_line:0000000000000000 .Ldebug_line0
C:\Users\User\AppData\Local\Temp\ccYGOFAS.s:3380   .debug_str:000000000000040d .LASF2
C:\Users\User\AppData\Local\Temp\ccYGOFAS.s:3368   .debug_str:00000000000003b7 .LASF3
C:\Users\User\AppData\Local\Temp\ccYGOFAS.s:3350   .debug_str:000000000000026d .LASF6
C:\Users\User\AppData\Local\Temp\ccYGOFAS.s:3366   .debug_str:00000000000003a9 .LASF4
C:\Users\User\AppData\Local\Temp\ccYGOFAS.s:3326   .debug_str:000000000000019f .LASF5
C:\Users\User\AppData\Local\Temp\ccYGOFAS.s:3302   .debug_str:00000000000000fe .LASF7
C:\Users\User\AppData\Local\Temp\ccYGOFAS.s:3388   .debug_str:0000000000000439 .LASF8
C:\Users\User\AppData\Local\Temp\ccYGOFAS.s:3398   .debug_str:0000000000000480 .LASF9
C:\Users\User\AppData\Local\Temp\ccYGOFAS.s:3436   .debug_str:00000000000005b9 .LASF10
C:\Users\User\AppData\Local\Temp\ccYGOFAS.s:3426   .debug_str:0000000000000557 .LASF11
C:\Users\User\AppData\Local\Temp\ccYGOFAS.s:3338   .debug_str:00000000000001ff .LASF12
C:\Users\User\AppData\Local\Temp\ccYGOFAS.s:3296   .debug_str:00000000000000cc .LASF13
C:\Users\User\AppData\Local\Temp\ccYGOFAS.s:3312   .debug_str:0000000000000141 .LASF14
C:\Users\User\AppData\Local\Temp\ccYGOFAS.s:3382   .debug_str:000000000000041a .LASF15
C:\Users\User\AppData\Local\Temp\ccYGOFAS.s:3376   .debug_str:00000000000003ee .LASF16
C:\Users\User\AppData\Local\Temp\ccYGOFAS.s:3402   .debug_str:00000000000004a3 .LASF17
C:\Users\User\AppData\Local\Temp\ccYGOFAS.s:3466   .debug_str:00000000000006a0 .LASF18
C:\Users\User\AppData\Local\Temp\ccYGOFAS.s:3434   .debug_str:00000000000005a9 .LASF19
C:\Users\User\AppData\Local\Temp\ccYGOFAS.s:3442   .debug_str:00000000000005e2 .LASF20
C:\Users\User\AppData\Local\Temp\ccYGOFAS.s:3386   .debug_str:000000000000042e .LASF21
C:\Users\User\AppData\Local\Temp\ccYGOFAS.s:3276   .debug_str:0000000000000023 .LASF22
C:\Users\User\AppData\Local\Temp\ccYGOFAS.s:3300   .debug_str:00000000000000f8 .LASF23
C:\Users\User\AppData\Local\Temp\ccYGOFAS.s:3460   .debug_str:000000000000067a .LASF24
C:\Users\User\AppData\Local\Temp\ccYGOFAS.s:3444   .debug_str:00000000000005e8 .LASF25
C:\Users\User\AppData\Local\Temp\ccYGOFAS.s:3396   .debug_str:0000000000000473 .LASF26
C:\Users\User\AppData\Local\Temp\ccYGOFAS.s:3394   .debug_str:000000000000046e .LASF27
C:\Users\User\AppData\Local\Temp\ccYGOFAS.s:3298   .debug_str:00000000000000e3 .LASF28
C:\Users\User\AppData\Local\Temp\ccYGOFAS.s:3346   .debug_str:0000000000000246 .LASF29
C:\Users\User\AppData\Local\Temp\ccYGOFAS.s:3282   .debug_str:000000000000005d .LASF30
C:\Users\User\AppData\Local\Temp\ccYGOFAS.s:3452   .debug_str:0000000000000624 .LASF31
C:\Users\User\AppData\Local\Temp\ccYGOFAS.s:3378   .debug_str:00000000000003f7 .LASF32
C:\Users\User\AppData\Local\Temp\ccYGOFAS.s:3322   .debug_str:000000000000017d .LASF33
C:\Users\User\AppData\Local\Temp\ccYGOFAS.s:3314   .debug_str:0000000000000149 .LASF34
C:\Users\User\AppData\Local\Temp\ccYGOFAS.s:3290   .debug_str:000000000000009c .LASF35
C:\Users\User\AppData\Local\Temp\ccYGOFAS.s:3310   .debug_str:000000000000012c .LASF36
C:\Users\User\AppData\Local\Temp\ccYGOFAS.s:3364   .debug_str:0000000000000396 .LASF37
C:\Users\User\AppData\Local\Temp\ccYGOFAS.s:3342   .debug_str:000000000000021d .LASF38
C:\Users\User\AppData\Local\Temp\ccYGOFAS.s:3392   .debug_str:000000000000045f .LASF39
C:\Users\User\AppData\Local\Temp\ccYGOFAS.s:3418   .debug_str:000000000000051b .LASF40
C:\Users\User\AppData\Local\Temp\ccYGOFAS.s:3408   .debug_str:00000000000004c0 .LASF41
C:\Users\User\AppData\Local\Temp\ccYGOFAS.s:3384   .debug_str:0000000000000423 .LASF42
C:\Users\User\AppData\Local\Temp\ccYGOFAS.s:3462   .debug_str:0000000000000680 .LASF43
C:\Users\User\AppData\Local\Temp\ccYGOFAS.s:3288   .debug_str:0000000000000090 .LASF44
C:\Users\User\AppData\Local\Temp\ccYGOFAS.s:3284   .debug_str:0000000000000072 .LASF45
C:\Users\User\AppData\Local\Temp\ccYGOFAS.s:3428   .debug_str:0000000000000569 .LASF99
C:\Users\User\AppData\Local\Temp\ccYGOFAS.s:3294   .debug_str:00000000000000bc .LASF48
C:\Users\User\AppData\Local\Temp\ccYGOFAS.s:928    .text.QSPI_EnableQuad:0000000000000000 .LFB71
C:\Users\User\AppData\Local\Temp\ccYGOFAS.s:951    .text.QSPI_EnableQuad:0000000000000012 .LFE71
C:\Users\User\AppData\Local\Temp\ccYGOFAS.s:3406   .debug_str:00000000000004ba .LASF46
C:\Users\User\AppData\Local\Temp\ccYGOFAS.s:3320   .debug_str:0000000000000174 .LASF47
C:\Users\User\AppData\Local\Temp\ccYGOFAS.s:3424   .debug_str:0000000000000540 .LASF49
C:\Users\User\AppData\Local\Temp\ccYGOFAS.s:898    .text.QSPI_DualFlashMode_Cmd:0000000000000000 .LFB70
C:\Users\User\AppData\Local\Temp\ccYGOFAS.s:921    .text.QSPI_DualFlashMode_Cmd:0000000000000012 .LFE70
C:\Users\User\AppData\Local\Temp\ccYGOFAS.s:3370   .debug_str:00000000000003c3 .LASF50
C:\Users\User\AppData\Local\Temp\ccYGOFAS.s:878    .text.QSPI_ClearITPendingBit:0000000000000000 .LFB69
C:\Users\User\AppData\Local\Temp\ccYGOFAS.s:891    .text.QSPI_ClearITPendingBit:0000000000000006 .LFE69
C:\Users\User\AppData\Local\Temp\ccYGOFAS.s:3308   .debug_str:0000000000000124 .LASF51
C:\Users\User\AppData\Local\Temp\ccYGOFAS.s:2646   .debug_loclists:000000000000000c .LLST24
C:\Users\User\AppData\Local\Temp\ccYGOFAS.s:3304   .debug_str:0000000000000109 .LASF57
C:\Users\User\AppData\Local\Temp\ccYGOFAS.s:831    .text.QSPI_GetITStatus:0000000000000000 .LFB68
C:\Users\User\AppData\Local\Temp\ccYGOFAS.s:871    .text.QSPI_GetITStatus:000000000000001c .LFE68
C:\Users\User\AppData\Local\Temp\ccYGOFAS.s:2661   .debug_loclists:0000000000000026 .LLST19
C:\Users\User\AppData\Local\Temp\ccYGOFAS.s:2673   .debug_loclists:000000000000003d .LLST20
C:\Users\User\AppData\Local\Temp\ccYGOFAS.s:3306   .debug_str:000000000000011a .LASF52
C:\Users\User\AppData\Local\Temp\ccYGOFAS.s:2688   .debug_loclists:0000000000000057 .LLST21
C:\Users\User\AppData\Local\Temp\ccYGOFAS.s:3328   .debug_str:00000000000001a9 .LASF53
C:\Users\User\AppData\Local\Temp\ccYGOFAS.s:2696   .debug_loclists:0000000000000064 .LLST22
C:\Users\User\AppData\Local\Temp\ccYGOFAS.s:3362   .debug_str:000000000000038e .LASF54
C:\Users\User\AppData\Local\Temp\ccYGOFAS.s:2714   .debug_loclists:0000000000000087 .LLST23
C:\Users\User\AppData\Local\Temp\ccYGOFAS.s:3348   .debug_str:000000000000025e .LASF55
C:\Users\User\AppData\Local\Temp\ccYGOFAS.s:814    .text.QSPI_ClearFlag:0000000000000000 .LFB67
C:\Users\User\AppData\Local\Temp\ccYGOFAS.s:824    .text.QSPI_ClearFlag:0000000000000004 .LFE67
C:\Users\User\AppData\Local\Temp\ccYGOFAS.s:3316   .debug_str:000000000000015f .LASF56
C:\Users\User\AppData\Local\Temp\ccYGOFAS.s:3332   .debug_str:00000000000001c3 .LASF58
C:\Users\User\AppData\Local\Temp\ccYGOFAS.s:790    .text.QSPI_GetFlagStatus:0000000000000000 .LFB66
C:\Users\User\AppData\Local\Temp\ccYGOFAS.s:807    .text.QSPI_GetFlagStatus:000000000000000a .LFE66
C:\Users\User\AppData\Local\Temp\ccYGOFAS.s:2756   .debug_loclists:00000000000000c8 .LLST17
C:\Users\User\AppData\Local\Temp\ccYGOFAS.s:2771   .debug_loclists:00000000000000e2 .LLST18
C:\Users\User\AppData\Local\Temp\ccYGOFAS.s:3432   .debug_str:000000000000059b .LASF59
C:\Users\User\AppData\Local\Temp\ccYGOFAS.s:770    .text.QSPI_GetFMode:0000000000000000 .LFB65
C:\Users\User\AppData\Local\Temp\ccYGOFAS.s:783    .text.QSPI_GetFMode:000000000000000a .LFE65
C:\Users\User\AppData\Local\Temp\ccYGOFAS.s:2794   .debug_loclists:0000000000000104 .LLST16
C:\Users\User\AppData\Local\Temp\ccYGOFAS.s:3334   .debug_str:00000000000001d6 .LASF60
C:\Users\User\AppData\Local\Temp\ccYGOFAS.s:749    .text.QSPI_GetFIFOLevel:0000000000000000 .LFB64
C:\Users\User\AppData\Local\Temp\ccYGOFAS.s:763    .text.QSPI_GetFIFOLevel:000000000000000a .LFE64
C:\Users\User\AppData\Local\Temp\ccYGOFAS.s:2809   .debug_loclists:000000000000011e .LLST15
C:\Users\User\AppData\Local\Temp\ccYGOFAS.s:3344   .debug_str:0000000000000238 .LASF61
C:\Users\User\AppData\Local\Temp\ccYGOFAS.s:713    .text.QSPI_ITConfig:0000000000000000 .LFB63
C:\Users\User\AppData\Local\Temp\ccYGOFAS.s:742    .text.QSPI_ITConfig:0000000000000016 .LFE63
C:\Users\User\AppData\Local\Temp\ccYGOFAS.s:2824   .debug_loclists:0000000000000138 .LLST13
C:\Users\User\AppData\Local\Temp\ccYGOFAS.s:3360   .debug_str:0000000000000387 .LASF62
C:\Users\User\AppData\Local\Temp\ccYGOFAS.s:2839   .debug_loclists:0000000000000152 .LLST14
C:\Users\User\AppData\Local\Temp\ccYGOFAS.s:3374   .debug_str:00000000000003e3 .LASF63
C:\Users\User\AppData\Local\Temp\ccYGOFAS.s:693    .text.QSPI_Start:0000000000000000 .LFB62
C:\Users\User\AppData\Local\Temp\ccYGOFAS.s:706    .text.QSPI_Start:000000000000000a .LFE62
C:\Users\User\AppData\Local\Temp\ccYGOFAS.s:3324   .debug_str:0000000000000193 .LASF64
C:\Users\User\AppData\Local\Temp\ccYGOFAS.s:663    .text.QSPI_DMACmd:0000000000000000 .LFB61
C:\Users\User\AppData\Local\Temp\ccYGOFAS.s:686    .text.QSPI_DMACmd:0000000000000010 .LFE61
C:\Users\User\AppData\Local\Temp\ccYGOFAS.s:3272   .debug_str:0000000000000000 .LASF65
C:\Users\User\AppData\Local\Temp\ccYGOFAS.s:645    .text.QSPI_ReceiveData32:0000000000000000 .LFB60
C:\Users\User\AppData\Local\Temp\ccYGOFAS.s:656    .text.QSPI_ReceiveData32:0000000000000004 .LFE60
C:\Users\User\AppData\Local\Temp\ccYGOFAS.s:2857   .debug_loclists:0000000000000175 .LLST12
C:\Users\User\AppData\Local\Temp\ccYGOFAS.s:3464   .debug_str:000000000000068d .LASF66
C:\Users\User\AppData\Local\Temp\ccYGOFAS.s:624    .text.QSPI_ReceiveData16:0000000000000000 .LFB59
C:\Users\User\AppData\Local\Temp\ccYGOFAS.s:638    .text.QSPI_ReceiveData16:0000000000000004 .LFE59
C:\Users\User\AppData\Local\Temp\ccYGOFAS.s:2872   .debug_loclists:000000000000018f .LLST10
C:\Users\User\AppData\Local\Temp\ccYGOFAS.s:3422   .debug_str:0000000000000537 .LASF67
C:\Users\User\AppData\Local\Temp\ccYGOFAS.s:2887   .debug_loclists:00000000000001a9 .LLST11
C:\Users\User\AppData\Local\Temp\ccYGOFAS.s:3330   .debug_str:00000000000001b1 .LASF68
C:\Users\User\AppData\Local\Temp\ccYGOFAS.s:603    .text.QSPI_ReceiveData8:0000000000000000 .LFB58
C:\Users\User\AppData\Local\Temp\ccYGOFAS.s:617    .text.QSPI_ReceiveData8:0000000000000006 .LFE58
C:\Users\User\AppData\Local\Temp\ccYGOFAS.s:2906   .debug_loclists:00000000000001c7 .LLST8
C:\Users\User\AppData\Local\Temp\ccYGOFAS.s:2921   .debug_loclists:00000000000001e1 .LLST9
C:\Users\User\AppData\Local\Temp\ccYGOFAS.s:3280   .debug_str:000000000000004d .LASF69
C:\Users\User\AppData\Local\Temp\ccYGOFAS.s:586    .text.QSPI_SendData32:0000000000000000 .LFB57
C:\Users\User\AppData\Local\Temp\ccYGOFAS.s:596    .text.QSPI_SendData32:0000000000000004 .LFE57
C:\Users\User\AppData\Local\Temp\ccYGOFAS.s:3354   .debug_str:000000000000028a .LASF70
C:\Users\User\AppData\Local\Temp\ccYGOFAS.s:3420   .debug_str:0000000000000527 .LASF71
C:\Users\User\AppData\Local\Temp\ccYGOFAS.s:566    .text.QSPI_SendData16:0000000000000000 .LFB56
C:\Users\User\AppData\Local\Temp\ccYGOFAS.s:579    .text.QSPI_SendData16:0000000000000004 .LFE56
C:\Users\User\AppData\Local\Temp\ccYGOFAS.s:3404   .debug_str:00000000000004ab .LASF72
C:\Users\User\AppData\Local\Temp\ccYGOFAS.s:546    .text.QSPI_SendData8:0000000000000000 .LFB55
C:\Users\User\AppData\Local\Temp\ccYGOFAS.s:559    .text.QSPI_SendData8:0000000000000006 .LFE55
C:\Users\User\AppData\Local\Temp\ccYGOFAS.s:3440   .debug_str:00000000000005d0 .LASF73
C:\Users\User\AppData\Local\Temp\ccYGOFAS.s:526    .text.QSPI_AbortRequest:0000000000000000 .LFB54
C:\Users\User\AppData\Local\Temp\ccYGOFAS.s:539    .text.QSPI_AbortRequest:000000000000000a .LFE54
C:\Users\User\AppData\Local\Temp\ccYGOFAS.s:3468   .debug_str:00000000000006a7 .LASF74
C:\Users\User\AppData\Local\Temp\ccYGOFAS.s:496    .text.QSPI_AutoPollingModeStopCmd:0000000000000000 .LFB53
C:\Users\User\AppData\Local\Temp\ccYGOFAS.s:519    .text.QSPI_AutoPollingModeStopCmd:0000000000000012 .LFE53
C:\Users\User\AppData\Local\Temp\ccYGOFAS.s:3336   .debug_str:00000000000001e8 .LASF75
C:\Users\User\AppData\Local\Temp\ccYGOFAS.s:466    .text.QSPI_TimeoutCounterCmd:0000000000000000 .LFB52
C:\Users\User\AppData\Local\Temp\ccYGOFAS.s:489    .text.QSPI_TimeoutCounterCmd:0000000000000010 .LFE52
C:\Users\User\AppData\Local\Temp\ccYGOFAS.s:3358   .debug_str:0000000000000374 .LASF76
C:\Users\User\AppData\Local\Temp\ccYGOFAS.s:446    .text.QSPI_SetDataLength:0000000000000000 .LFB51
C:\Users\User\AppData\Local\Temp\ccYGOFAS.s:459    .text.QSPI_SetDataLength:0000000000000006 .LFE51
C:\Users\User\AppData\Local\Temp\ccYGOFAS.s:3410   .debug_str:00000000000004cd .LASF77
C:\Users\User\AppData\Local\Temp\ccYGOFAS.s:2940   .debug_loclists:00000000000001ff .LLST7
C:\Users\User\AppData\Local\Temp\ccYGOFAS.s:3450   .debug_str:000000000000060e .LASF78
C:\Users\User\AppData\Local\Temp\ccYGOFAS.s:411    .text.QSPI_SetFIFOThreshold:0000000000000000 .LFB50
C:\Users\User\AppData\Local\Temp\ccYGOFAS.s:439    .text.QSPI_SetFIFOThreshold:0000000000000012 .LFE50
C:\Users\User\AppData\Local\Temp\ccYGOFAS.s:3390   .debug_str:000000000000044c .LASF79
C:\Users\User\AppData\Local\Temp\ccYGOFAS.s:2954   .debug_loclists:0000000000000218 .LLST5
C:\Users\User\AppData\Local\Temp\ccYGOFAS.s:2969   .debug_loclists:0000000000000232 .LLST6
C:\Users\User\AppData\Local\Temp\ccYGOFAS.s:3412   .debug_str:00000000000004dd .LASF80
C:\Users\User\AppData\Local\Temp\ccYGOFAS.s:394    .text.QSPI_SetAlternateByte:0000000000000000 .LFB49
C:\Users\User\AppData\Local\Temp\ccYGOFAS.s:404    .text.QSPI_SetAlternateByte:0000000000000004 .LFE49
C:\Users\User\AppData\Local\Temp\ccYGOFAS.s:3352   .debug_str:0000000000000277 .LASF81
C:\Users\User\AppData\Local\Temp\ccYGOFAS.s:3274   .debug_str:0000000000000013 .LASF82
C:\Users\User\AppData\Local\Temp\ccYGOFAS.s:377    .text.QSPI_SetAddress:0000000000000000 .LFB48
C:\Users\User\AppData\Local\Temp\ccYGOFAS.s:387    .text.QSPI_SetAddress:0000000000000004 .LFE48
C:\Users\User\AppData\Local\Temp\ccYGOFAS.s:3286   .debug_str:0000000000000083 .LASF83
C:\Users\User\AppData\Local\Temp\ccYGOFAS.s:3278   .debug_str:000000000000002c .LASF84
C:\Users\User\AppData\Local\Temp\ccYGOFAS.s:346    .text.QSPI_MemoryMappedMode_SetTimeout:0000000000000000 .LFB47
C:\Users\User\AppData\Local\Temp\ccYGOFAS.s:370    .text.QSPI_MemoryMappedMode_SetTimeout:000000000000000c .LFE47
C:\Users\User\AppData\Local\Temp\ccYGOFAS.s:3448   .debug_str:0000000000000601 .LASF85
C:\Users\User\AppData\Local\Temp\ccYGOFAS.s:2987   .debug_loclists:0000000000000255 .LLST4
C:\Users\User\AppData\Local\Temp\ccYGOFAS.s:3454   .debug_str:000000000000063f .LASF86
C:\Users\User\AppData\Local\Temp\ccYGOFAS.s:315    .text.QSPI_AutoPollingMode_SetInterval:0000000000000000 .LFB46
C:\Users\User\AppData\Local\Temp\ccYGOFAS.s:339    .text.QSPI_AutoPollingMode_SetInterval:000000000000000c .LFE46
C:\Users\User\AppData\Local\Temp\ccYGOFAS.s:3416   .debug_str:000000000000050d .LASF87
C:\Users\User\AppData\Local\Temp\ccYGOFAS.s:3000   .debug_loclists:000000000000026d .LLST3
C:\Users\User\AppData\Local\Temp\ccYGOFAS.s:3430   .debug_str:000000000000057f .LASF88
C:\Users\User\AppData\Local\Temp\ccYGOFAS.s:279    .text.QSPI_AutoPollingMode_Config:0000000000000000 .LFB45
C:\Users\User\AppData\Local\Temp\ccYGOFAS.s:308    .text.QSPI_AutoPollingMode_Config:0000000000000016 .LFE45
C:\Users\User\AppData\Local\Temp\ccYGOFAS.s:3318   .debug_str:0000000000000169 .LASF89
C:\Users\User\AppData\Local\Temp\ccYGOFAS.s:3292   .debug_str:00000000000000b2 .LASF90
C:\Users\User\AppData\Local\Temp\ccYGOFAS.s:3340   .debug_str:000000000000020d .LASF91
C:\Users\User\AppData\Local\Temp\ccYGOFAS.s:3372   .debug_str:00000000000003da .LASF92
C:\Users\User\AppData\Local\Temp\ccYGOFAS.s:249    .text.QSPI_Cmd:0000000000000000 .LFB44
C:\Users\User\AppData\Local\Temp\ccYGOFAS.s:272    .text.QSPI_Cmd:0000000000000010 .LFE44
C:\Users\User\AppData\Local\Temp\ccYGOFAS.s:3446   .debug_str:00000000000005ed .LASF93
C:\Users\User\AppData\Local\Temp\ccYGOFAS.s:186    .text.QSPI_ComConfig_Init:0000000000000000 .LFB43
C:\Users\User\AppData\Local\Temp\ccYGOFAS.s:242    .text.QSPI_ComConfig_Init:0000000000000036 .LFE43
C:\Users\User\AppData\Local\Temp\ccYGOFAS.s:3400   .debug_str:0000000000000489 .LASF94
C:\Users\User\AppData\Local\Temp\ccYGOFAS.s:3013   .debug_loclists:0000000000000285 .LLST2
C:\Users\User\AppData\Local\Temp\ccYGOFAS.s:3456   .debug_str:0000000000000660 .LASF95
C:\Users\User\AppData\Local\Temp\ccYGOFAS.s:115    .text.QSPI_Init:0000000000000000 .LFB42
C:\Users\User\AppData\Local\Temp\ccYGOFAS.s:179    .text.QSPI_Init:000000000000003a .LFE42
C:\Users\User\AppData\Local\Temp\ccYGOFAS.s:3458   .debug_str:000000000000066a .LASF96
C:\Users\User\AppData\Local\Temp\ccYGOFAS.s:3031   .debug_loclists:00000000000002a8 .LLST1
C:\Users\User\AppData\Local\Temp\ccYGOFAS.s:3414   .debug_str:00000000000004f3 .LASF97
C:\Users\User\AppData\Local\Temp\ccYGOFAS.s:71     .text.QSPI_ComConfig_StructInit:0000000000000000 .LFB41
C:\Users\User\AppData\Local\Temp\ccYGOFAS.s:108    .text.QSPI_ComConfig_StructInit:000000000000002a .LFE41
C:\Users\User\AppData\Local\Temp\ccYGOFAS.s:3438   .debug_str:00000000000005c4 .LASF100
C:\Users\User\AppData\Local\Temp\ccYGOFAS.s:15     .text.QSPI_DeInit:0000000000000000 .LFB40
C:\Users\User\AppData\Local\Temp\ccYGOFAS.s:64     .text.QSPI_DeInit:000000000000004a .LFE40
C:\Users\User\AppData\Local\Temp\ccYGOFAS.s:3059   .debug_loclists:00000000000002e1 .LLST0
C:\Users\User\AppData\Local\Temp\ccYGOFAS.s:33     .text.QSPI_DeInit:0000000000000020 .LVL2
C:\Users\User\AppData\Local\Temp\ccYGOFAS.s:40     .text.QSPI_DeInit:000000000000002c .LVL3
C:\Users\User\AppData\Local\Temp\ccYGOFAS.s:58     .text.QSPI_DeInit:0000000000000044 .LVL6
C:\Users\User\AppData\Local\Temp\ccYGOFAS.s:881    .text.QSPI_ClearITPendingBit:0000000000000000 .LVL72
C:\Users\User\AppData\Local\Temp\ccYGOFAS.s:885    .text.QSPI_ClearITPendingBit:0000000000000002 .LVL73
C:\Users\User\AppData\Local\Temp\ccYGOFAS.s:834    .text.QSPI_GetITStatus:0000000000000000 .LVL64
C:\Users\User\AppData\Local\Temp\ccYGOFAS.s:849    .text.QSPI_GetITStatus:000000000000000e .LVL67
C:\Users\User\AppData\Local\Temp\ccYGOFAS.s:860    .text.QSPI_GetITStatus:0000000000000014 .LVL69
C:\Users\User\AppData\Local\Temp\ccYGOFAS.s:865    .text.QSPI_GetITStatus:000000000000001a .LVL71
C:\Users\User\AppData\Local\Temp\ccYGOFAS.s:840    .text.QSPI_GetITStatus:0000000000000002 .LVL65
C:\Users\User\AppData\Local\Temp\ccYGOFAS.s:847    .text.QSPI_GetITStatus:000000000000000a .LVL66
C:\Users\User\AppData\Local\Temp\ccYGOFAS.s:853    .text.QSPI_GetITStatus:0000000000000010 .LVL68
C:\Users\User\AppData\Local\Temp\ccYGOFAS.s:862    .text.QSPI_GetITStatus:0000000000000016 .LVL70
C:\Users\User\AppData\Local\Temp\ccYGOFAS.s:793    .text.QSPI_GetFlagStatus:0000000000000000 .LVL60
C:\Users\User\AppData\Local\Temp\ccYGOFAS.s:798    .text.QSPI_GetFlagStatus:0000000000000002 .LVL61
C:\Users\User\AppData\Local\Temp\ccYGOFAS.s:802    .text.QSPI_GetFlagStatus:0000000000000004 .LVL62
C:\Users\User\AppData\Local\Temp\ccYGOFAS.s:773    .text.QSPI_GetFMode:0000000000000000 .LVL58
C:\Users\User\AppData\Local\Temp\ccYGOFAS.s:777    .text.QSPI_GetFMode:0000000000000002 .LVL59
C:\Users\User\AppData\Local\Temp\ccYGOFAS.s:752    .text.QSPI_GetFIFOLevel:0000000000000000 .LVL56
C:\Users\User\AppData\Local\Temp\ccYGOFAS.s:756    .text.QSPI_GetFIFOLevel:0000000000000002 .LVL57
C:\Users\User\AppData\Local\Temp\ccYGOFAS.s:716    .text.QSPI_ITConfig:0000000000000000 .LVL52
C:\Users\User\AppData\Local\Temp\ccYGOFAS.s:726    .text.QSPI_ITConfig:0000000000000008 .LVL54
C:\Users\User\AppData\Local\Temp\ccYGOFAS.s:721    .text.QSPI_ITConfig:0000000000000002 .LVL53
C:\Users\User\AppData\Local\Temp\ccYGOFAS.s:734    .text.QSPI_ITConfig:0000000000000012 .LVL55
C:\Users\User\AppData\Local\Temp\ccYGOFAS.s:648    .text.QSPI_ReceiveData32:0000000000000000 .LVL48
C:\Users\User\AppData\Local\Temp\ccYGOFAS.s:652    .text.QSPI_ReceiveData32:0000000000000002 .LVL49
C:\Users\User\AppData\Local\Temp\ccYGOFAS.s:627    .text.QSPI_ReceiveData16:0000000000000000 .LVL46
C:\Users\User\AppData\Local\Temp\ccYGOFAS.s:634    .text.QSPI_ReceiveData16:0000000000000002 .LVL47
C:\Users\User\AppData\Local\Temp\ccYGOFAS.s:606    .text.QSPI_ReceiveData8:0000000000000000 .LVL44
C:\Users\User\AppData\Local\Temp\ccYGOFAS.s:613    .text.QSPI_ReceiveData8:0000000000000004 .LVL45
C:\Users\User\AppData\Local\Temp\ccYGOFAS.s:449    .text.QSPI_SetDataLength:0000000000000000 .LVL36
C:\Users\User\AppData\Local\Temp\ccYGOFAS.s:453    .text.QSPI_SetDataLength:0000000000000002 .LVL37
C:\Users\User\AppData\Local\Temp\ccYGOFAS.s:414    .text.QSPI_SetFIFOThreshold:0000000000000000 .LVL31
C:\Users\User\AppData\Local\Temp\ccYGOFAS.s:429    .text.QSPI_SetFIFOThreshold:000000000000000c .LVL34
C:\Users\User\AppData\Local\Temp\ccYGOFAS.s:419    .text.QSPI_SetFIFOThreshold:0000000000000002 .LVL32
C:\Users\User\AppData\Local\Temp\ccYGOFAS.s:432    .text.QSPI_SetFIFOThreshold:000000000000000e .LVL35
C:\Users\User\AppData\Local\Temp\ccYGOFAS.s:349    .text.QSPI_MemoryMappedMode_SetTimeout:0000000000000000 .LVL25
C:\Users\User\AppData\Local\Temp\ccYGOFAS.s:354    .text.QSPI_MemoryMappedMode_SetTimeout:0000000000000002 .LVL26
C:\Users\User\AppData\Local\Temp\ccYGOFAS.s:318    .text.QSPI_AutoPollingMode_SetInterval:0000000000000000 .LVL21
C:\Users\User\AppData\Local\Temp\ccYGOFAS.s:323    .text.QSPI_AutoPollingMode_SetInterval:0000000000000002 .LVL22
C:\Users\User\AppData\Local\Temp\ccYGOFAS.s:189    .text.QSPI_ComConfig_Init:0000000000000000 .LVL15
C:\Users\User\AppData\Local\Temp\ccYGOFAS.s:194    .text.QSPI_ComConfig_Init:0000000000000002 .LVL16
C:\Users\User\AppData\Local\Temp\ccYGOFAS.s:235    .text.QSPI_ComConfig_Init:0000000000000032 .LVL18
C:\Users\User\AppData\Local\Temp\ccYGOFAS.s:118    .text.QSPI_Init:0000000000000000 .LVL8
C:\Users\User\AppData\Local\Temp\ccYGOFAS.s:123    .text.QSPI_Init:0000000000000002 .LVL9
C:\Users\User\AppData\Local\Temp\ccYGOFAS.s:144    .text.QSPI_Init:000000000000001a .LVL11
C:\Users\User\AppData\Local\Temp\ccYGOFAS.s:151    .text.QSPI_Init:000000000000001e .LVL12
C:\Users\User\AppData\Local\Temp\ccYGOFAS.s:172    .text.QSPI_Init:0000000000000036 .LVL14
C:\Users\User\AppData\Local\Temp\ccYGOFAS.s:19     .text.QSPI_DeInit:0000000000000000 .LVL0
C:\Users\User\AppData\Local\Temp\ccYGOFAS.s:31     .text.QSPI_DeInit:0000000000000018 .LVL1
C:\Users\User\AppData\Local\Temp\ccYGOFAS.s:47     .text.QSPI_DeInit:0000000000000034 .LVL4
C:\Users\User\AppData\Local\Temp\ccYGOFAS.s:56     .text.QSPI_DeInit:000000000000003c .LVL5
C:\Users\User\AppData\Local\Temp\ccYGOFAS.s:962    .debug_info:0000000000000000 .Ldebug_info0

UNDEFINED SYMBOLS
__riscv_save_0
RCC_HB2PeriphResetCmd
__riscv_restore_0
