   1              		.file	"ch32h417_swpmi.c"
   2              		.option nopic
   3              		.attribute arch, "rv32i2p0_m2p0_a2p0_c2p0_zba1p0_zbb1p0_zbc1p0_zbs1p0_xw"
   4              		.attribute unaligned_access, 0
   5              		.attribute stack_align, 16
   6              		.text
   7              	.Ltext0:
   8              		.cfi_sections	.debug_frame
   9              		.file 0 "c:\\Users\\User\\Documents\\GitHub\\ch32h417\\EVT\\EXAM\\USBFS\\DEVICE\\SimulateCDC\\V3F\
  10              		.section	.text.SWPMI_DeInit,"ax",@progbits
  11              		.align	1
  12              		.globl	SWPMI_DeInit
  14              	SWPMI_DeInit:
  15              	.LFB40:
  16              		.file 1 "c:/Users/User/Documents/GitHub/ch32h417/EVT/EXAM/SRC/Peripheral/src/ch32h417_swpmi.c"
   1:c:/Users/User/Documents/GitHub/ch32h417/EVT/EXAM/SRC/Peripheral/src\ch32h417_swpmi.c **** /********************************** (C) COPYRIGHT  *******************************
   2:c:/Users/User/Documents/GitHub/ch32h417/EVT/EXAM/SRC/Peripheral/src\ch32h417_swpmi.c **** * File Name          : ch32h417_swpmi.c
   3:c:/Users/User/Documents/GitHub/ch32h417/EVT/EXAM/SRC/Peripheral/src\ch32h417_swpmi.c **** * Author             : WCH
   4:c:/Users/User/Documents/GitHub/ch32h417/EVT/EXAM/SRC/Peripheral/src\ch32h417_swpmi.c **** * Version            : V1.0.2
   5:c:/Users/User/Documents/GitHub/ch32h417/EVT/EXAM/SRC/Peripheral/src\ch32h417_swpmi.c **** * Date               : 2025/10/21
   6:c:/Users/User/Documents/GitHub/ch32h417/EVT/EXAM/SRC/Peripheral/src\ch32h417_swpmi.c **** * Description        : This file provides all the SWPMI firmware functions.
   7:c:/Users/User/Documents/GitHub/ch32h417/EVT/EXAM/SRC/Peripheral/src\ch32h417_swpmi.c **** *********************************************************************************
   8:c:/Users/User/Documents/GitHub/ch32h417/EVT/EXAM/SRC/Peripheral/src\ch32h417_swpmi.c **** * Copyright (c) 2025 Nanjing Qinheng Microelectronics Co., Ltd.
   9:c:/Users/User/Documents/GitHub/ch32h417/EVT/EXAM/SRC/Peripheral/src\ch32h417_swpmi.c **** * Attention: This software (modified or not) and binary are used for 
  10:c:/Users/User/Documents/GitHub/ch32h417/EVT/EXAM/SRC/Peripheral/src\ch32h417_swpmi.c **** * microcontroller manufactured by Nanjing Qinheng Microelectronics.
  11:c:/Users/User/Documents/GitHub/ch32h417/EVT/EXAM/SRC/Peripheral/src\ch32h417_swpmi.c **** *******************************************************************************/
  12:c:/Users/User/Documents/GitHub/ch32h417/EVT/EXAM/SRC/Peripheral/src\ch32h417_swpmi.c **** #include "ch32h417_swpmi.h"
  13:c:/Users/User/Documents/GitHub/ch32h417/EVT/EXAM/SRC/Peripheral/src\ch32h417_swpmi.c **** #include "ch32h417_rcc.h"
  14:c:/Users/User/Documents/GitHub/ch32h417/EVT/EXAM/SRC/Peripheral/src\ch32h417_swpmi.c **** 
  15:c:/Users/User/Documents/GitHub/ch32h417/EVT/EXAM/SRC/Peripheral/src\ch32h417_swpmi.c **** 
  16:c:/Users/User/Documents/GitHub/ch32h417/EVT/EXAM/SRC/Peripheral/src\ch32h417_swpmi.c **** /*********************************************************************
  17:c:/Users/User/Documents/GitHub/ch32h417/EVT/EXAM/SRC/Peripheral/src\ch32h417_swpmi.c ****  * @fn      SWPMI_DeInit
  18:c:/Users/User/Documents/GitHub/ch32h417/EVT/EXAM/SRC/Peripheral/src\ch32h417_swpmi.c ****  *
  19:c:/Users/User/Documents/GitHub/ch32h417/EVT/EXAM/SRC/Peripheral/src\ch32h417_swpmi.c ****  * @brief   Deinitializes the SWPMI peripheral registers to their default
  20:c:/Users/User/Documents/GitHub/ch32h417/EVT/EXAM/SRC/Peripheral/src\ch32h417_swpmi.c ****  *        reset values.
  21:c:/Users/User/Documents/GitHub/ch32h417/EVT/EXAM/SRC/Peripheral/src\ch32h417_swpmi.c ****  *
  22:c:/Users/User/Documents/GitHub/ch32h417/EVT/EXAM/SRC/Peripheral/src\ch32h417_swpmi.c ****  * @param   none
  23:c:/Users/User/Documents/GitHub/ch32h417/EVT/EXAM/SRC/Peripheral/src\ch32h417_swpmi.c ****  *
  24:c:/Users/User/Documents/GitHub/ch32h417/EVT/EXAM/SRC/Peripheral/src\ch32h417_swpmi.c ****  * @return  none
  25:c:/Users/User/Documents/GitHub/ch32h417/EVT/EXAM/SRC/Peripheral/src\ch32h417_swpmi.c ****  */
  26:c:/Users/User/Documents/GitHub/ch32h417/EVT/EXAM/SRC/Peripheral/src\ch32h417_swpmi.c **** void SWPMI_DeInit(void)
  27:c:/Users/User/Documents/GitHub/ch32h417/EVT/EXAM/SRC/Peripheral/src\ch32h417_swpmi.c **** {
  17              		.loc 1 27 1
  18              		.cfi_startproc
  19 0000 17030000 		call	t0,__riscv_save_0
  19      E7020300 
  20              		.cfi_offset 1, -4
  21              		.cfi_def_cfa_offset 16
  28:c:/Users/User/Documents/GitHub/ch32h417/EVT/EXAM/SRC/Peripheral/src\ch32h417_swpmi.c ****     RCC_HB1PeriphResetCmd(RCC_HB1Periph_SWPMI, ENABLE);
  22              		.loc 1 28 5
  23 0008 8545     		li	a1,1
  24 000a 37050080 		li	a0,-2147483648
  25 000e 97000000 		call	RCC_HB1PeriphResetCmd
  25      E7800000 
  26              	.LVL0:
  29:c:/Users/User/Documents/GitHub/ch32h417/EVT/EXAM/SRC/Peripheral/src\ch32h417_swpmi.c ****     RCC_HB1PeriphResetCmd(RCC_HB1Periph_SWPMI, DISABLE);
  27              		.loc 1 29 5
  28 0016 8145     		li	a1,0
  29 0018 37050080 		li	a0,-2147483648
  30 001c 97000000 		call	RCC_HB1PeriphResetCmd
  30      E7800000 
  31              	.LVL1:
  30:c:/Users/User/Documents/GitHub/ch32h417/EVT/EXAM/SRC/Peripheral/src\ch32h417_swpmi.c **** }
  32              		.loc 1 30 1 is_stmt 0
  33 0024 17030000 		tail	__riscv_restore_0
  33      67000300 
  34              		.cfi_restore 1
  35              		.cfi_def_cfa_offset 0
  36              		.cfi_endproc
  37              	.LFE40:
  39              		.section	.text.SWPMI_Init,"ax",@progbits
  40              		.align	1
  41              		.globl	SWPMI_Init
  43              	SWPMI_Init:
  44              	.LFB41:
  31:c:/Users/User/Documents/GitHub/ch32h417/EVT/EXAM/SRC/Peripheral/src\ch32h417_swpmi.c **** 
  32:c:/Users/User/Documents/GitHub/ch32h417/EVT/EXAM/SRC/Peripheral/src\ch32h417_swpmi.c **** /*********************************************************************
  33:c:/Users/User/Documents/GitHub/ch32h417/EVT/EXAM/SRC/Peripheral/src\ch32h417_swpmi.c ****  * @fn      SWPMI_Init
  34:c:/Users/User/Documents/GitHub/ch32h417/EVT/EXAM/SRC/Peripheral/src\ch32h417_swpmi.c ****  *
  35:c:/Users/User/Documents/GitHub/ch32h417/EVT/EXAM/SRC/Peripheral/src\ch32h417_swpmi.c ****  * @brief   Initializes the SWPMI peripheral according to the specified
  36:c:/Users/User/Documents/GitHub/ch32h417/EVT/EXAM/SRC/Peripheral/src\ch32h417_swpmi.c ****  *          parameters in the SWPMI_InitStruct.
  37:c:/Users/User/Documents/GitHub/ch32h417/EVT/EXAM/SRC/Peripheral/src\ch32h417_swpmi.c ****  *
  38:c:/Users/User/Documents/GitHub/ch32h417/EVT/EXAM/SRC/Peripheral/src\ch32h417_swpmi.c ****  * @return  none
  39:c:/Users/User/Documents/GitHub/ch32h417/EVT/EXAM/SRC/Peripheral/src\ch32h417_swpmi.c ****  */
  40:c:/Users/User/Documents/GitHub/ch32h417/EVT/EXAM/SRC/Peripheral/src\ch32h417_swpmi.c **** void SWPMI_Init(SWPMI_InitTypeDef* SWPMI_InitStruct)
  41:c:/Users/User/Documents/GitHub/ch32h417/EVT/EXAM/SRC/Peripheral/src\ch32h417_swpmi.c **** {
  45              		.loc 1 41 1 is_stmt 1
  46              		.cfi_startproc
  47              	.LVL2:
  48 0000 17030000 		call	t0,__riscv_save_2
  48      E7020300 
  49              		.cfi_offset 9, -12
  50              		.cfi_offset 8, -8
  51              		.cfi_offset 1, -4
  52              		.cfi_def_cfa_offset 16
  42:c:/Users/User/Documents/GitHub/ch32h417/EVT/EXAM/SRC/Peripheral/src\ch32h417_swpmi.c ****     uint32_t apbclock = 0;
  53              		.loc 1 42 5
  54              	.LVL3:
  43:c:/Users/User/Documents/GitHub/ch32h417/EVT/EXAM/SRC/Peripheral/src\ch32h417_swpmi.c ****     RCC_ClocksTypeDef RCC_ClocksStatus;
  55              		.loc 1 43 5
  44:c:/Users/User/Documents/GitHub/ch32h417/EVT/EXAM/SRC/Peripheral/src\ch32h417_swpmi.c **** 
  45:c:/Users/User/Documents/GitHub/ch32h417/EVT/EXAM/SRC/Peripheral/src\ch32h417_swpmi.c ****     SWPMI->CR = 0;
  56              		.loc 1 45 5
  57              		.loc 1 45 15 is_stmt 0
  58 0008 37840040 		li	s0,1073774592
  59 000c 13040440 		addi	s0,s0,1024
  60 0010 23200400 		sw	zero,0(s0)
  46:c:/Users/User/Documents/GitHub/ch32h417/EVT/EXAM/SRC/Peripheral/src\ch32h417_swpmi.c ****     SWPMI->CR |= (uint32_t)(SWPMI_InitStruct->RxBufferingMode | SWPMI_InitStruct->TxBufferingMode |
  61              		.loc 1 46 5 is_stmt 1
  62              		.loc 1 46 63 is_stmt 0
  63 0014 5821     		lbu	a4,4(a0)
  64 0016 5C31     		lbu	a5,5(a0)
  65              		.loc 1 46 10
  66 0018 1440     		lw	a3,0(s0)
  41:c:/Users/User/Documents/GitHub/ch32h417/EVT/EXAM/SRC/Peripheral/src\ch32h417_swpmi.c ****     uint32_t apbclock = 0;
  67              		.loc 1 41 1
  68 001a 4111     		addi	sp,sp,-16
  69              		.cfi_def_cfa_offset 32
  70              		.loc 1 46 63
  71 001c D98F     		or	a5,a5,a4
  47:c:/Users/User/Documents/GitHub/ch32h417/EVT/EXAM/SRC/Peripheral/src\ch32h417_swpmi.c ****            ((uint32_t)SWPMI_InitStruct->LoopBackMode << 4));
  72              		.loc 1 47 54
  73 001e 1845     		lw	a4,8(a0)
  41:c:/Users/User/Documents/GitHub/ch32h417/EVT/EXAM/SRC/Peripheral/src\ch32h417_swpmi.c ****     uint32_t apbclock = 0;
  74              		.loc 1 41 1
  75 0020 AA84     		mv	s1,a0
  48:c:/Users/User/Documents/GitHub/ch32h417/EVT/EXAM/SRC/Peripheral/src\ch32h417_swpmi.c **** 
  49:c:/Users/User/Documents/GitHub/ch32h417/EVT/EXAM/SRC/Peripheral/src\ch32h417_swpmi.c ****     RCC_GetClocksFreq(&RCC_ClocksStatus);
  76              		.loc 1 49 5
  77 0022 0A85     		mv	a0,sp
  78              	.LVL4:
  47:c:/Users/User/Documents/GitHub/ch32h417/EVT/EXAM/SRC/Peripheral/src\ch32h417_swpmi.c ****            ((uint32_t)SWPMI_InitStruct->LoopBackMode << 4));
  79              		.loc 1 47 54
  80 0024 1207     		slli	a4,a4,4
  46:c:/Users/User/Documents/GitHub/ch32h417/EVT/EXAM/SRC/Peripheral/src\ch32h417_swpmi.c ****            ((uint32_t)SWPMI_InitStruct->LoopBackMode << 4));
  81              		.loc 1 46 15
  82 0026 558F     		or	a4,a4,a3
  83 0028 D98F     		or	a5,a5,a4
  84 002a 1CC0     		sw	a5,0(s0)
  85              		.loc 1 49 5 is_stmt 1
  86 002c 97000000 		call	RCC_GetClocksFreq
  86      E7800000 
  87              	.LVL5:
  50:c:/Users/User/Documents/GitHub/ch32h417/EVT/EXAM/SRC/Peripheral/src\ch32h417_swpmi.c ****     apbclock = RCC_ClocksStatus.HCLK_Frequency;
  88              		.loc 1 50 5
  51:c:/Users/User/Documents/GitHub/ch32h417/EVT/EXAM/SRC/Peripheral/src\ch32h417_swpmi.c ****     SWPMI->BRR = (uint32_t)((apbclock/(SWPMI_InitStruct->BitRate)*4) - 1);
  89              		.loc 1 51 5
  90              		.loc 1 51 38 is_stmt 0
  91 0034 9247     		lw	a5,4(sp)
  92 0036 9840     		lw	a4,0(s1)
  93 0038 B3D7E702 		divu	a5,a5,a4
  94              		.loc 1 51 66
  95 003c 8A07     		slli	a5,a5,2
  96              		.loc 1 51 18
  97 003e FD17     		addi	a5,a5,-1
  98              		.loc 1 51 16
  99 0040 5CC0     		sw	a5,4(s0)
 100              	.LVL6:
  52:c:/Users/User/Documents/GitHub/ch32h417/EVT/EXAM/SRC/Peripheral/src\ch32h417_swpmi.c **** }
 101              		.loc 1 52 1
 102 0042 4101     		addi	sp,sp,16
 103              		.cfi_def_cfa_offset 0
 104 0044 17030000 		tail	__riscv_restore_2
 104      67000300 
 105              		.cfi_restore 9
 106              		.cfi_restore 8
 107              		.cfi_restore 1
 108              		.cfi_def_cfa_offset -16
 109              		.cfi_endproc
 110              	.LFE41:
 112              		.section	.text.SWPMI_StructInit,"ax",@progbits
 113              		.align	1
 114              		.globl	SWPMI_StructInit
 116              	SWPMI_StructInit:
 117              	.LFB42:
  53:c:/Users/User/Documents/GitHub/ch32h417/EVT/EXAM/SRC/Peripheral/src\ch32h417_swpmi.c **** 
  54:c:/Users/User/Documents/GitHub/ch32h417/EVT/EXAM/SRC/Peripheral/src\ch32h417_swpmi.c **** /*********************************************************************
  55:c:/Users/User/Documents/GitHub/ch32h417/EVT/EXAM/SRC/Peripheral/src\ch32h417_swpmi.c ****  * @fn      SWPMI_StructInit
  56:c:/Users/User/Documents/GitHub/ch32h417/EVT/EXAM/SRC/Peripheral/src\ch32h417_swpmi.c ****  *
  57:c:/Users/User/Documents/GitHub/ch32h417/EVT/EXAM/SRC/Peripheral/src\ch32h417_swpmi.c ****  * @brief   Fills each SWPMI_InitStruct member with its default value.
  58:c:/Users/User/Documents/GitHub/ch32h417/EVT/EXAM/SRC/Peripheral/src\ch32h417_swpmi.c ****  *
  59:c:/Users/User/Documents/GitHub/ch32h417/EVT/EXAM/SRC/Peripheral/src\ch32h417_swpmi.c ****  * @param   SWPMI_InitStruct: pointer to a SWPMI_InitTypeDef structure
  60:c:/Users/User/Documents/GitHub/ch32h417/EVT/EXAM/SRC/Peripheral/src\ch32h417_swpmi.c ****  *          which will be initialized.
  61:c:/Users/User/Documents/GitHub/ch32h417/EVT/EXAM/SRC/Peripheral/src\ch32h417_swpmi.c ****  *
  62:c:/Users/User/Documents/GitHub/ch32h417/EVT/EXAM/SRC/Peripheral/src\ch32h417_swpmi.c ****  * @return  none
  63:c:/Users/User/Documents/GitHub/ch32h417/EVT/EXAM/SRC/Peripheral/src\ch32h417_swpmi.c ****  */
  64:c:/Users/User/Documents/GitHub/ch32h417/EVT/EXAM/SRC/Peripheral/src\ch32h417_swpmi.c **** void SWPMI_StructInit(SWPMI_InitTypeDef* SWPMI_InitStruct)
  65:c:/Users/User/Documents/GitHub/ch32h417/EVT/EXAM/SRC/Peripheral/src\ch32h417_swpmi.c **** {
 118              		.loc 1 65 1 is_stmt 1
 119              		.cfi_startproc
 120              	.LVL7:
  66:c:/Users/User/Documents/GitHub/ch32h417/EVT/EXAM/SRC/Peripheral/src\ch32h417_swpmi.c ****     SWPMI_InitStruct->LoopBackMode = DISABLE;
 121              		.loc 1 66 5
  67:c:/Users/User/Documents/GitHub/ch32h417/EVT/EXAM/SRC/Peripheral/src\ch32h417_swpmi.c ****     SWPMI_InitStruct->TxBufferingMode = SWPMI_TxMode_Buffering_None;
  68:c:/Users/User/Documents/GitHub/ch32h417/EVT/EXAM/SRC/Peripheral/src\ch32h417_swpmi.c ****     SWPMI_InitStruct->RxBufferingMode = SWPMI_RxMode_Buffering_None;
  69:c:/Users/User/Documents/GitHub/ch32h417/EVT/EXAM/SRC/Peripheral/src\ch32h417_swpmi.c ****     SWPMI_InitStruct->BitRate = 100000;
 122              		.loc 1 69 31 is_stmt 0
 123 0000 E167     		li	a5,98304
 124 0002 9387076A 		addi	a5,a5,1696
  66:c:/Users/User/Documents/GitHub/ch32h417/EVT/EXAM/SRC/Peripheral/src\ch32h417_swpmi.c ****     SWPMI_InitStruct->LoopBackMode = DISABLE;
 125              		.loc 1 66 36
 126 0006 23240500 		sw	zero,8(a0)
  67:c:/Users/User/Documents/GitHub/ch32h417/EVT/EXAM/SRC/Peripheral/src\ch32h417_swpmi.c ****     SWPMI_InitStruct->TxBufferingMode = SWPMI_TxMode_Buffering_None;
 127              		.loc 1 67 5 is_stmt 1
  68:c:/Users/User/Documents/GitHub/ch32h417/EVT/EXAM/SRC/Peripheral/src\ch32h417_swpmi.c ****     SWPMI_InitStruct->BitRate = 100000;
 128              		.loc 1 68 5
 129              		.loc 1 69 5
 130              		.loc 1 69 31 is_stmt 0
 131 000a 1CC1     		sw	a5,0(a0)
  67:c:/Users/User/Documents/GitHub/ch32h417/EVT/EXAM/SRC/Peripheral/src\ch32h417_swpmi.c ****     SWPMI_InitStruct->TxBufferingMode = SWPMI_TxMode_Buffering_None;
 132              		.loc 1 67 39
 133 000c 23120500 		sh	zero,4(a0)
  70:c:/Users/User/Documents/GitHub/ch32h417/EVT/EXAM/SRC/Peripheral/src\ch32h417_swpmi.c **** }
 134              		.loc 1 70 1
 135 0010 8280     		ret
 136              		.cfi_endproc
 137              	.LFE42:
 139              		.section	.text.SWPMI_Cmd,"ax",@progbits
 140              		.align	1
 141              		.globl	SWPMI_Cmd
 143              	SWPMI_Cmd:
 144              	.LFB43:
  71:c:/Users/User/Documents/GitHub/ch32h417/EVT/EXAM/SRC/Peripheral/src\ch32h417_swpmi.c **** 
  72:c:/Users/User/Documents/GitHub/ch32h417/EVT/EXAM/SRC/Peripheral/src\ch32h417_swpmi.c **** /*********************************************************************
  73:c:/Users/User/Documents/GitHub/ch32h417/EVT/EXAM/SRC/Peripheral/src\ch32h417_swpmi.c ****  * @fn      SWPMI_Cmd
  74:c:/Users/User/Documents/GitHub/ch32h417/EVT/EXAM/SRC/Peripheral/src\ch32h417_swpmi.c ****  *
  75:c:/Users/User/Documents/GitHub/ch32h417/EVT/EXAM/SRC/Peripheral/src\ch32h417_swpmi.c ****  * @brief   Enables or disables the SWPMI transceiver.
  76:c:/Users/User/Documents/GitHub/ch32h417/EVT/EXAM/SRC/Peripheral/src\ch32h417_swpmi.c ****  *
  77:c:/Users/User/Documents/GitHub/ch32h417/EVT/EXAM/SRC/Peripheral/src\ch32h417_swpmi.c ****  * @param   NewState - new state of the SWPMI transceiver(ENABLE or DISABLE).
  78:c:/Users/User/Documents/GitHub/ch32h417/EVT/EXAM/SRC/Peripheral/src\ch32h417_swpmi.c ****  *
  79:c:/Users/User/Documents/GitHub/ch32h417/EVT/EXAM/SRC/Peripheral/src\ch32h417_swpmi.c ****  * @return  none
  80:c:/Users/User/Documents/GitHub/ch32h417/EVT/EXAM/SRC/Peripheral/src\ch32h417_swpmi.c ****  */
  81:c:/Users/User/Documents/GitHub/ch32h417/EVT/EXAM/SRC/Peripheral/src\ch32h417_swpmi.c **** void SWPMI_Cmd(FunctionalState NewState)
  82:c:/Users/User/Documents/GitHub/ch32h417/EVT/EXAM/SRC/Peripheral/src\ch32h417_swpmi.c **** {
 145              		.loc 1 82 1 is_stmt 1
 146              		.cfi_startproc
 147              	.LVL8:
  83:c:/Users/User/Documents/GitHub/ch32h417/EVT/EXAM/SRC/Peripheral/src\ch32h417_swpmi.c ****     if (NewState != DISABLE)
 148              		.loc 1 83 5
 149 0000 B7870040 		li	a5,1073774592
 150 0004 93870740 		addi	a5,a5,1024
  84:c:/Users/User/Documents/GitHub/ch32h417/EVT/EXAM/SRC/Peripheral/src\ch32h417_swpmi.c ****     {
  85:c:/Users/User/Documents/GitHub/ch32h417/EVT/EXAM/SRC/Peripheral/src\ch32h417_swpmi.c ****         SWPMI->CR |= SWPMI_SWPTEN; 
 151              		.loc 1 85 14 is_stmt 0
 152 0008 9843     		lw	a4,0(a5)
  83:c:/Users/User/Documents/GitHub/ch32h417/EVT/EXAM/SRC/Peripheral/src\ch32h417_swpmi.c ****     if (NewState != DISABLE)
 153              		.loc 1 83 8
 154 000a 09C5     		beq	a0,zero,.L7
 155              		.loc 1 85 9 is_stmt 1
 156              		.loc 1 85 19 is_stmt 0
 157 000c 1317B728 		bseti	a4,a4,11
 158              	.L9:
  86:c:/Users/User/Documents/GitHub/ch32h417/EVT/EXAM/SRC/Peripheral/src\ch32h417_swpmi.c ****     }
  87:c:/Users/User/Documents/GitHub/ch32h417/EVT/EXAM/SRC/Peripheral/src\ch32h417_swpmi.c ****     else
  88:c:/Users/User/Documents/GitHub/ch32h417/EVT/EXAM/SRC/Peripheral/src\ch32h417_swpmi.c ****     {
  89:c:/Users/User/Documents/GitHub/ch32h417/EVT/EXAM/SRC/Peripheral/src\ch32h417_swpmi.c ****         SWPMI->CR &= ~SWPMI_SWPTEN;
 159              		.loc 1 89 19
 160 0010 98C3     		sw	a4,0(a5)
  90:c:/Users/User/Documents/GitHub/ch32h417/EVT/EXAM/SRC/Peripheral/src\ch32h417_swpmi.c ****     }    
  91:c:/Users/User/Documents/GitHub/ch32h417/EVT/EXAM/SRC/Peripheral/src\ch32h417_swpmi.c **** }
 161              		.loc 1 91 1
 162 0012 8280     		ret
 163              	.L7:
  89:c:/Users/User/Documents/GitHub/ch32h417/EVT/EXAM/SRC/Peripheral/src\ch32h417_swpmi.c ****     }    
 164              		.loc 1 89 9 is_stmt 1
  89:c:/Users/User/Documents/GitHub/ch32h417/EVT/EXAM/SRC/Peripheral/src\ch32h417_swpmi.c ****     }    
 165              		.loc 1 89 19 is_stmt 0
 166 0014 1317B748 		bclri	a4,a4,11
 167 0018 E5BF     		j	.L9
 168              		.cfi_endproc
 169              	.LFE43:
 171              		.section	.text.SWPMI_ActivateCmd,"ax",@progbits
 172              		.align	1
 173              		.globl	SWPMI_ActivateCmd
 175              	SWPMI_ActivateCmd:
 176              	.LFB44:
  92:c:/Users/User/Documents/GitHub/ch32h417/EVT/EXAM/SRC/Peripheral/src\ch32h417_swpmi.c **** 
  93:c:/Users/User/Documents/GitHub/ch32h417/EVT/EXAM/SRC/Peripheral/src\ch32h417_swpmi.c **** /*********************************************************************
  94:c:/Users/User/Documents/GitHub/ch32h417/EVT/EXAM/SRC/Peripheral/src\ch32h417_swpmi.c ****  * @fn      SWPMI_ActivateCmd
  95:c:/Users/User/Documents/GitHub/ch32h417/EVT/EXAM/SRC/Peripheral/src\ch32h417_swpmi.c ****  *
  96:c:/Users/User/Documents/GitHub/ch32h417/EVT/EXAM/SRC/Peripheral/src\ch32h417_swpmi.c ****  * @brief   Enables or disables SWPMI activate.
  97:c:/Users/User/Documents/GitHub/ch32h417/EVT/EXAM/SRC/Peripheral/src\ch32h417_swpmi.c ****  *
  98:c:/Users/User/Documents/GitHub/ch32h417/EVT/EXAM/SRC/Peripheral/src\ch32h417_swpmi.c ****  * @param   NewState - new state of the SWPMI activate(ENABLE or DISABLE).
  99:c:/Users/User/Documents/GitHub/ch32h417/EVT/EXAM/SRC/Peripheral/src\ch32h417_swpmi.c ****  *
 100:c:/Users/User/Documents/GitHub/ch32h417/EVT/EXAM/SRC/Peripheral/src\ch32h417_swpmi.c ****  * @return  none
 101:c:/Users/User/Documents/GitHub/ch32h417/EVT/EXAM/SRC/Peripheral/src\ch32h417_swpmi.c ****  */
 102:c:/Users/User/Documents/GitHub/ch32h417/EVT/EXAM/SRC/Peripheral/src\ch32h417_swpmi.c **** void SWPMI_ActivateCmd(FunctionalState NewState)
 103:c:/Users/User/Documents/GitHub/ch32h417/EVT/EXAM/SRC/Peripheral/src\ch32h417_swpmi.c **** {
 177              		.loc 1 103 1 is_stmt 1
 178              		.cfi_startproc
 179              	.LVL9:
 104:c:/Users/User/Documents/GitHub/ch32h417/EVT/EXAM/SRC/Peripheral/src\ch32h417_swpmi.c ****     if (NewState != DISABLE)
 180              		.loc 1 104 5
 181 0000 B7870040 		li	a5,1073774592
 182 0004 93870740 		addi	a5,a5,1024
 105:c:/Users/User/Documents/GitHub/ch32h417/EVT/EXAM/SRC/Peripheral/src\ch32h417_swpmi.c ****     {
 106:c:/Users/User/Documents/GitHub/ch32h417/EVT/EXAM/SRC/Peripheral/src\ch32h417_swpmi.c ****         SWPMI->CR &= ~SWPMI_DEACT;
 183              		.loc 1 106 14 is_stmt 0
 184 0008 9843     		lw	a4,0(a5)
 104:c:/Users/User/Documents/GitHub/ch32h417/EVT/EXAM/SRC/Peripheral/src\ch32h417_swpmi.c ****     if (NewState != DISABLE)
 185              		.loc 1 104 8
 186 000a 09C9     		beq	a0,zero,.L11
 187              		.loc 1 106 9 is_stmt 1
 188              		.loc 1 106 19 is_stmt 0
 189 000c 1377F7BF 		andi	a4,a4,-1025
 190 0010 98C3     		sw	a4,0(a5)
 107:c:/Users/User/Documents/GitHub/ch32h417/EVT/EXAM/SRC/Peripheral/src\ch32h417_swpmi.c ****         SWPMI->CR |= SWPMI_SWPACT;
 191              		.loc 1 107 9 is_stmt 1
 192              		.loc 1 107 14 is_stmt 0
 193 0012 9843     		lw	a4,0(a5)
 194              		.loc 1 107 19
 195 0014 13670702 		ori	a4,a4,32
 196              	.L13:
 108:c:/Users/User/Documents/GitHub/ch32h417/EVT/EXAM/SRC/Peripheral/src\ch32h417_swpmi.c ****     }
 109:c:/Users/User/Documents/GitHub/ch32h417/EVT/EXAM/SRC/Peripheral/src\ch32h417_swpmi.c ****     else
 110:c:/Users/User/Documents/GitHub/ch32h417/EVT/EXAM/SRC/Peripheral/src\ch32h417_swpmi.c ****     {
 111:c:/Users/User/Documents/GitHub/ch32h417/EVT/EXAM/SRC/Peripheral/src\ch32h417_swpmi.c ****         SWPMI->CR &= ~SWPMI_SWPACT;
 197              		.loc 1 111 19
 198 0018 98C3     		sw	a4,0(a5)
 112:c:/Users/User/Documents/GitHub/ch32h417/EVT/EXAM/SRC/Peripheral/src\ch32h417_swpmi.c ****     }    
 113:c:/Users/User/Documents/GitHub/ch32h417/EVT/EXAM/SRC/Peripheral/src\ch32h417_swpmi.c **** }
 199              		.loc 1 113 1
 200 001a 8280     		ret
 201              	.L11:
 111:c:/Users/User/Documents/GitHub/ch32h417/EVT/EXAM/SRC/Peripheral/src\ch32h417_swpmi.c ****     }    
 202              		.loc 1 111 9 is_stmt 1
 111:c:/Users/User/Documents/GitHub/ch32h417/EVT/EXAM/SRC/Peripheral/src\ch32h417_swpmi.c ****     }    
 203              		.loc 1 111 19 is_stmt 0
 204 001c 1377F7FD 		andi	a4,a4,-33
 205 0020 E5BF     		j	.L13
 206              		.cfi_endproc
 207              	.LFE44:
 209              		.section	.text.SWPMI_LoopbackCmd,"ax",@progbits
 210              		.align	1
 211              		.globl	SWPMI_LoopbackCmd
 213              	SWPMI_LoopbackCmd:
 214              	.LFB45:
 114:c:/Users/User/Documents/GitHub/ch32h417/EVT/EXAM/SRC/Peripheral/src\ch32h417_swpmi.c **** 
 115:c:/Users/User/Documents/GitHub/ch32h417/EVT/EXAM/SRC/Peripheral/src\ch32h417_swpmi.c **** /*********************************************************************
 116:c:/Users/User/Documents/GitHub/ch32h417/EVT/EXAM/SRC/Peripheral/src\ch32h417_swpmi.c ****  * @fn      SWPMI_LoopbackCmd
 117:c:/Users/User/Documents/GitHub/ch32h417/EVT/EXAM/SRC/Peripheral/src\ch32h417_swpmi.c ****  *
 118:c:/Users/User/Documents/GitHub/ch32h417/EVT/EXAM/SRC/Peripheral/src\ch32h417_swpmi.c ****  * @brief   Enables or disables the SWPMI loopback mode.
 119:c:/Users/User/Documents/GitHub/ch32h417/EVT/EXAM/SRC/Peripheral/src\ch32h417_swpmi.c ****  *
 120:c:/Users/User/Documents/GitHub/ch32h417/EVT/EXAM/SRC/Peripheral/src\ch32h417_swpmi.c ****  * @param   NewState - new state of the SWPMI loopback mode(ENABLE or DISABLE).
 121:c:/Users/User/Documents/GitHub/ch32h417/EVT/EXAM/SRC/Peripheral/src\ch32h417_swpmi.c ****  *
 122:c:/Users/User/Documents/GitHub/ch32h417/EVT/EXAM/SRC/Peripheral/src\ch32h417_swpmi.c ****  * @return  none
 123:c:/Users/User/Documents/GitHub/ch32h417/EVT/EXAM/SRC/Peripheral/src\ch32h417_swpmi.c ****  */
 124:c:/Users/User/Documents/GitHub/ch32h417/EVT/EXAM/SRC/Peripheral/src\ch32h417_swpmi.c **** void SWPMI_LoopbackCmd(FunctionalState NewState)
 125:c:/Users/User/Documents/GitHub/ch32h417/EVT/EXAM/SRC/Peripheral/src\ch32h417_swpmi.c **** {
 215              		.loc 1 125 1 is_stmt 1
 216              		.cfi_startproc
 217              	.LVL10:
 126:c:/Users/User/Documents/GitHub/ch32h417/EVT/EXAM/SRC/Peripheral/src\ch32h417_swpmi.c ****     if (NewState != DISABLE)
 218              		.loc 1 126 5
 219 0000 B7870040 		li	a5,1073774592
 220 0004 93870740 		addi	a5,a5,1024
 127:c:/Users/User/Documents/GitHub/ch32h417/EVT/EXAM/SRC/Peripheral/src\ch32h417_swpmi.c ****     {
 128:c:/Users/User/Documents/GitHub/ch32h417/EVT/EXAM/SRC/Peripheral/src\ch32h417_swpmi.c ****         SWPMI->CR |= SWPMI_LPBK; 
 221              		.loc 1 128 14 is_stmt 0
 222 0008 9843     		lw	a4,0(a5)
 126:c:/Users/User/Documents/GitHub/ch32h417/EVT/EXAM/SRC/Peripheral/src\ch32h417_swpmi.c ****     if (NewState != DISABLE)
 223              		.loc 1 126 8
 224 000a 09C5     		beq	a0,zero,.L15
 225              		.loc 1 128 9 is_stmt 1
 226              		.loc 1 128 19 is_stmt 0
 227 000c 13670701 		ori	a4,a4,16
 228              	.L17:
 129:c:/Users/User/Documents/GitHub/ch32h417/EVT/EXAM/SRC/Peripheral/src\ch32h417_swpmi.c ****     }
 130:c:/Users/User/Documents/GitHub/ch32h417/EVT/EXAM/SRC/Peripheral/src\ch32h417_swpmi.c ****     else
 131:c:/Users/User/Documents/GitHub/ch32h417/EVT/EXAM/SRC/Peripheral/src\ch32h417_swpmi.c ****     {
 132:c:/Users/User/Documents/GitHub/ch32h417/EVT/EXAM/SRC/Peripheral/src\ch32h417_swpmi.c ****         SWPMI->CR &= ~SWPMI_LPBK;
 229              		.loc 1 132 19
 230 0010 98C3     		sw	a4,0(a5)
 133:c:/Users/User/Documents/GitHub/ch32h417/EVT/EXAM/SRC/Peripheral/src\ch32h417_swpmi.c ****     }
 134:c:/Users/User/Documents/GitHub/ch32h417/EVT/EXAM/SRC/Peripheral/src\ch32h417_swpmi.c **** }
 231              		.loc 1 134 1
 232 0012 8280     		ret
 233              	.L15:
 132:c:/Users/User/Documents/GitHub/ch32h417/EVT/EXAM/SRC/Peripheral/src\ch32h417_swpmi.c ****     }
 234              		.loc 1 132 9 is_stmt 1
 132:c:/Users/User/Documents/GitHub/ch32h417/EVT/EXAM/SRC/Peripheral/src\ch32h417_swpmi.c ****     }
 235              		.loc 1 132 19 is_stmt 0
 236 0014 3D9B     		andi	a4,a4,-17
 237 0016 EDBF     		j	.L17
 238              		.cfi_endproc
 239              	.LFE45:
 241              		.section	.text.SWPMI_TxBufferModeConfig,"ax",@progbits
 242              		.align	1
 243              		.globl	SWPMI_TxBufferModeConfig
 245              	SWPMI_TxBufferModeConfig:
 246              	.LFB46:
 135:c:/Users/User/Documents/GitHub/ch32h417/EVT/EXAM/SRC/Peripheral/src\ch32h417_swpmi.c **** 
 136:c:/Users/User/Documents/GitHub/ch32h417/EVT/EXAM/SRC/Peripheral/src\ch32h417_swpmi.c **** /*********************************************************************
 137:c:/Users/User/Documents/GitHub/ch32h417/EVT/EXAM/SRC/Peripheral/src\ch32h417_swpmi.c ****  * @fn      SWPMI_TxBufferModeConfig
 138:c:/Users/User/Documents/GitHub/ch32h417/EVT/EXAM/SRC/Peripheral/src\ch32h417_swpmi.c ****  *
 139:c:/Users/User/Documents/GitHub/ch32h417/EVT/EXAM/SRC/Peripheral/src\ch32h417_swpmi.c ****  * @brief   configure the SWPMI transmit buffering mode.
 140:c:/Users/User/Documents/GitHub/ch32h417/EVT/EXAM/SRC/Peripheral/src\ch32h417_swpmi.c ****  *
 141:c:/Users/User/Documents/GitHub/ch32h417/EVT/EXAM/SRC/Peripheral/src\ch32h417_swpmi.c ****  * @param   TxBuffer_mode - the SWPMI transmit buffering mode only one parameter
 142:c:/Users/User/Documents/GitHub/ch32h417/EVT/EXAM/SRC/Peripheral/src\ch32h417_swpmi.c ****  *        can be selected which is shown as below:
 143:c:/Users/User/Documents/GitHub/ch32h417/EVT/EXAM/SRC/Peripheral/src\ch32h417_swpmi.c ****  *             SWPMI_TxMode_Buffering_None - transmit mode no buffering
 144:c:/Users/User/Documents/GitHub/ch32h417/EVT/EXAM/SRC/Peripheral/src\ch32h417_swpmi.c ****  *             SWPMI_TxMode_Buffering_Single - transmit mode single buffering
 145:c:/Users/User/Documents/GitHub/ch32h417/EVT/EXAM/SRC/Peripheral/src\ch32h417_swpmi.c ****  *             SWPMI_TxMode_Buffering_Multi - transmit mode multi buffering
 146:c:/Users/User/Documents/GitHub/ch32h417/EVT/EXAM/SRC/Peripheral/src\ch32h417_swpmi.c ****  *
 147:c:/Users/User/Documents/GitHub/ch32h417/EVT/EXAM/SRC/Peripheral/src\ch32h417_swpmi.c ****  * @return  none
 148:c:/Users/User/Documents/GitHub/ch32h417/EVT/EXAM/SRC/Peripheral/src\ch32h417_swpmi.c ****  */
 149:c:/Users/User/Documents/GitHub/ch32h417/EVT/EXAM/SRC/Peripheral/src\ch32h417_swpmi.c **** void SWPMI_TxBufferModeConfig(uint32_t TxBuffer_mode)
 150:c:/Users/User/Documents/GitHub/ch32h417/EVT/EXAM/SRC/Peripheral/src\ch32h417_swpmi.c **** {
 247              		.loc 1 150 1 is_stmt 1
 248              		.cfi_startproc
 249              	.LVL11:
 151:c:/Users/User/Documents/GitHub/ch32h417/EVT/EXAM/SRC/Peripheral/src\ch32h417_swpmi.c ****     SWPMI->CR &= ~SWPMI_SWPACT;
 250              		.loc 1 151 5
 251              		.loc 1 151 10 is_stmt 0
 252 0000 B7870040 		li	a5,1073774592
 253 0004 93870740 		addi	a5,a5,1024
 254 0008 9843     		lw	a4,0(a5)
 255              		.loc 1 151 15
 256 000a 1377F7FD 		andi	a4,a4,-33
 257 000e 98C3     		sw	a4,0(a5)
 152:c:/Users/User/Documents/GitHub/ch32h417/EVT/EXAM/SRC/Peripheral/src\ch32h417_swpmi.c ****     SWPMI->CR &= ~(SWPMI_TXMODE | SWPMI_TXDMA);
 258              		.loc 1 152 5 is_stmt 1
 259              		.loc 1 152 10 is_stmt 0
 260 0010 9843     		lw	a4,0(a5)
 261              		.loc 1 152 15
 262 0012 559B     		andi	a4,a4,-11
 263 0014 98C3     		sw	a4,0(a5)
 153:c:/Users/User/Documents/GitHub/ch32h417/EVT/EXAM/SRC/Peripheral/src\ch32h417_swpmi.c ****     SWPMI->CR |= TxBuffer_mode;
 264              		.loc 1 153 5 is_stmt 1
 265              		.loc 1 153 10 is_stmt 0
 266 0016 9843     		lw	a4,0(a5)
 267              		.loc 1 153 15
 268 0018 498F     		or	a4,a4,a0
 269 001a 98C3     		sw	a4,0(a5)
 154:c:/Users/User/Documents/GitHub/ch32h417/EVT/EXAM/SRC/Peripheral/src\ch32h417_swpmi.c **** }
 270              		.loc 1 154 1
 271 001c 8280     		ret
 272              		.cfi_endproc
 273              	.LFE46:
 275              		.section	.text.SWPMI_RxBufferModeConfig,"ax",@progbits
 276              		.align	1
 277              		.globl	SWPMI_RxBufferModeConfig
 279              	SWPMI_RxBufferModeConfig:
 280              	.LFB47:
 155:c:/Users/User/Documents/GitHub/ch32h417/EVT/EXAM/SRC/Peripheral/src\ch32h417_swpmi.c **** 
 156:c:/Users/User/Documents/GitHub/ch32h417/EVT/EXAM/SRC/Peripheral/src\ch32h417_swpmi.c **** /*********************************************************************
 157:c:/Users/User/Documents/GitHub/ch32h417/EVT/EXAM/SRC/Peripheral/src\ch32h417_swpmi.c ****  * @fn      SWPMI_ReceiveBufferingMode
 158:c:/Users/User/Documents/GitHub/ch32h417/EVT/EXAM/SRC/Peripheral/src\ch32h417_swpmi.c ****  *
 159:c:/Users/User/Documents/GitHub/ch32h417/EVT/EXAM/SRC/Peripheral/src\ch32h417_swpmi.c ****  * @brief   configure the SWPMI receive buffering mode.
 160:c:/Users/User/Documents/GitHub/ch32h417/EVT/EXAM/SRC/Peripheral/src\ch32h417_swpmi.c ****  *
 161:c:/Users/User/Documents/GitHub/ch32h417/EVT/EXAM/SRC/Peripheral/src\ch32h417_swpmi.c ****  * @param   RxBuffer_mode - the SWPMI receive buffering mode only one parameter 
 162:c:/Users/User/Documents/GitHub/ch32h417/EVT/EXAM/SRC/Peripheral/src\ch32h417_swpmi.c ****  *        can be selected which is shown as below:
 163:c:/Users/User/Documents/GitHub/ch32h417/EVT/EXAM/SRC/Peripheral/src\ch32h417_swpmi.c ****  *            SWPMI_RxMode_Buffering_None - receive mode no buffering
 164:c:/Users/User/Documents/GitHub/ch32h417/EVT/EXAM/SRC/Peripheral/src\ch32h417_swpmi.c ****  *            SWPMI_RxMode_Buffering_Single - receive mode single buffering
 165:c:/Users/User/Documents/GitHub/ch32h417/EVT/EXAM/SRC/Peripheral/src\ch32h417_swpmi.c ****  *            SWPMI_RxMode_Buffering_Multi - receive mode multi buffering
 166:c:/Users/User/Documents/GitHub/ch32h417/EVT/EXAM/SRC/Peripheral/src\ch32h417_swpmi.c ****  *
 167:c:/Users/User/Documents/GitHub/ch32h417/EVT/EXAM/SRC/Peripheral/src\ch32h417_swpmi.c ****  * @return  none
 168:c:/Users/User/Documents/GitHub/ch32h417/EVT/EXAM/SRC/Peripheral/src\ch32h417_swpmi.c ****  */
 169:c:/Users/User/Documents/GitHub/ch32h417/EVT/EXAM/SRC/Peripheral/src\ch32h417_swpmi.c **** void SWPMI_RxBufferModeConfig(uint32_t RxBuffer_mode)
 170:c:/Users/User/Documents/GitHub/ch32h417/EVT/EXAM/SRC/Peripheral/src\ch32h417_swpmi.c **** {
 281              		.loc 1 170 1 is_stmt 1
 282              		.cfi_startproc
 283              	.LVL12:
 171:c:/Users/User/Documents/GitHub/ch32h417/EVT/EXAM/SRC/Peripheral/src\ch32h417_swpmi.c ****     SWPMI->CR &= ~SWPMI_SWPACT;
 284              		.loc 1 171 5
 285              		.loc 1 171 10 is_stmt 0
 286 0000 B7870040 		li	a5,1073774592
 287 0004 93870740 		addi	a5,a5,1024
 288 0008 9843     		lw	a4,0(a5)
 289              		.loc 1 171 15
 290 000a 1377F7FD 		andi	a4,a4,-33
 291 000e 98C3     		sw	a4,0(a5)
 172:c:/Users/User/Documents/GitHub/ch32h417/EVT/EXAM/SRC/Peripheral/src\ch32h417_swpmi.c ****     SWPMI->CR &= ~(SWPMI_RXMODE | SWPMI_RXDMA);
 292              		.loc 1 172 5 is_stmt 1
 293              		.loc 1 172 10 is_stmt 0
 294 0010 9843     		lw	a4,0(a5)
 295              		.loc 1 172 15
 296 0012 699B     		andi	a4,a4,-6
 297 0014 98C3     		sw	a4,0(a5)
 173:c:/Users/User/Documents/GitHub/ch32h417/EVT/EXAM/SRC/Peripheral/src\ch32h417_swpmi.c ****     SWPMI->CR |= RxBuffer_mode;
 298              		.loc 1 173 5 is_stmt 1
 299              		.loc 1 173 10 is_stmt 0
 300 0016 9843     		lw	a4,0(a5)
 301              		.loc 1 173 15
 302 0018 498F     		or	a4,a4,a0
 303 001a 98C3     		sw	a4,0(a5)
 174:c:/Users/User/Documents/GitHub/ch32h417/EVT/EXAM/SRC/Peripheral/src\ch32h417_swpmi.c **** }
 304              		.loc 1 174 1
 305 001c 8280     		ret
 306              		.cfi_endproc
 307              	.LFE47:
 309              		.section	.text.SWPMI_GetReceiveFrameLength,"ax",@progbits
 310              		.align	1
 311              		.globl	SWPMI_GetReceiveFrameLength
 313              	SWPMI_GetReceiveFrameLength:
 314              	.LFB48:
 175:c:/Users/User/Documents/GitHub/ch32h417/EVT/EXAM/SRC/Peripheral/src\ch32h417_swpmi.c **** 
 176:c:/Users/User/Documents/GitHub/ch32h417/EVT/EXAM/SRC/Peripheral/src\ch32h417_swpmi.c **** /*********************************************************************
 177:c:/Users/User/Documents/GitHub/ch32h417/EVT/EXAM/SRC/Peripheral/src\ch32h417_swpmi.c ****  * @fn      SWPMI_GetReceiveFrameLength
 178:c:/Users/User/Documents/GitHub/ch32h417/EVT/EXAM/SRC/Peripheral/src\ch32h417_swpmi.c ****  *
 179:c:/Users/User/Documents/GitHub/ch32h417/EVT/EXAM/SRC/Peripheral/src\ch32h417_swpmi.c ****  * @brief   Retrieve number of data bytes present in payload of received frame.
 180:c:/Users/User/Documents/GitHub/ch32h417/EVT/EXAM/SRC/Peripheral/src\ch32h417_swpmi.c ****  *
 181:c:/Users/User/Documents/GitHub/ch32h417/EVT/EXAM/SRC/Peripheral/src\ch32h417_swpmi.c ****  * @return  SWPMI->RFL - the value of the received length (0~0x1F)
 182:c:/Users/User/Documents/GitHub/ch32h417/EVT/EXAM/SRC/Peripheral/src\ch32h417_swpmi.c ****  */
 183:c:/Users/User/Documents/GitHub/ch32h417/EVT/EXAM/SRC/Peripheral/src\ch32h417_swpmi.c **** uint8_t SWPMI_GetReceiveFrameLength(void)
 184:c:/Users/User/Documents/GitHub/ch32h417/EVT/EXAM/SRC/Peripheral/src\ch32h417_swpmi.c **** {
 315              		.loc 1 184 1 is_stmt 1
 316              		.cfi_startproc
 185:c:/Users/User/Documents/GitHub/ch32h417/EVT/EXAM/SRC/Peripheral/src\ch32h417_swpmi.c ****   return (uint8_t)(SWPMI->RFL & SWPMI_RFL);
 317              		.loc 1 185 3
 318              		.loc 1 185 25 is_stmt 0
 319 0000 B7870040 		li	a5,1073774592
 320 0004 93870740 		addi	a5,a5,1024
 321 0008 884F     		lw	a0,24(a5)
 186:c:/Users/User/Documents/GitHub/ch32h417/EVT/EXAM/SRC/Peripheral/src\ch32h417_swpmi.c **** }
 322              		.loc 1 186 1
 323 000a 7D89     		andi	a0,a0,31
 324 000c 8280     		ret
 325              		.cfi_endproc
 326              	.LFE48:
 328              		.section	.text.SWPMI_TransmitData32,"ax",@progbits
 329              		.align	1
 330              		.globl	SWPMI_TransmitData32
 332              	SWPMI_TransmitData32:
 333              	.LFB49:
 187:c:/Users/User/Documents/GitHub/ch32h417/EVT/EXAM/SRC/Peripheral/src\ch32h417_swpmi.c **** 
 188:c:/Users/User/Documents/GitHub/ch32h417/EVT/EXAM/SRC/Peripheral/src\ch32h417_swpmi.c **** /*********************************************************************
 189:c:/Users/User/Documents/GitHub/ch32h417/EVT/EXAM/SRC/Peripheral/src\ch32h417_swpmi.c ****  * @fn      SWPMI_TransmitData32
 190:c:/Users/User/Documents/GitHub/ch32h417/EVT/EXAM/SRC/Peripheral/src\ch32h417_swpmi.c ****  *
 191:c:/Users/User/Documents/GitHub/ch32h417/EVT/EXAM/SRC/Peripheral/src\ch32h417_swpmi.c ****  * @brief   transmit data register.
 192:c:/Users/User/Documents/GitHub/ch32h417/EVT/EXAM/SRC/Peripheral/src\ch32h417_swpmi.c ****  *
 193:c:/Users/User/Documents/GitHub/ch32h417/EVT/EXAM/SRC/Peripheral/src\ch32h417_swpmi.c ****  * @param   TxData - transmit data
 194:c:/Users/User/Documents/GitHub/ch32h417/EVT/EXAM/SRC/Peripheral/src\ch32h417_swpmi.c ****  *
 195:c:/Users/User/Documents/GitHub/ch32h417/EVT/EXAM/SRC/Peripheral/src\ch32h417_swpmi.c ****  * @return  none
 196:c:/Users/User/Documents/GitHub/ch32h417/EVT/EXAM/SRC/Peripheral/src\ch32h417_swpmi.c ****  */
 197:c:/Users/User/Documents/GitHub/ch32h417/EVT/EXAM/SRC/Peripheral/src\ch32h417_swpmi.c **** void SWPMI_TransmitData32(uint32_t TxData)
 198:c:/Users/User/Documents/GitHub/ch32h417/EVT/EXAM/SRC/Peripheral/src\ch32h417_swpmi.c **** {
 334              		.loc 1 198 1 is_stmt 1
 335              		.cfi_startproc
 336              	.LVL13:
 199:c:/Users/User/Documents/GitHub/ch32h417/EVT/EXAM/SRC/Peripheral/src\ch32h417_swpmi.c ****     SWPMI->TDR = TxData;
 337              		.loc 1 199 5
 338              		.loc 1 199 16 is_stmt 0
 339 0000 B7870040 		li	a5,1073774592
 340 0004 93870740 		addi	a5,a5,1024
 341 0008 C8CF     		sw	a0,28(a5)
 200:c:/Users/User/Documents/GitHub/ch32h417/EVT/EXAM/SRC/Peripheral/src\ch32h417_swpmi.c **** }
 342              		.loc 1 200 1
 343 000a 8280     		ret
 344              		.cfi_endproc
 345              	.LFE49:
 347              		.section	.text.SWPMI_ReceiveData32,"ax",@progbits
 348              		.align	1
 349              		.globl	SWPMI_ReceiveData32
 351              	SWPMI_ReceiveData32:
 352              	.LFB50:
 201:c:/Users/User/Documents/GitHub/ch32h417/EVT/EXAM/SRC/Peripheral/src\ch32h417_swpmi.c **** 
 202:c:/Users/User/Documents/GitHub/ch32h417/EVT/EXAM/SRC/Peripheral/src\ch32h417_swpmi.c **** /*********************************************************************
 203:c:/Users/User/Documents/GitHub/ch32h417/EVT/EXAM/SRC/Peripheral/src\ch32h417_swpmi.c ****  * @fn      SWPMI_ReceiveData32
 204:c:/Users/User/Documents/GitHub/ch32h417/EVT/EXAM/SRC/Peripheral/src\ch32h417_swpmi.c ****  *
 205:c:/Users/User/Documents/GitHub/ch32h417/EVT/EXAM/SRC/Peripheral/src\ch32h417_swpmi.c ****  * @brief   receive data register.
 206:c:/Users/User/Documents/GitHub/ch32h417/EVT/EXAM/SRC/Peripheral/src\ch32h417_swpmi.c ****  *
 207:c:/Users/User/Documents/GitHub/ch32h417/EVT/EXAM/SRC/Peripheral/src\ch32h417_swpmi.c ****  * @return  SWPMI->RDR - the value of the received data.
 208:c:/Users/User/Documents/GitHub/ch32h417/EVT/EXAM/SRC/Peripheral/src\ch32h417_swpmi.c ****  */
 209:c:/Users/User/Documents/GitHub/ch32h417/EVT/EXAM/SRC/Peripheral/src\ch32h417_swpmi.c **** uint32_t SWPMI_ReceiveData32(void)
 210:c:/Users/User/Documents/GitHub/ch32h417/EVT/EXAM/SRC/Peripheral/src\ch32h417_swpmi.c **** {
 353              		.loc 1 210 1 is_stmt 1
 354              		.cfi_startproc
 211:c:/Users/User/Documents/GitHub/ch32h417/EVT/EXAM/SRC/Peripheral/src\ch32h417_swpmi.c ****   return (uint32_t)(SWPMI->RDR);
 355              		.loc 1 211 3
 356              		.loc 1 211 10 is_stmt 0
 357 0000 B7870040 		li	a5,1073774592
 358 0004 93870740 		addi	a5,a5,1024
 359 0008 8853     		lw	a0,32(a5)
 212:c:/Users/User/Documents/GitHub/ch32h417/EVT/EXAM/SRC/Peripheral/src\ch32h417_swpmi.c **** }
 360              		.loc 1 212 1
 361 000a 8280     		ret
 362              		.cfi_endproc
 363              	.LFE50:
 365              		.section	.text.SWPMI_BypassCmd,"ax",@progbits
 366              		.align	1
 367              		.globl	SWPMI_BypassCmd
 369              	SWPMI_BypassCmd:
 370              	.LFB51:
 213:c:/Users/User/Documents/GitHub/ch32h417/EVT/EXAM/SRC/Peripheral/src\ch32h417_swpmi.c **** 
 214:c:/Users/User/Documents/GitHub/ch32h417/EVT/EXAM/SRC/Peripheral/src\ch32h417_swpmi.c **** /*********************************************************************
 215:c:/Users/User/Documents/GitHub/ch32h417/EVT/EXAM/SRC/Peripheral/src\ch32h417_swpmi.c ****  * @fn      SWPMI_BypassCmd
 216:c:/Users/User/Documents/GitHub/ch32h417/EVT/EXAM/SRC/Peripheral/src\ch32h417_swpmi.c ****  *
 217:c:/Users/User/Documents/GitHub/ch32h417/EVT/EXAM/SRC/Peripheral/src\ch32h417_swpmi.c ****  * @brief   Enables or disables SWP Transceiver Bypass.
 218:c:/Users/User/Documents/GitHub/ch32h417/EVT/EXAM/SRC/Peripheral/src\ch32h417_swpmi.c ****  *
 219:c:/Users/User/Documents/GitHub/ch32h417/EVT/EXAM/SRC/Peripheral/src\ch32h417_swpmi.c ****  * @param   NewState- new state of SWP Transceiver Bypass(ENABLE or DISABLE).
 220:c:/Users/User/Documents/GitHub/ch32h417/EVT/EXAM/SRC/Peripheral/src\ch32h417_swpmi.c ****  *
 221:c:/Users/User/Documents/GitHub/ch32h417/EVT/EXAM/SRC/Peripheral/src\ch32h417_swpmi.c ****  * @return  none
 222:c:/Users/User/Documents/GitHub/ch32h417/EVT/EXAM/SRC/Peripheral/src\ch32h417_swpmi.c ****  */
 223:c:/Users/User/Documents/GitHub/ch32h417/EVT/EXAM/SRC/Peripheral/src\ch32h417_swpmi.c **** void SWPMI_BypassCmd(FunctionalState NewState)
 224:c:/Users/User/Documents/GitHub/ch32h417/EVT/EXAM/SRC/Peripheral/src\ch32h417_swpmi.c **** {
 371              		.loc 1 224 1 is_stmt 1
 372              		.cfi_startproc
 373              	.LVL14:
 225:c:/Users/User/Documents/GitHub/ch32h417/EVT/EXAM/SRC/Peripheral/src\ch32h417_swpmi.c ****     if (NewState != DISABLE)
 374              		.loc 1 225 5
 375 0000 B7870040 		li	a5,1073774592
 376 0004 93870740 		addi	a5,a5,1024
 377              		.loc 1 225 8 is_stmt 0
 378 0008 11C5     		beq	a0,zero,.L24
 226:c:/Users/User/Documents/GitHub/ch32h417/EVT/EXAM/SRC/Peripheral/src\ch32h417_swpmi.c ****     {
 227:c:/Users/User/Documents/GitHub/ch32h417/EVT/EXAM/SRC/Peripheral/src\ch32h417_swpmi.c ****         SWPMI->OR |= SWPMI_SWP_TBYP;
 379              		.loc 1 227 9 is_stmt 1
 380              		.loc 1 227 14 is_stmt 0
 381 000a D853     		lw	a4,36(a5)
 382              		.loc 1 227 19
 383 000c 13671700 		ori	a4,a4,1
 384 0010 D8D3     		sw	a4,36(a5)
 385 0012 8280     		ret
 386              	.L24:
 228:c:/Users/User/Documents/GitHub/ch32h417/EVT/EXAM/SRC/Peripheral/src\ch32h417_swpmi.c ****     }
 229:c:/Users/User/Documents/GitHub/ch32h417/EVT/EXAM/SRC/Peripheral/src\ch32h417_swpmi.c ****     else
 230:c:/Users/User/Documents/GitHub/ch32h417/EVT/EXAM/SRC/Peripheral/src\ch32h417_swpmi.c ****     {
 231:c:/Users/User/Documents/GitHub/ch32h417/EVT/EXAM/SRC/Peripheral/src\ch32h417_swpmi.c ****         SWPMI->CR &= ~SWPMI_SWP_TBYP;
 387              		.loc 1 231 9 is_stmt 1
 388              		.loc 1 231 14 is_stmt 0
 389 0014 9843     		lw	a4,0(a5)
 390              		.loc 1 231 19
 391 0016 799B     		andi	a4,a4,-2
 392 0018 98C3     		sw	a4,0(a5)
 232:c:/Users/User/Documents/GitHub/ch32h417/EVT/EXAM/SRC/Peripheral/src\ch32h417_swpmi.c ****     }
 233:c:/Users/User/Documents/GitHub/ch32h417/EVT/EXAM/SRC/Peripheral/src\ch32h417_swpmi.c **** }
 393              		.loc 1 233 1
 394 001a 8280     		ret
 395              		.cfi_endproc
 396              	.LFE51:
 398              		.section	.text.SWPMI_GetFlagStatus,"ax",@progbits
 399              		.align	1
 400              		.globl	SWPMI_GetFlagStatus
 402              	SWPMI_GetFlagStatus:
 403              	.LFB52:
 234:c:/Users/User/Documents/GitHub/ch32h417/EVT/EXAM/SRC/Peripheral/src\ch32h417_swpmi.c **** 
 235:c:/Users/User/Documents/GitHub/ch32h417/EVT/EXAM/SRC/Peripheral/src\ch32h417_swpmi.c **** /*********************************************************************
 236:c:/Users/User/Documents/GitHub/ch32h417/EVT/EXAM/SRC/Peripheral/src\ch32h417_swpmi.c ****  * @fn      SWPMI_GetFlagStatus
 237:c:/Users/User/Documents/GitHub/ch32h417/EVT/EXAM/SRC/Peripheral/src\ch32h417_swpmi.c ****  *
 238:c:/Users/User/Documents/GitHub/ch32h417/EVT/EXAM/SRC/Peripheral/src\ch32h417_swpmi.c ****  * @brief   Checks whether the specified SWPMI flag is set or not.
 239:c:/Users/User/Documents/GitHub/ch32h417/EVT/EXAM/SRC/Peripheral/src\ch32h417_swpmi.c ****  *
 240:c:/Users/User/Documents/GitHub/ch32h417/EVT/EXAM/SRC/Peripheral/src\ch32h417_swpmi.c ****  * @param   SWPMI_FLAG - specifies the flag to check
 241:c:/Users/User/Documents/GitHub/ch32h417/EVT/EXAM/SRC/Peripheral/src\ch32h417_swpmi.c ****  *        only one parameter can be selected which is shown as below:
 242:c:/Users/User/Documents/GitHub/ch32h417/EVT/EXAM/SRC/Peripheral/src\ch32h417_swpmi.c ****  *            SWPMI_FLAG_RXBF - RXBF flag
 243:c:/Users/User/Documents/GitHub/ch32h417/EVT/EXAM/SRC/Peripheral/src\ch32h417_swpmi.c ****  *            SWPMI_FLAG_TXBE - TXBE flag
 244:c:/Users/User/Documents/GitHub/ch32h417/EVT/EXAM/SRC/Peripheral/src\ch32h417_swpmi.c ****  *            SWPMI_FLAG_RXBER - RXBER flag
 245:c:/Users/User/Documents/GitHub/ch32h417/EVT/EXAM/SRC/Peripheral/src\ch32h417_swpmi.c ****  *            SWPMI_FLAG_RXOVR - RXOVR flag
 246:c:/Users/User/Documents/GitHub/ch32h417/EVT/EXAM/SRC/Peripheral/src\ch32h417_swpmi.c ****  *            SWPMI_FLAG_TXUNR - TXUNR flag
 247:c:/Users/User/Documents/GitHub/ch32h417/EVT/EXAM/SRC/Peripheral/src\ch32h417_swpmi.c ****  *            SWPMI_FLAG_RXNE - RXNE flag
 248:c:/Users/User/Documents/GitHub/ch32h417/EVT/EXAM/SRC/Peripheral/src\ch32h417_swpmi.c ****  *            SWPMI_FLAG_TXE - TXE flag
 249:c:/Users/User/Documents/GitHub/ch32h417/EVT/EXAM/SRC/Peripheral/src\ch32h417_swpmi.c ****  *            SWPMI_FLAG_TC - TC flag
 250:c:/Users/User/Documents/GitHub/ch32h417/EVT/EXAM/SRC/Peripheral/src\ch32h417_swpmi.c ****  *            SWPMI_FLAG_SR - SR flag
 251:c:/Users/User/Documents/GitHub/ch32h417/EVT/EXAM/SRC/Peripheral/src\ch32h417_swpmi.c ****  *            SWPMI_FLAG_SUSP - SUSP flag
 252:c:/Users/User/Documents/GitHub/ch32h417/EVT/EXAM/SRC/Peripheral/src\ch32h417_swpmi.c ****  *            SWPMI_FLAG_DEACT - DEACT flag
 253:c:/Users/User/Documents/GitHub/ch32h417/EVT/EXAM/SRC/Peripheral/src\ch32h417_swpmi.c ****  *            SWPMI_FLAG_RDY - RDY flag
 254:c:/Users/User/Documents/GitHub/ch32h417/EVT/EXAM/SRC/Peripheral/src\ch32h417_swpmi.c ****  *
 255:c:/Users/User/Documents/GitHub/ch32h417/EVT/EXAM/SRC/Peripheral/src\ch32h417_swpmi.c ****  * @return  FlagStatus - SET or RESET
 256:c:/Users/User/Documents/GitHub/ch32h417/EVT/EXAM/SRC/Peripheral/src\ch32h417_swpmi.c ****  */
 257:c:/Users/User/Documents/GitHub/ch32h417/EVT/EXAM/SRC/Peripheral/src\ch32h417_swpmi.c **** FlagStatus SWPMI_GetFlagStatus(uint32_t SWPMI_FLAG)
 258:c:/Users/User/Documents/GitHub/ch32h417/EVT/EXAM/SRC/Peripheral/src\ch32h417_swpmi.c **** {
 404              		.loc 1 258 1 is_stmt 1
 405              		.cfi_startproc
 406              	.LVL15:
 259:c:/Users/User/Documents/GitHub/ch32h417/EVT/EXAM/SRC/Peripheral/src\ch32h417_swpmi.c ****     FlagStatus bitstatus = RESET;
 407              		.loc 1 259 5
 260:c:/Users/User/Documents/GitHub/ch32h417/EVT/EXAM/SRC/Peripheral/src\ch32h417_swpmi.c **** 
 261:c:/Users/User/Documents/GitHub/ch32h417/EVT/EXAM/SRC/Peripheral/src\ch32h417_swpmi.c ****     if((SWPMI->ISR & SWPMI_FLAG) != (uint32_t)RESET)
 408              		.loc 1 261 5
 409              		.loc 1 261 14 is_stmt 0
 410 0000 B7870040 		li	a5,1073774592
 411 0004 93870740 		addi	a5,a5,1024
 412 0008 DC47     		lw	a5,12(a5)
 413              	.LVL16:
 262:c:/Users/User/Documents/GitHub/ch32h417/EVT/EXAM/SRC/Peripheral/src\ch32h417_swpmi.c ****     {
 263:c:/Users/User/Documents/GitHub/ch32h417/EVT/EXAM/SRC/Peripheral/src\ch32h417_swpmi.c ****         bitstatus = SET;
 264:c:/Users/User/Documents/GitHub/ch32h417/EVT/EXAM/SRC/Peripheral/src\ch32h417_swpmi.c ****     }
 265:c:/Users/User/Documents/GitHub/ch32h417/EVT/EXAM/SRC/Peripheral/src\ch32h417_swpmi.c ****     else
 266:c:/Users/User/Documents/GitHub/ch32h417/EVT/EXAM/SRC/Peripheral/src\ch32h417_swpmi.c ****     {
 267:c:/Users/User/Documents/GitHub/ch32h417/EVT/EXAM/SRC/Peripheral/src\ch32h417_swpmi.c ****         bitstatus = RESET;
 268:c:/Users/User/Documents/GitHub/ch32h417/EVT/EXAM/SRC/Peripheral/src\ch32h417_swpmi.c ****     }
 269:c:/Users/User/Documents/GitHub/ch32h417/EVT/EXAM/SRC/Peripheral/src\ch32h417_swpmi.c **** 
 270:c:/Users/User/Documents/GitHub/ch32h417/EVT/EXAM/SRC/Peripheral/src\ch32h417_swpmi.c ****     return bitstatus;
 414              		.loc 1 270 5 is_stmt 1
 261:c:/Users/User/Documents/GitHub/ch32h417/EVT/EXAM/SRC/Peripheral/src\ch32h417_swpmi.c ****     {
 415              		.loc 1 261 20 is_stmt 0
 416 000a 7D8D     		and	a0,a5,a0
 417              	.LVL17:
 271:c:/Users/User/Documents/GitHub/ch32h417/EVT/EXAM/SRC/Peripheral/src\ch32h417_swpmi.c **** }
 418              		.loc 1 271 1
 419 000c 3335A000 		snez	a0,a0
 420 0010 8280     		ret
 421              		.cfi_endproc
 422              	.LFE52:
 424              		.section	.text.SWPMI_ClearFlag,"ax",@progbits
 425              		.align	1
 426              		.globl	SWPMI_ClearFlag
 428              	SWPMI_ClearFlag:
 429              	.LFB53:
 272:c:/Users/User/Documents/GitHub/ch32h417/EVT/EXAM/SRC/Peripheral/src\ch32h417_swpmi.c **** 
 273:c:/Users/User/Documents/GitHub/ch32h417/EVT/EXAM/SRC/Peripheral/src\ch32h417_swpmi.c **** /*********************************************************************
 274:c:/Users/User/Documents/GitHub/ch32h417/EVT/EXAM/SRC/Peripheral/src\ch32h417_swpmi.c ****  * @fn      SWPMI_ClearFlag
 275:c:/Users/User/Documents/GitHub/ch32h417/EVT/EXAM/SRC/Peripheral/src\ch32h417_swpmi.c ****  *
 276:c:/Users/User/Documents/GitHub/ch32h417/EVT/EXAM/SRC/Peripheral/src\ch32h417_swpmi.c ****  * @brief   Clears the SWPMI's pending bits.
 277:c:/Users/User/Documents/GitHub/ch32h417/EVT/EXAM/SRC/Peripheral/src\ch32h417_swpmi.c ****  *
 278:c:/Users/User/Documents/GitHub/ch32h417/EVT/EXAM/SRC/Peripheral/src\ch32h417_swpmi.c ****  * @param   flag - specifies the flag to clear
 279:c:/Users/User/Documents/GitHub/ch32h417/EVT/EXAM/SRC/Peripheral/src\ch32h417_swpmi.c ****  *        only one parameter can be selected which is shown as below:
 280:c:/Users/User/Documents/GitHub/ch32h417/EVT/EXAM/SRC/Peripheral/src\ch32h417_swpmi.c ****  *            SWPMI_FLAG_RXBF - RXBF flag
 281:c:/Users/User/Documents/GitHub/ch32h417/EVT/EXAM/SRC/Peripheral/src\ch32h417_swpmi.c ****  *            SWPMI_FLAG_TXBE - TXBE flag
 282:c:/Users/User/Documents/GitHub/ch32h417/EVT/EXAM/SRC/Peripheral/src\ch32h417_swpmi.c ****  *            SWPMI_FLAG_RXBER - RXBER flag
 283:c:/Users/User/Documents/GitHub/ch32h417/EVT/EXAM/SRC/Peripheral/src\ch32h417_swpmi.c ****  *            SWPMI_FLAG_RXOVR - RXOVR flag
 284:c:/Users/User/Documents/GitHub/ch32h417/EVT/EXAM/SRC/Peripheral/src\ch32h417_swpmi.c ****  *            SWPMI_FLAG_TXUNR - TXUNR flag
 285:c:/Users/User/Documents/GitHub/ch32h417/EVT/EXAM/SRC/Peripheral/src\ch32h417_swpmi.c ****  *            SWPMI_FLAG_TC - TC flag
 286:c:/Users/User/Documents/GitHub/ch32h417/EVT/EXAM/SRC/Peripheral/src\ch32h417_swpmi.c ****  *            SWPMI_FLAG_SR - SR flag
 287:c:/Users/User/Documents/GitHub/ch32h417/EVT/EXAM/SRC/Peripheral/src\ch32h417_swpmi.c ****  *            SWPMI_FLAG_RDY - RDY flag
 288:c:/Users/User/Documents/GitHub/ch32h417/EVT/EXAM/SRC/Peripheral/src\ch32h417_swpmi.c ****  *
 289:c:/Users/User/Documents/GitHub/ch32h417/EVT/EXAM/SRC/Peripheral/src\ch32h417_swpmi.c ****  * @return  none
 290:c:/Users/User/Documents/GitHub/ch32h417/EVT/EXAM/SRC/Peripheral/src\ch32h417_swpmi.c ****  */
 291:c:/Users/User/Documents/GitHub/ch32h417/EVT/EXAM/SRC/Peripheral/src\ch32h417_swpmi.c **** void SWPMI_ClearFlag(uint32_t SWPMI_FLAG)
 292:c:/Users/User/Documents/GitHub/ch32h417/EVT/EXAM/SRC/Peripheral/src\ch32h417_swpmi.c **** {
 430              		.loc 1 292 1 is_stmt 1
 431              		.cfi_startproc
 432              	.LVL18:
 293:c:/Users/User/Documents/GitHub/ch32h417/EVT/EXAM/SRC/Peripheral/src\ch32h417_swpmi.c ****     SWPMI->ICR = SWPMI_FLAG;
 433              		.loc 1 293 5
 434              		.loc 1 293 16 is_stmt 0
 435 0000 B7870040 		li	a5,1073774592
 436 0004 93870740 		addi	a5,a5,1024
 437 0008 88CB     		sw	a0,16(a5)
 294:c:/Users/User/Documents/GitHub/ch32h417/EVT/EXAM/SRC/Peripheral/src\ch32h417_swpmi.c **** }
 438              		.loc 1 294 1
 439 000a 8280     		ret
 440              		.cfi_endproc
 441              	.LFE53:
 443              		.section	.text.SWPMI_ITConfig,"ax",@progbits
 444              		.align	1
 445              		.globl	SWPMI_ITConfig
 447              	SWPMI_ITConfig:
 448              	.LFB54:
 295:c:/Users/User/Documents/GitHub/ch32h417/EVT/EXAM/SRC/Peripheral/src\ch32h417_swpmi.c **** 
 296:c:/Users/User/Documents/GitHub/ch32h417/EVT/EXAM/SRC/Peripheral/src\ch32h417_swpmi.c **** /*********************************************************************
 297:c:/Users/User/Documents/GitHub/ch32h417/EVT/EXAM/SRC/Peripheral/src\ch32h417_swpmi.c ****  * @fn      SWPMI_ITConfig
 298:c:/Users/User/Documents/GitHub/ch32h417/EVT/EXAM/SRC/Peripheral/src\ch32h417_swpmi.c ****  *
 299:c:/Users/User/Documents/GitHub/ch32h417/EVT/EXAM/SRC/Peripheral/src\ch32h417_swpmi.c ****  * @brief   Enables or disables the SWPMI interrupts.
 300:c:/Users/User/Documents/GitHub/ch32h417/EVT/EXAM/SRC/Peripheral/src\ch32h417_swpmi.c ****  *
 301:c:/Users/User/Documents/GitHub/ch32h417/EVT/EXAM/SRC/Peripheral/src\ch32h417_swpmi.c ****  * @param   SWPMI_IT - SWPMI interrupt
 302:c:/Users/User/Documents/GitHub/ch32h417/EVT/EXAM/SRC/Peripheral/src\ch32h417_swpmi.c ****  *            SWPMI_IT_RXBF - RXBF interrupt flag
 303:c:/Users/User/Documents/GitHub/ch32h417/EVT/EXAM/SRC/Peripheral/src\ch32h417_swpmi.c ****  *            SWPMI_IT_TXBE - TXBE interrupt flag
 304:c:/Users/User/Documents/GitHub/ch32h417/EVT/EXAM/SRC/Peripheral/src\ch32h417_swpmi.c ****  *            SWPMI_IT_RXBER - RXBER interrupt flag
 305:c:/Users/User/Documents/GitHub/ch32h417/EVT/EXAM/SRC/Peripheral/src\ch32h417_swpmi.c ****  *            SWPMI_IT_RXOVR - RXOVR interrupt flag
 306:c:/Users/User/Documents/GitHub/ch32h417/EVT/EXAM/SRC/Peripheral/src\ch32h417_swpmi.c ****  *            SWPMI_IT_TXUNR - TXUNR interrupt flag
 307:c:/Users/User/Documents/GitHub/ch32h417/EVT/EXAM/SRC/Peripheral/src\ch32h417_swpmi.c ****  *            SWPMI_IT_RXNE - RXNE interrupt flag
 308:c:/Users/User/Documents/GitHub/ch32h417/EVT/EXAM/SRC/Peripheral/src\ch32h417_swpmi.c ****  *            SWPMI_IT_TXE - TXE interrupt flag
 309:c:/Users/User/Documents/GitHub/ch32h417/EVT/EXAM/SRC/Peripheral/src\ch32h417_swpmi.c ****  *            SWPMI_IT_TC - TC interrupt flag
 310:c:/Users/User/Documents/GitHub/ch32h417/EVT/EXAM/SRC/Peripheral/src\ch32h417_swpmi.c ****  *            SWPMI_IT_SR - SR interrupt flag
 311:c:/Users/User/Documents/GitHub/ch32h417/EVT/EXAM/SRC/Peripheral/src\ch32h417_swpmi.c ****  *            SWPMI_IT_RDY - RDY interrupt flag
 312:c:/Users/User/Documents/GitHub/ch32h417/EVT/EXAM/SRC/Peripheral/src\ch32h417_swpmi.c ****  *          NewState - the SWPMI interrupt(ENABLE or DISABLE)
 313:c:/Users/User/Documents/GitHub/ch32h417/EVT/EXAM/SRC/Peripheral/src\ch32h417_swpmi.c ****  *
 314:c:/Users/User/Documents/GitHub/ch32h417/EVT/EXAM/SRC/Peripheral/src\ch32h417_swpmi.c ****  * @return  none
 315:c:/Users/User/Documents/GitHub/ch32h417/EVT/EXAM/SRC/Peripheral/src\ch32h417_swpmi.c ****  */
 316:c:/Users/User/Documents/GitHub/ch32h417/EVT/EXAM/SRC/Peripheral/src\ch32h417_swpmi.c **** void SWPMI_ITConfig(uint32_t SWPMI_IT, FunctionalState NewState)
 317:c:/Users/User/Documents/GitHub/ch32h417/EVT/EXAM/SRC/Peripheral/src\ch32h417_swpmi.c **** {
 449              		.loc 1 317 1 is_stmt 1
 450              		.cfi_startproc
 451              	.LVL19:
 318:c:/Users/User/Documents/GitHub/ch32h417/EVT/EXAM/SRC/Peripheral/src\ch32h417_swpmi.c ****     if(NewState != DISABLE)
 452              		.loc 1 318 5
 453 0000 B7870040 		li	a5,1073774592
 454 0004 93870740 		addi	a5,a5,1024
 319:c:/Users/User/Documents/GitHub/ch32h417/EVT/EXAM/SRC/Peripheral/src\ch32h417_swpmi.c ****     {
 320:c:/Users/User/Documents/GitHub/ch32h417/EVT/EXAM/SRC/Peripheral/src\ch32h417_swpmi.c ****         SWPMI->IER |= SWPMI_IT;
 455              		.loc 1 320 14 is_stmt 0
 456 0008 D84B     		lw	a4,20(a5)
 318:c:/Users/User/Documents/GitHub/ch32h417/EVT/EXAM/SRC/Peripheral/src\ch32h417_swpmi.c ****     if(NewState != DISABLE)
 457              		.loc 1 318 7
 458 000a 81C5     		beq	a1,zero,.L29
 459              		.loc 1 320 9 is_stmt 1
 460              		.loc 1 320 20 is_stmt 0
 461 000c 498F     		or	a4,a4,a0
 462 000e D8CB     		sw	a4,20(a5)
 463 0010 8280     		ret
 464              	.L29:
 321:c:/Users/User/Documents/GitHub/ch32h417/EVT/EXAM/SRC/Peripheral/src\ch32h417_swpmi.c ****     } 
 322:c:/Users/User/Documents/GitHub/ch32h417/EVT/EXAM/SRC/Peripheral/src\ch32h417_swpmi.c ****     else
 323:c:/Users/User/Documents/GitHub/ch32h417/EVT/EXAM/SRC/Peripheral/src\ch32h417_swpmi.c ****     {
 324:c:/Users/User/Documents/GitHub/ch32h417/EVT/EXAM/SRC/Peripheral/src\ch32h417_swpmi.c ****         SWPMI->IER &= ~SWPMI_IT;
 465              		.loc 1 324 9 is_stmt 1
 466              		.loc 1 324 20 is_stmt 0
 467 0012 3375A740 		andn	a0,a4,a0
 468              	.LVL20:
 469 0016 C8CB     		sw	a0,20(a5)
 325:c:/Users/User/Documents/GitHub/ch32h417/EVT/EXAM/SRC/Peripheral/src\ch32h417_swpmi.c ****     }
 326:c:/Users/User/Documents/GitHub/ch32h417/EVT/EXAM/SRC/Peripheral/src\ch32h417_swpmi.c **** }
 470              		.loc 1 326 1
 471 0018 8280     		ret
 472              		.cfi_endproc
 473              	.LFE54:
 475              		.section	.text.SWPMI_GetITStatus,"ax",@progbits
 476              		.align	1
 477              		.globl	SWPMI_GetITStatus
 479              	SWPMI_GetITStatus:
 480              	.LFB55:
 327:c:/Users/User/Documents/GitHub/ch32h417/EVT/EXAM/SRC/Peripheral/src\ch32h417_swpmi.c **** 
 328:c:/Users/User/Documents/GitHub/ch32h417/EVT/EXAM/SRC/Peripheral/src\ch32h417_swpmi.c **** /*********************************************************************
 329:c:/Users/User/Documents/GitHub/ch32h417/EVT/EXAM/SRC/Peripheral/src\ch32h417_swpmi.c ****  * @fn      SWPMI_GetITStatus
 330:c:/Users/User/Documents/GitHub/ch32h417/EVT/EXAM/SRC/Peripheral/src\ch32h417_swpmi.c ****  *
 331:c:/Users/User/Documents/GitHub/ch32h417/EVT/EXAM/SRC/Peripheral/src\ch32h417_swpmi.c ****  * @brief   Checks whether the specified SWPMI interrupt has occurred or not.
 332:c:/Users/User/Documents/GitHub/ch32h417/EVT/EXAM/SRC/Peripheral/src\ch32h417_swpmi.c ****  *
 333:c:/Users/User/Documents/GitHub/ch32h417/EVT/EXAM/SRC/Peripheral/src\ch32h417_swpmi.c ****  * @param   SWPMI_IT - specifies the flag to check
 334:c:/Users/User/Documents/GitHub/ch32h417/EVT/EXAM/SRC/Peripheral/src\ch32h417_swpmi.c ****  *            SWPMI_IT_RXBF - RXBF interrupt flag
 335:c:/Users/User/Documents/GitHub/ch32h417/EVT/EXAM/SRC/Peripheral/src\ch32h417_swpmi.c ****  *            SWPMI_IT_TXBE - TXBE interrupt flag
 336:c:/Users/User/Documents/GitHub/ch32h417/EVT/EXAM/SRC/Peripheral/src\ch32h417_swpmi.c ****  *            SWPMI_IT_RXBER - RXBER interrupt flag
 337:c:/Users/User/Documents/GitHub/ch32h417/EVT/EXAM/SRC/Peripheral/src\ch32h417_swpmi.c ****  *            SWPMI_IT_RXOVR - RXOVR interrupt flag
 338:c:/Users/User/Documents/GitHub/ch32h417/EVT/EXAM/SRC/Peripheral/src\ch32h417_swpmi.c ****  *            SWPMI_IT_TXUNR - TXUNR interrupt flag
 339:c:/Users/User/Documents/GitHub/ch32h417/EVT/EXAM/SRC/Peripheral/src\ch32h417_swpmi.c ****  *            SWPMI_IT_RXNE - RXNE interrupt flag
 340:c:/Users/User/Documents/GitHub/ch32h417/EVT/EXAM/SRC/Peripheral/src\ch32h417_swpmi.c ****  *            SWPMI_IT_TXE - TXE interrupt flag
 341:c:/Users/User/Documents/GitHub/ch32h417/EVT/EXAM/SRC/Peripheral/src\ch32h417_swpmi.c ****  *            SWPMI_IT_TC - TC interrupt flag
 342:c:/Users/User/Documents/GitHub/ch32h417/EVT/EXAM/SRC/Peripheral/src\ch32h417_swpmi.c ****  *            SWPMI_IT_SR - SR interrupt flag
 343:c:/Users/User/Documents/GitHub/ch32h417/EVT/EXAM/SRC/Peripheral/src\ch32h417_swpmi.c ****  *            SWPMI_IT_RDY - RDY interrupt flag
 344:c:/Users/User/Documents/GitHub/ch32h417/EVT/EXAM/SRC/Peripheral/src\ch32h417_swpmi.c ****  *
 345:c:/Users/User/Documents/GitHub/ch32h417/EVT/EXAM/SRC/Peripheral/src\ch32h417_swpmi.c ****  * @return  FlagStatus - SET or RESET
 346:c:/Users/User/Documents/GitHub/ch32h417/EVT/EXAM/SRC/Peripheral/src\ch32h417_swpmi.c ****  */
 347:c:/Users/User/Documents/GitHub/ch32h417/EVT/EXAM/SRC/Peripheral/src\ch32h417_swpmi.c **** ITStatus SWPMI_GetITStatus(uint32_t SWPMI_IT)
 348:c:/Users/User/Documents/GitHub/ch32h417/EVT/EXAM/SRC/Peripheral/src\ch32h417_swpmi.c **** {
 481              		.loc 1 348 1 is_stmt 1
 482              		.cfi_startproc
 483              	.LVL21:
 349:c:/Users/User/Documents/GitHub/ch32h417/EVT/EXAM/SRC/Peripheral/src\ch32h417_swpmi.c ****     ITStatus bitstatus = RESET;
 484              		.loc 1 349 5
 350:c:/Users/User/Documents/GitHub/ch32h417/EVT/EXAM/SRC/Peripheral/src\ch32h417_swpmi.c ****     uint16_t enablestatus = 0, enableit = 0;
 485              		.loc 1 350 5
 351:c:/Users/User/Documents/GitHub/ch32h417/EVT/EXAM/SRC/Peripheral/src\ch32h417_swpmi.c **** 
 352:c:/Users/User/Documents/GitHub/ch32h417/EVT/EXAM/SRC/Peripheral/src\ch32h417_swpmi.c ****     enableit = (SWPMI->IER & SWPMI_IT);
 486              		.loc 1 352 5
 487              		.loc 1 352 22 is_stmt 0
 488 0000 B7870040 		li	a5,1073774592
 489 0004 93870740 		addi	a5,a5,1024
 490 0008 D84B     		lw	a4,20(a5)
 353:c:/Users/User/Documents/GitHub/ch32h417/EVT/EXAM/SRC/Peripheral/src\ch32h417_swpmi.c ****     enablestatus = (SWPMI->ISR & SWPMI_IT);
 491              		.loc 1 353 26
 492 000a DC47     		lw	a5,12(a5)
 352:c:/Users/User/Documents/GitHub/ch32h417/EVT/EXAM/SRC/Peripheral/src\ch32h417_swpmi.c ****     enablestatus = (SWPMI->ISR & SWPMI_IT);
 493              		.loc 1 352 28
 494 000c 33450508 		zext.h	a0,a0
 495              	.LVL22:
 496              		.loc 1 353 5 is_stmt 1
 354:c:/Users/User/Documents/GitHub/ch32h417/EVT/EXAM/SRC/Peripheral/src\ch32h417_swpmi.c **** 
 355:c:/Users/User/Documents/GitHub/ch32h417/EVT/EXAM/SRC/Peripheral/src\ch32h417_swpmi.c ****     if(enableit && enablestatus)
 497              		.loc 1 355 5
 498              		.loc 1 355 7 is_stmt 0
 499 0010 698F     		and	a4,a0,a4
 500              	.LVL23:
 501 0012 09C7     		beq	a4,zero,.L33
 502              		.loc 1 355 17 discriminator 1
 503 0014 7D8D     		and	a0,a0,a5
 504              	.LVL24:
 505 0016 3335A000 		snez	a0,a0
 506 001a 8280     		ret
 507              	.LVL25:
 508              	.L33:
 356:c:/Users/User/Documents/GitHub/ch32h417/EVT/EXAM/SRC/Peripheral/src\ch32h417_swpmi.c ****     {
 357:c:/Users/User/Documents/GitHub/ch32h417/EVT/EXAM/SRC/Peripheral/src\ch32h417_swpmi.c ****         bitstatus = SET;
 358:c:/Users/User/Documents/GitHub/ch32h417/EVT/EXAM/SRC/Peripheral/src\ch32h417_swpmi.c ****     }
 359:c:/Users/User/Documents/GitHub/ch32h417/EVT/EXAM/SRC/Peripheral/src\ch32h417_swpmi.c ****     else
 360:c:/Users/User/Documents/GitHub/ch32h417/EVT/EXAM/SRC/Peripheral/src\ch32h417_swpmi.c ****     {
 361:c:/Users/User/Documents/GitHub/ch32h417/EVT/EXAM/SRC/Peripheral/src\ch32h417_swpmi.c ****         bitstatus = RESET;
 509              		.loc 1 361 19
 510 001c 0145     		li	a0,0
 511              	.LVL26:
 362:c:/Users/User/Documents/GitHub/ch32h417/EVT/EXAM/SRC/Peripheral/src\ch32h417_swpmi.c ****     }
 363:c:/Users/User/Documents/GitHub/ch32h417/EVT/EXAM/SRC/Peripheral/src\ch32h417_swpmi.c **** 
 364:c:/Users/User/Documents/GitHub/ch32h417/EVT/EXAM/SRC/Peripheral/src\ch32h417_swpmi.c ****     return bitstatus;
 512              		.loc 1 364 5 is_stmt 1
 365:c:/Users/User/Documents/GitHub/ch32h417/EVT/EXAM/SRC/Peripheral/src\ch32h417_swpmi.c **** }
 513              		.loc 1 365 1 is_stmt 0
 514 001e 8280     		ret
 515              		.cfi_endproc
 516              	.LFE55:
 518              		.section	.text.SWPMI_ClearITPendingBit,"ax",@progbits
 519              		.align	1
 520              		.globl	SWPMI_ClearITPendingBit
 522              	SWPMI_ClearITPendingBit:
 523              	.LFB58:
 524              		.cfi_startproc
 366:c:/Users/User/Documents/GitHub/ch32h417/EVT/EXAM/SRC/Peripheral/src\ch32h417_swpmi.c **** 
 367:c:/Users/User/Documents/GitHub/ch32h417/EVT/EXAM/SRC/Peripheral/src\ch32h417_swpmi.c **** /*********************************************************************
 368:c:/Users/User/Documents/GitHub/ch32h417/EVT/EXAM/SRC/Peripheral/src\ch32h417_swpmi.c ****  * @fn      SWPMI_ClearITPendingBit
 369:c:/Users/User/Documents/GitHub/ch32h417/EVT/EXAM/SRC/Peripheral/src\ch32h417_swpmi.c ****  *
 370:c:/Users/User/Documents/GitHub/ch32h417/EVT/EXAM/SRC/Peripheral/src\ch32h417_swpmi.c ****  * @brief   Clears the SWPMI's interrupt pending bits.
 371:c:/Users/User/Documents/GitHub/ch32h417/EVT/EXAM/SRC/Peripheral/src\ch32h417_swpmi.c ****  *
 372:c:/Users/User/Documents/GitHub/ch32h417/EVT/EXAM/SRC/Peripheral/src\ch32h417_swpmi.c ****  * @param   interrupt - specifies the SWPMI interrupt pending bit to clear
 373:c:/Users/User/Documents/GitHub/ch32h417/EVT/EXAM/SRC/Peripheral/src\ch32h417_swpmi.c ****  *            SWPMI_IT_RXBF - RXBF interrupt flag
 374:c:/Users/User/Documents/GitHub/ch32h417/EVT/EXAM/SRC/Peripheral/src\ch32h417_swpmi.c ****  *            SWPMI_IT_TXBE - TXBE interrupt flag
 375:c:/Users/User/Documents/GitHub/ch32h417/EVT/EXAM/SRC/Peripheral/src\ch32h417_swpmi.c ****  *            SWPMI_IT_RXBER - RXBER interrupt flag
 376:c:/Users/User/Documents/GitHub/ch32h417/EVT/EXAM/SRC/Peripheral/src\ch32h417_swpmi.c ****  *            SWPMI_IT_RXOVR - RXOVR interrupt flag
 377:c:/Users/User/Documents/GitHub/ch32h417/EVT/EXAM/SRC/Peripheral/src\ch32h417_swpmi.c ****  *            SWPMI_IT_TXUNR - TXUNR interrupt flag
 378:c:/Users/User/Documents/GitHub/ch32h417/EVT/EXAM/SRC/Peripheral/src\ch32h417_swpmi.c ****  *            SWPMI_IT_TC - TC interrupt flag
 379:c:/Users/User/Documents/GitHub/ch32h417/EVT/EXAM/SRC/Peripheral/src\ch32h417_swpmi.c ****  *            SWPMI_IT_SR - SR interrupt flag
 380:c:/Users/User/Documents/GitHub/ch32h417/EVT/EXAM/SRC/Peripheral/src\ch32h417_swpmi.c ****  *            SWPMI_IT_RDY - RDY interrupt flag
 381:c:/Users/User/Documents/GitHub/ch32h417/EVT/EXAM/SRC/Peripheral/src\ch32h417_swpmi.c ****  *
 382:c:/Users/User/Documents/GitHub/ch32h417/EVT/EXAM/SRC/Peripheral/src\ch32h417_swpmi.c ****  * @return  none
 383:c:/Users/User/Documents/GitHub/ch32h417/EVT/EXAM/SRC/Peripheral/src\ch32h417_swpmi.c ****  */
 384:c:/Users/User/Documents/GitHub/ch32h417/EVT/EXAM/SRC/Peripheral/src\ch32h417_swpmi.c **** void SWPMI_ClearITPendingBit(uint32_t SWPMI_IT)
 525              		.loc 1 384 6 is_stmt 1
 526 0000 B7870040 		li	a5,1073774592
 527 0004 93870740 		addi	a5,a5,1024
 528 0008 88CB     		sw	a0,16(a5)
 529 000a 8280     		ret
 530              		.cfi_endproc
 531              	.LFE58:
 533              		.text
 534              	.Letext0:
 535              		.file 2 "d:\\mounriver\\mounriver_studio2\\resources\\app\\resources\\win32\\components\\wch\\tool
 536              		.file 3 "d:\\mounriver\\mounriver_studio2\\resources\\app\\resources\\win32\\components\\wch\\tool
 537              		.file 4 "c:/Users/User/Documents/GitHub/ch32h417/EVT/EXAM/SRC/Core/core_riscv.h"
 538              		.file 5 "c:/Users/User/Documents/GitHub/ch32h417/EVT/EXAM/SRC/Peripheral/inc/ch32h417.h"
 539              		.file 6 "c:/Users/User/Documents/GitHub/ch32h417/EVT/EXAM/SRC/Peripheral/inc/ch32h417_rcc.h"
 540              		.file 7 "c:/Users/User/Documents/GitHub/ch32h417/EVT/EXAM/SRC/Peripheral/inc/ch32h417_swpmi.h"
DEFINED SYMBOLS
                            *ABS*:0000000000000000 ch32h417_swpmi.c
C:\Users\User\AppData\Local\Temp\cciNC6M0.s:14     .text.SWPMI_DeInit:0000000000000000 SWPMI_DeInit
C:\Users\User\AppData\Local\Temp\cciNC6M0.s:18     .text.SWPMI_DeInit:0000000000000000 .L0 
C:\Users\User\AppData\Local\Temp\cciNC6M0.s:19     .text.SWPMI_DeInit:0000000000000000 $x
C:\Users\User\AppData\Local\Temp\cciNC6M0.s:19     .text.SWPMI_DeInit:0000000000000000 .L0 
C:\Users\User\AppData\Local\Temp\cciNC6M0.s:20     .text.SWPMI_DeInit:0000000000000008 .L0 
C:\Users\User\AppData\Local\Temp\cciNC6M0.s:21     .text.SWPMI_DeInit:0000000000000008 .L0 
C:\Users\User\AppData\Local\Temp\cciNC6M0.s:23     .text.SWPMI_DeInit:0000000000000008 .L0 
C:\Users\User\AppData\Local\Temp\cciNC6M0.s:28     .text.SWPMI_DeInit:0000000000000016 .L0 
C:\Users\User\AppData\Local\Temp\cciNC6M0.s:33     .text.SWPMI_DeInit:0000000000000024 .L0 
C:\Users\User\AppData\Local\Temp\cciNC6M0.s:34     .text.SWPMI_DeInit:000000000000002c .L0 
C:\Users\User\AppData\Local\Temp\cciNC6M0.s:35     .text.SWPMI_DeInit:000000000000002c .L0 
C:\Users\User\AppData\Local\Temp\cciNC6M0.s:36     .text.SWPMI_DeInit:000000000000002c .L0 
C:\Users\User\AppData\Local\Temp\cciNC6M0.s:43     .text.SWPMI_Init:0000000000000000 SWPMI_Init
C:\Users\User\AppData\Local\Temp\cciNC6M0.s:46     .text.SWPMI_Init:0000000000000000 .L0 
C:\Users\User\AppData\Local\Temp\cciNC6M0.s:48     .text.SWPMI_Init:0000000000000000 $x
C:\Users\User\AppData\Local\Temp\cciNC6M0.s:48     .text.SWPMI_Init:0000000000000000 .L0 
C:\Users\User\AppData\Local\Temp\cciNC6M0.s:49     .text.SWPMI_Init:0000000000000008 .L0 
C:\Users\User\AppData\Local\Temp\cciNC6M0.s:50     .text.SWPMI_Init:0000000000000008 .L0 
C:\Users\User\AppData\Local\Temp\cciNC6M0.s:51     .text.SWPMI_Init:0000000000000008 .L0 
C:\Users\User\AppData\Local\Temp\cciNC6M0.s:52     .text.SWPMI_Init:0000000000000008 .L0 
C:\Users\User\AppData\Local\Temp\cciNC6M0.s:55     .text.SWPMI_Init:0000000000000008 .L0 
C:\Users\User\AppData\Local\Temp\cciNC6M0.s:56     .text.SWPMI_Init:0000000000000008 .L0 
C:\Users\User\AppData\Local\Temp\cciNC6M0.s:57     .text.SWPMI_Init:0000000000000008 .L0 
C:\Users\User\AppData\Local\Temp\cciNC6M0.s:58     .text.SWPMI_Init:0000000000000008 .L0 
C:\Users\User\AppData\Local\Temp\cciNC6M0.s:62     .text.SWPMI_Init:0000000000000014 .L0 
C:\Users\User\AppData\Local\Temp\cciNC6M0.s:63     .text.SWPMI_Init:0000000000000014 .L0 
C:\Users\User\AppData\Local\Temp\cciNC6M0.s:66     .text.SWPMI_Init:0000000000000018 .L0 
C:\Users\User\AppData\Local\Temp\cciNC6M0.s:68     .text.SWPMI_Init:000000000000001a .L0 
C:\Users\User\AppData\Local\Temp\cciNC6M0.s:69     .text.SWPMI_Init:000000000000001c .L0 
C:\Users\User\AppData\Local\Temp\cciNC6M0.s:71     .text.SWPMI_Init:000000000000001c .L0 
C:\Users\User\AppData\Local\Temp\cciNC6M0.s:73     .text.SWPMI_Init:000000000000001e .L0 
C:\Users\User\AppData\Local\Temp\cciNC6M0.s:75     .text.SWPMI_Init:0000000000000020 .L0 
C:\Users\User\AppData\Local\Temp\cciNC6M0.s:77     .text.SWPMI_Init:0000000000000022 .L0 
C:\Users\User\AppData\Local\Temp\cciNC6M0.s:80     .text.SWPMI_Init:0000000000000024 .L0 
C:\Users\User\AppData\Local\Temp\cciNC6M0.s:82     .text.SWPMI_Init:0000000000000026 .L0 
C:\Users\User\AppData\Local\Temp\cciNC6M0.s:86     .text.SWPMI_Init:000000000000002c .L0 
C:\Users\User\AppData\Local\Temp\cciNC6M0.s:89     .text.SWPMI_Init:0000000000000034 .L0 
C:\Users\User\AppData\Local\Temp\cciNC6M0.s:90     .text.SWPMI_Init:0000000000000034 .L0 
C:\Users\User\AppData\Local\Temp\cciNC6M0.s:91     .text.SWPMI_Init:0000000000000034 .L0 
C:\Users\User\AppData\Local\Temp\cciNC6M0.s:95     .text.SWPMI_Init:000000000000003c .L0 
C:\Users\User\AppData\Local\Temp\cciNC6M0.s:97     .text.SWPMI_Init:000000000000003e .L0 
C:\Users\User\AppData\Local\Temp\cciNC6M0.s:99     .text.SWPMI_Init:0000000000000040 .L0 
C:\Users\User\AppData\Local\Temp\cciNC6M0.s:102    .text.SWPMI_Init:0000000000000042 .L0 
C:\Users\User\AppData\Local\Temp\cciNC6M0.s:103    .text.SWPMI_Init:0000000000000044 .L0 
C:\Users\User\AppData\Local\Temp\cciNC6M0.s:105    .text.SWPMI_Init:000000000000004c .L0 
C:\Users\User\AppData\Local\Temp\cciNC6M0.s:106    .text.SWPMI_Init:000000000000004c .L0 
C:\Users\User\AppData\Local\Temp\cciNC6M0.s:107    .text.SWPMI_Init:000000000000004c .L0 
C:\Users\User\AppData\Local\Temp\cciNC6M0.s:108    .text.SWPMI_Init:000000000000004c .L0 
C:\Users\User\AppData\Local\Temp\cciNC6M0.s:109    .text.SWPMI_Init:000000000000004c .L0 
C:\Users\User\AppData\Local\Temp\cciNC6M0.s:116    .text.SWPMI_StructInit:0000000000000000 SWPMI_StructInit
C:\Users\User\AppData\Local\Temp\cciNC6M0.s:119    .text.SWPMI_StructInit:0000000000000000 .L0 
C:\Users\User\AppData\Local\Temp\cciNC6M0.s:121    .text.SWPMI_StructInit:0000000000000000 .L0 
C:\Users\User\AppData\Local\Temp\cciNC6M0.s:122    .text.SWPMI_StructInit:0000000000000000 .L0 
C:\Users\User\AppData\Local\Temp\cciNC6M0.s:123    .text.SWPMI_StructInit:0000000000000000 $x
C:\Users\User\AppData\Local\Temp\cciNC6M0.s:123    .text.SWPMI_StructInit:0000000000000000 .L0 
C:\Users\User\AppData\Local\Temp\cciNC6M0.s:126    .text.SWPMI_StructInit:0000000000000006 .L0 
C:\Users\User\AppData\Local\Temp\cciNC6M0.s:128    .text.SWPMI_StructInit:000000000000000a .L0 
C:\Users\User\AppData\Local\Temp\cciNC6M0.s:129    .text.SWPMI_StructInit:000000000000000a .L0 
C:\Users\User\AppData\Local\Temp\cciNC6M0.s:130    .text.SWPMI_StructInit:000000000000000a .L0 
C:\Users\User\AppData\Local\Temp\cciNC6M0.s:131    .text.SWPMI_StructInit:000000000000000a .L0 
C:\Users\User\AppData\Local\Temp\cciNC6M0.s:133    .text.SWPMI_StructInit:000000000000000c .L0 
C:\Users\User\AppData\Local\Temp\cciNC6M0.s:135    .text.SWPMI_StructInit:0000000000000010 .L0 
C:\Users\User\AppData\Local\Temp\cciNC6M0.s:136    .text.SWPMI_StructInit:0000000000000012 .L0 
C:\Users\User\AppData\Local\Temp\cciNC6M0.s:143    .text.SWPMI_Cmd:0000000000000000 SWPMI_Cmd
C:\Users\User\AppData\Local\Temp\cciNC6M0.s:146    .text.SWPMI_Cmd:0000000000000000 .L0 
C:\Users\User\AppData\Local\Temp\cciNC6M0.s:148    .text.SWPMI_Cmd:0000000000000000 .L0 
C:\Users\User\AppData\Local\Temp\cciNC6M0.s:149    .text.SWPMI_Cmd:0000000000000000 $x
C:\Users\User\AppData\Local\Temp\cciNC6M0.s:149    .text.SWPMI_Cmd:0000000000000000 .L0 
C:\Users\User\AppData\Local\Temp\cciNC6M0.s:152    .text.SWPMI_Cmd:0000000000000008 .L0 
C:\Users\User\AppData\Local\Temp\cciNC6M0.s:154    .text.SWPMI_Cmd:000000000000000a .L0 
C:\Users\User\AppData\Local\Temp\cciNC6M0.s:156    .text.SWPMI_Cmd:000000000000000c .L0 
C:\Users\User\AppData\Local\Temp\cciNC6M0.s:157    .text.SWPMI_Cmd:000000000000000c .L0 
C:\Users\User\AppData\Local\Temp\cciNC6M0.s:160    .text.SWPMI_Cmd:0000000000000010 .L0 
C:\Users\User\AppData\Local\Temp\cciNC6M0.s:162    .text.SWPMI_Cmd:0000000000000012 .L0 
C:\Users\User\AppData\Local\Temp\cciNC6M0.s:165    .text.SWPMI_Cmd:0000000000000014 .L0 
C:\Users\User\AppData\Local\Temp\cciNC6M0.s:166    .text.SWPMI_Cmd:0000000000000014 .L0 
C:\Users\User\AppData\Local\Temp\cciNC6M0.s:168    .text.SWPMI_Cmd:000000000000001a .L0 
C:\Users\User\AppData\Local\Temp\cciNC6M0.s:175    .text.SWPMI_ActivateCmd:0000000000000000 SWPMI_ActivateCmd
C:\Users\User\AppData\Local\Temp\cciNC6M0.s:178    .text.SWPMI_ActivateCmd:0000000000000000 .L0 
C:\Users\User\AppData\Local\Temp\cciNC6M0.s:180    .text.SWPMI_ActivateCmd:0000000000000000 .L0 
C:\Users\User\AppData\Local\Temp\cciNC6M0.s:181    .text.SWPMI_ActivateCmd:0000000000000000 $x
C:\Users\User\AppData\Local\Temp\cciNC6M0.s:181    .text.SWPMI_ActivateCmd:0000000000000000 .L0 
C:\Users\User\AppData\Local\Temp\cciNC6M0.s:184    .text.SWPMI_ActivateCmd:0000000000000008 .L0 
C:\Users\User\AppData\Local\Temp\cciNC6M0.s:186    .text.SWPMI_ActivateCmd:000000000000000a .L0 
C:\Users\User\AppData\Local\Temp\cciNC6M0.s:188    .text.SWPMI_ActivateCmd:000000000000000c .L0 
C:\Users\User\AppData\Local\Temp\cciNC6M0.s:189    .text.SWPMI_ActivateCmd:000000000000000c .L0 
C:\Users\User\AppData\Local\Temp\cciNC6M0.s:192    .text.SWPMI_ActivateCmd:0000000000000012 .L0 
C:\Users\User\AppData\Local\Temp\cciNC6M0.s:193    .text.SWPMI_ActivateCmd:0000000000000012 .L0 
C:\Users\User\AppData\Local\Temp\cciNC6M0.s:195    .text.SWPMI_ActivateCmd:0000000000000014 .L0 
C:\Users\User\AppData\Local\Temp\cciNC6M0.s:198    .text.SWPMI_ActivateCmd:0000000000000018 .L0 
C:\Users\User\AppData\Local\Temp\cciNC6M0.s:200    .text.SWPMI_ActivateCmd:000000000000001a .L0 
C:\Users\User\AppData\Local\Temp\cciNC6M0.s:203    .text.SWPMI_ActivateCmd:000000000000001c .L0 
C:\Users\User\AppData\Local\Temp\cciNC6M0.s:204    .text.SWPMI_ActivateCmd:000000000000001c .L0 
C:\Users\User\AppData\Local\Temp\cciNC6M0.s:206    .text.SWPMI_ActivateCmd:0000000000000022 .L0 
C:\Users\User\AppData\Local\Temp\cciNC6M0.s:213    .text.SWPMI_LoopbackCmd:0000000000000000 SWPMI_LoopbackCmd
C:\Users\User\AppData\Local\Temp\cciNC6M0.s:216    .text.SWPMI_LoopbackCmd:0000000000000000 .L0 
C:\Users\User\AppData\Local\Temp\cciNC6M0.s:218    .text.SWPMI_LoopbackCmd:0000000000000000 .L0 
C:\Users\User\AppData\Local\Temp\cciNC6M0.s:219    .text.SWPMI_LoopbackCmd:0000000000000000 $x
C:\Users\User\AppData\Local\Temp\cciNC6M0.s:219    .text.SWPMI_LoopbackCmd:0000000000000000 .L0 
C:\Users\User\AppData\Local\Temp\cciNC6M0.s:222    .text.SWPMI_LoopbackCmd:0000000000000008 .L0 
C:\Users\User\AppData\Local\Temp\cciNC6M0.s:224    .text.SWPMI_LoopbackCmd:000000000000000a .L0 
C:\Users\User\AppData\Local\Temp\cciNC6M0.s:226    .text.SWPMI_LoopbackCmd:000000000000000c .L0 
C:\Users\User\AppData\Local\Temp\cciNC6M0.s:227    .text.SWPMI_LoopbackCmd:000000000000000c .L0 
C:\Users\User\AppData\Local\Temp\cciNC6M0.s:230    .text.SWPMI_LoopbackCmd:0000000000000010 .L0 
C:\Users\User\AppData\Local\Temp\cciNC6M0.s:232    .text.SWPMI_LoopbackCmd:0000000000000012 .L0 
C:\Users\User\AppData\Local\Temp\cciNC6M0.s:235    .text.SWPMI_LoopbackCmd:0000000000000014 .L0 
C:\Users\User\AppData\Local\Temp\cciNC6M0.s:236    .text.SWPMI_LoopbackCmd:0000000000000014 .L0 
C:\Users\User\AppData\Local\Temp\cciNC6M0.s:238    .text.SWPMI_LoopbackCmd:0000000000000018 .L0 
C:\Users\User\AppData\Local\Temp\cciNC6M0.s:245    .text.SWPMI_TxBufferModeConfig:0000000000000000 SWPMI_TxBufferModeConfig
C:\Users\User\AppData\Local\Temp\cciNC6M0.s:248    .text.SWPMI_TxBufferModeConfig:0000000000000000 .L0 
C:\Users\User\AppData\Local\Temp\cciNC6M0.s:250    .text.SWPMI_TxBufferModeConfig:0000000000000000 .L0 
C:\Users\User\AppData\Local\Temp\cciNC6M0.s:251    .text.SWPMI_TxBufferModeConfig:0000000000000000 .L0 
C:\Users\User\AppData\Local\Temp\cciNC6M0.s:252    .text.SWPMI_TxBufferModeConfig:0000000000000000 $x
C:\Users\User\AppData\Local\Temp\cciNC6M0.s:252    .text.SWPMI_TxBufferModeConfig:0000000000000000 .L0 
C:\Users\User\AppData\Local\Temp\cciNC6M0.s:256    .text.SWPMI_TxBufferModeConfig:000000000000000a .L0 
C:\Users\User\AppData\Local\Temp\cciNC6M0.s:259    .text.SWPMI_TxBufferModeConfig:0000000000000010 .L0 
C:\Users\User\AppData\Local\Temp\cciNC6M0.s:260    .text.SWPMI_TxBufferModeConfig:0000000000000010 .L0 
C:\Users\User\AppData\Local\Temp\cciNC6M0.s:262    .text.SWPMI_TxBufferModeConfig:0000000000000012 .L0 
C:\Users\User\AppData\Local\Temp\cciNC6M0.s:265    .text.SWPMI_TxBufferModeConfig:0000000000000016 .L0 
C:\Users\User\AppData\Local\Temp\cciNC6M0.s:266    .text.SWPMI_TxBufferModeConfig:0000000000000016 .L0 
C:\Users\User\AppData\Local\Temp\cciNC6M0.s:268    .text.SWPMI_TxBufferModeConfig:0000000000000018 .L0 
C:\Users\User\AppData\Local\Temp\cciNC6M0.s:271    .text.SWPMI_TxBufferModeConfig:000000000000001c .L0 
C:\Users\User\AppData\Local\Temp\cciNC6M0.s:272    .text.SWPMI_TxBufferModeConfig:000000000000001e .L0 
C:\Users\User\AppData\Local\Temp\cciNC6M0.s:279    .text.SWPMI_RxBufferModeConfig:0000000000000000 SWPMI_RxBufferModeConfig
C:\Users\User\AppData\Local\Temp\cciNC6M0.s:282    .text.SWPMI_RxBufferModeConfig:0000000000000000 .L0 
C:\Users\User\AppData\Local\Temp\cciNC6M0.s:284    .text.SWPMI_RxBufferModeConfig:0000000000000000 .L0 
C:\Users\User\AppData\Local\Temp\cciNC6M0.s:285    .text.SWPMI_RxBufferModeConfig:0000000000000000 .L0 
C:\Users\User\AppData\Local\Temp\cciNC6M0.s:286    .text.SWPMI_RxBufferModeConfig:0000000000000000 $x
C:\Users\User\AppData\Local\Temp\cciNC6M0.s:286    .text.SWPMI_RxBufferModeConfig:0000000000000000 .L0 
C:\Users\User\AppData\Local\Temp\cciNC6M0.s:290    .text.SWPMI_RxBufferModeConfig:000000000000000a .L0 
C:\Users\User\AppData\Local\Temp\cciNC6M0.s:293    .text.SWPMI_RxBufferModeConfig:0000000000000010 .L0 
C:\Users\User\AppData\Local\Temp\cciNC6M0.s:294    .text.SWPMI_RxBufferModeConfig:0000000000000010 .L0 
C:\Users\User\AppData\Local\Temp\cciNC6M0.s:296    .text.SWPMI_RxBufferModeConfig:0000000000000012 .L0 
C:\Users\User\AppData\Local\Temp\cciNC6M0.s:299    .text.SWPMI_RxBufferModeConfig:0000000000000016 .L0 
C:\Users\User\AppData\Local\Temp\cciNC6M0.s:300    .text.SWPMI_RxBufferModeConfig:0000000000000016 .L0 
C:\Users\User\AppData\Local\Temp\cciNC6M0.s:302    .text.SWPMI_RxBufferModeConfig:0000000000000018 .L0 
C:\Users\User\AppData\Local\Temp\cciNC6M0.s:305    .text.SWPMI_RxBufferModeConfig:000000000000001c .L0 
C:\Users\User\AppData\Local\Temp\cciNC6M0.s:306    .text.SWPMI_RxBufferModeConfig:000000000000001e .L0 
C:\Users\User\AppData\Local\Temp\cciNC6M0.s:313    .text.SWPMI_GetReceiveFrameLength:0000000000000000 SWPMI_GetReceiveFrameLength
C:\Users\User\AppData\Local\Temp\cciNC6M0.s:316    .text.SWPMI_GetReceiveFrameLength:0000000000000000 .L0 
C:\Users\User\AppData\Local\Temp\cciNC6M0.s:317    .text.SWPMI_GetReceiveFrameLength:0000000000000000 .L0 
C:\Users\User\AppData\Local\Temp\cciNC6M0.s:318    .text.SWPMI_GetReceiveFrameLength:0000000000000000 .L0 
C:\Users\User\AppData\Local\Temp\cciNC6M0.s:319    .text.SWPMI_GetReceiveFrameLength:0000000000000000 $x
C:\Users\User\AppData\Local\Temp\cciNC6M0.s:319    .text.SWPMI_GetReceiveFrameLength:0000000000000000 .L0 
C:\Users\User\AppData\Local\Temp\cciNC6M0.s:323    .text.SWPMI_GetReceiveFrameLength:000000000000000a .L0 
C:\Users\User\AppData\Local\Temp\cciNC6M0.s:325    .text.SWPMI_GetReceiveFrameLength:000000000000000e .L0 
C:\Users\User\AppData\Local\Temp\cciNC6M0.s:332    .text.SWPMI_TransmitData32:0000000000000000 SWPMI_TransmitData32
C:\Users\User\AppData\Local\Temp\cciNC6M0.s:335    .text.SWPMI_TransmitData32:0000000000000000 .L0 
C:\Users\User\AppData\Local\Temp\cciNC6M0.s:337    .text.SWPMI_TransmitData32:0000000000000000 .L0 
C:\Users\User\AppData\Local\Temp\cciNC6M0.s:338    .text.SWPMI_TransmitData32:0000000000000000 .L0 
C:\Users\User\AppData\Local\Temp\cciNC6M0.s:339    .text.SWPMI_TransmitData32:0000000000000000 $x
C:\Users\User\AppData\Local\Temp\cciNC6M0.s:339    .text.SWPMI_TransmitData32:0000000000000000 .L0 
C:\Users\User\AppData\Local\Temp\cciNC6M0.s:343    .text.SWPMI_TransmitData32:000000000000000a .L0 
C:\Users\User\AppData\Local\Temp\cciNC6M0.s:344    .text.SWPMI_TransmitData32:000000000000000c .L0 
C:\Users\User\AppData\Local\Temp\cciNC6M0.s:351    .text.SWPMI_ReceiveData32:0000000000000000 SWPMI_ReceiveData32
C:\Users\User\AppData\Local\Temp\cciNC6M0.s:354    .text.SWPMI_ReceiveData32:0000000000000000 .L0 
C:\Users\User\AppData\Local\Temp\cciNC6M0.s:355    .text.SWPMI_ReceiveData32:0000000000000000 .L0 
C:\Users\User\AppData\Local\Temp\cciNC6M0.s:356    .text.SWPMI_ReceiveData32:0000000000000000 .L0 
C:\Users\User\AppData\Local\Temp\cciNC6M0.s:357    .text.SWPMI_ReceiveData32:0000000000000000 $x
C:\Users\User\AppData\Local\Temp\cciNC6M0.s:357    .text.SWPMI_ReceiveData32:0000000000000000 .L0 
C:\Users\User\AppData\Local\Temp\cciNC6M0.s:361    .text.SWPMI_ReceiveData32:000000000000000a .L0 
C:\Users\User\AppData\Local\Temp\cciNC6M0.s:362    .text.SWPMI_ReceiveData32:000000000000000c .L0 
C:\Users\User\AppData\Local\Temp\cciNC6M0.s:369    .text.SWPMI_BypassCmd:0000000000000000 SWPMI_BypassCmd
C:\Users\User\AppData\Local\Temp\cciNC6M0.s:372    .text.SWPMI_BypassCmd:0000000000000000 .L0 
C:\Users\User\AppData\Local\Temp\cciNC6M0.s:374    .text.SWPMI_BypassCmd:0000000000000000 .L0 
C:\Users\User\AppData\Local\Temp\cciNC6M0.s:375    .text.SWPMI_BypassCmd:0000000000000000 $x
C:\Users\User\AppData\Local\Temp\cciNC6M0.s:375    .text.SWPMI_BypassCmd:0000000000000000 .L0 
C:\Users\User\AppData\Local\Temp\cciNC6M0.s:378    .text.SWPMI_BypassCmd:0000000000000008 .L0 
C:\Users\User\AppData\Local\Temp\cciNC6M0.s:380    .text.SWPMI_BypassCmd:000000000000000a .L0 
C:\Users\User\AppData\Local\Temp\cciNC6M0.s:381    .text.SWPMI_BypassCmd:000000000000000a .L0 
C:\Users\User\AppData\Local\Temp\cciNC6M0.s:383    .text.SWPMI_BypassCmd:000000000000000c .L0 
C:\Users\User\AppData\Local\Temp\cciNC6M0.s:388    .text.SWPMI_BypassCmd:0000000000000014 .L0 
C:\Users\User\AppData\Local\Temp\cciNC6M0.s:389    .text.SWPMI_BypassCmd:0000000000000014 .L0 
C:\Users\User\AppData\Local\Temp\cciNC6M0.s:391    .text.SWPMI_BypassCmd:0000000000000016 .L0 
C:\Users\User\AppData\Local\Temp\cciNC6M0.s:394    .text.SWPMI_BypassCmd:000000000000001a .L0 
C:\Users\User\AppData\Local\Temp\cciNC6M0.s:395    .text.SWPMI_BypassCmd:000000000000001c .L0 
C:\Users\User\AppData\Local\Temp\cciNC6M0.s:402    .text.SWPMI_GetFlagStatus:0000000000000000 SWPMI_GetFlagStatus
C:\Users\User\AppData\Local\Temp\cciNC6M0.s:405    .text.SWPMI_GetFlagStatus:0000000000000000 .L0 
C:\Users\User\AppData\Local\Temp\cciNC6M0.s:407    .text.SWPMI_GetFlagStatus:0000000000000000 .L0 
C:\Users\User\AppData\Local\Temp\cciNC6M0.s:408    .text.SWPMI_GetFlagStatus:0000000000000000 .L0 
C:\Users\User\AppData\Local\Temp\cciNC6M0.s:409    .text.SWPMI_GetFlagStatus:0000000000000000 .L0 
C:\Users\User\AppData\Local\Temp\cciNC6M0.s:410    .text.SWPMI_GetFlagStatus:0000000000000000 $x
C:\Users\User\AppData\Local\Temp\cciNC6M0.s:410    .text.SWPMI_GetFlagStatus:0000000000000000 .L0 
C:\Users\User\AppData\Local\Temp\cciNC6M0.s:415    .text.SWPMI_GetFlagStatus:000000000000000a .L0 
C:\Users\User\AppData\Local\Temp\cciNC6M0.s:416    .text.SWPMI_GetFlagStatus:000000000000000a .L0 
C:\Users\User\AppData\Local\Temp\cciNC6M0.s:419    .text.SWPMI_GetFlagStatus:000000000000000c .L0 
C:\Users\User\AppData\Local\Temp\cciNC6M0.s:421    .text.SWPMI_GetFlagStatus:0000000000000012 .L0 
C:\Users\User\AppData\Local\Temp\cciNC6M0.s:428    .text.SWPMI_ClearFlag:0000000000000000 SWPMI_ClearFlag
C:\Users\User\AppData\Local\Temp\cciNC6M0.s:431    .text.SWPMI_ClearFlag:0000000000000000 .L0 
C:\Users\User\AppData\Local\Temp\cciNC6M0.s:433    .text.SWPMI_ClearFlag:0000000000000000 .L0 
C:\Users\User\AppData\Local\Temp\cciNC6M0.s:434    .text.SWPMI_ClearFlag:0000000000000000 .L0 
C:\Users\User\AppData\Local\Temp\cciNC6M0.s:435    .text.SWPMI_ClearFlag:0000000000000000 $x
C:\Users\User\AppData\Local\Temp\cciNC6M0.s:435    .text.SWPMI_ClearFlag:0000000000000000 .L0 
C:\Users\User\AppData\Local\Temp\cciNC6M0.s:439    .text.SWPMI_ClearFlag:000000000000000a .L0 
C:\Users\User\AppData\Local\Temp\cciNC6M0.s:440    .text.SWPMI_ClearFlag:000000000000000c .L0 
C:\Users\User\AppData\Local\Temp\cciNC6M0.s:447    .text.SWPMI_ITConfig:0000000000000000 SWPMI_ITConfig
C:\Users\User\AppData\Local\Temp\cciNC6M0.s:450    .text.SWPMI_ITConfig:0000000000000000 .L0 
C:\Users\User\AppData\Local\Temp\cciNC6M0.s:452    .text.SWPMI_ITConfig:0000000000000000 .L0 
C:\Users\User\AppData\Local\Temp\cciNC6M0.s:453    .text.SWPMI_ITConfig:0000000000000000 $x
C:\Users\User\AppData\Local\Temp\cciNC6M0.s:453    .text.SWPMI_ITConfig:0000000000000000 .L0 
C:\Users\User\AppData\Local\Temp\cciNC6M0.s:456    .text.SWPMI_ITConfig:0000000000000008 .L0 
C:\Users\User\AppData\Local\Temp\cciNC6M0.s:458    .text.SWPMI_ITConfig:000000000000000a .L0 
C:\Users\User\AppData\Local\Temp\cciNC6M0.s:460    .text.SWPMI_ITConfig:000000000000000c .L0 
C:\Users\User\AppData\Local\Temp\cciNC6M0.s:461    .text.SWPMI_ITConfig:000000000000000c .L0 
C:\Users\User\AppData\Local\Temp\cciNC6M0.s:466    .text.SWPMI_ITConfig:0000000000000012 .L0 
C:\Users\User\AppData\Local\Temp\cciNC6M0.s:467    .text.SWPMI_ITConfig:0000000000000012 .L0 
C:\Users\User\AppData\Local\Temp\cciNC6M0.s:471    .text.SWPMI_ITConfig:0000000000000018 .L0 
C:\Users\User\AppData\Local\Temp\cciNC6M0.s:472    .text.SWPMI_ITConfig:000000000000001a .L0 
C:\Users\User\AppData\Local\Temp\cciNC6M0.s:479    .text.SWPMI_GetITStatus:0000000000000000 SWPMI_GetITStatus
C:\Users\User\AppData\Local\Temp\cciNC6M0.s:482    .text.SWPMI_GetITStatus:0000000000000000 .L0 
C:\Users\User\AppData\Local\Temp\cciNC6M0.s:484    .text.SWPMI_GetITStatus:0000000000000000 .L0 
C:\Users\User\AppData\Local\Temp\cciNC6M0.s:485    .text.SWPMI_GetITStatus:0000000000000000 .L0 
C:\Users\User\AppData\Local\Temp\cciNC6M0.s:486    .text.SWPMI_GetITStatus:0000000000000000 .L0 
C:\Users\User\AppData\Local\Temp\cciNC6M0.s:487    .text.SWPMI_GetITStatus:0000000000000000 .L0 
C:\Users\User\AppData\Local\Temp\cciNC6M0.s:488    .text.SWPMI_GetITStatus:0000000000000000 $x
C:\Users\User\AppData\Local\Temp\cciNC6M0.s:488    .text.SWPMI_GetITStatus:0000000000000000 .L0 
C:\Users\User\AppData\Local\Temp\cciNC6M0.s:492    .text.SWPMI_GetITStatus:000000000000000a .L0 
C:\Users\User\AppData\Local\Temp\cciNC6M0.s:494    .text.SWPMI_GetITStatus:000000000000000c .L0 
C:\Users\User\AppData\Local\Temp\cciNC6M0.s:497    .text.SWPMI_GetITStatus:0000000000000010 .L0 
C:\Users\User\AppData\Local\Temp\cciNC6M0.s:498    .text.SWPMI_GetITStatus:0000000000000010 .L0 
C:\Users\User\AppData\Local\Temp\cciNC6M0.s:499    .text.SWPMI_GetITStatus:0000000000000010 .L0 
C:\Users\User\AppData\Local\Temp\cciNC6M0.s:503    .text.SWPMI_GetITStatus:0000000000000014 .L0 
C:\Users\User\AppData\Local\Temp\cciNC6M0.s:510    .text.SWPMI_GetITStatus:000000000000001c .L0 
C:\Users\User\AppData\Local\Temp\cciNC6M0.s:513    .text.SWPMI_GetITStatus:000000000000001e .L0 
C:\Users\User\AppData\Local\Temp\cciNC6M0.s:514    .text.SWPMI_GetITStatus:000000000000001e .L0 
C:\Users\User\AppData\Local\Temp\cciNC6M0.s:515    .text.SWPMI_GetITStatus:0000000000000020 .L0 
C:\Users\User\AppData\Local\Temp\cciNC6M0.s:522    .text.SWPMI_ClearITPendingBit:0000000000000000 SWPMI_ClearITPendingBit
C:\Users\User\AppData\Local\Temp\cciNC6M0.s:524    .text.SWPMI_ClearITPendingBit:0000000000000000 .L0 
C:\Users\User\AppData\Local\Temp\cciNC6M0.s:526    .text.SWPMI_ClearITPendingBit:0000000000000000 $x
C:\Users\User\AppData\Local\Temp\cciNC6M0.s:526    .text.SWPMI_ClearITPendingBit:0000000000000000 .L0 
C:\Users\User\AppData\Local\Temp\cciNC6M0.s:530    .text.SWPMI_ClearITPendingBit:000000000000000c .L0 
C:\Users\User\AppData\Local\Temp\cciNC6M0.s:2236   .debug_line_str:00000000000000a7 .L0 
C:\Users\User\AppData\Local\Temp\cciNC6M0.s:2236   .debug_line_str:00000000000000f9 .L0 
C:\Users\User\AppData\Local\Temp\cciNC6M0.s:2236   .debug_line_str:000000000000013d .L0 
C:\Users\User\AppData\Local\Temp\cciNC6M0.s:2236   .debug_line_str:00000000000001c7 .L0 
C:\Users\User\AppData\Local\Temp\cciNC6M0.s:2236   .debug_line_str:000000000000024d .L0 
C:\Users\User\AppData\Local\Temp\cciNC6M0.s:2236   .debug_line_str:0000000000000287 .L0 
C:\Users\User\AppData\Local\Temp\cciNC6M0.s:2236   .debug_line_str:00000000000002cb .L0 
C:\Users\User\AppData\Local\Temp\cciNC6M0.s:2236   .debug_line_str:00000000000002dc .L0 
C:\Users\User\AppData\Local\Temp\cciNC6M0.s:2236   .debug_line_str:00000000000002ed .L0 
C:\Users\User\AppData\Local\Temp\cciNC6M0.s:2236   .debug_line_str:00000000000002fe .L0 
C:\Users\User\AppData\Local\Temp\cciNC6M0.s:2236   .debug_line_str:0000000000000308 .L0 
C:\Users\User\AppData\Local\Temp\cciNC6M0.s:2236   .debug_line_str:0000000000000315 .L0 
C:\Users\User\AppData\Local\Temp\cciNC6M0.s:2236   .debug_line_str:0000000000000320 .L0 
C:\Users\User\AppData\Local\Temp\cciNC6M0.s:2236   .debug_line_str:000000000000032f .L0 
C:\Users\User\AppData\Local\Temp\cciNC6M0.s:39     .text.SWPMI_DeInit:000000000000002c .L0 
C:\Users\User\AppData\Local\Temp\cciNC6M0.s:112    .text.SWPMI_Init:000000000000004c .L0 
C:\Users\User\AppData\Local\Temp\cciNC6M0.s:139    .text.SWPMI_StructInit:0000000000000012 .L0 
C:\Users\User\AppData\Local\Temp\cciNC6M0.s:171    .text.SWPMI_Cmd:000000000000001a .L0 
C:\Users\User\AppData\Local\Temp\cciNC6M0.s:209    .text.SWPMI_ActivateCmd:0000000000000022 .L0 
C:\Users\User\AppData\Local\Temp\cciNC6M0.s:241    .text.SWPMI_LoopbackCmd:0000000000000018 .L0 
C:\Users\User\AppData\Local\Temp\cciNC6M0.s:275    .text.SWPMI_TxBufferModeConfig:000000000000001e .L0 
C:\Users\User\AppData\Local\Temp\cciNC6M0.s:309    .text.SWPMI_RxBufferModeConfig:000000000000001e .L0 
C:\Users\User\AppData\Local\Temp\cciNC6M0.s:328    .text.SWPMI_GetReceiveFrameLength:000000000000000e .L0 
C:\Users\User\AppData\Local\Temp\cciNC6M0.s:347    .text.SWPMI_TransmitData32:000000000000000c .L0 
C:\Users\User\AppData\Local\Temp\cciNC6M0.s:365    .text.SWPMI_ReceiveData32:000000000000000c .L0 
C:\Users\User\AppData\Local\Temp\cciNC6M0.s:398    .text.SWPMI_BypassCmd:000000000000001c .L0 
C:\Users\User\AppData\Local\Temp\cciNC6M0.s:424    .text.SWPMI_GetFlagStatus:0000000000000012 .L0 
C:\Users\User\AppData\Local\Temp\cciNC6M0.s:443    .text.SWPMI_ClearFlag:000000000000000c .L0 
C:\Users\User\AppData\Local\Temp\cciNC6M0.s:475    .text.SWPMI_ITConfig:000000000000001a .L0 
C:\Users\User\AppData\Local\Temp\cciNC6M0.s:518    .text.SWPMI_GetITStatus:0000000000000020 .L0 
C:\Users\User\AppData\Local\Temp\cciNC6M0.s:533    .text.SWPMI_ClearITPendingBit:000000000000000c .L0 
                     .debug_frame:0000000000000000 .L0 
C:\Users\User\AppData\Local\Temp\cciNC6M0.s:163    .text.SWPMI_Cmd:0000000000000014 .L7
C:\Users\User\AppData\Local\Temp\cciNC6M0.s:158    .text.SWPMI_Cmd:0000000000000010 .L9
C:\Users\User\AppData\Local\Temp\cciNC6M0.s:201    .text.SWPMI_ActivateCmd:000000000000001c .L11
C:\Users\User\AppData\Local\Temp\cciNC6M0.s:196    .text.SWPMI_ActivateCmd:0000000000000018 .L13
C:\Users\User\AppData\Local\Temp\cciNC6M0.s:233    .text.SWPMI_LoopbackCmd:0000000000000014 .L15
C:\Users\User\AppData\Local\Temp\cciNC6M0.s:228    .text.SWPMI_LoopbackCmd:0000000000000010 .L17
C:\Users\User\AppData\Local\Temp\cciNC6M0.s:386    .text.SWPMI_BypassCmd:0000000000000014 .L24
C:\Users\User\AppData\Local\Temp\cciNC6M0.s:464    .text.SWPMI_ITConfig:0000000000000012 .L29
C:\Users\User\AppData\Local\Temp\cciNC6M0.s:508    .text.SWPMI_GetITStatus:000000000000001c .L33
C:\Users\User\AppData\Local\Temp\cciNC6M0.s:1195   .debug_abbrev:0000000000000000 .Ldebug_abbrev0
C:\Users\User\AppData\Local\Temp\cciNC6M0.s:2153   .debug_str:000000000000016a .LASF66
C:\Users\User\AppData\Local\Temp\cciNC6M0.s:2234   .debug_line_str:0000000000000052 .LASF0
C:\Users\User\AppData\Local\Temp\cciNC6M0.s:2232   .debug_line_str:0000000000000000 .LASF1
C:\Users\User\AppData\Local\Temp\cciNC6M0.s:2042   .debug_rnglists:000000000000000c .LLRL8
C:\Users\User\AppData\Local\Temp\cciNC6M0.s:2097   .debug_line:0000000000000000 .Ldebug_line0
C:\Users\User\AppData\Local\Temp\cciNC6M0.s:2175   .debug_str:00000000000002ed .LASF2
C:\Users\User\AppData\Local\Temp\cciNC6M0.s:2131   .debug_str:00000000000000da .LASF3
C:\Users\User\AppData\Local\Temp\cciNC6M0.s:2151   .debug_str:0000000000000160 .LASF6
C:\Users\User\AppData\Local\Temp\cciNC6M0.s:2161   .debug_str:0000000000000276 .LASF4
C:\Users\User\AppData\Local\Temp\cciNC6M0.s:2117   .debug_str:0000000000000088 .LASF5
C:\Users\User\AppData\Local\Temp\cciNC6M0.s:2113   .debug_str:000000000000006b .LASF7
C:\Users\User\AppData\Local\Temp\cciNC6M0.s:2193   .debug_str:0000000000000362 .LASF8
C:\Users\User\AppData\Local\Temp\cciNC6M0.s:2149   .debug_str:0000000000000157 .LASF9
C:\Users\User\AppData\Local\Temp\cciNC6M0.s:2111   .debug_str:0000000000000060 .LASF10
C:\Users\User\AppData\Local\Temp\cciNC6M0.s:2203   .debug_str:00000000000003b4 .LASF11
C:\Users\User\AppData\Local\Temp\cciNC6M0.s:2141   .debug_str:000000000000011d .LASF12
C:\Users\User\AppData\Local\Temp\cciNC6M0.s:2169   .debug_str:00000000000002c5 .LASF13
C:\Users\User\AppData\Local\Temp\cciNC6M0.s:2121   .debug_str:00000000000000a3 .LASF14
C:\Users\User\AppData\Local\Temp\cciNC6M0.s:2177   .debug_str:00000000000002fa .LASF15
C:\Users\User\AppData\Local\Temp\cciNC6M0.s:2171   .debug_str:00000000000002dc .LASF16
C:\Users\User\AppData\Local\Temp\cciNC6M0.s:2127   .debug_str:00000000000000c2 .LASF17
C:\Users\User\AppData\Local\Temp\cciNC6M0.s:2229   .debug_str:0000000000000479 .LASF18
C:\Users\User\AppData\Local\Temp\cciNC6M0.s:2207   .debug_str:00000000000003d1 .LASF19
C:\Users\User\AppData\Local\Temp\cciNC6M0.s:2213   .debug_str:0000000000000404 .LASF20
C:\Users\User\AppData\Local\Temp\cciNC6M0.s:2227   .debug_str:000000000000046e .LASF21
C:\Users\User\AppData\Local\Temp\cciNC6M0.s:2145   .debug_str:0000000000000135 .LASF22
C:\Users\User\AppData\Local\Temp\cciNC6M0.s:2199   .debug_str:0000000000000398 .LASF23
C:\Users\User\AppData\Local\Temp\cciNC6M0.s:2223   .debug_str:0000000000000450 .LASF24
C:\Users\User\AppData\Local\Temp\cciNC6M0.s:2187   .debug_str:000000000000033f .LASF25
C:\Users\User\AppData\Local\Temp\cciNC6M0.s:2195   .debug_str:0000000000000375 .LASF26
C:\Users\User\AppData\Local\Temp\cciNC6M0.s:2109   .debug_str:0000000000000051 .LASF27
C:\Users\User\AppData\Local\Temp\cciNC6M0.s:2217   .debug_str:000000000000041b .LASF28
C:\Users\User\AppData\Local\Temp\cciNC6M0.s:2191   .debug_str:0000000000000351 .LASF29
C:\Users\User\AppData\Local\Temp\cciNC6M0.s:2115   .debug_str:0000000000000076 .LASF30
C:\Users\User\AppData\Local\Temp\cciNC6M0.s:2173   .debug_str:00000000000002e5 .LASF31
C:\Users\User\AppData\Local\Temp\cciNC6M0.s:2135   .debug_str:00000000000000f6 .LASF32
C:\Users\User\AppData\Local\Temp\cciNC6M0.s:2133   .debug_str:00000000000000e6 .LASF33
C:\Users\User\AppData\Local\Temp\cciNC6M0.s:2189   .debug_str:0000000000000344 .LASF34
C:\Users\User\AppData\Local\Temp\cciNC6M0.s:2201   .debug_str:00000000000003a2 .LASF35
C:\Users\User\AppData\Local\Temp\cciNC6M0.s:2211   .debug_str:00000000000003f2 .LASF36
C:\Users\User\AppData\Local\Temp\cciNC6M0.s:2165   .debug_str:00000000000002a0 .LASF37
C:\Users\User\AppData\Local\Temp\cciNC6M0.s:2183   .debug_str:000000000000031e .LASF67
C:\Users\User\AppData\Local\Temp\cciNC6M0.s:2185   .debug_str:0000000000000336 .LASF41
C:\Users\User\AppData\Local\Temp\cciNC6M0.s:2181   .debug_str:000000000000030c .LASF45
C:\Users\User\AppData\Local\Temp\cciNC6M0.s:480    .text.SWPMI_GetITStatus:0000000000000000 .LFB55
C:\Users\User\AppData\Local\Temp\cciNC6M0.s:516    .text.SWPMI_GetITStatus:0000000000000020 .LFE55
C:\Users\User\AppData\Local\Temp\cciNC6M0.s:1811   .debug_loclists:000000000000000c .LLST5
C:\Users\User\AppData\Local\Temp\cciNC6M0.s:2157   .debug_str:0000000000000261 .LASF38
C:\Users\User\AppData\Local\Temp\cciNC6M0.s:2101   .debug_str:0000000000000014 .LASF39
C:\Users\User\AppData\Local\Temp\cciNC6M0.s:1826   .debug_loclists:0000000000000026 .LLST6
C:\Users\User\AppData\Local\Temp\cciNC6M0.s:2179   .debug_str:0000000000000303 .LASF40
C:\Users\User\AppData\Local\Temp\cciNC6M0.s:1876   .debug_loclists:0000000000000075 .LLST7
C:\Users\User\AppData\Local\Temp\cciNC6M0.s:2167   .debug_str:00000000000002b6 .LASF47
C:\Users\User\AppData\Local\Temp\cciNC6M0.s:448    .text.SWPMI_ITConfig:0000000000000000 .LFB54
C:\Users\User\AppData\Local\Temp\cciNC6M0.s:473    .text.SWPMI_ITConfig:000000000000001a .LFE54
C:\Users\User\AppData\Local\Temp\cciNC6M0.s:1894   .debug_loclists:0000000000000092 .LLST4
C:\Users\User\AppData\Local\Temp\cciNC6M0.s:2123   .debug_str:00000000000000ab .LASF42
C:\Users\User\AppData\Local\Temp\cciNC6M0.s:2225   .debug_str:000000000000045e .LASF43
C:\Users\User\AppData\Local\Temp\cciNC6M0.s:2205   .debug_str:00000000000003c6 .LASF44
C:\Users\User\AppData\Local\Temp\cciNC6M0.s:2107   .debug_str:000000000000003d .LASF46
C:\Users\User\AppData\Local\Temp\cciNC6M0.s:403    .text.SWPMI_GetFlagStatus:0000000000000000 .LFB52
C:\Users\User\AppData\Local\Temp\cciNC6M0.s:422    .text.SWPMI_GetFlagStatus:0000000000000012 .LFE52
C:\Users\User\AppData\Local\Temp\cciNC6M0.s:1909   .debug_loclists:00000000000000ac .LLST2
C:\Users\User\AppData\Local\Temp\cciNC6M0.s:1924   .debug_loclists:00000000000000c6 .LLST3
C:\Users\User\AppData\Local\Temp\cciNC6M0.s:2129   .debug_str:00000000000000ca .LASF48
C:\Users\User\AppData\Local\Temp\cciNC6M0.s:370    .text.SWPMI_BypassCmd:0000000000000000 .LFB51
C:\Users\User\AppData\Local\Temp\cciNC6M0.s:396    .text.SWPMI_BypassCmd:000000000000001c .LFE51
C:\Users\User\AppData\Local\Temp\cciNC6M0.s:2099   .debug_str:0000000000000000 .LASF51
C:\Users\User\AppData\Local\Temp\cciNC6M0.s:352    .text.SWPMI_ReceiveData32:0000000000000000 .LFB50
C:\Users\User\AppData\Local\Temp\cciNC6M0.s:363    .text.SWPMI_ReceiveData32:000000000000000c .LFE50
C:\Users\User\AppData\Local\Temp\cciNC6M0.s:2103   .debug_str:0000000000000021 .LASF49
C:\Users\User\AppData\Local\Temp\cciNC6M0.s:333    .text.SWPMI_TransmitData32:0000000000000000 .LFB49
C:\Users\User\AppData\Local\Temp\cciNC6M0.s:345    .text.SWPMI_TransmitData32:000000000000000c .LFE49
C:\Users\User\AppData\Local\Temp\cciNC6M0.s:2105   .debug_str:0000000000000036 .LASF50
C:\Users\User\AppData\Local\Temp\cciNC6M0.s:2163   .debug_str:0000000000000284 .LASF52
C:\Users\User\AppData\Local\Temp\cciNC6M0.s:314    .text.SWPMI_GetReceiveFrameLength:0000000000000000 .LFB48
C:\Users\User\AppData\Local\Temp\cciNC6M0.s:326    .text.SWPMI_GetReceiveFrameLength:000000000000000e .LFE48
C:\Users\User\AppData\Local\Temp\cciNC6M0.s:2147   .debug_str:000000000000013e .LASF53
C:\Users\User\AppData\Local\Temp\cciNC6M0.s:280    .text.SWPMI_RxBufferModeConfig:0000000000000000 .LFB47
C:\Users\User\AppData\Local\Temp\cciNC6M0.s:307    .text.SWPMI_RxBufferModeConfig:000000000000001e .LFE47
C:\Users\User\AppData\Local\Temp\cciNC6M0.s:2125   .debug_str:00000000000000b4 .LASF54
C:\Users\User\AppData\Local\Temp\cciNC6M0.s:2219   .debug_str:000000000000042a .LASF55
C:\Users\User\AppData\Local\Temp\cciNC6M0.s:246    .text.SWPMI_TxBufferModeConfig:0000000000000000 .LFB46
C:\Users\User\AppData\Local\Temp\cciNC6M0.s:273    .text.SWPMI_TxBufferModeConfig:000000000000001e .LFE46
C:\Users\User\AppData\Local\Temp\cciNC6M0.s:2137   .debug_str:0000000000000106 .LASF56
C:\Users\User\AppData\Local\Temp\cciNC6M0.s:2155   .debug_str:000000000000024f .LASF57
C:\Users\User\AppData\Local\Temp\cciNC6M0.s:214    .text.SWPMI_LoopbackCmd:0000000000000000 .LFB45
C:\Users\User\AppData\Local\Temp\cciNC6M0.s:239    .text.SWPMI_LoopbackCmd:0000000000000018 .LFE45
C:\Users\User\AppData\Local\Temp\cciNC6M0.s:2197   .debug_str:0000000000000386 .LASF58
C:\Users\User\AppData\Local\Temp\cciNC6M0.s:176    .text.SWPMI_ActivateCmd:0000000000000000 .LFB44
C:\Users\User\AppData\Local\Temp\cciNC6M0.s:207    .text.SWPMI_ActivateCmd:0000000000000022 .LFE44
C:\Users\User\AppData\Local\Temp\cciNC6M0.s:2143   .debug_str:000000000000012b .LASF59
C:\Users\User\AppData\Local\Temp\cciNC6M0.s:144    .text.SWPMI_Cmd:0000000000000000 .LFB43
C:\Users\User\AppData\Local\Temp\cciNC6M0.s:169    .text.SWPMI_Cmd:000000000000001a .LFE43
C:\Users\User\AppData\Local\Temp\cciNC6M0.s:2119   .debug_str:0000000000000092 .LASF60
C:\Users\User\AppData\Local\Temp\cciNC6M0.s:117    .text.SWPMI_StructInit:0000000000000000 .LFB42
C:\Users\User\AppData\Local\Temp\cciNC6M0.s:137    .text.SWPMI_StructInit:0000000000000012 .LFE42
C:\Users\User\AppData\Local\Temp\cciNC6M0.s:2209   .debug_str:00000000000003e1 .LASF61
C:\Users\User\AppData\Local\Temp\cciNC6M0.s:2159   .debug_str:000000000000026b .LASF62
C:\Users\User\AppData\Local\Temp\cciNC6M0.s:44     .text.SWPMI_Init:0000000000000000 .LFB41
C:\Users\User\AppData\Local\Temp\cciNC6M0.s:110    .text.SWPMI_Init:000000000000004c .LFE41
C:\Users\User\AppData\Local\Temp\cciNC6M0.s:1963   .debug_loclists:00000000000000fe .LLST0
C:\Users\User\AppData\Local\Temp\cciNC6M0.s:2139   .debug_str:0000000000000114 .LASF63
C:\Users\User\AppData\Local\Temp\cciNC6M0.s:1975   .debug_loclists:0000000000000115 .LLST1
C:\Users\User\AppData\Local\Temp\cciNC6M0.s:2215   .debug_str:000000000000040a .LASF64
C:\Users\User\AppData\Local\Temp\cciNC6M0.s:87     .text.SWPMI_Init:0000000000000034 .LVL5
C:\Users\User\AppData\Local\Temp\cciNC6M0.s:2221   .debug_str:0000000000000443 .LASF65
C:\Users\User\AppData\Local\Temp\cciNC6M0.s:15     .text.SWPMI_DeInit:0000000000000000 .LFB40
C:\Users\User\AppData\Local\Temp\cciNC6M0.s:37     .text.SWPMI_DeInit:000000000000002c .LFE40
C:\Users\User\AppData\Local\Temp\cciNC6M0.s:26     .text.SWPMI_DeInit:0000000000000016 .LVL0
C:\Users\User\AppData\Local\Temp\cciNC6M0.s:31     .text.SWPMI_DeInit:0000000000000024 .LVL1
C:\Users\User\AppData\Local\Temp\cciNC6M0.s:429    .text.SWPMI_ClearFlag:0000000000000000 .LFB53
C:\Users\User\AppData\Local\Temp\cciNC6M0.s:441    .text.SWPMI_ClearFlag:000000000000000c .LFE53
C:\Users\User\AppData\Local\Temp\cciNC6M0.s:483    .text.SWPMI_GetITStatus:0000000000000000 .LVL21
C:\Users\User\AppData\Local\Temp\cciNC6M0.s:495    .text.SWPMI_GetITStatus:0000000000000010 .LVL22
C:\Users\User\AppData\Local\Temp\cciNC6M0.s:504    .text.SWPMI_GetITStatus:0000000000000016 .LVL24
C:\Users\User\AppData\Local\Temp\cciNC6M0.s:507    .text.SWPMI_GetITStatus:000000000000001c .LVL25
C:\Users\User\AppData\Local\Temp\cciNC6M0.s:511    .text.SWPMI_GetITStatus:000000000000001e .LVL26
C:\Users\User\AppData\Local\Temp\cciNC6M0.s:500    .text.SWPMI_GetITStatus:0000000000000012 .LVL23
C:\Users\User\AppData\Local\Temp\cciNC6M0.s:451    .text.SWPMI_ITConfig:0000000000000000 .LVL19
C:\Users\User\AppData\Local\Temp\cciNC6M0.s:468    .text.SWPMI_ITConfig:0000000000000016 .LVL20
C:\Users\User\AppData\Local\Temp\cciNC6M0.s:406    .text.SWPMI_GetFlagStatus:0000000000000000 .LVL15
C:\Users\User\AppData\Local\Temp\cciNC6M0.s:417    .text.SWPMI_GetFlagStatus:000000000000000c .LVL17
C:\Users\User\AppData\Local\Temp\cciNC6M0.s:413    .text.SWPMI_GetFlagStatus:000000000000000a .LVL16
C:\Users\User\AppData\Local\Temp\cciNC6M0.s:47     .text.SWPMI_Init:0000000000000000 .LVL2
C:\Users\User\AppData\Local\Temp\cciNC6M0.s:78     .text.SWPMI_Init:0000000000000024 .LVL4
C:\Users\User\AppData\Local\Temp\cciNC6M0.s:54     .text.SWPMI_Init:0000000000000008 .LVL3
C:\Users\User\AppData\Local\Temp\cciNC6M0.s:100    .text.SWPMI_Init:0000000000000042 .LVL6
C:\Users\User\AppData\Local\Temp\cciNC6M0.s:542    .debug_info:0000000000000000 .Ldebug_info0
C:\Users\User\AppData\Local\Temp\cciNC6M0.s:523    .text.SWPMI_ClearITPendingBit:0000000000000000 .LFB58
C:\Users\User\AppData\Local\Temp\cciNC6M0.s:531    .text.SWPMI_ClearITPendingBit:000000000000000c .LFE58

UNDEFINED SYMBOLS
__riscv_save_0
RCC_HB1PeriphResetCmd
__riscv_restore_0
__riscv_save_2
RCC_GetClocksFreq
__riscv_restore_2
