   1              		.file	"ch32h417_i2c.c"
   2              		.option nopic
   3              		.attribute arch, "rv32i2p0_m2p0_a2p0_c2p0_zba1p0_zbb1p0_zbc1p0_zbs1p0_xw"
   4              		.attribute unaligned_access, 0
   5              		.attribute stack_align, 16
   6              		.text
   7              	.Ltext0:
   8              		.cfi_sections	.debug_frame
   9              		.file 0 "c:\\Users\\User\\Documents\\GitHub\\ch32h417\\EVT\\EXAM\\USBFS\\DEVICE\\SimulateCDC\\V3F\
  10              		.section	.text.I2C_DeInit,"ax",@progbits
  11              		.align	1
  12              		.globl	I2C_DeInit
  14              	I2C_DeInit:
  15              	.LFB40:
  16              		.file 1 "c:/Users/User/Documents/GitHub/ch32h417/EVT/EXAM/SRC/Peripheral/src/ch32h417_i2c.c"
   1:c:/Users/User/Documents/GitHub/ch32h417/EVT/EXAM/SRC/Peripheral/src\ch32h417_i2c.c **** /********************************** (C) COPYRIGHT  *******************************
   2:c:/Users/User/Documents/GitHub/ch32h417/EVT/EXAM/SRC/Peripheral/src\ch32h417_i2c.c **** * File Name          : ch32h417_i2c.c
   3:c:/Users/User/Documents/GitHub/ch32h417/EVT/EXAM/SRC/Peripheral/src\ch32h417_i2c.c **** * Author             : WCH
   4:c:/Users/User/Documents/GitHub/ch32h417/EVT/EXAM/SRC/Peripheral/src\ch32h417_i2c.c **** * Version            : V1.0.0
   5:c:/Users/User/Documents/GitHub/ch32h417/EVT/EXAM/SRC/Peripheral/src\ch32h417_i2c.c **** * Date               :  2025/03/01
   6:c:/Users/User/Documents/GitHub/ch32h417/EVT/EXAM/SRC/Peripheral/src\ch32h417_i2c.c **** * Description        : This file provides all the I2C firmware functions.
   7:c:/Users/User/Documents/GitHub/ch32h417/EVT/EXAM/SRC/Peripheral/src\ch32h417_i2c.c **** *********************************************************************************
   8:c:/Users/User/Documents/GitHub/ch32h417/EVT/EXAM/SRC/Peripheral/src\ch32h417_i2c.c **** * Copyright (c) 2025 Nanjing Qinheng Microelectronics Co., Ltd.
   9:c:/Users/User/Documents/GitHub/ch32h417/EVT/EXAM/SRC/Peripheral/src\ch32h417_i2c.c **** * Attention: This software (modified or not) and binary are used for 
  10:c:/Users/User/Documents/GitHub/ch32h417/EVT/EXAM/SRC/Peripheral/src\ch32h417_i2c.c **** * microcontroller manufactured by Nanjing Qinheng Microelectronics.
  11:c:/Users/User/Documents/GitHub/ch32h417/EVT/EXAM/SRC/Peripheral/src\ch32h417_i2c.c **** *******************************************************************************/
  12:c:/Users/User/Documents/GitHub/ch32h417/EVT/EXAM/SRC/Peripheral/src\ch32h417_i2c.c **** #include "ch32h417_i2c.h"
  13:c:/Users/User/Documents/GitHub/ch32h417/EVT/EXAM/SRC/Peripheral/src\ch32h417_i2c.c **** #include "ch32h417_rcc.h"
  14:c:/Users/User/Documents/GitHub/ch32h417/EVT/EXAM/SRC/Peripheral/src\ch32h417_i2c.c **** 
  15:c:/Users/User/Documents/GitHub/ch32h417/EVT/EXAM/SRC/Peripheral/src\ch32h417_i2c.c **** /* I2C SPE mask */
  16:c:/Users/User/Documents/GitHub/ch32h417/EVT/EXAM/SRC/Peripheral/src\ch32h417_i2c.c **** #define CTLR1_PE_Set             ((uint16_t)0x0001)
  17:c:/Users/User/Documents/GitHub/ch32h417/EVT/EXAM/SRC/Peripheral/src\ch32h417_i2c.c **** #define CTLR1_PE_Reset           ((uint16_t)0xFFFE)
  18:c:/Users/User/Documents/GitHub/ch32h417/EVT/EXAM/SRC/Peripheral/src\ch32h417_i2c.c **** 
  19:c:/Users/User/Documents/GitHub/ch32h417/EVT/EXAM/SRC/Peripheral/src\ch32h417_i2c.c **** /* I2C START mask */
  20:c:/Users/User/Documents/GitHub/ch32h417/EVT/EXAM/SRC/Peripheral/src\ch32h417_i2c.c **** #define CTLR1_START_Set          ((uint16_t)0x0100)
  21:c:/Users/User/Documents/GitHub/ch32h417/EVT/EXAM/SRC/Peripheral/src\ch32h417_i2c.c **** #define CTLR1_START_Reset        ((uint16_t)0xFEFF)
  22:c:/Users/User/Documents/GitHub/ch32h417/EVT/EXAM/SRC/Peripheral/src\ch32h417_i2c.c **** 
  23:c:/Users/User/Documents/GitHub/ch32h417/EVT/EXAM/SRC/Peripheral/src\ch32h417_i2c.c **** /* I2C STOP mask */
  24:c:/Users/User/Documents/GitHub/ch32h417/EVT/EXAM/SRC/Peripheral/src\ch32h417_i2c.c **** #define CTLR1_STOP_Set           ((uint16_t)0x0200)
  25:c:/Users/User/Documents/GitHub/ch32h417/EVT/EXAM/SRC/Peripheral/src\ch32h417_i2c.c **** #define CTLR1_STOP_Reset         ((uint16_t)0xFDFF)
  26:c:/Users/User/Documents/GitHub/ch32h417/EVT/EXAM/SRC/Peripheral/src\ch32h417_i2c.c **** 
  27:c:/Users/User/Documents/GitHub/ch32h417/EVT/EXAM/SRC/Peripheral/src\ch32h417_i2c.c **** /* I2C ACK mask */
  28:c:/Users/User/Documents/GitHub/ch32h417/EVT/EXAM/SRC/Peripheral/src\ch32h417_i2c.c **** #define CTLR1_ACK_Set            ((uint16_t)0x0400)
  29:c:/Users/User/Documents/GitHub/ch32h417/EVT/EXAM/SRC/Peripheral/src\ch32h417_i2c.c **** #define CTLR1_ACK_Reset          ((uint16_t)0xFBFF)
  30:c:/Users/User/Documents/GitHub/ch32h417/EVT/EXAM/SRC/Peripheral/src\ch32h417_i2c.c **** 
  31:c:/Users/User/Documents/GitHub/ch32h417/EVT/EXAM/SRC/Peripheral/src\ch32h417_i2c.c **** /* I2C ENGC mask */
  32:c:/Users/User/Documents/GitHub/ch32h417/EVT/EXAM/SRC/Peripheral/src\ch32h417_i2c.c **** #define CTLR1_ENGC_Set           ((uint16_t)0x0040)
  33:c:/Users/User/Documents/GitHub/ch32h417/EVT/EXAM/SRC/Peripheral/src\ch32h417_i2c.c **** #define CTLR1_ENGC_Reset         ((uint16_t)0xFFBF)
  34:c:/Users/User/Documents/GitHub/ch32h417/EVT/EXAM/SRC/Peripheral/src\ch32h417_i2c.c **** 
  35:c:/Users/User/Documents/GitHub/ch32h417/EVT/EXAM/SRC/Peripheral/src\ch32h417_i2c.c **** /* I2C SWRST mask */
  36:c:/Users/User/Documents/GitHub/ch32h417/EVT/EXAM/SRC/Peripheral/src\ch32h417_i2c.c **** #define CTLR1_SWRST_Set          ((uint16_t)0x8000)
  37:c:/Users/User/Documents/GitHub/ch32h417/EVT/EXAM/SRC/Peripheral/src\ch32h417_i2c.c **** #define CTLR1_SWRST_Reset        ((uint16_t)0x7FFF)
  38:c:/Users/User/Documents/GitHub/ch32h417/EVT/EXAM/SRC/Peripheral/src\ch32h417_i2c.c **** 
  39:c:/Users/User/Documents/GitHub/ch32h417/EVT/EXAM/SRC/Peripheral/src\ch32h417_i2c.c **** /* I2C PEC mask */
  40:c:/Users/User/Documents/GitHub/ch32h417/EVT/EXAM/SRC/Peripheral/src\ch32h417_i2c.c **** #define CTLR1_PEC_Set            ((uint16_t)0x1000)
  41:c:/Users/User/Documents/GitHub/ch32h417/EVT/EXAM/SRC/Peripheral/src\ch32h417_i2c.c **** #define CTLR1_PEC_Reset          ((uint16_t)0xEFFF)
  42:c:/Users/User/Documents/GitHub/ch32h417/EVT/EXAM/SRC/Peripheral/src\ch32h417_i2c.c **** 
  43:c:/Users/User/Documents/GitHub/ch32h417/EVT/EXAM/SRC/Peripheral/src\ch32h417_i2c.c **** /* I2C ENPEC mask */
  44:c:/Users/User/Documents/GitHub/ch32h417/EVT/EXAM/SRC/Peripheral/src\ch32h417_i2c.c **** #define CTLR1_ENPEC_Set          ((uint16_t)0x0020)
  45:c:/Users/User/Documents/GitHub/ch32h417/EVT/EXAM/SRC/Peripheral/src\ch32h417_i2c.c **** #define CTLR1_ENPEC_Reset        ((uint16_t)0xFFDF)
  46:c:/Users/User/Documents/GitHub/ch32h417/EVT/EXAM/SRC/Peripheral/src\ch32h417_i2c.c **** 
  47:c:/Users/User/Documents/GitHub/ch32h417/EVT/EXAM/SRC/Peripheral/src\ch32h417_i2c.c **** /* I2C ENARP mask */
  48:c:/Users/User/Documents/GitHub/ch32h417/EVT/EXAM/SRC/Peripheral/src\ch32h417_i2c.c **** #define CTLR1_ENARP_Set          ((uint16_t)0x0010)
  49:c:/Users/User/Documents/GitHub/ch32h417/EVT/EXAM/SRC/Peripheral/src\ch32h417_i2c.c **** #define CTLR1_ENARP_Reset        ((uint16_t)0xFFEF)
  50:c:/Users/User/Documents/GitHub/ch32h417/EVT/EXAM/SRC/Peripheral/src\ch32h417_i2c.c **** 
  51:c:/Users/User/Documents/GitHub/ch32h417/EVT/EXAM/SRC/Peripheral/src\ch32h417_i2c.c **** /* I2C NOSTRETCH mask */
  52:c:/Users/User/Documents/GitHub/ch32h417/EVT/EXAM/SRC/Peripheral/src\ch32h417_i2c.c **** #define CTLR1_NOSTRETCH_Set      ((uint16_t)0x0080)
  53:c:/Users/User/Documents/GitHub/ch32h417/EVT/EXAM/SRC/Peripheral/src\ch32h417_i2c.c **** #define CTLR1_NOSTRETCH_Reset    ((uint16_t)0xFF7F)
  54:c:/Users/User/Documents/GitHub/ch32h417/EVT/EXAM/SRC/Peripheral/src\ch32h417_i2c.c **** 
  55:c:/Users/User/Documents/GitHub/ch32h417/EVT/EXAM/SRC/Peripheral/src\ch32h417_i2c.c **** /* I2C registers Masks */
  56:c:/Users/User/Documents/GitHub/ch32h417/EVT/EXAM/SRC/Peripheral/src\ch32h417_i2c.c **** #define CTLR1_CLEAR_Mask         ((uint16_t)0xFBF5)
  57:c:/Users/User/Documents/GitHub/ch32h417/EVT/EXAM/SRC/Peripheral/src\ch32h417_i2c.c **** 
  58:c:/Users/User/Documents/GitHub/ch32h417/EVT/EXAM/SRC/Peripheral/src\ch32h417_i2c.c **** /* I2C DMAEN mask */
  59:c:/Users/User/Documents/GitHub/ch32h417/EVT/EXAM/SRC/Peripheral/src\ch32h417_i2c.c **** #define CTLR2_DMAEN_Set          ((uint16_t)0x0800)
  60:c:/Users/User/Documents/GitHub/ch32h417/EVT/EXAM/SRC/Peripheral/src\ch32h417_i2c.c **** #define CTLR2_DMAEN_Reset        ((uint16_t)0xF7FF)
  61:c:/Users/User/Documents/GitHub/ch32h417/EVT/EXAM/SRC/Peripheral/src\ch32h417_i2c.c **** 
  62:c:/Users/User/Documents/GitHub/ch32h417/EVT/EXAM/SRC/Peripheral/src\ch32h417_i2c.c **** /* I2C LAST mask */
  63:c:/Users/User/Documents/GitHub/ch32h417/EVT/EXAM/SRC/Peripheral/src\ch32h417_i2c.c **** #define CTLR2_LAST_Set           ((uint16_t)0x1000)
  64:c:/Users/User/Documents/GitHub/ch32h417/EVT/EXAM/SRC/Peripheral/src\ch32h417_i2c.c **** #define CTLR2_LAST_Reset         ((uint16_t)0xEFFF)
  65:c:/Users/User/Documents/GitHub/ch32h417/EVT/EXAM/SRC/Peripheral/src\ch32h417_i2c.c **** 
  66:c:/Users/User/Documents/GitHub/ch32h417/EVT/EXAM/SRC/Peripheral/src\ch32h417_i2c.c **** /* I2C FREQ mask */
  67:c:/Users/User/Documents/GitHub/ch32h417/EVT/EXAM/SRC/Peripheral/src\ch32h417_i2c.c **** #define CTLR2_FREQ_Reset         ((uint16_t)0xFFC0)
  68:c:/Users/User/Documents/GitHub/ch32h417/EVT/EXAM/SRC/Peripheral/src\ch32h417_i2c.c **** 
  69:c:/Users/User/Documents/GitHub/ch32h417/EVT/EXAM/SRC/Peripheral/src\ch32h417_i2c.c **** /* I2C ADD0 mask */
  70:c:/Users/User/Documents/GitHub/ch32h417/EVT/EXAM/SRC/Peripheral/src\ch32h417_i2c.c **** #define OADDR1_ADD0_Set          ((uint16_t)0x0001)
  71:c:/Users/User/Documents/GitHub/ch32h417/EVT/EXAM/SRC/Peripheral/src\ch32h417_i2c.c **** #define OADDR1_ADD0_Reset        ((uint16_t)0xFFFE)
  72:c:/Users/User/Documents/GitHub/ch32h417/EVT/EXAM/SRC/Peripheral/src\ch32h417_i2c.c **** 
  73:c:/Users/User/Documents/GitHub/ch32h417/EVT/EXAM/SRC/Peripheral/src\ch32h417_i2c.c **** /* I2C ENDUAL mask */
  74:c:/Users/User/Documents/GitHub/ch32h417/EVT/EXAM/SRC/Peripheral/src\ch32h417_i2c.c **** #define OADDR2_ENDUAL_Set        ((uint16_t)0x0001)
  75:c:/Users/User/Documents/GitHub/ch32h417/EVT/EXAM/SRC/Peripheral/src\ch32h417_i2c.c **** #define OADDR2_ENDUAL_Reset      ((uint16_t)0xFFFE)
  76:c:/Users/User/Documents/GitHub/ch32h417/EVT/EXAM/SRC/Peripheral/src\ch32h417_i2c.c **** 
  77:c:/Users/User/Documents/GitHub/ch32h417/EVT/EXAM/SRC/Peripheral/src\ch32h417_i2c.c **** /* I2C ADD2 mask */
  78:c:/Users/User/Documents/GitHub/ch32h417/EVT/EXAM/SRC/Peripheral/src\ch32h417_i2c.c **** #define OADDR2_ADD2_Reset        ((uint16_t)0xFF01)
  79:c:/Users/User/Documents/GitHub/ch32h417/EVT/EXAM/SRC/Peripheral/src\ch32h417_i2c.c **** 
  80:c:/Users/User/Documents/GitHub/ch32h417/EVT/EXAM/SRC/Peripheral/src\ch32h417_i2c.c **** /* I2C F/S mask */
  81:c:/Users/User/Documents/GitHub/ch32h417/EVT/EXAM/SRC/Peripheral/src\ch32h417_i2c.c **** #define CKCFGR_FS_Set            ((uint16_t)0x8000)
  82:c:/Users/User/Documents/GitHub/ch32h417/EVT/EXAM/SRC/Peripheral/src\ch32h417_i2c.c **** 
  83:c:/Users/User/Documents/GitHub/ch32h417/EVT/EXAM/SRC/Peripheral/src\ch32h417_i2c.c **** /* I2C CCR mask */
  84:c:/Users/User/Documents/GitHub/ch32h417/EVT/EXAM/SRC/Peripheral/src\ch32h417_i2c.c **** #define CKCFGR_CCR_Set           ((uint16_t)0x0FFF)
  85:c:/Users/User/Documents/GitHub/ch32h417/EVT/EXAM/SRC/Peripheral/src\ch32h417_i2c.c **** 
  86:c:/Users/User/Documents/GitHub/ch32h417/EVT/EXAM/SRC/Peripheral/src\ch32h417_i2c.c **** /* I2C FLAG mask */
  87:c:/Users/User/Documents/GitHub/ch32h417/EVT/EXAM/SRC/Peripheral/src\ch32h417_i2c.c **** #define FLAG_Mask                ((uint32_t)0x00FFFFFF)
  88:c:/Users/User/Documents/GitHub/ch32h417/EVT/EXAM/SRC/Peripheral/src\ch32h417_i2c.c **** 
  89:c:/Users/User/Documents/GitHub/ch32h417/EVT/EXAM/SRC/Peripheral/src\ch32h417_i2c.c **** /* I2C Interrupt Enable mask */
  90:c:/Users/User/Documents/GitHub/ch32h417/EVT/EXAM/SRC/Peripheral/src\ch32h417_i2c.c **** #define ITEN_Mask                ((uint32_t)0x07000000)
  91:c:/Users/User/Documents/GitHub/ch32h417/EVT/EXAM/SRC/Peripheral/src\ch32h417_i2c.c **** 
  92:c:/Users/User/Documents/GitHub/ch32h417/EVT/EXAM/SRC/Peripheral/src\ch32h417_i2c.c **** /*********************************************************************
  93:c:/Users/User/Documents/GitHub/ch32h417/EVT/EXAM/SRC/Peripheral/src\ch32h417_i2c.c ****  * @fn      I2C_DeInit
  94:c:/Users/User/Documents/GitHub/ch32h417/EVT/EXAM/SRC/Peripheral/src\ch32h417_i2c.c ****  *
  95:c:/Users/User/Documents/GitHub/ch32h417/EVT/EXAM/SRC/Peripheral/src\ch32h417_i2c.c ****  * @brief   Deinitializes the I2Cx peripheral registers to their default
  96:c:/Users/User/Documents/GitHub/ch32h417/EVT/EXAM/SRC/Peripheral/src\ch32h417_i2c.c ****  *        reset values.
  97:c:/Users/User/Documents/GitHub/ch32h417/EVT/EXAM/SRC/Peripheral/src\ch32h417_i2c.c ****  *
  98:c:/Users/User/Documents/GitHub/ch32h417/EVT/EXAM/SRC/Peripheral/src\ch32h417_i2c.c ****  * @param   I2Cx - where x can be (1~4) to select the I2C peripheral.
  99:c:/Users/User/Documents/GitHub/ch32h417/EVT/EXAM/SRC/Peripheral/src\ch32h417_i2c.c ****  *
 100:c:/Users/User/Documents/GitHub/ch32h417/EVT/EXAM/SRC/Peripheral/src\ch32h417_i2c.c ****  * @return  none
 101:c:/Users/User/Documents/GitHub/ch32h417/EVT/EXAM/SRC/Peripheral/src\ch32h417_i2c.c ****  */
 102:c:/Users/User/Documents/GitHub/ch32h417/EVT/EXAM/SRC/Peripheral/src\ch32h417_i2c.c **** void I2C_DeInit(I2C_TypeDef *I2Cx)
 103:c:/Users/User/Documents/GitHub/ch32h417/EVT/EXAM/SRC/Peripheral/src\ch32h417_i2c.c **** {
  17              		.loc 1 103 1
  18              		.cfi_startproc
  19              	.LVL0:
  20 0000 17030000 		call	t0,__riscv_save_0
  20      E7020300 
  21              		.cfi_offset 1, -4
  22              		.cfi_def_cfa_offset 16
 104:c:/Users/User/Documents/GitHub/ch32h417/EVT/EXAM/SRC/Peripheral/src\ch32h417_i2c.c ****     if(I2Cx == I2C1)
  23              		.loc 1 104 5
  24              		.loc 1 104 7 is_stmt 0
  25 0008 B7570040 		li	a5,1073762304
  26 000c 93870740 		addi	a5,a5,1024
  27 0010 6314F502 		bne	a0,a5,.L2
 105:c:/Users/User/Documents/GitHub/ch32h417/EVT/EXAM/SRC/Peripheral/src\ch32h417_i2c.c ****     {
 106:c:/Users/User/Documents/GitHub/ch32h417/EVT/EXAM/SRC/Peripheral/src\ch32h417_i2c.c ****         RCC_HB1PeriphResetCmd(RCC_HB1Periph_I2C1, ENABLE);
  28              		.loc 1 106 9 is_stmt 1
  29 0014 8545     		li	a1,1
  30 0016 37052000 		li	a0,2097152
  31              	.LVL1:
  32 001a 97000000 		call	RCC_HB1PeriphResetCmd
  32      E7800000 
  33              	.LVL2:
 107:c:/Users/User/Documents/GitHub/ch32h417/EVT/EXAM/SRC/Peripheral/src\ch32h417_i2c.c ****         RCC_HB1PeriphResetCmd(RCC_HB1Periph_I2C1, DISABLE);
  34              		.loc 1 107 9
  35 0022 8145     		li	a1,0
  36 0024 37052000 		li	a0,2097152
  37              	.L7:
 108:c:/Users/User/Documents/GitHub/ch32h417/EVT/EXAM/SRC/Peripheral/src\ch32h417_i2c.c ****     }
 109:c:/Users/User/Documents/GitHub/ch32h417/EVT/EXAM/SRC/Peripheral/src\ch32h417_i2c.c ****     else if(I2Cx == I2C2)
 110:c:/Users/User/Documents/GitHub/ch32h417/EVT/EXAM/SRC/Peripheral/src\ch32h417_i2c.c ****     {
 111:c:/Users/User/Documents/GitHub/ch32h417/EVT/EXAM/SRC/Peripheral/src\ch32h417_i2c.c ****         RCC_HB1PeriphResetCmd(RCC_HB1Periph_I2C2, ENABLE);
 112:c:/Users/User/Documents/GitHub/ch32h417/EVT/EXAM/SRC/Peripheral/src\ch32h417_i2c.c ****         RCC_HB1PeriphResetCmd(RCC_HB1Periph_I2C2, DISABLE);
  38              		.loc 1 112 9 is_stmt 0
  39 0028 97000000 		call	RCC_HB1PeriphResetCmd
  39      E7800000 
  40              	.LVL3:
  41              	.L1:
 113:c:/Users/User/Documents/GitHub/ch32h417/EVT/EXAM/SRC/Peripheral/src\ch32h417_i2c.c ****     }
 114:c:/Users/User/Documents/GitHub/ch32h417/EVT/EXAM/SRC/Peripheral/src\ch32h417_i2c.c ****     else if(I2Cx == I2C3)
 115:c:/Users/User/Documents/GitHub/ch32h417/EVT/EXAM/SRC/Peripheral/src\ch32h417_i2c.c ****     {
 116:c:/Users/User/Documents/GitHub/ch32h417/EVT/EXAM/SRC/Peripheral/src\ch32h417_i2c.c ****         RCC_HB1PeriphResetCmd(RCC_HB1Periph_I2C3, ENABLE);
 117:c:/Users/User/Documents/GitHub/ch32h417/EVT/EXAM/SRC/Peripheral/src\ch32h417_i2c.c ****         RCC_HB1PeriphResetCmd(RCC_HB1Periph_I2C3, DISABLE);
 118:c:/Users/User/Documents/GitHub/ch32h417/EVT/EXAM/SRC/Peripheral/src\ch32h417_i2c.c ****     }
 119:c:/Users/User/Documents/GitHub/ch32h417/EVT/EXAM/SRC/Peripheral/src\ch32h417_i2c.c ****     else if(I2Cx == I2C4)
 120:c:/Users/User/Documents/GitHub/ch32h417/EVT/EXAM/SRC/Peripheral/src\ch32h417_i2c.c ****     {
 121:c:/Users/User/Documents/GitHub/ch32h417/EVT/EXAM/SRC/Peripheral/src\ch32h417_i2c.c ****         RCC_HB2PeriphResetCmd(RCC_HB2Periph_I2C4, ENABLE);
 122:c:/Users/User/Documents/GitHub/ch32h417/EVT/EXAM/SRC/Peripheral/src\ch32h417_i2c.c ****         RCC_HB2PeriphResetCmd(RCC_HB2Periph_I2C4, DISABLE);
 123:c:/Users/User/Documents/GitHub/ch32h417/EVT/EXAM/SRC/Peripheral/src\ch32h417_i2c.c ****     }
 124:c:/Users/User/Documents/GitHub/ch32h417/EVT/EXAM/SRC/Peripheral/src\ch32h417_i2c.c **** }
  42              		.loc 1 124 1
  43 0030 17030000 		tail	__riscv_restore_0
  43      67000300 
  44              		.cfi_remember_state
  45              		.cfi_restore 1
  46              		.cfi_def_cfa_offset 0
  47              	.LVL4:
  48              	.L2:
  49              		.cfi_restore_state
 109:c:/Users/User/Documents/GitHub/ch32h417/EVT/EXAM/SRC/Peripheral/src\ch32h417_i2c.c ****     {
  50              		.loc 1 109 10 is_stmt 1
 109:c:/Users/User/Documents/GitHub/ch32h417/EVT/EXAM/SRC/Peripheral/src\ch32h417_i2c.c ****     {
  51              		.loc 1 109 12 is_stmt 0
  52 0038 B7670040 		li	a5,1073766400
  53 003c 13870780 		addi	a4,a5,-2048
  54 0040 631DE500 		bne	a0,a4,.L4
 111:c:/Users/User/Documents/GitHub/ch32h417/EVT/EXAM/SRC/Peripheral/src\ch32h417_i2c.c ****         RCC_HB1PeriphResetCmd(RCC_HB1Periph_I2C2, DISABLE);
  55              		.loc 1 111 9 is_stmt 1
  56 0044 8545     		li	a1,1
  57 0046 37054000 		li	a0,4194304
  58              	.LVL5:
  59 004a 97000000 		call	RCC_HB1PeriphResetCmd
  59      E7800000 
  60              	.LVL6:
 112:c:/Users/User/Documents/GitHub/ch32h417/EVT/EXAM/SRC/Peripheral/src\ch32h417_i2c.c ****     }
  61              		.loc 1 112 9
  62 0052 8145     		li	a1,0
  63 0054 37054000 		li	a0,4194304
  64 0058 C1BF     		j	.L7
  65              	.LVL7:
  66              	.L4:
 114:c:/Users/User/Documents/GitHub/ch32h417/EVT/EXAM/SRC/Peripheral/src\ch32h417_i2c.c ****     {
  67              		.loc 1 114 10
 114:c:/Users/User/Documents/GitHub/ch32h417/EVT/EXAM/SRC/Peripheral/src\ch32h417_i2c.c ****     {
  68              		.loc 1 114 12 is_stmt 0
  69 005a 938707C0 		addi	a5,a5,-1024
  70 005e 631DF500 		bne	a0,a5,.L5
 116:c:/Users/User/Documents/GitHub/ch32h417/EVT/EXAM/SRC/Peripheral/src\ch32h417_i2c.c ****         RCC_HB1PeriphResetCmd(RCC_HB1Periph_I2C3, DISABLE);
  71              		.loc 1 116 9 is_stmt 1
  72 0062 8545     		li	a1,1
  73 0064 37050040 		li	a0,1073741824
  74              	.LVL8:
  75 0068 97000000 		call	RCC_HB1PeriphResetCmd
  75      E7800000 
  76              	.LVL9:
 117:c:/Users/User/Documents/GitHub/ch32h417/EVT/EXAM/SRC/Peripheral/src\ch32h417_i2c.c ****     }
  77              		.loc 1 117 9
  78 0070 8145     		li	a1,0
  79 0072 37050040 		li	a0,1073741824
  80 0076 4DBF     		j	.L7
  81              	.LVL10:
  82              	.L5:
 119:c:/Users/User/Documents/GitHub/ch32h417/EVT/EXAM/SRC/Peripheral/src\ch32h417_i2c.c ****     {
  83              		.loc 1 119 10
 119:c:/Users/User/Documents/GitHub/ch32h417/EVT/EXAM/SRC/Peripheral/src\ch32h417_i2c.c ****     {
  84              		.loc 1 119 12 is_stmt 0
  85 0078 B7470140 		li	a5,1073823744
  86 007c E31AF5FA 		bne	a0,a5,.L1
 121:c:/Users/User/Documents/GitHub/ch32h417/EVT/EXAM/SRC/Peripheral/src\ch32h417_i2c.c ****         RCC_HB2PeriphResetCmd(RCC_HB2Periph_I2C4, DISABLE);
  87              		.loc 1 121 9 is_stmt 1
  88 0080 8545     		li	a1,1
  89 0082 2165     		li	a0,32768
  90              	.LVL11:
  91 0084 97000000 		call	RCC_HB2PeriphResetCmd
  91      E7800000 
  92              	.LVL12:
 122:c:/Users/User/Documents/GitHub/ch32h417/EVT/EXAM/SRC/Peripheral/src\ch32h417_i2c.c ****     }
  93              		.loc 1 122 9
  94 008c 8145     		li	a1,0
  95 008e 2165     		li	a0,32768
  96 0090 97000000 		call	RCC_HB2PeriphResetCmd
  96      E7800000 
  97              	.LVL13:
  98              		.loc 1 124 1 is_stmt 0
  99 0098 61BF     		j	.L1
 100              		.cfi_endproc
 101              	.LFE40:
 103              		.section	.text.I2C_Init,"ax",@progbits
 104              		.align	1
 105              		.globl	I2C_Init
 107              	I2C_Init:
 108              	.LFB41:
 125:c:/Users/User/Documents/GitHub/ch32h417/EVT/EXAM/SRC/Peripheral/src\ch32h417_i2c.c **** 
 126:c:/Users/User/Documents/GitHub/ch32h417/EVT/EXAM/SRC/Peripheral/src\ch32h417_i2c.c **** /*********************************************************************
 127:c:/Users/User/Documents/GitHub/ch32h417/EVT/EXAM/SRC/Peripheral/src\ch32h417_i2c.c ****  * @fn      I2C_Init
 128:c:/Users/User/Documents/GitHub/ch32h417/EVT/EXAM/SRC/Peripheral/src\ch32h417_i2c.c ****  *
 129:c:/Users/User/Documents/GitHub/ch32h417/EVT/EXAM/SRC/Peripheral/src\ch32h417_i2c.c ****  * @brief   Initializes the I2Cx peripheral according to the specified
 130:c:/Users/User/Documents/GitHub/ch32h417/EVT/EXAM/SRC/Peripheral/src\ch32h417_i2c.c ****  *        parameters in the I2C_InitStruct.
 131:c:/Users/User/Documents/GitHub/ch32h417/EVT/EXAM/SRC/Peripheral/src\ch32h417_i2c.c ****  * @param   I2Cx - where x can be (1~4) to select the I2C peripheral.
 132:c:/Users/User/Documents/GitHub/ch32h417/EVT/EXAM/SRC/Peripheral/src\ch32h417_i2c.c ****  *          I2C_InitStruct - pointer to a I2C_InitTypeDef structure that
 133:c:/Users/User/Documents/GitHub/ch32h417/EVT/EXAM/SRC/Peripheral/src\ch32h417_i2c.c ****  *        contains the configuration information for the specified I2C peripheral.
 134:c:/Users/User/Documents/GitHub/ch32h417/EVT/EXAM/SRC/Peripheral/src\ch32h417_i2c.c ****  *
 135:c:/Users/User/Documents/GitHub/ch32h417/EVT/EXAM/SRC/Peripheral/src\ch32h417_i2c.c ****  * @return  none
 136:c:/Users/User/Documents/GitHub/ch32h417/EVT/EXAM/SRC/Peripheral/src\ch32h417_i2c.c ****  */
 137:c:/Users/User/Documents/GitHub/ch32h417/EVT/EXAM/SRC/Peripheral/src\ch32h417_i2c.c **** void I2C_Init(I2C_TypeDef *I2Cx, I2C_InitTypeDef *I2C_InitStruct)
 138:c:/Users/User/Documents/GitHub/ch32h417/EVT/EXAM/SRC/Peripheral/src\ch32h417_i2c.c **** {
 109              		.loc 1 138 1 is_stmt 1
 110              		.cfi_startproc
 111              	.LVL14:
 112 0000 17030000 		call	t0,__riscv_save_3
 112      E7020300 
 113              		.cfi_offset 18, -16
 114              		.cfi_offset 9, -12
 115              		.cfi_offset 8, -8
 116              		.cfi_offset 1, -4
 117              		.cfi_def_cfa_offset 16
 139:c:/Users/User/Documents/GitHub/ch32h417/EVT/EXAM/SRC/Peripheral/src\ch32h417_i2c.c ****     uint16_t tmpreg = 0, freqrange = 0;
 118              		.loc 1 139 5
 119              	.LVL15:
 140:c:/Users/User/Documents/GitHub/ch32h417/EVT/EXAM/SRC/Peripheral/src\ch32h417_i2c.c ****     uint16_t result = 0x04;
 120              		.loc 1 140 5
 141:c:/Users/User/Documents/GitHub/ch32h417/EVT/EXAM/SRC/Peripheral/src\ch32h417_i2c.c ****     uint32_t pclk1 = 8000000;
 121              		.loc 1 141 5
 142:c:/Users/User/Documents/GitHub/ch32h417/EVT/EXAM/SRC/Peripheral/src\ch32h417_i2c.c **** 
 143:c:/Users/User/Documents/GitHub/ch32h417/EVT/EXAM/SRC/Peripheral/src\ch32h417_i2c.c ****     RCC_ClocksTypeDef rcc_clocks;
 122              		.loc 1 143 5
 144:c:/Users/User/Documents/GitHub/ch32h417/EVT/EXAM/SRC/Peripheral/src\ch32h417_i2c.c **** 
 145:c:/Users/User/Documents/GitHub/ch32h417/EVT/EXAM/SRC/Peripheral/src\ch32h417_i2c.c ****     tmpreg = I2Cx->CTLR2;
 123              		.loc 1 145 5
 138:c:/Users/User/Documents/GitHub/ch32h417/EVT/EXAM/SRC/Peripheral/src\ch32h417_i2c.c ****     uint16_t tmpreg = 0, freqrange = 0;
 124              		.loc 1 138 1 is_stmt 0
 125 0008 4111     		addi	sp,sp,-16
 126              		.cfi_def_cfa_offset 32
 127              		.loc 1 145 12
 128 000a 4621     		lhu	s1,4(a0)
 138:c:/Users/User/Documents/GitHub/ch32h417/EVT/EXAM/SRC/Peripheral/src\ch32h417_i2c.c ****     uint16_t tmpreg = 0, freqrange = 0;
 129              		.loc 1 138 1
 130 000c 2A84     		mv	s0,a0
 146:c:/Users/User/Documents/GitHub/ch32h417/EVT/EXAM/SRC/Peripheral/src\ch32h417_i2c.c ****     tmpreg &= CTLR2_FREQ_Reset;
 147:c:/Users/User/Documents/GitHub/ch32h417/EVT/EXAM/SRC/Peripheral/src\ch32h417_i2c.c ****     RCC_GetClocksFreq(&rcc_clocks);
 131              		.loc 1 147 5
 132 000e 0A85     		mv	a0,sp
 133              	.LVL16:
 138:c:/Users/User/Documents/GitHub/ch32h417/EVT/EXAM/SRC/Peripheral/src\ch32h417_i2c.c ****     uint16_t tmpreg = 0, freqrange = 0;
 134              		.loc 1 138 1
 135 0010 2E89     		mv	s2,a1
 136              		.loc 1 147 5
 137 0012 97000000 		call	RCC_GetClocksFreq
 137      E7800000 
 138              	.LVL17:
 148:c:/Users/User/Documents/GitHub/ch32h417/EVT/EXAM/SRC/Peripheral/src\ch32h417_i2c.c ****     pclk1 = rcc_clocks.HCLK_Frequency;
 139              		.loc 1 148 11
 140 001a 9247     		lw	a5,4(sp)
 149:c:/Users/User/Documents/GitHub/ch32h417/EVT/EXAM/SRC/Peripheral/src\ch32h417_i2c.c ****     freqrange = (uint16_t)(pclk1 / 1000000);
 150:c:/Users/User/Documents/GitHub/ch32h417/EVT/EXAM/SRC/Peripheral/src\ch32h417_i2c.c ****     if(freqrange >= 60)
 141              		.loc 1 150 7
 142 001c B7869303 		li	a3,59998208
 145:c:/Users/User/Documents/GitHub/ch32h417/EVT/EXAM/SRC/Peripheral/src\ch32h417_i2c.c ****     tmpreg &= CTLR2_FREQ_Reset;
 143              		.loc 1 145 12
 144 0020 B3C40408 		zext.h	s1,s1
 145              	.LVL18:
 146:c:/Users/User/Documents/GitHub/ch32h417/EVT/EXAM/SRC/Peripheral/src\ch32h417_i2c.c ****     RCC_GetClocksFreq(&rcc_clocks);
 146              		.loc 1 146 5 is_stmt 1
 147              		.loc 1 150 7 is_stmt 0
 148 0024 9386F66F 		addi	a3,a3,1791
 146:c:/Users/User/Documents/GitHub/ch32h417/EVT/EXAM/SRC/Peripheral/src\ch32h417_i2c.c ****     RCC_GetClocksFreq(&rcc_clocks);
 149              		.loc 1 146 12
 150 0028 93F404FC 		andi	s1,s1,-64
 151              	.LVL19:
 152 002c 1307C003 		li	a4,60
 153 0030 B3C40408 		zext.h	s1,s1
 154              	.LVL20:
 147:c:/Users/User/Documents/GitHub/ch32h417/EVT/EXAM/SRC/Peripheral/src\ch32h417_i2c.c ****     pclk1 = rcc_clocks.HCLK_Frequency;
 155              		.loc 1 147 5 is_stmt 1
 148:c:/Users/User/Documents/GitHub/ch32h417/EVT/EXAM/SRC/Peripheral/src\ch32h417_i2c.c ****     freqrange = (uint16_t)(pclk1 / 1000000);
 156              		.loc 1 148 5
 149:c:/Users/User/Documents/GitHub/ch32h417/EVT/EXAM/SRC/Peripheral/src\ch32h417_i2c.c ****     if(freqrange >= 60)
 157              		.loc 1 149 5
 158              		.loc 1 150 5
 159              		.loc 1 150 7 is_stmt 0
 160 0034 63EAF600 		bgtu	a5,a3,.L9
 149:c:/Users/User/Documents/GitHub/ch32h417/EVT/EXAM/SRC/Peripheral/src\ch32h417_i2c.c ****     if(freqrange >= 60)
 161              		.loc 1 149 34
 162 0038 37470F00 		li	a4,999424
 163 003c 13070724 		addi	a4,a4,576
 164 0040 33D7E702 		divu	a4,a5,a4
 149:c:/Users/User/Documents/GitHub/ch32h417/EVT/EXAM/SRC/Peripheral/src\ch32h417_i2c.c ****     if(freqrange >= 60)
 165              		.loc 1 149 15
 166 0044 33470708 		zext.h	a4,a4
 167              	.L9:
 168              	.LVL21:
 151:c:/Users/User/Documents/GitHub/ch32h417/EVT/EXAM/SRC/Peripheral/src\ch32h417_i2c.c ****     {
 152:c:/Users/User/Documents/GitHub/ch32h417/EVT/EXAM/SRC/Peripheral/src\ch32h417_i2c.c ****         freqrange = 60;
 153:c:/Users/User/Documents/GitHub/ch32h417/EVT/EXAM/SRC/Peripheral/src\ch32h417_i2c.c ****     }
 154:c:/Users/User/Documents/GitHub/ch32h417/EVT/EXAM/SRC/Peripheral/src\ch32h417_i2c.c ****     tmpreg |= freqrange;
 169              		.loc 1 154 5 is_stmt 1
 170              		.loc 1 154 12 is_stmt 0
 171 0048 D98C     		or	s1,a4,s1
 172              	.LVL22:
 155:c:/Users/User/Documents/GitHub/ch32h417/EVT/EXAM/SRC/Peripheral/src\ch32h417_i2c.c ****     I2Cx->CTLR2 = tmpreg;
 173              		.loc 1 155 5 is_stmt 1
 174              		.loc 1 155 17 is_stmt 0
 175 004a 46A0     		sh	s1,4(s0)
 156:c:/Users/User/Documents/GitHub/ch32h417/EVT/EXAM/SRC/Peripheral/src\ch32h417_i2c.c **** 
 157:c:/Users/User/Documents/GitHub/ch32h417/EVT/EXAM/SRC/Peripheral/src\ch32h417_i2c.c ****     I2Cx->CTLR1 &= CTLR1_PE_Reset;
 176              		.loc 1 157 5 is_stmt 1
 177              		.loc 1 157 9 is_stmt 0
 178 004c 1620     		lhu	a3,0(s0)
 158:c:/Users/User/Documents/GitHub/ch32h417/EVT/EXAM/SRC/Peripheral/src\ch32h417_i2c.c ****     tmpreg = 0;
 159:c:/Users/User/Documents/GitHub/ch32h417/EVT/EXAM/SRC/Peripheral/src\ch32h417_i2c.c **** 
 160:c:/Users/User/Documents/GitHub/ch32h417/EVT/EXAM/SRC/Peripheral/src\ch32h417_i2c.c ****     if(I2C_InitStruct->I2C_ClockSpeed <= 100000)
 179              		.loc 1 160 7
 180 004e 6166     		li	a2,98304
 181 0050 1306066A 		addi	a2,a2,1696
 157:c:/Users/User/Documents/GitHub/ch32h417/EVT/EXAM/SRC/Peripheral/src\ch32h417_i2c.c ****     tmpreg = 0;
 182              		.loc 1 157 9
 183 0054 B3C60608 		zext.h	a3,a3
 157:c:/Users/User/Documents/GitHub/ch32h417/EVT/EXAM/SRC/Peripheral/src\ch32h417_i2c.c ****     tmpreg = 0;
 184              		.loc 1 157 17
 185 0058 F99A     		andi	a3,a3,-2
 186 005a B3C60608 		zext.h	a3,a3
 187 005e 16A0     		sh	a3,0(s0)
 158:c:/Users/User/Documents/GitHub/ch32h417/EVT/EXAM/SRC/Peripheral/src\ch32h417_i2c.c ****     tmpreg = 0;
 188              		.loc 1 158 5 is_stmt 1
 189              	.LVL23:
 190              		.loc 1 160 5
 191              		.loc 1 160 22 is_stmt 0
 192 0060 83260900 		lw	a3,0(s2)
 193              		.loc 1 160 7
 194 0064 636AD604 		bgtu	a3,a2,.L10
 161:c:/Users/User/Documents/GitHub/ch32h417/EVT/EXAM/SRC/Peripheral/src\ch32h417_i2c.c ****     {
 162:c:/Users/User/Documents/GitHub/ch32h417/EVT/EXAM/SRC/Peripheral/src\ch32h417_i2c.c ****         result = (uint16_t)(pclk1 / (I2C_InitStruct->I2C_ClockSpeed << 1));
 195              		.loc 1 162 9 is_stmt 1
 196              	.LVL24:
 163:c:/Users/User/Documents/GitHub/ch32h417/EVT/EXAM/SRC/Peripheral/src\ch32h417_i2c.c **** 
 164:c:/Users/User/Documents/GitHub/ch32h417/EVT/EXAM/SRC/Peripheral/src\ch32h417_i2c.c ****         if(result < 0x04)
 197              		.loc 1 164 9
 162:c:/Users/User/Documents/GitHub/ch32h417/EVT/EXAM/SRC/Peripheral/src\ch32h417_i2c.c **** 
 198              		.loc 1 162 69 is_stmt 0
 199 0068 8606     		slli	a3,a3,1
 200              	.LVL25:
 162:c:/Users/User/Documents/GitHub/ch32h417/EVT/EXAM/SRC/Peripheral/src\ch32h417_i2c.c **** 
 201              		.loc 1 162 35
 202 006a B3D7D702 		divu	a5,a5,a3
 203              	.LVL26:
 204              		.loc 1 164 11
 205 006e 9146     		li	a3,4
 206 0070 B3C70708 		zext.h	a5,a5
 207 0074 B3F7D70A 		maxu	a5,a5,a3
 208              	.LVL27:
 165:c:/Users/User/Documents/GitHub/ch32h417/EVT/EXAM/SRC/Peripheral/src\ch32h417_i2c.c ****         {
 166:c:/Users/User/Documents/GitHub/ch32h417/EVT/EXAM/SRC/Peripheral/src\ch32h417_i2c.c ****             result = 0x04;
 167:c:/Users/User/Documents/GitHub/ch32h417/EVT/EXAM/SRC/Peripheral/src\ch32h417_i2c.c ****         }
 168:c:/Users/User/Documents/GitHub/ch32h417/EVT/EXAM/SRC/Peripheral/src\ch32h417_i2c.c **** 
 169:c:/Users/User/Documents/GitHub/ch32h417/EVT/EXAM/SRC/Peripheral/src\ch32h417_i2c.c ****         tmpreg |= result;
 209              		.loc 1 169 9 is_stmt 1
 170:c:/Users/User/Documents/GitHub/ch32h417/EVT/EXAM/SRC/Peripheral/src\ch32h417_i2c.c ****         I2Cx->RTR = freqrange + 1;
 210              		.loc 1 170 9
 211              	.L18:
 171:c:/Users/User/Documents/GitHub/ch32h417/EVT/EXAM/SRC/Peripheral/src\ch32h417_i2c.c ****     }
 172:c:/Users/User/Documents/GitHub/ch32h417/EVT/EXAM/SRC/Peripheral/src\ch32h417_i2c.c ****     else
 173:c:/Users/User/Documents/GitHub/ch32h417/EVT/EXAM/SRC/Peripheral/src\ch32h417_i2c.c ****     {
 174:c:/Users/User/Documents/GitHub/ch32h417/EVT/EXAM/SRC/Peripheral/src\ch32h417_i2c.c ****         if(I2C_InitStruct->I2C_DutyCycle == I2C_DutyCycle_2)
 175:c:/Users/User/Documents/GitHub/ch32h417/EVT/EXAM/SRC/Peripheral/src\ch32h417_i2c.c ****         {
 176:c:/Users/User/Documents/GitHub/ch32h417/EVT/EXAM/SRC/Peripheral/src\ch32h417_i2c.c ****             result = (uint16_t)(pclk1 / (I2C_InitStruct->I2C_ClockSpeed * 3));
 177:c:/Users/User/Documents/GitHub/ch32h417/EVT/EXAM/SRC/Peripheral/src\ch32h417_i2c.c ****         }
 178:c:/Users/User/Documents/GitHub/ch32h417/EVT/EXAM/SRC/Peripheral/src\ch32h417_i2c.c ****         else
 179:c:/Users/User/Documents/GitHub/ch32h417/EVT/EXAM/SRC/Peripheral/src\ch32h417_i2c.c ****         {
 180:c:/Users/User/Documents/GitHub/ch32h417/EVT/EXAM/SRC/Peripheral/src\ch32h417_i2c.c ****             result = (uint16_t)(pclk1 / (I2C_InitStruct->I2C_ClockSpeed * 25));
 181:c:/Users/User/Documents/GitHub/ch32h417/EVT/EXAM/SRC/Peripheral/src\ch32h417_i2c.c ****             result |= I2C_DutyCycle_16_9;
 182:c:/Users/User/Documents/GitHub/ch32h417/EVT/EXAM/SRC/Peripheral/src\ch32h417_i2c.c ****         }
 183:c:/Users/User/Documents/GitHub/ch32h417/EVT/EXAM/SRC/Peripheral/src\ch32h417_i2c.c **** 
 184:c:/Users/User/Documents/GitHub/ch32h417/EVT/EXAM/SRC/Peripheral/src\ch32h417_i2c.c ****         if((result & CKCFGR_CCR_Set) == 0)
 185:c:/Users/User/Documents/GitHub/ch32h417/EVT/EXAM/SRC/Peripheral/src\ch32h417_i2c.c ****         {
 186:c:/Users/User/Documents/GitHub/ch32h417/EVT/EXAM/SRC/Peripheral/src\ch32h417_i2c.c ****             result |= (uint16_t)0x0001;
 187:c:/Users/User/Documents/GitHub/ch32h417/EVT/EXAM/SRC/Peripheral/src\ch32h417_i2c.c ****         }
 188:c:/Users/User/Documents/GitHub/ch32h417/EVT/EXAM/SRC/Peripheral/src\ch32h417_i2c.c **** 
 189:c:/Users/User/Documents/GitHub/ch32h417/EVT/EXAM/SRC/Peripheral/src\ch32h417_i2c.c ****         tmpreg |= (uint16_t)(result | CKCFGR_FS_Set);
 190:c:/Users/User/Documents/GitHub/ch32h417/EVT/EXAM/SRC/Peripheral/src\ch32h417_i2c.c ****         I2Cx->RTR = (uint16_t)(((freqrange * (uint16_t)300) / (uint16_t)1000) + (uint16_t)1);
 212              		.loc 1 190 21 is_stmt 0
 213 0078 0507     		addi	a4,a4,1
 214 007a 33470708 		zext.h	a4,a4
 215              		.loc 1 190 19
 216 007e 1AB0     		sh	a4,32(s0)
 191:c:/Users/User/Documents/GitHub/ch32h417/EVT/EXAM/SRC/Peripheral/src\ch32h417_i2c.c ****     }
 192:c:/Users/User/Documents/GitHub/ch32h417/EVT/EXAM/SRC/Peripheral/src\ch32h417_i2c.c **** 
 193:c:/Users/User/Documents/GitHub/ch32h417/EVT/EXAM/SRC/Peripheral/src\ch32h417_i2c.c ****     I2Cx->CKCFGR = tmpreg;
 217              		.loc 1 193 5 is_stmt 1
 218              		.loc 1 193 18 is_stmt 0
 219 0080 5EAC     		sh	a5,28(s0)
 194:c:/Users/User/Documents/GitHub/ch32h417/EVT/EXAM/SRC/Peripheral/src\ch32h417_i2c.c ****     I2Cx->CTLR1 |= CTLR1_PE_Set;
 220              		.loc 1 194 5 is_stmt 1
 221              		.loc 1 194 9 is_stmt 0
 222 0082 1E20     		lhu	a5,0(s0)
 223              	.LVL28:
 195:c:/Users/User/Documents/GitHub/ch32h417/EVT/EXAM/SRC/Peripheral/src\ch32h417_i2c.c **** 
 196:c:/Users/User/Documents/GitHub/ch32h417/EVT/EXAM/SRC/Peripheral/src\ch32h417_i2c.c ****     tmpreg = I2Cx->CTLR1;
 197:c:/Users/User/Documents/GitHub/ch32h417/EVT/EXAM/SRC/Peripheral/src\ch32h417_i2c.c ****     tmpreg &= CTLR1_CLEAR_Mask;
 198:c:/Users/User/Documents/GitHub/ch32h417/EVT/EXAM/SRC/Peripheral/src\ch32h417_i2c.c ****     tmpreg |= (uint16_t)((uint32_t)I2C_InitStruct->I2C_Mode | I2C_InitStruct->I2C_Ack);
 224              		.loc 1 198 15
 225 0084 03574900 		lhu	a4,4(s2)
 226 0088 8356A900 		lhu	a3,10(s2)
 194:c:/Users/User/Documents/GitHub/ch32h417/EVT/EXAM/SRC/Peripheral/src\ch32h417_i2c.c ****     I2Cx->CTLR1 |= CTLR1_PE_Set;
 227              		.loc 1 194 17
 228 008c 93E71700 		ori	a5,a5,1
 229 0090 1EA0     		sh	a5,0(s0)
 230              	.LVL29:
 196:c:/Users/User/Documents/GitHub/ch32h417/EVT/EXAM/SRC/Peripheral/src\ch32h417_i2c.c ****     tmpreg &= CTLR1_CLEAR_Mask;
 231              		.loc 1 196 5 is_stmt 1
 196:c:/Users/User/Documents/GitHub/ch32h417/EVT/EXAM/SRC/Peripheral/src\ch32h417_i2c.c ****     tmpreg &= CTLR1_CLEAR_Mask;
 232              		.loc 1 196 12 is_stmt 0
 233 0092 1E20     		lhu	a5,0(s0)
 234              		.loc 1 198 15
 235 0094 558F     		or	a4,a4,a3
 196:c:/Users/User/Documents/GitHub/ch32h417/EVT/EXAM/SRC/Peripheral/src\ch32h417_i2c.c ****     tmpreg &= CTLR1_CLEAR_Mask;
 236              		.loc 1 196 12
 237 0096 B3C70708 		zext.h	a5,a5
 238              	.LVL30:
 197:c:/Users/User/Documents/GitHub/ch32h417/EVT/EXAM/SRC/Peripheral/src\ch32h417_i2c.c ****     tmpreg |= (uint16_t)((uint32_t)I2C_InitStruct->I2C_Mode | I2C_InitStruct->I2C_Ack);
 239              		.loc 1 197 5 is_stmt 1
 197:c:/Users/User/Documents/GitHub/ch32h417/EVT/EXAM/SRC/Peripheral/src\ch32h417_i2c.c ****     tmpreg |= (uint16_t)((uint32_t)I2C_InitStruct->I2C_Mode | I2C_InitStruct->I2C_Ack);
 240              		.loc 1 197 12 is_stmt 0
 241 009a 93F757BF 		andi	a5,a5,-1035
 242              	.LVL31:
 243              		.loc 1 198 5 is_stmt 1
 244              		.loc 1 198 12 is_stmt 0
 245 009e D98F     		or	a5,a5,a4
 246              	.LVL32:
 199:c:/Users/User/Documents/GitHub/ch32h417/EVT/EXAM/SRC/Peripheral/src\ch32h417_i2c.c ****     I2Cx->CTLR1 = tmpreg;
 247              		.loc 1 199 5 is_stmt 1
 248              		.loc 1 199 17 is_stmt 0
 249 00a0 1EA0     		sh	a5,0(s0)
 200:c:/Users/User/Documents/GitHub/ch32h417/EVT/EXAM/SRC/Peripheral/src\ch32h417_i2c.c **** 
 201:c:/Users/User/Documents/GitHub/ch32h417/EVT/EXAM/SRC/Peripheral/src\ch32h417_i2c.c ****     I2Cx->OADDR1 = (I2C_InitStruct->I2C_AcknowledgedAddress | I2C_InitStruct->I2C_OwnAddress1);
 250              		.loc 1 201 5 is_stmt 1
 251              		.loc 1 201 18 is_stmt 0
 252 00a2 03578900 		lhu	a4,8(s2)
 253 00a6 8357C900 		lhu	a5,12(s2)
 254              	.LVL33:
 255 00aa D98F     		or	a5,a5,a4
 256 00ac 1EA4     		sh	a5,8(s0)
 257              	.LVL34:
 202:c:/Users/User/Documents/GitHub/ch32h417/EVT/EXAM/SRC/Peripheral/src\ch32h417_i2c.c **** }
 258              		.loc 1 202 1
 259 00ae 4101     		addi	sp,sp,16
 260              		.cfi_remember_state
 261              		.cfi_def_cfa_offset 0
 262              	.LVL35:
 263 00b0 17030000 		tail	__riscv_restore_3
 263      67000300 
 264              		.cfi_restore 18
 265              		.cfi_restore 9
 266              		.cfi_restore 8
 267              		.cfi_restore 1
 268              		.cfi_def_cfa_offset -16
 269              	.LVL36:
 270              	.L10:
 271              		.cfi_restore_state
 174:c:/Users/User/Documents/GitHub/ch32h417/EVT/EXAM/SRC/Peripheral/src\ch32h417_i2c.c ****         {
 272              		.loc 1 174 9 is_stmt 1
 174:c:/Users/User/Documents/GitHub/ch32h417/EVT/EXAM/SRC/Peripheral/src\ch32h417_i2c.c ****         {
 273              		.loc 1 174 11 is_stmt 0
 274 00b8 83556900 		lhu	a1,6(s2)
 275 00bc 3166     		li	a2,49152
 276 00be 7D16     		addi	a2,a2,-1
 277 00c0 6399C502 		bne	a1,a2,.L12
 176:c:/Users/User/Documents/GitHub/ch32h417/EVT/EXAM/SRC/Peripheral/src\ch32h417_i2c.c ****         }
 278              		.loc 1 176 13 is_stmt 1
 176:c:/Users/User/Documents/GitHub/ch32h417/EVT/EXAM/SRC/Peripheral/src\ch32h417_i2c.c ****         }
 279              		.loc 1 176 73 is_stmt 0
 280 00c4 0D46     		li	a2,3
 281 00c6 B386C602 		mul	a3,a3,a2
 176:c:/Users/User/Documents/GitHub/ch32h417/EVT/EXAM/SRC/Peripheral/src\ch32h417_i2c.c ****         }
 282              		.loc 1 176 39
 283 00ca B3D7D702 		divu	a5,a5,a3
 284              	.LVL37:
 176:c:/Users/User/Documents/GitHub/ch32h417/EVT/EXAM/SRC/Peripheral/src\ch32h417_i2c.c ****         }
 285              		.loc 1 176 20
 286 00ce B3C70708 		zext.h	a5,a5
 287              	.LVL38:
 288              	.L13:
 184:c:/Users/User/Documents/GitHub/ch32h417/EVT/EXAM/SRC/Peripheral/src\ch32h417_i2c.c ****         {
 289              		.loc 1 184 9 is_stmt 1
 184:c:/Users/User/Documents/GitHub/ch32h417/EVT/EXAM/SRC/Peripheral/src\ch32h417_i2c.c ****         {
 290              		.loc 1 184 11 is_stmt 0
 291 00d2 93964701 		slli	a3,a5,20
 292 00d6 99E2     		bne	a3,zero,.L14
 186:c:/Users/User/Documents/GitHub/ch32h417/EVT/EXAM/SRC/Peripheral/src\ch32h417_i2c.c ****         }
 293              		.loc 1 186 13 is_stmt 1
 186:c:/Users/User/Documents/GitHub/ch32h417/EVT/EXAM/SRC/Peripheral/src\ch32h417_i2c.c ****         }
 294              		.loc 1 186 20 is_stmt 0
 295 00d8 93E71700 		ori	a5,a5,1
 296              	.LVL39:
 297              	.L14:
 189:c:/Users/User/Documents/GitHub/ch32h417/EVT/EXAM/SRC/Peripheral/src\ch32h417_i2c.c ****         I2Cx->RTR = (uint16_t)(((freqrange * (uint16_t)300) / (uint16_t)1000) + (uint16_t)1);
 298              		.loc 1 189 9 is_stmt 1
 190:c:/Users/User/Documents/GitHub/ch32h417/EVT/EXAM/SRC/Peripheral/src\ch32h417_i2c.c ****     }
 299              		.loc 1 190 44 is_stmt 0
 300 00dc 9306C012 		li	a3,300
 301 00e0 3307D702 		mul	a4,a4,a3
 302              	.LVL40:
 190:c:/Users/User/Documents/GitHub/ch32h417/EVT/EXAM/SRC/Peripheral/src\ch32h417_i2c.c ****     }
 303              		.loc 1 190 61
 304 00e4 9306803E 		li	a3,1000
 189:c:/Users/User/Documents/GitHub/ch32h417/EVT/EXAM/SRC/Peripheral/src\ch32h417_i2c.c ****         I2Cx->RTR = (uint16_t)(((freqrange * (uint16_t)300) / (uint16_t)1000) + (uint16_t)1);
 305              		.loc 1 189 16
 306 00e8 9397F728 		bseti	a5,a5,15
 307              	.LVL41:
 190:c:/Users/User/Documents/GitHub/ch32h417/EVT/EXAM/SRC/Peripheral/src\ch32h417_i2c.c ****     }
 308              		.loc 1 190 9 is_stmt 1
 190:c:/Users/User/Documents/GitHub/ch32h417/EVT/EXAM/SRC/Peripheral/src\ch32h417_i2c.c ****     }
 309              		.loc 1 190 61 is_stmt 0
 310 00ec 3347D702 		div	a4,a4,a3
 311 00f0 61B7     		j	.L18
 312              	.LVL42:
 313              	.L12:
 180:c:/Users/User/Documents/GitHub/ch32h417/EVT/EXAM/SRC/Peripheral/src\ch32h417_i2c.c ****             result |= I2C_DutyCycle_16_9;
 314              		.loc 1 180 13 is_stmt 1
 180:c:/Users/User/Documents/GitHub/ch32h417/EVT/EXAM/SRC/Peripheral/src\ch32h417_i2c.c ****             result |= I2C_DutyCycle_16_9;
 315              		.loc 1 180 73 is_stmt 0
 316 00f2 6546     		li	a2,25
 317 00f4 B386C602 		mul	a3,a3,a2
 180:c:/Users/User/Documents/GitHub/ch32h417/EVT/EXAM/SRC/Peripheral/src\ch32h417_i2c.c ****             result |= I2C_DutyCycle_16_9;
 318              		.loc 1 180 39
 319 00f8 B3D7D702 		divu	a5,a5,a3
 320              	.LVL43:
 180:c:/Users/User/Documents/GitHub/ch32h417/EVT/EXAM/SRC/Peripheral/src\ch32h417_i2c.c ****             result |= I2C_DutyCycle_16_9;
 321              		.loc 1 180 20
 322 00fc B3C70708 		zext.h	a5,a5
 323              	.LVL44:
 181:c:/Users/User/Documents/GitHub/ch32h417/EVT/EXAM/SRC/Peripheral/src\ch32h417_i2c.c ****         }
 324              		.loc 1 181 13 is_stmt 1
 181:c:/Users/User/Documents/GitHub/ch32h417/EVT/EXAM/SRC/Peripheral/src\ch32h417_i2c.c ****         }
 325              		.loc 1 181 20 is_stmt 0
 326 0100 9397E728 		bseti	a5,a5,14
 327              	.LVL45:
 328 0104 F9B7     		j	.L13
 329              		.cfi_endproc
 330              	.LFE41:
 332              		.section	.text.I2C_StructInit,"ax",@progbits
 333              		.align	1
 334              		.globl	I2C_StructInit
 336              	I2C_StructInit:
 337              	.LFB42:
 203:c:/Users/User/Documents/GitHub/ch32h417/EVT/EXAM/SRC/Peripheral/src\ch32h417_i2c.c **** 
 204:c:/Users/User/Documents/GitHub/ch32h417/EVT/EXAM/SRC/Peripheral/src\ch32h417_i2c.c **** /*********************************************************************
 205:c:/Users/User/Documents/GitHub/ch32h417/EVT/EXAM/SRC/Peripheral/src\ch32h417_i2c.c ****  * @fn      I2C_StructInit
 206:c:/Users/User/Documents/GitHub/ch32h417/EVT/EXAM/SRC/Peripheral/src\ch32h417_i2c.c ****  *
 207:c:/Users/User/Documents/GitHub/ch32h417/EVT/EXAM/SRC/Peripheral/src\ch32h417_i2c.c ****  * @brief   Fills each I2C_InitStruct member with its default value.
 208:c:/Users/User/Documents/GitHub/ch32h417/EVT/EXAM/SRC/Peripheral/src\ch32h417_i2c.c ****  *
 209:c:/Users/User/Documents/GitHub/ch32h417/EVT/EXAM/SRC/Peripheral/src\ch32h417_i2c.c ****  * @param   I2C_InitStruct - pointer to an I2C_InitTypeDef structure which
 210:c:/Users/User/Documents/GitHub/ch32h417/EVT/EXAM/SRC/Peripheral/src\ch32h417_i2c.c ****  *        will be initialized.
 211:c:/Users/User/Documents/GitHub/ch32h417/EVT/EXAM/SRC/Peripheral/src\ch32h417_i2c.c ****  *
 212:c:/Users/User/Documents/GitHub/ch32h417/EVT/EXAM/SRC/Peripheral/src\ch32h417_i2c.c ****  * @return  none
 213:c:/Users/User/Documents/GitHub/ch32h417/EVT/EXAM/SRC/Peripheral/src\ch32h417_i2c.c ****  */
 214:c:/Users/User/Documents/GitHub/ch32h417/EVT/EXAM/SRC/Peripheral/src\ch32h417_i2c.c **** void I2C_StructInit(I2C_InitTypeDef *I2C_InitStruct)
 215:c:/Users/User/Documents/GitHub/ch32h417/EVT/EXAM/SRC/Peripheral/src\ch32h417_i2c.c **** {
 338              		.loc 1 215 1 is_stmt 1
 339              		.cfi_startproc
 340              	.LVL46:
 216:c:/Users/User/Documents/GitHub/ch32h417/EVT/EXAM/SRC/Peripheral/src\ch32h417_i2c.c ****     I2C_InitStruct->I2C_ClockSpeed = 5000;
 341              		.loc 1 216 5
 217:c:/Users/User/Documents/GitHub/ch32h417/EVT/EXAM/SRC/Peripheral/src\ch32h417_i2c.c ****     I2C_InitStruct->I2C_Mode = I2C_Mode_I2C;
 342              		.loc 1 217 5
 218:c:/Users/User/Documents/GitHub/ch32h417/EVT/EXAM/SRC/Peripheral/src\ch32h417_i2c.c ****     I2C_InitStruct->I2C_DutyCycle = I2C_DutyCycle_2;
 343              		.loc 1 218 5
 219:c:/Users/User/Documents/GitHub/ch32h417/EVT/EXAM/SRC/Peripheral/src\ch32h417_i2c.c ****     I2C_InitStruct->I2C_OwnAddress1 = 0;
 344              		.loc 1 219 5
 220:c:/Users/User/Documents/GitHub/ch32h417/EVT/EXAM/SRC/Peripheral/src\ch32h417_i2c.c ****     I2C_InitStruct->I2C_Ack = I2C_Ack_Disable;
 345              		.loc 1 220 5
 221:c:/Users/User/Documents/GitHub/ch32h417/EVT/EXAM/SRC/Peripheral/src\ch32h417_i2c.c ****     I2C_InitStruct->I2C_AcknowledgedAddress = I2C_AcknowledgedAddress_7bit;
 346              		.loc 1 221 5
 216:c:/Users/User/Documents/GitHub/ch32h417/EVT/EXAM/SRC/Peripheral/src\ch32h417_i2c.c ****     I2C_InitStruct->I2C_Mode = I2C_Mode_I2C;
 347              		.loc 1 216 36 is_stmt 0
 348 0000 8567     		li	a5,4096
 349 0002 93878738 		addi	a5,a5,904
 350 0006 1CC1     		sw	a5,0(a0)
 217:c:/Users/User/Documents/GitHub/ch32h417/EVT/EXAM/SRC/Peripheral/src\ch32h417_i2c.c ****     I2C_InitStruct->I2C_DutyCycle = I2C_DutyCycle_2;
 351              		.loc 1 217 30
 352 0008 B707FFBF 		li	a5,-1073807360
 353 000c 5CC1     		sw	a5,4(a0)
 354              		.loc 1 221 45
 355 000e 9167     		li	a5,16384
 219:c:/Users/User/Documents/GitHub/ch32h417/EVT/EXAM/SRC/Peripheral/src\ch32h417_i2c.c ****     I2C_InitStruct->I2C_Ack = I2C_Ack_Disable;
 356              		.loc 1 219 37
 357 0010 23240500 		sw	zero,8(a0)
 358              		.loc 1 221 45
 359 0014 5EA5     		sh	a5,12(a0)
 222:c:/Users/User/Documents/GitHub/ch32h417/EVT/EXAM/SRC/Peripheral/src\ch32h417_i2c.c **** }
 360              		.loc 1 222 1
 361 0016 8280     		ret
 362              		.cfi_endproc
 363              	.LFE42:
 365              		.section	.text.I2C_Cmd,"ax",@progbits
 366              		.align	1
 367              		.globl	I2C_Cmd
 369              	I2C_Cmd:
 370              	.LFB43:
 223:c:/Users/User/Documents/GitHub/ch32h417/EVT/EXAM/SRC/Peripheral/src\ch32h417_i2c.c **** 
 224:c:/Users/User/Documents/GitHub/ch32h417/EVT/EXAM/SRC/Peripheral/src\ch32h417_i2c.c **** /*********************************************************************
 225:c:/Users/User/Documents/GitHub/ch32h417/EVT/EXAM/SRC/Peripheral/src\ch32h417_i2c.c ****  * @fn      I2C_Cmd
 226:c:/Users/User/Documents/GitHub/ch32h417/EVT/EXAM/SRC/Peripheral/src\ch32h417_i2c.c ****  *
 227:c:/Users/User/Documents/GitHub/ch32h417/EVT/EXAM/SRC/Peripheral/src\ch32h417_i2c.c ****  * @brief   Enables or disables the specified I2C peripheral.
 228:c:/Users/User/Documents/GitHub/ch32h417/EVT/EXAM/SRC/Peripheral/src\ch32h417_i2c.c ****  *
 229:c:/Users/User/Documents/GitHub/ch32h417/EVT/EXAM/SRC/Peripheral/src\ch32h417_i2c.c ****  * @param   I2Cx - where x can be (1~4) to select the I2C peripheral.
 230:c:/Users/User/Documents/GitHub/ch32h417/EVT/EXAM/SRC/Peripheral/src\ch32h417_i2c.c ****  *          NewState - ENABLE or DISABLE.
 231:c:/Users/User/Documents/GitHub/ch32h417/EVT/EXAM/SRC/Peripheral/src\ch32h417_i2c.c ****  *
 232:c:/Users/User/Documents/GitHub/ch32h417/EVT/EXAM/SRC/Peripheral/src\ch32h417_i2c.c ****  * @return  none
 233:c:/Users/User/Documents/GitHub/ch32h417/EVT/EXAM/SRC/Peripheral/src\ch32h417_i2c.c ****  */
 234:c:/Users/User/Documents/GitHub/ch32h417/EVT/EXAM/SRC/Peripheral/src\ch32h417_i2c.c **** void I2C_Cmd(I2C_TypeDef *I2Cx, FunctionalState NewState)
 235:c:/Users/User/Documents/GitHub/ch32h417/EVT/EXAM/SRC/Peripheral/src\ch32h417_i2c.c **** {
 371              		.loc 1 235 1 is_stmt 1
 372              		.cfi_startproc
 373              	.LVL47:
 236:c:/Users/User/Documents/GitHub/ch32h417/EVT/EXAM/SRC/Peripheral/src\ch32h417_i2c.c ****     if(NewState != DISABLE)
 374              		.loc 1 236 5
 237:c:/Users/User/Documents/GitHub/ch32h417/EVT/EXAM/SRC/Peripheral/src\ch32h417_i2c.c ****     {
 238:c:/Users/User/Documents/GitHub/ch32h417/EVT/EXAM/SRC/Peripheral/src\ch32h417_i2c.c ****         I2Cx->CTLR1 |= CTLR1_PE_Set;
 375              		.loc 1 238 13 is_stmt 0
 376 0000 1E21     		lhu	a5,0(a0)
 236:c:/Users/User/Documents/GitHub/ch32h417/EVT/EXAM/SRC/Peripheral/src\ch32h417_i2c.c ****     if(NewState != DISABLE)
 377              		.loc 1 236 7
 378 0002 89C5     		beq	a1,zero,.L21
 379              		.loc 1 238 9 is_stmt 1
 380              		.loc 1 238 21 is_stmt 0
 381 0004 93E71700 		ori	a5,a5,1
 382              	.L23:
 239:c:/Users/User/Documents/GitHub/ch32h417/EVT/EXAM/SRC/Peripheral/src\ch32h417_i2c.c ****     }
 240:c:/Users/User/Documents/GitHub/ch32h417/EVT/EXAM/SRC/Peripheral/src\ch32h417_i2c.c ****     else
 241:c:/Users/User/Documents/GitHub/ch32h417/EVT/EXAM/SRC/Peripheral/src\ch32h417_i2c.c ****     {
 242:c:/Users/User/Documents/GitHub/ch32h417/EVT/EXAM/SRC/Peripheral/src\ch32h417_i2c.c ****         I2Cx->CTLR1 &= CTLR1_PE_Reset;
 383              		.loc 1 242 21
 384 0008 1EA1     		sh	a5,0(a0)
 243:c:/Users/User/Documents/GitHub/ch32h417/EVT/EXAM/SRC/Peripheral/src\ch32h417_i2c.c ****     }
 244:c:/Users/User/Documents/GitHub/ch32h417/EVT/EXAM/SRC/Peripheral/src\ch32h417_i2c.c **** }
 385              		.loc 1 244 1
 386 000a 8280     		ret
 387              	.L21:
 242:c:/Users/User/Documents/GitHub/ch32h417/EVT/EXAM/SRC/Peripheral/src\ch32h417_i2c.c ****     }
 388              		.loc 1 242 9 is_stmt 1
 242:c:/Users/User/Documents/GitHub/ch32h417/EVT/EXAM/SRC/Peripheral/src\ch32h417_i2c.c ****     }
 389              		.loc 1 242 13 is_stmt 0
 390 000c B3C70708 		zext.h	a5,a5
 242:c:/Users/User/Documents/GitHub/ch32h417/EVT/EXAM/SRC/Peripheral/src\ch32h417_i2c.c ****     }
 391              		.loc 1 242 21
 392 0010 F99B     		andi	a5,a5,-2
 393 0012 B3C70708 		zext.h	a5,a5
 394 0016 CDBF     		j	.L23
 395              		.cfi_endproc
 396              	.LFE43:
 398              		.section	.text.I2C_DMACmd,"ax",@progbits
 399              		.align	1
 400              		.globl	I2C_DMACmd
 402              	I2C_DMACmd:
 403              	.LFB44:
 245:c:/Users/User/Documents/GitHub/ch32h417/EVT/EXAM/SRC/Peripheral/src\ch32h417_i2c.c **** 
 246:c:/Users/User/Documents/GitHub/ch32h417/EVT/EXAM/SRC/Peripheral/src\ch32h417_i2c.c **** /*********************************************************************
 247:c:/Users/User/Documents/GitHub/ch32h417/EVT/EXAM/SRC/Peripheral/src\ch32h417_i2c.c ****  * @fn      I2C_DMACmd
 248:c:/Users/User/Documents/GitHub/ch32h417/EVT/EXAM/SRC/Peripheral/src\ch32h417_i2c.c ****  *
 249:c:/Users/User/Documents/GitHub/ch32h417/EVT/EXAM/SRC/Peripheral/src\ch32h417_i2c.c ****  * @brief   Enables or disables the specified I2C DMA requests.
 250:c:/Users/User/Documents/GitHub/ch32h417/EVT/EXAM/SRC/Peripheral/src\ch32h417_i2c.c ****  *
 251:c:/Users/User/Documents/GitHub/ch32h417/EVT/EXAM/SRC/Peripheral/src\ch32h417_i2c.c ****  * @param   I2Cx - where x can be (1~4) to select the I2C peripheral.
 252:c:/Users/User/Documents/GitHub/ch32h417/EVT/EXAM/SRC/Peripheral/src\ch32h417_i2c.c ****  *          NewState - ENABLE or DISABLE.
 253:c:/Users/User/Documents/GitHub/ch32h417/EVT/EXAM/SRC/Peripheral/src\ch32h417_i2c.c ****  *
 254:c:/Users/User/Documents/GitHub/ch32h417/EVT/EXAM/SRC/Peripheral/src\ch32h417_i2c.c ****  * @return  none
 255:c:/Users/User/Documents/GitHub/ch32h417/EVT/EXAM/SRC/Peripheral/src\ch32h417_i2c.c ****  */
 256:c:/Users/User/Documents/GitHub/ch32h417/EVT/EXAM/SRC/Peripheral/src\ch32h417_i2c.c **** void I2C_DMACmd(I2C_TypeDef *I2Cx, FunctionalState NewState)
 257:c:/Users/User/Documents/GitHub/ch32h417/EVT/EXAM/SRC/Peripheral/src\ch32h417_i2c.c **** {
 404              		.loc 1 257 1 is_stmt 1
 405              		.cfi_startproc
 406              	.LVL48:
 258:c:/Users/User/Documents/GitHub/ch32h417/EVT/EXAM/SRC/Peripheral/src\ch32h417_i2c.c ****     if(NewState != DISABLE)
 407              		.loc 1 258 5
 259:c:/Users/User/Documents/GitHub/ch32h417/EVT/EXAM/SRC/Peripheral/src\ch32h417_i2c.c ****     {
 260:c:/Users/User/Documents/GitHub/ch32h417/EVT/EXAM/SRC/Peripheral/src\ch32h417_i2c.c ****         I2Cx->CTLR2 |= CTLR2_DMAEN_Set;
 408              		.loc 1 260 13 is_stmt 0
 409 0000 5E21     		lhu	a5,4(a0)
 258:c:/Users/User/Documents/GitHub/ch32h417/EVT/EXAM/SRC/Peripheral/src\ch32h417_i2c.c ****     if(NewState != DISABLE)
 410              		.loc 1 258 7
 411 0002 89C5     		beq	a1,zero,.L25
 412              		.loc 1 260 9 is_stmt 1
 413              		.loc 1 260 21 is_stmt 0
 414 0004 9397B728 		bseti	a5,a5,11
 415              	.L27:
 261:c:/Users/User/Documents/GitHub/ch32h417/EVT/EXAM/SRC/Peripheral/src\ch32h417_i2c.c ****     }
 262:c:/Users/User/Documents/GitHub/ch32h417/EVT/EXAM/SRC/Peripheral/src\ch32h417_i2c.c ****     else
 263:c:/Users/User/Documents/GitHub/ch32h417/EVT/EXAM/SRC/Peripheral/src\ch32h417_i2c.c ****     {
 264:c:/Users/User/Documents/GitHub/ch32h417/EVT/EXAM/SRC/Peripheral/src\ch32h417_i2c.c ****         I2Cx->CTLR2 &= CTLR2_DMAEN_Reset;
 416              		.loc 1 264 21
 417 0008 5EA1     		sh	a5,4(a0)
 265:c:/Users/User/Documents/GitHub/ch32h417/EVT/EXAM/SRC/Peripheral/src\ch32h417_i2c.c ****     }
 266:c:/Users/User/Documents/GitHub/ch32h417/EVT/EXAM/SRC/Peripheral/src\ch32h417_i2c.c **** }
 418              		.loc 1 266 1
 419 000a 8280     		ret
 420              	.L25:
 264:c:/Users/User/Documents/GitHub/ch32h417/EVT/EXAM/SRC/Peripheral/src\ch32h417_i2c.c ****     }
 421              		.loc 1 264 9 is_stmt 1
 264:c:/Users/User/Documents/GitHub/ch32h417/EVT/EXAM/SRC/Peripheral/src\ch32h417_i2c.c ****     }
 422              		.loc 1 264 21 is_stmt 0
 423 000c 7D77     		li	a4,-4096
 424 000e 1307F77F 		addi	a4,a4,2047
 425 0012 F98F     		and	a5,a5,a4
 426 0014 D5BF     		j	.L27
 427              		.cfi_endproc
 428              	.LFE44:
 430              		.section	.text.I2C_DMALastTransferCmd,"ax",@progbits
 431              		.align	1
 432              		.globl	I2C_DMALastTransferCmd
 434              	I2C_DMALastTransferCmd:
 435              	.LFB45:
 267:c:/Users/User/Documents/GitHub/ch32h417/EVT/EXAM/SRC/Peripheral/src\ch32h417_i2c.c **** 
 268:c:/Users/User/Documents/GitHub/ch32h417/EVT/EXAM/SRC/Peripheral/src\ch32h417_i2c.c **** /*********************************************************************
 269:c:/Users/User/Documents/GitHub/ch32h417/EVT/EXAM/SRC/Peripheral/src\ch32h417_i2c.c ****  * @fn      I2C_DMALastTransferCmd
 270:c:/Users/User/Documents/GitHub/ch32h417/EVT/EXAM/SRC/Peripheral/src\ch32h417_i2c.c ****  *
 271:c:/Users/User/Documents/GitHub/ch32h417/EVT/EXAM/SRC/Peripheral/src\ch32h417_i2c.c ****  * @brief   Specifies if the next DMA transfer will be the last one.
 272:c:/Users/User/Documents/GitHub/ch32h417/EVT/EXAM/SRC/Peripheral/src\ch32h417_i2c.c ****  *
 273:c:/Users/User/Documents/GitHub/ch32h417/EVT/EXAM/SRC/Peripheral/src\ch32h417_i2c.c ****  * @param   I2Cx - where x can be (1~4) to select the I2C peripheral.
 274:c:/Users/User/Documents/GitHub/ch32h417/EVT/EXAM/SRC/Peripheral/src\ch32h417_i2c.c ****  *          NewState - ENABLE or DISABLE.
 275:c:/Users/User/Documents/GitHub/ch32h417/EVT/EXAM/SRC/Peripheral/src\ch32h417_i2c.c ****  *
 276:c:/Users/User/Documents/GitHub/ch32h417/EVT/EXAM/SRC/Peripheral/src\ch32h417_i2c.c ****  * @return  none
 277:c:/Users/User/Documents/GitHub/ch32h417/EVT/EXAM/SRC/Peripheral/src\ch32h417_i2c.c ****  */
 278:c:/Users/User/Documents/GitHub/ch32h417/EVT/EXAM/SRC/Peripheral/src\ch32h417_i2c.c **** void I2C_DMALastTransferCmd(I2C_TypeDef *I2Cx, FunctionalState NewState)
 279:c:/Users/User/Documents/GitHub/ch32h417/EVT/EXAM/SRC/Peripheral/src\ch32h417_i2c.c **** {
 436              		.loc 1 279 1 is_stmt 1
 437              		.cfi_startproc
 438              	.LVL49:
 280:c:/Users/User/Documents/GitHub/ch32h417/EVT/EXAM/SRC/Peripheral/src\ch32h417_i2c.c ****     if(NewState != DISABLE)
 439              		.loc 1 280 5
 281:c:/Users/User/Documents/GitHub/ch32h417/EVT/EXAM/SRC/Peripheral/src\ch32h417_i2c.c ****     {
 282:c:/Users/User/Documents/GitHub/ch32h417/EVT/EXAM/SRC/Peripheral/src\ch32h417_i2c.c ****         I2Cx->CTLR2 |= CTLR2_LAST_Set;
 440              		.loc 1 282 13 is_stmt 0
 441 0000 5E21     		lhu	a5,4(a0)
 280:c:/Users/User/Documents/GitHub/ch32h417/EVT/EXAM/SRC/Peripheral/src\ch32h417_i2c.c ****     if(NewState != DISABLE)
 442              		.loc 1 280 7
 443 0002 89C5     		beq	a1,zero,.L29
 444              		.loc 1 282 9 is_stmt 1
 445              		.loc 1 282 21 is_stmt 0
 446 0004 9397C728 		bseti	a5,a5,12
 447              	.L31:
 283:c:/Users/User/Documents/GitHub/ch32h417/EVT/EXAM/SRC/Peripheral/src\ch32h417_i2c.c ****     }
 284:c:/Users/User/Documents/GitHub/ch32h417/EVT/EXAM/SRC/Peripheral/src\ch32h417_i2c.c ****     else
 285:c:/Users/User/Documents/GitHub/ch32h417/EVT/EXAM/SRC/Peripheral/src\ch32h417_i2c.c ****     {
 286:c:/Users/User/Documents/GitHub/ch32h417/EVT/EXAM/SRC/Peripheral/src\ch32h417_i2c.c ****         I2Cx->CTLR2 &= CTLR2_LAST_Reset;
 448              		.loc 1 286 21
 449 0008 5EA1     		sh	a5,4(a0)
 287:c:/Users/User/Documents/GitHub/ch32h417/EVT/EXAM/SRC/Peripheral/src\ch32h417_i2c.c ****     }
 288:c:/Users/User/Documents/GitHub/ch32h417/EVT/EXAM/SRC/Peripheral/src\ch32h417_i2c.c **** }
 450              		.loc 1 288 1
 451 000a 8280     		ret
 452              	.L29:
 286:c:/Users/User/Documents/GitHub/ch32h417/EVT/EXAM/SRC/Peripheral/src\ch32h417_i2c.c ****     }
 453              		.loc 1 286 9 is_stmt 1
 286:c:/Users/User/Documents/GitHub/ch32h417/EVT/EXAM/SRC/Peripheral/src\ch32h417_i2c.c ****     }
 454              		.loc 1 286 21 is_stmt 0
 455 000c 7D77     		li	a4,-4096
 456 000e 7D17     		addi	a4,a4,-1
 457 0010 F98F     		and	a5,a5,a4
 458 0012 DDBF     		j	.L31
 459              		.cfi_endproc
 460              	.LFE45:
 462              		.section	.text.I2C_GenerateSTART,"ax",@progbits
 463              		.align	1
 464              		.globl	I2C_GenerateSTART
 466              	I2C_GenerateSTART:
 467              	.LFB46:
 289:c:/Users/User/Documents/GitHub/ch32h417/EVT/EXAM/SRC/Peripheral/src\ch32h417_i2c.c **** 
 290:c:/Users/User/Documents/GitHub/ch32h417/EVT/EXAM/SRC/Peripheral/src\ch32h417_i2c.c **** /*********************************************************************
 291:c:/Users/User/Documents/GitHub/ch32h417/EVT/EXAM/SRC/Peripheral/src\ch32h417_i2c.c ****  * @fn      I2C_GenerateSTART
 292:c:/Users/User/Documents/GitHub/ch32h417/EVT/EXAM/SRC/Peripheral/src\ch32h417_i2c.c ****  *
 293:c:/Users/User/Documents/GitHub/ch32h417/EVT/EXAM/SRC/Peripheral/src\ch32h417_i2c.c ****  * @brief   Generates I2Cx communication START condition.
 294:c:/Users/User/Documents/GitHub/ch32h417/EVT/EXAM/SRC/Peripheral/src\ch32h417_i2c.c ****  *
 295:c:/Users/User/Documents/GitHub/ch32h417/EVT/EXAM/SRC/Peripheral/src\ch32h417_i2c.c ****  * @param   I2Cx - where x can be (1~4) to select the I2C peripheral.
 296:c:/Users/User/Documents/GitHub/ch32h417/EVT/EXAM/SRC/Peripheral/src\ch32h417_i2c.c ****  *          NewState - ENABLE or DISABLE.
 297:c:/Users/User/Documents/GitHub/ch32h417/EVT/EXAM/SRC/Peripheral/src\ch32h417_i2c.c ****  *
 298:c:/Users/User/Documents/GitHub/ch32h417/EVT/EXAM/SRC/Peripheral/src\ch32h417_i2c.c ****  * @return  none
 299:c:/Users/User/Documents/GitHub/ch32h417/EVT/EXAM/SRC/Peripheral/src\ch32h417_i2c.c ****  */
 300:c:/Users/User/Documents/GitHub/ch32h417/EVT/EXAM/SRC/Peripheral/src\ch32h417_i2c.c **** void I2C_GenerateSTART(I2C_TypeDef *I2Cx, FunctionalState NewState)
 301:c:/Users/User/Documents/GitHub/ch32h417/EVT/EXAM/SRC/Peripheral/src\ch32h417_i2c.c **** {
 468              		.loc 1 301 1 is_stmt 1
 469              		.cfi_startproc
 470              	.LVL50:
 302:c:/Users/User/Documents/GitHub/ch32h417/EVT/EXAM/SRC/Peripheral/src\ch32h417_i2c.c ****     if(NewState != DISABLE)
 471              		.loc 1 302 5
 303:c:/Users/User/Documents/GitHub/ch32h417/EVT/EXAM/SRC/Peripheral/src\ch32h417_i2c.c ****     {
 304:c:/Users/User/Documents/GitHub/ch32h417/EVT/EXAM/SRC/Peripheral/src\ch32h417_i2c.c ****         I2Cx->CTLR1 |= CTLR1_START_Set;
 472              		.loc 1 304 13 is_stmt 0
 473 0000 1E21     		lhu	a5,0(a0)
 302:c:/Users/User/Documents/GitHub/ch32h417/EVT/EXAM/SRC/Peripheral/src\ch32h417_i2c.c ****     if(NewState != DISABLE)
 474              		.loc 1 302 7
 475 0002 89C5     		beq	a1,zero,.L33
 476              		.loc 1 304 9 is_stmt 1
 477              		.loc 1 304 21 is_stmt 0
 478 0004 93E70710 		ori	a5,a5,256
 479              	.L35:
 305:c:/Users/User/Documents/GitHub/ch32h417/EVT/EXAM/SRC/Peripheral/src\ch32h417_i2c.c ****     }
 306:c:/Users/User/Documents/GitHub/ch32h417/EVT/EXAM/SRC/Peripheral/src\ch32h417_i2c.c ****     else
 307:c:/Users/User/Documents/GitHub/ch32h417/EVT/EXAM/SRC/Peripheral/src\ch32h417_i2c.c ****     {
 308:c:/Users/User/Documents/GitHub/ch32h417/EVT/EXAM/SRC/Peripheral/src\ch32h417_i2c.c ****         I2Cx->CTLR1 &= CTLR1_START_Reset;
 480              		.loc 1 308 21
 481 0008 1EA1     		sh	a5,0(a0)
 309:c:/Users/User/Documents/GitHub/ch32h417/EVT/EXAM/SRC/Peripheral/src\ch32h417_i2c.c ****     }
 310:c:/Users/User/Documents/GitHub/ch32h417/EVT/EXAM/SRC/Peripheral/src\ch32h417_i2c.c **** }
 482              		.loc 1 310 1
 483 000a 8280     		ret
 484              	.L33:
 308:c:/Users/User/Documents/GitHub/ch32h417/EVT/EXAM/SRC/Peripheral/src\ch32h417_i2c.c ****     }
 485              		.loc 1 308 9 is_stmt 1
 308:c:/Users/User/Documents/GitHub/ch32h417/EVT/EXAM/SRC/Peripheral/src\ch32h417_i2c.c ****     }
 486              		.loc 1 308 13 is_stmt 0
 487 000c B3C70708 		zext.h	a5,a5
 308:c:/Users/User/Documents/GitHub/ch32h417/EVT/EXAM/SRC/Peripheral/src\ch32h417_i2c.c ****     }
 488              		.loc 1 308 21
 489 0010 93F7F7EF 		andi	a5,a5,-257
 490 0014 B3C70708 		zext.h	a5,a5
 491 0018 C5BF     		j	.L35
 492              		.cfi_endproc
 493              	.LFE46:
 495              		.section	.text.I2C_GenerateSTOP,"ax",@progbits
 496              		.align	1
 497              		.globl	I2C_GenerateSTOP
 499              	I2C_GenerateSTOP:
 500              	.LFB47:
 311:c:/Users/User/Documents/GitHub/ch32h417/EVT/EXAM/SRC/Peripheral/src\ch32h417_i2c.c **** 
 312:c:/Users/User/Documents/GitHub/ch32h417/EVT/EXAM/SRC/Peripheral/src\ch32h417_i2c.c **** /*********************************************************************
 313:c:/Users/User/Documents/GitHub/ch32h417/EVT/EXAM/SRC/Peripheral/src\ch32h417_i2c.c ****  * @fn      I2C_GenerateSTOP
 314:c:/Users/User/Documents/GitHub/ch32h417/EVT/EXAM/SRC/Peripheral/src\ch32h417_i2c.c ****  *
 315:c:/Users/User/Documents/GitHub/ch32h417/EVT/EXAM/SRC/Peripheral/src\ch32h417_i2c.c ****  * @brief   Generates I2Cx communication STOP condition.
 316:c:/Users/User/Documents/GitHub/ch32h417/EVT/EXAM/SRC/Peripheral/src\ch32h417_i2c.c ****  *
 317:c:/Users/User/Documents/GitHub/ch32h417/EVT/EXAM/SRC/Peripheral/src\ch32h417_i2c.c ****  * @param   I2Cx - where x can be (1~4) to select the I2C peripheral.
 318:c:/Users/User/Documents/GitHub/ch32h417/EVT/EXAM/SRC/Peripheral/src\ch32h417_i2c.c ****  *          NewState - ENABLE or DISABLE.
 319:c:/Users/User/Documents/GitHub/ch32h417/EVT/EXAM/SRC/Peripheral/src\ch32h417_i2c.c ****  *
 320:c:/Users/User/Documents/GitHub/ch32h417/EVT/EXAM/SRC/Peripheral/src\ch32h417_i2c.c ****  * @return  none
 321:c:/Users/User/Documents/GitHub/ch32h417/EVT/EXAM/SRC/Peripheral/src\ch32h417_i2c.c ****  */
 322:c:/Users/User/Documents/GitHub/ch32h417/EVT/EXAM/SRC/Peripheral/src\ch32h417_i2c.c **** void I2C_GenerateSTOP(I2C_TypeDef *I2Cx, FunctionalState NewState)
 323:c:/Users/User/Documents/GitHub/ch32h417/EVT/EXAM/SRC/Peripheral/src\ch32h417_i2c.c **** {
 501              		.loc 1 323 1 is_stmt 1
 502              		.cfi_startproc
 503              	.LVL51:
 324:c:/Users/User/Documents/GitHub/ch32h417/EVT/EXAM/SRC/Peripheral/src\ch32h417_i2c.c ****     if(NewState != DISABLE)
 504              		.loc 1 324 5
 325:c:/Users/User/Documents/GitHub/ch32h417/EVT/EXAM/SRC/Peripheral/src\ch32h417_i2c.c ****     {
 326:c:/Users/User/Documents/GitHub/ch32h417/EVT/EXAM/SRC/Peripheral/src\ch32h417_i2c.c ****         I2Cx->CTLR1 |= CTLR1_STOP_Set;
 505              		.loc 1 326 13 is_stmt 0
 506 0000 1E21     		lhu	a5,0(a0)
 324:c:/Users/User/Documents/GitHub/ch32h417/EVT/EXAM/SRC/Peripheral/src\ch32h417_i2c.c ****     if(NewState != DISABLE)
 507              		.loc 1 324 7
 508 0002 89C5     		beq	a1,zero,.L37
 509              		.loc 1 326 9 is_stmt 1
 510              		.loc 1 326 21 is_stmt 0
 511 0004 93E70720 		ori	a5,a5,512
 512              	.L39:
 327:c:/Users/User/Documents/GitHub/ch32h417/EVT/EXAM/SRC/Peripheral/src\ch32h417_i2c.c ****     }
 328:c:/Users/User/Documents/GitHub/ch32h417/EVT/EXAM/SRC/Peripheral/src\ch32h417_i2c.c ****     else
 329:c:/Users/User/Documents/GitHub/ch32h417/EVT/EXAM/SRC/Peripheral/src\ch32h417_i2c.c ****     {
 330:c:/Users/User/Documents/GitHub/ch32h417/EVT/EXAM/SRC/Peripheral/src\ch32h417_i2c.c ****         I2Cx->CTLR1 &= CTLR1_STOP_Reset;
 513              		.loc 1 330 21
 514 0008 1EA1     		sh	a5,0(a0)
 331:c:/Users/User/Documents/GitHub/ch32h417/EVT/EXAM/SRC/Peripheral/src\ch32h417_i2c.c ****     }
 332:c:/Users/User/Documents/GitHub/ch32h417/EVT/EXAM/SRC/Peripheral/src\ch32h417_i2c.c **** }
 515              		.loc 1 332 1
 516 000a 8280     		ret
 517              	.L37:
 330:c:/Users/User/Documents/GitHub/ch32h417/EVT/EXAM/SRC/Peripheral/src\ch32h417_i2c.c ****     }
 518              		.loc 1 330 9 is_stmt 1
 330:c:/Users/User/Documents/GitHub/ch32h417/EVT/EXAM/SRC/Peripheral/src\ch32h417_i2c.c ****     }
 519              		.loc 1 330 13 is_stmt 0
 520 000c B3C70708 		zext.h	a5,a5
 330:c:/Users/User/Documents/GitHub/ch32h417/EVT/EXAM/SRC/Peripheral/src\ch32h417_i2c.c ****     }
 521              		.loc 1 330 21
 522 0010 93F7F7DF 		andi	a5,a5,-513
 523 0014 B3C70708 		zext.h	a5,a5
 524 0018 C5BF     		j	.L39
 525              		.cfi_endproc
 526              	.LFE47:
 528              		.section	.text.I2C_AcknowledgeConfig,"ax",@progbits
 529              		.align	1
 530              		.globl	I2C_AcknowledgeConfig
 532              	I2C_AcknowledgeConfig:
 533              	.LFB48:
 333:c:/Users/User/Documents/GitHub/ch32h417/EVT/EXAM/SRC/Peripheral/src\ch32h417_i2c.c **** 
 334:c:/Users/User/Documents/GitHub/ch32h417/EVT/EXAM/SRC/Peripheral/src\ch32h417_i2c.c **** /*********************************************************************
 335:c:/Users/User/Documents/GitHub/ch32h417/EVT/EXAM/SRC/Peripheral/src\ch32h417_i2c.c ****  * @fn      I2C_AcknowledgeConfig
 336:c:/Users/User/Documents/GitHub/ch32h417/EVT/EXAM/SRC/Peripheral/src\ch32h417_i2c.c ****  *
 337:c:/Users/User/Documents/GitHub/ch32h417/EVT/EXAM/SRC/Peripheral/src\ch32h417_i2c.c ****  * @brief   Enables or disables the specified I2C acknowledge feature.
 338:c:/Users/User/Documents/GitHub/ch32h417/EVT/EXAM/SRC/Peripheral/src\ch32h417_i2c.c ****  *
 339:c:/Users/User/Documents/GitHub/ch32h417/EVT/EXAM/SRC/Peripheral/src\ch32h417_i2c.c ****  * @param   I2Cx - where x can be (1~4) to select the I2C peripheral.
 340:c:/Users/User/Documents/GitHub/ch32h417/EVT/EXAM/SRC/Peripheral/src\ch32h417_i2c.c ****  *          NewState - ENABLE or DISABLE.
 341:c:/Users/User/Documents/GitHub/ch32h417/EVT/EXAM/SRC/Peripheral/src\ch32h417_i2c.c ****  *
 342:c:/Users/User/Documents/GitHub/ch32h417/EVT/EXAM/SRC/Peripheral/src\ch32h417_i2c.c ****  * @return  none
 343:c:/Users/User/Documents/GitHub/ch32h417/EVT/EXAM/SRC/Peripheral/src\ch32h417_i2c.c ****  */
 344:c:/Users/User/Documents/GitHub/ch32h417/EVT/EXAM/SRC/Peripheral/src\ch32h417_i2c.c **** void I2C_AcknowledgeConfig(I2C_TypeDef *I2Cx, FunctionalState NewState)
 345:c:/Users/User/Documents/GitHub/ch32h417/EVT/EXAM/SRC/Peripheral/src\ch32h417_i2c.c **** {
 534              		.loc 1 345 1 is_stmt 1
 535              		.cfi_startproc
 536              	.LVL52:
 346:c:/Users/User/Documents/GitHub/ch32h417/EVT/EXAM/SRC/Peripheral/src\ch32h417_i2c.c ****     if(NewState != DISABLE)
 537              		.loc 1 346 5
 347:c:/Users/User/Documents/GitHub/ch32h417/EVT/EXAM/SRC/Peripheral/src\ch32h417_i2c.c ****     {
 348:c:/Users/User/Documents/GitHub/ch32h417/EVT/EXAM/SRC/Peripheral/src\ch32h417_i2c.c ****         I2Cx->CTLR1 |= CTLR1_ACK_Set;
 538              		.loc 1 348 13 is_stmt 0
 539 0000 1E21     		lhu	a5,0(a0)
 346:c:/Users/User/Documents/GitHub/ch32h417/EVT/EXAM/SRC/Peripheral/src\ch32h417_i2c.c ****     if(NewState != DISABLE)
 540              		.loc 1 346 7
 541 0002 89C5     		beq	a1,zero,.L41
 542              		.loc 1 348 9 is_stmt 1
 543              		.loc 1 348 21 is_stmt 0
 544 0004 93E70740 		ori	a5,a5,1024
 545              	.L43:
 349:c:/Users/User/Documents/GitHub/ch32h417/EVT/EXAM/SRC/Peripheral/src\ch32h417_i2c.c ****     }
 350:c:/Users/User/Documents/GitHub/ch32h417/EVT/EXAM/SRC/Peripheral/src\ch32h417_i2c.c ****     else
 351:c:/Users/User/Documents/GitHub/ch32h417/EVT/EXAM/SRC/Peripheral/src\ch32h417_i2c.c ****     {
 352:c:/Users/User/Documents/GitHub/ch32h417/EVT/EXAM/SRC/Peripheral/src\ch32h417_i2c.c ****         I2Cx->CTLR1 &= CTLR1_ACK_Reset;
 546              		.loc 1 352 21
 547 0008 1EA1     		sh	a5,0(a0)
 353:c:/Users/User/Documents/GitHub/ch32h417/EVT/EXAM/SRC/Peripheral/src\ch32h417_i2c.c ****     }
 354:c:/Users/User/Documents/GitHub/ch32h417/EVT/EXAM/SRC/Peripheral/src\ch32h417_i2c.c **** }
 548              		.loc 1 354 1
 549 000a 8280     		ret
 550              	.L41:
 352:c:/Users/User/Documents/GitHub/ch32h417/EVT/EXAM/SRC/Peripheral/src\ch32h417_i2c.c ****     }
 551              		.loc 1 352 9 is_stmt 1
 352:c:/Users/User/Documents/GitHub/ch32h417/EVT/EXAM/SRC/Peripheral/src\ch32h417_i2c.c ****     }
 552              		.loc 1 352 13 is_stmt 0
 553 000c B3C70708 		zext.h	a5,a5
 352:c:/Users/User/Documents/GitHub/ch32h417/EVT/EXAM/SRC/Peripheral/src\ch32h417_i2c.c ****     }
 554              		.loc 1 352 21
 555 0010 93F7F7BF 		andi	a5,a5,-1025
 556 0014 B3C70708 		zext.h	a5,a5
 557 0018 C5BF     		j	.L43
 558              		.cfi_endproc
 559              	.LFE48:
 561              		.section	.text.I2C_OwnAddress2Config,"ax",@progbits
 562              		.align	1
 563              		.globl	I2C_OwnAddress2Config
 565              	I2C_OwnAddress2Config:
 566              	.LFB49:
 355:c:/Users/User/Documents/GitHub/ch32h417/EVT/EXAM/SRC/Peripheral/src\ch32h417_i2c.c **** 
 356:c:/Users/User/Documents/GitHub/ch32h417/EVT/EXAM/SRC/Peripheral/src\ch32h417_i2c.c **** /*********************************************************************
 357:c:/Users/User/Documents/GitHub/ch32h417/EVT/EXAM/SRC/Peripheral/src\ch32h417_i2c.c ****  * @fn      I2C_OwnAddress2Config
 358:c:/Users/User/Documents/GitHub/ch32h417/EVT/EXAM/SRC/Peripheral/src\ch32h417_i2c.c ****  *
 359:c:/Users/User/Documents/GitHub/ch32h417/EVT/EXAM/SRC/Peripheral/src\ch32h417_i2c.c ****  * @brief   Configures the specified I2C own address2.
 360:c:/Users/User/Documents/GitHub/ch32h417/EVT/EXAM/SRC/Peripheral/src\ch32h417_i2c.c ****  *
 361:c:/Users/User/Documents/GitHub/ch32h417/EVT/EXAM/SRC/Peripheral/src\ch32h417_i2c.c ****  * @param   I2Cx - where x can be (1~4) to select the I2C peripheral.
 362:c:/Users/User/Documents/GitHub/ch32h417/EVT/EXAM/SRC/Peripheral/src\ch32h417_i2c.c ****  *          Address - specifies the 7bit I2C own address2.
 363:c:/Users/User/Documents/GitHub/ch32h417/EVT/EXAM/SRC/Peripheral/src\ch32h417_i2c.c ****  *
 364:c:/Users/User/Documents/GitHub/ch32h417/EVT/EXAM/SRC/Peripheral/src\ch32h417_i2c.c ****  * @return  none
 365:c:/Users/User/Documents/GitHub/ch32h417/EVT/EXAM/SRC/Peripheral/src\ch32h417_i2c.c ****  */
 366:c:/Users/User/Documents/GitHub/ch32h417/EVT/EXAM/SRC/Peripheral/src\ch32h417_i2c.c **** void I2C_OwnAddress2Config(I2C_TypeDef *I2Cx, uint8_t Address)
 367:c:/Users/User/Documents/GitHub/ch32h417/EVT/EXAM/SRC/Peripheral/src\ch32h417_i2c.c **** {
 567              		.loc 1 367 1 is_stmt 1
 568              		.cfi_startproc
 569              	.LVL53:
 368:c:/Users/User/Documents/GitHub/ch32h417/EVT/EXAM/SRC/Peripheral/src\ch32h417_i2c.c ****     uint16_t tmpreg = 0;
 570              		.loc 1 368 5
 369:c:/Users/User/Documents/GitHub/ch32h417/EVT/EXAM/SRC/Peripheral/src\ch32h417_i2c.c **** 
 370:c:/Users/User/Documents/GitHub/ch32h417/EVT/EXAM/SRC/Peripheral/src\ch32h417_i2c.c ****     tmpreg = I2Cx->OADDR2;
 571              		.loc 1 370 5
 572              		.loc 1 370 12 is_stmt 0
 573 0000 5E25     		lhu	a5,12(a0)
 371:c:/Users/User/Documents/GitHub/ch32h417/EVT/EXAM/SRC/Peripheral/src\ch32h417_i2c.c ****     tmpreg &= OADDR2_ADD2_Reset;
 372:c:/Users/User/Documents/GitHub/ch32h417/EVT/EXAM/SRC/Peripheral/src\ch32h417_i2c.c ****     tmpreg |= (uint16_t)((uint16_t)Address & (uint16_t)0x00FE);
 574              		.loc 1 372 12
 575 0002 93F5E50F 		andi	a1,a1,254
 576              	.LVL54:
 370:c:/Users/User/Documents/GitHub/ch32h417/EVT/EXAM/SRC/Peripheral/src\ch32h417_i2c.c ****     tmpreg &= OADDR2_ADD2_Reset;
 577              		.loc 1 370 12
 578 0006 B3C70708 		zext.h	a5,a5
 579              	.LVL55:
 371:c:/Users/User/Documents/GitHub/ch32h417/EVT/EXAM/SRC/Peripheral/src\ch32h417_i2c.c ****     tmpreg &= OADDR2_ADD2_Reset;
 580              		.loc 1 371 5 is_stmt 1
 371:c:/Users/User/Documents/GitHub/ch32h417/EVT/EXAM/SRC/Peripheral/src\ch32h417_i2c.c ****     tmpreg &= OADDR2_ADD2_Reset;
 581              		.loc 1 371 12 is_stmt 0
 582 000a 93F717F0 		andi	a5,a5,-255
 583              	.LVL56:
 584              		.loc 1 372 5 is_stmt 1
 585              		.loc 1 372 12 is_stmt 0
 586 000e CD8F     		or	a5,a5,a1
 587              	.LVL57:
 373:c:/Users/User/Documents/GitHub/ch32h417/EVT/EXAM/SRC/Peripheral/src\ch32h417_i2c.c ****     I2Cx->OADDR2 = tmpreg;
 588              		.loc 1 373 5 is_stmt 1
 589              		.loc 1 373 18 is_stmt 0
 590 0010 5EA5     		sh	a5,12(a0)
 374:c:/Users/User/Documents/GitHub/ch32h417/EVT/EXAM/SRC/Peripheral/src\ch32h417_i2c.c **** }
 591              		.loc 1 374 1
 592 0012 8280     		ret
 593              		.cfi_endproc
 594              	.LFE49:
 596              		.section	.text.I2C_DualAddressCmd,"ax",@progbits
 597              		.align	1
 598              		.globl	I2C_DualAddressCmd
 600              	I2C_DualAddressCmd:
 601              	.LFB50:
 375:c:/Users/User/Documents/GitHub/ch32h417/EVT/EXAM/SRC/Peripheral/src\ch32h417_i2c.c **** 
 376:c:/Users/User/Documents/GitHub/ch32h417/EVT/EXAM/SRC/Peripheral/src\ch32h417_i2c.c **** /*********************************************************************
 377:c:/Users/User/Documents/GitHub/ch32h417/EVT/EXAM/SRC/Peripheral/src\ch32h417_i2c.c ****  * @fn      I2C_DualAddressCmd
 378:c:/Users/User/Documents/GitHub/ch32h417/EVT/EXAM/SRC/Peripheral/src\ch32h417_i2c.c ****  *
 379:c:/Users/User/Documents/GitHub/ch32h417/EVT/EXAM/SRC/Peripheral/src\ch32h417_i2c.c ****  * @brief   Enables or disables the specified I2C dual addressing mode.
 380:c:/Users/User/Documents/GitHub/ch32h417/EVT/EXAM/SRC/Peripheral/src\ch32h417_i2c.c ****  *
 381:c:/Users/User/Documents/GitHub/ch32h417/EVT/EXAM/SRC/Peripheral/src\ch32h417_i2c.c ****  * @param   I2Cx - where x can be (1~4) to select the I2C peripheral.
 382:c:/Users/User/Documents/GitHub/ch32h417/EVT/EXAM/SRC/Peripheral/src\ch32h417_i2c.c ****  *          NewState - ENABLE or DISABLE.
 383:c:/Users/User/Documents/GitHub/ch32h417/EVT/EXAM/SRC/Peripheral/src\ch32h417_i2c.c ****  *
 384:c:/Users/User/Documents/GitHub/ch32h417/EVT/EXAM/SRC/Peripheral/src\ch32h417_i2c.c ****  * @return  none
 385:c:/Users/User/Documents/GitHub/ch32h417/EVT/EXAM/SRC/Peripheral/src\ch32h417_i2c.c ****  */
 386:c:/Users/User/Documents/GitHub/ch32h417/EVT/EXAM/SRC/Peripheral/src\ch32h417_i2c.c **** void I2C_DualAddressCmd(I2C_TypeDef *I2Cx, FunctionalState NewState)
 387:c:/Users/User/Documents/GitHub/ch32h417/EVT/EXAM/SRC/Peripheral/src\ch32h417_i2c.c **** {
 602              		.loc 1 387 1 is_stmt 1
 603              		.cfi_startproc
 604              	.LVL58:
 388:c:/Users/User/Documents/GitHub/ch32h417/EVT/EXAM/SRC/Peripheral/src\ch32h417_i2c.c ****     if(NewState != DISABLE)
 605              		.loc 1 388 5
 389:c:/Users/User/Documents/GitHub/ch32h417/EVT/EXAM/SRC/Peripheral/src\ch32h417_i2c.c ****     {
 390:c:/Users/User/Documents/GitHub/ch32h417/EVT/EXAM/SRC/Peripheral/src\ch32h417_i2c.c ****         I2Cx->OADDR2 |= OADDR2_ENDUAL_Set;
 606              		.loc 1 390 13 is_stmt 0
 607 0000 5E25     		lhu	a5,12(a0)
 388:c:/Users/User/Documents/GitHub/ch32h417/EVT/EXAM/SRC/Peripheral/src\ch32h417_i2c.c ****     if(NewState != DISABLE)
 608              		.loc 1 388 7
 609 0002 89C5     		beq	a1,zero,.L46
 610              		.loc 1 390 9 is_stmt 1
 611              		.loc 1 390 22 is_stmt 0
 612 0004 93E71700 		ori	a5,a5,1
 613              	.L48:
 391:c:/Users/User/Documents/GitHub/ch32h417/EVT/EXAM/SRC/Peripheral/src\ch32h417_i2c.c ****     }
 392:c:/Users/User/Documents/GitHub/ch32h417/EVT/EXAM/SRC/Peripheral/src\ch32h417_i2c.c ****     else
 393:c:/Users/User/Documents/GitHub/ch32h417/EVT/EXAM/SRC/Peripheral/src\ch32h417_i2c.c ****     {
 394:c:/Users/User/Documents/GitHub/ch32h417/EVT/EXAM/SRC/Peripheral/src\ch32h417_i2c.c ****         I2Cx->OADDR2 &= OADDR2_ENDUAL_Reset;
 614              		.loc 1 394 22
 615 0008 5EA5     		sh	a5,12(a0)
 395:c:/Users/User/Documents/GitHub/ch32h417/EVT/EXAM/SRC/Peripheral/src\ch32h417_i2c.c ****     }
 396:c:/Users/User/Documents/GitHub/ch32h417/EVT/EXAM/SRC/Peripheral/src\ch32h417_i2c.c **** }
 616              		.loc 1 396 1
 617 000a 8280     		ret
 618              	.L46:
 394:c:/Users/User/Documents/GitHub/ch32h417/EVT/EXAM/SRC/Peripheral/src\ch32h417_i2c.c ****     }
 619              		.loc 1 394 9 is_stmt 1
 394:c:/Users/User/Documents/GitHub/ch32h417/EVT/EXAM/SRC/Peripheral/src\ch32h417_i2c.c ****     }
 620              		.loc 1 394 13 is_stmt 0
 621 000c B3C70708 		zext.h	a5,a5
 394:c:/Users/User/Documents/GitHub/ch32h417/EVT/EXAM/SRC/Peripheral/src\ch32h417_i2c.c ****     }
 622              		.loc 1 394 22
 623 0010 F99B     		andi	a5,a5,-2
 624 0012 B3C70708 		zext.h	a5,a5
 625 0016 CDBF     		j	.L48
 626              		.cfi_endproc
 627              	.LFE50:
 629              		.section	.text.I2C_GeneralCallCmd,"ax",@progbits
 630              		.align	1
 631              		.globl	I2C_GeneralCallCmd
 633              	I2C_GeneralCallCmd:
 634              	.LFB51:
 397:c:/Users/User/Documents/GitHub/ch32h417/EVT/EXAM/SRC/Peripheral/src\ch32h417_i2c.c **** 
 398:c:/Users/User/Documents/GitHub/ch32h417/EVT/EXAM/SRC/Peripheral/src\ch32h417_i2c.c **** /*********************************************************************
 399:c:/Users/User/Documents/GitHub/ch32h417/EVT/EXAM/SRC/Peripheral/src\ch32h417_i2c.c ****  * @fn      I2C_GeneralCallCmd
 400:c:/Users/User/Documents/GitHub/ch32h417/EVT/EXAM/SRC/Peripheral/src\ch32h417_i2c.c ****  *
 401:c:/Users/User/Documents/GitHub/ch32h417/EVT/EXAM/SRC/Peripheral/src\ch32h417_i2c.c ****  * @brief   Enables or disables the specified I2C general call feature.
 402:c:/Users/User/Documents/GitHub/ch32h417/EVT/EXAM/SRC/Peripheral/src\ch32h417_i2c.c ****  *
 403:c:/Users/User/Documents/GitHub/ch32h417/EVT/EXAM/SRC/Peripheral/src\ch32h417_i2c.c ****  * @param   I2Cx - where x can be (1~4) to select the I2C peripheral.
 404:c:/Users/User/Documents/GitHub/ch32h417/EVT/EXAM/SRC/Peripheral/src\ch32h417_i2c.c ****  *          NewState - ENABLE or DISABLE.
 405:c:/Users/User/Documents/GitHub/ch32h417/EVT/EXAM/SRC/Peripheral/src\ch32h417_i2c.c ****  *
 406:c:/Users/User/Documents/GitHub/ch32h417/EVT/EXAM/SRC/Peripheral/src\ch32h417_i2c.c ****  * @return  none
 407:c:/Users/User/Documents/GitHub/ch32h417/EVT/EXAM/SRC/Peripheral/src\ch32h417_i2c.c ****  */
 408:c:/Users/User/Documents/GitHub/ch32h417/EVT/EXAM/SRC/Peripheral/src\ch32h417_i2c.c **** void I2C_GeneralCallCmd(I2C_TypeDef *I2Cx, FunctionalState NewState)
 409:c:/Users/User/Documents/GitHub/ch32h417/EVT/EXAM/SRC/Peripheral/src\ch32h417_i2c.c **** {
 635              		.loc 1 409 1 is_stmt 1
 636              		.cfi_startproc
 637              	.LVL59:
 410:c:/Users/User/Documents/GitHub/ch32h417/EVT/EXAM/SRC/Peripheral/src\ch32h417_i2c.c ****     if(NewState != DISABLE)
 638              		.loc 1 410 5
 411:c:/Users/User/Documents/GitHub/ch32h417/EVT/EXAM/SRC/Peripheral/src\ch32h417_i2c.c ****     {
 412:c:/Users/User/Documents/GitHub/ch32h417/EVT/EXAM/SRC/Peripheral/src\ch32h417_i2c.c ****         I2Cx->CTLR1 |= CTLR1_ENGC_Set;
 639              		.loc 1 412 13 is_stmt 0
 640 0000 1E21     		lhu	a5,0(a0)
 410:c:/Users/User/Documents/GitHub/ch32h417/EVT/EXAM/SRC/Peripheral/src\ch32h417_i2c.c ****     if(NewState != DISABLE)
 641              		.loc 1 410 7
 642 0002 89C5     		beq	a1,zero,.L50
 643              		.loc 1 412 9 is_stmt 1
 644              		.loc 1 412 21 is_stmt 0
 645 0004 93E70704 		ori	a5,a5,64
 646              	.L52:
 413:c:/Users/User/Documents/GitHub/ch32h417/EVT/EXAM/SRC/Peripheral/src\ch32h417_i2c.c ****     }
 414:c:/Users/User/Documents/GitHub/ch32h417/EVT/EXAM/SRC/Peripheral/src\ch32h417_i2c.c ****     else
 415:c:/Users/User/Documents/GitHub/ch32h417/EVT/EXAM/SRC/Peripheral/src\ch32h417_i2c.c ****     {
 416:c:/Users/User/Documents/GitHub/ch32h417/EVT/EXAM/SRC/Peripheral/src\ch32h417_i2c.c ****         I2Cx->CTLR1 &= CTLR1_ENGC_Reset;
 647              		.loc 1 416 21
 648 0008 1EA1     		sh	a5,0(a0)
 417:c:/Users/User/Documents/GitHub/ch32h417/EVT/EXAM/SRC/Peripheral/src\ch32h417_i2c.c ****     }
 418:c:/Users/User/Documents/GitHub/ch32h417/EVT/EXAM/SRC/Peripheral/src\ch32h417_i2c.c **** }
 649              		.loc 1 418 1
 650 000a 8280     		ret
 651              	.L50:
 416:c:/Users/User/Documents/GitHub/ch32h417/EVT/EXAM/SRC/Peripheral/src\ch32h417_i2c.c ****     }
 652              		.loc 1 416 9 is_stmt 1
 416:c:/Users/User/Documents/GitHub/ch32h417/EVT/EXAM/SRC/Peripheral/src\ch32h417_i2c.c ****     }
 653              		.loc 1 416 13 is_stmt 0
 654 000c B3C70708 		zext.h	a5,a5
 416:c:/Users/User/Documents/GitHub/ch32h417/EVT/EXAM/SRC/Peripheral/src\ch32h417_i2c.c ****     }
 655              		.loc 1 416 21
 656 0010 93F7F7FB 		andi	a5,a5,-65
 657 0014 B3C70708 		zext.h	a5,a5
 658 0018 C5BF     		j	.L52
 659              		.cfi_endproc
 660              	.LFE51:
 662              		.section	.text.I2C_ITConfig,"ax",@progbits
 663              		.align	1
 664              		.globl	I2C_ITConfig
 666              	I2C_ITConfig:
 667              	.LFB52:
 419:c:/Users/User/Documents/GitHub/ch32h417/EVT/EXAM/SRC/Peripheral/src\ch32h417_i2c.c **** 
 420:c:/Users/User/Documents/GitHub/ch32h417/EVT/EXAM/SRC/Peripheral/src\ch32h417_i2c.c **** /*********************************************************************
 421:c:/Users/User/Documents/GitHub/ch32h417/EVT/EXAM/SRC/Peripheral/src\ch32h417_i2c.c ****  * @fn      I2C_ITConfig
 422:c:/Users/User/Documents/GitHub/ch32h417/EVT/EXAM/SRC/Peripheral/src\ch32h417_i2c.c ****  *
 423:c:/Users/User/Documents/GitHub/ch32h417/EVT/EXAM/SRC/Peripheral/src\ch32h417_i2c.c ****  * @brief   Enables or disables the specified I2C interrupts.
 424:c:/Users/User/Documents/GitHub/ch32h417/EVT/EXAM/SRC/Peripheral/src\ch32h417_i2c.c ****  *
 425:c:/Users/User/Documents/GitHub/ch32h417/EVT/EXAM/SRC/Peripheral/src\ch32h417_i2c.c ****  * @param   I2Cx - where x can be (1~4) to select the I2C peripheral.
 426:c:/Users/User/Documents/GitHub/ch32h417/EVT/EXAM/SRC/Peripheral/src\ch32h417_i2c.c ****  *          I2C_IT - specifies the I2C interrupts sources to be enabled or disabled.
 427:c:/Users/User/Documents/GitHub/ch32h417/EVT/EXAM/SRC/Peripheral/src\ch32h417_i2c.c ****  *            I2C_IT_BUF - Buffer interrupt mask.
 428:c:/Users/User/Documents/GitHub/ch32h417/EVT/EXAM/SRC/Peripheral/src\ch32h417_i2c.c ****  *            I2C_IT_EVT - Event interrupt mask.
 429:c:/Users/User/Documents/GitHub/ch32h417/EVT/EXAM/SRC/Peripheral/src\ch32h417_i2c.c ****  *            I2C_IT_ERR - Error interrupt mask.
 430:c:/Users/User/Documents/GitHub/ch32h417/EVT/EXAM/SRC/Peripheral/src\ch32h417_i2c.c ****  *          NewState - ENABLE or DISABLE.
 431:c:/Users/User/Documents/GitHub/ch32h417/EVT/EXAM/SRC/Peripheral/src\ch32h417_i2c.c ****  *
 432:c:/Users/User/Documents/GitHub/ch32h417/EVT/EXAM/SRC/Peripheral/src\ch32h417_i2c.c ****  * @return  none
 433:c:/Users/User/Documents/GitHub/ch32h417/EVT/EXAM/SRC/Peripheral/src\ch32h417_i2c.c ****  */
 434:c:/Users/User/Documents/GitHub/ch32h417/EVT/EXAM/SRC/Peripheral/src\ch32h417_i2c.c **** void I2C_ITConfig(I2C_TypeDef *I2Cx, uint16_t I2C_IT, FunctionalState NewState)
 435:c:/Users/User/Documents/GitHub/ch32h417/EVT/EXAM/SRC/Peripheral/src\ch32h417_i2c.c **** {
 668              		.loc 1 435 1 is_stmt 1
 669              		.cfi_startproc
 670              	.LVL60:
 436:c:/Users/User/Documents/GitHub/ch32h417/EVT/EXAM/SRC/Peripheral/src\ch32h417_i2c.c ****     if(NewState != DISABLE)
 671              		.loc 1 436 5
 437:c:/Users/User/Documents/GitHub/ch32h417/EVT/EXAM/SRC/Peripheral/src\ch32h417_i2c.c ****     {
 438:c:/Users/User/Documents/GitHub/ch32h417/EVT/EXAM/SRC/Peripheral/src\ch32h417_i2c.c ****         I2Cx->CTLR2 |= I2C_IT;
 672              		.loc 1 438 13 is_stmt 0
 673 0000 5E21     		lhu	a5,4(a0)
 436:c:/Users/User/Documents/GitHub/ch32h417/EVT/EXAM/SRC/Peripheral/src\ch32h417_i2c.c ****     if(NewState != DISABLE)
 674              		.loc 1 436 7
 675 0002 01C6     		beq	a2,zero,.L54
 676              		.loc 1 438 9 is_stmt 1
 677              		.loc 1 438 21 is_stmt 0
 678 0004 CD8F     		or	a5,a5,a1
 679 0006 5EA1     		sh	a5,4(a0)
 680 0008 8280     		ret
 681              	.L54:
 439:c:/Users/User/Documents/GitHub/ch32h417/EVT/EXAM/SRC/Peripheral/src\ch32h417_i2c.c ****     }
 440:c:/Users/User/Documents/GitHub/ch32h417/EVT/EXAM/SRC/Peripheral/src\ch32h417_i2c.c ****     else
 441:c:/Users/User/Documents/GitHub/ch32h417/EVT/EXAM/SRC/Peripheral/src\ch32h417_i2c.c ****     {
 442:c:/Users/User/Documents/GitHub/ch32h417/EVT/EXAM/SRC/Peripheral/src\ch32h417_i2c.c ****         I2Cx->CTLR2 &= (uint16_t)~I2C_IT;
 682              		.loc 1 442 9 is_stmt 1
 683              		.loc 1 442 21 is_stmt 0
 684 000a B3F5B740 		andn	a1,a5,a1
 685              	.LVL61:
 686 000e 4EA1     		sh	a1,4(a0)
 443:c:/Users/User/Documents/GitHub/ch32h417/EVT/EXAM/SRC/Peripheral/src\ch32h417_i2c.c ****     }
 444:c:/Users/User/Documents/GitHub/ch32h417/EVT/EXAM/SRC/Peripheral/src\ch32h417_i2c.c **** }
 687              		.loc 1 444 1
 688 0010 8280     		ret
 689              		.cfi_endproc
 690              	.LFE52:
 692              		.section	.text.I2C_SendData,"ax",@progbits
 693              		.align	1
 694              		.globl	I2C_SendData
 696              	I2C_SendData:
 697              	.LFB53:
 445:c:/Users/User/Documents/GitHub/ch32h417/EVT/EXAM/SRC/Peripheral/src\ch32h417_i2c.c **** 
 446:c:/Users/User/Documents/GitHub/ch32h417/EVT/EXAM/SRC/Peripheral/src\ch32h417_i2c.c **** /*********************************************************************
 447:c:/Users/User/Documents/GitHub/ch32h417/EVT/EXAM/SRC/Peripheral/src\ch32h417_i2c.c ****  * @fn      I2C_SendData
 448:c:/Users/User/Documents/GitHub/ch32h417/EVT/EXAM/SRC/Peripheral/src\ch32h417_i2c.c ****  *
 449:c:/Users/User/Documents/GitHub/ch32h417/EVT/EXAM/SRC/Peripheral/src\ch32h417_i2c.c ****  * @brief   Sends a data byte through the I2Cx peripheral.
 450:c:/Users/User/Documents/GitHub/ch32h417/EVT/EXAM/SRC/Peripheral/src\ch32h417_i2c.c ****  *
 451:c:/Users/User/Documents/GitHub/ch32h417/EVT/EXAM/SRC/Peripheral/src\ch32h417_i2c.c ****  * @param   I2Cx - where x can be (1~4) to select the I2C peripheral.
 452:c:/Users/User/Documents/GitHub/ch32h417/EVT/EXAM/SRC/Peripheral/src\ch32h417_i2c.c ****  *          Data - Byte to be transmitted.
 453:c:/Users/User/Documents/GitHub/ch32h417/EVT/EXAM/SRC/Peripheral/src\ch32h417_i2c.c ****  *
 454:c:/Users/User/Documents/GitHub/ch32h417/EVT/EXAM/SRC/Peripheral/src\ch32h417_i2c.c ****  * @return  none
 455:c:/Users/User/Documents/GitHub/ch32h417/EVT/EXAM/SRC/Peripheral/src\ch32h417_i2c.c ****  */
 456:c:/Users/User/Documents/GitHub/ch32h417/EVT/EXAM/SRC/Peripheral/src\ch32h417_i2c.c **** void I2C_SendData(I2C_TypeDef *I2Cx, uint8_t Data)
 457:c:/Users/User/Documents/GitHub/ch32h417/EVT/EXAM/SRC/Peripheral/src\ch32h417_i2c.c **** {
 698              		.loc 1 457 1 is_stmt 1
 699              		.cfi_startproc
 700              	.LVL62:
 458:c:/Users/User/Documents/GitHub/ch32h417/EVT/EXAM/SRC/Peripheral/src\ch32h417_i2c.c ****     I2Cx->DATAR = Data;
 701              		.loc 1 458 5
 702              		.loc 1 458 17 is_stmt 0
 703 0000 0EA9     		sh	a1,16(a0)
 459:c:/Users/User/Documents/GitHub/ch32h417/EVT/EXAM/SRC/Peripheral/src\ch32h417_i2c.c **** }
 704              		.loc 1 459 1
 705 0002 8280     		ret
 706              		.cfi_endproc
 707              	.LFE53:
 709              		.section	.text.I2C_ReceiveData,"ax",@progbits
 710              		.align	1
 711              		.globl	I2C_ReceiveData
 713              	I2C_ReceiveData:
 714              	.LFB54:
 460:c:/Users/User/Documents/GitHub/ch32h417/EVT/EXAM/SRC/Peripheral/src\ch32h417_i2c.c **** 
 461:c:/Users/User/Documents/GitHub/ch32h417/EVT/EXAM/SRC/Peripheral/src\ch32h417_i2c.c **** /*********************************************************************
 462:c:/Users/User/Documents/GitHub/ch32h417/EVT/EXAM/SRC/Peripheral/src\ch32h417_i2c.c ****  * @fn      I2C_ReceiveData
 463:c:/Users/User/Documents/GitHub/ch32h417/EVT/EXAM/SRC/Peripheral/src\ch32h417_i2c.c ****  *
 464:c:/Users/User/Documents/GitHub/ch32h417/EVT/EXAM/SRC/Peripheral/src\ch32h417_i2c.c ****  * @brief   Returns the most recent received data by the I2Cx peripheral.
 465:c:/Users/User/Documents/GitHub/ch32h417/EVT/EXAM/SRC/Peripheral/src\ch32h417_i2c.c ****  *
 466:c:/Users/User/Documents/GitHub/ch32h417/EVT/EXAM/SRC/Peripheral/src\ch32h417_i2c.c ****  * @param   I2Cx - where x can be (1~4) to select the I2C peripheral.
 467:c:/Users/User/Documents/GitHub/ch32h417/EVT/EXAM/SRC/Peripheral/src\ch32h417_i2c.c ****  *
 468:c:/Users/User/Documents/GitHub/ch32h417/EVT/EXAM/SRC/Peripheral/src\ch32h417_i2c.c ****  * @return  The value of the received data.
 469:c:/Users/User/Documents/GitHub/ch32h417/EVT/EXAM/SRC/Peripheral/src\ch32h417_i2c.c ****  */
 470:c:/Users/User/Documents/GitHub/ch32h417/EVT/EXAM/SRC/Peripheral/src\ch32h417_i2c.c **** uint8_t I2C_ReceiveData(I2C_TypeDef *I2Cx)
 471:c:/Users/User/Documents/GitHub/ch32h417/EVT/EXAM/SRC/Peripheral/src\ch32h417_i2c.c **** {
 715              		.loc 1 471 1 is_stmt 1
 716              		.cfi_startproc
 717              	.LVL63:
 472:c:/Users/User/Documents/GitHub/ch32h417/EVT/EXAM/SRC/Peripheral/src\ch32h417_i2c.c ****     return (uint8_t)I2Cx->DATAR;
 718              		.loc 1 472 5
 719              		.loc 1 472 25 is_stmt 0
 720 0000 0A29     		lhu	a0,16(a0)
 721              	.LVL64:
 473:c:/Users/User/Documents/GitHub/ch32h417/EVT/EXAM/SRC/Peripheral/src\ch32h417_i2c.c **** }
 722              		.loc 1 473 1
 723 0002 1375F50F 		andi	a0,a0,0xff
 724 0006 8280     		ret
 725              		.cfi_endproc
 726              	.LFE54:
 728              		.section	.text.I2C_Send7bitAddress,"ax",@progbits
 729              		.align	1
 730              		.globl	I2C_Send7bitAddress
 732              	I2C_Send7bitAddress:
 733              	.LFB55:
 474:c:/Users/User/Documents/GitHub/ch32h417/EVT/EXAM/SRC/Peripheral/src\ch32h417_i2c.c **** 
 475:c:/Users/User/Documents/GitHub/ch32h417/EVT/EXAM/SRC/Peripheral/src\ch32h417_i2c.c **** /*********************************************************************
 476:c:/Users/User/Documents/GitHub/ch32h417/EVT/EXAM/SRC/Peripheral/src\ch32h417_i2c.c ****  * @fn      I2C_Send7bitAddress
 477:c:/Users/User/Documents/GitHub/ch32h417/EVT/EXAM/SRC/Peripheral/src\ch32h417_i2c.c ****  *
 478:c:/Users/User/Documents/GitHub/ch32h417/EVT/EXAM/SRC/Peripheral/src\ch32h417_i2c.c ****  * @brief   Transmits the address byte to select the slave device.
 479:c:/Users/User/Documents/GitHub/ch32h417/EVT/EXAM/SRC/Peripheral/src\ch32h417_i2c.c ****  *
 480:c:/Users/User/Documents/GitHub/ch32h417/EVT/EXAM/SRC/Peripheral/src\ch32h417_i2c.c ****  * @param   I2Cx - where x can be (1~4) to select the I2C peripheral.
 481:c:/Users/User/Documents/GitHub/ch32h417/EVT/EXAM/SRC/Peripheral/src\ch32h417_i2c.c ****  *          Address - specifies the slave address which will be transmitted.
 482:c:/Users/User/Documents/GitHub/ch32h417/EVT/EXAM/SRC/Peripheral/src\ch32h417_i2c.c ****  *          I2C_Direction - specifies whether the I2C device will be a
 483:c:/Users/User/Documents/GitHub/ch32h417/EVT/EXAM/SRC/Peripheral/src\ch32h417_i2c.c ****  *        Transmitter or a Receiver.
 484:c:/Users/User/Documents/GitHub/ch32h417/EVT/EXAM/SRC/Peripheral/src\ch32h417_i2c.c ****  *            I2C_Direction_Transmitter - Transmitter mode.
 485:c:/Users/User/Documents/GitHub/ch32h417/EVT/EXAM/SRC/Peripheral/src\ch32h417_i2c.c ****  *            I2C_Direction_Receiver - Receiver mode.
 486:c:/Users/User/Documents/GitHub/ch32h417/EVT/EXAM/SRC/Peripheral/src\ch32h417_i2c.c ****  *
 487:c:/Users/User/Documents/GitHub/ch32h417/EVT/EXAM/SRC/Peripheral/src\ch32h417_i2c.c ****  * @return  none
 488:c:/Users/User/Documents/GitHub/ch32h417/EVT/EXAM/SRC/Peripheral/src\ch32h417_i2c.c ****  */
 489:c:/Users/User/Documents/GitHub/ch32h417/EVT/EXAM/SRC/Peripheral/src\ch32h417_i2c.c **** void I2C_Send7bitAddress(I2C_TypeDef *I2Cx, uint8_t Address, uint8_t I2C_Direction)
 490:c:/Users/User/Documents/GitHub/ch32h417/EVT/EXAM/SRC/Peripheral/src\ch32h417_i2c.c **** {
 734              		.loc 1 490 1 is_stmt 1
 735              		.cfi_startproc
 736              	.LVL65:
 491:c:/Users/User/Documents/GitHub/ch32h417/EVT/EXAM/SRC/Peripheral/src\ch32h417_i2c.c ****     if(I2C_Direction != I2C_Direction_Transmitter)
 737              		.loc 1 491 5
 492:c:/Users/User/Documents/GitHub/ch32h417/EVT/EXAM/SRC/Peripheral/src\ch32h417_i2c.c ****     {
 493:c:/Users/User/Documents/GitHub/ch32h417/EVT/EXAM/SRC/Peripheral/src\ch32h417_i2c.c ****         Address |= OADDR1_ADD0_Set;
 494:c:/Users/User/Documents/GitHub/ch32h417/EVT/EXAM/SRC/Peripheral/src\ch32h417_i2c.c ****     }
 495:c:/Users/User/Documents/GitHub/ch32h417/EVT/EXAM/SRC/Peripheral/src\ch32h417_i2c.c ****     else
 496:c:/Users/User/Documents/GitHub/ch32h417/EVT/EXAM/SRC/Peripheral/src\ch32h417_i2c.c ****     {
 497:c:/Users/User/Documents/GitHub/ch32h417/EVT/EXAM/SRC/Peripheral/src\ch32h417_i2c.c ****         Address &= OADDR1_ADD0_Reset;
 738              		.loc 1 497 17 is_stmt 0
 739 0000 93F7E50F 		andi	a5,a1,254
 491:c:/Users/User/Documents/GitHub/ch32h417/EVT/EXAM/SRC/Peripheral/src\ch32h417_i2c.c ****     if(I2C_Direction != I2C_Direction_Transmitter)
 740              		.loc 1 491 7
 741 0004 19C2     		beq	a2,zero,.L60
 493:c:/Users/User/Documents/GitHub/ch32h417/EVT/EXAM/SRC/Peripheral/src\ch32h417_i2c.c ****     }
 742              		.loc 1 493 9 is_stmt 1
 493:c:/Users/User/Documents/GitHub/ch32h417/EVT/EXAM/SRC/Peripheral/src\ch32h417_i2c.c ****     }
 743              		.loc 1 493 17 is_stmt 0
 744 0006 93E71500 		ori	a5,a1,1
 745              	.LVL66:
 746              	.L60:
 498:c:/Users/User/Documents/GitHub/ch32h417/EVT/EXAM/SRC/Peripheral/src\ch32h417_i2c.c ****     }
 499:c:/Users/User/Documents/GitHub/ch32h417/EVT/EXAM/SRC/Peripheral/src\ch32h417_i2c.c **** 
 500:c:/Users/User/Documents/GitHub/ch32h417/EVT/EXAM/SRC/Peripheral/src\ch32h417_i2c.c ****     I2Cx->DATAR = Address;
 747              		.loc 1 500 5 is_stmt 1
 748              		.loc 1 500 17 is_stmt 0
 749 000a 1EA9     		sh	a5,16(a0)
 501:c:/Users/User/Documents/GitHub/ch32h417/EVT/EXAM/SRC/Peripheral/src\ch32h417_i2c.c **** }
 750              		.loc 1 501 1
 751 000c 8280     		ret
 752              		.cfi_endproc
 753              	.LFE55:
 755              		.section	.text.I2C_ReadRegister,"ax",@progbits
 756              		.align	1
 757              		.globl	I2C_ReadRegister
 759              	I2C_ReadRegister:
 760              	.LFB56:
 502:c:/Users/User/Documents/GitHub/ch32h417/EVT/EXAM/SRC/Peripheral/src\ch32h417_i2c.c **** 
 503:c:/Users/User/Documents/GitHub/ch32h417/EVT/EXAM/SRC/Peripheral/src\ch32h417_i2c.c **** /*********************************************************************
 504:c:/Users/User/Documents/GitHub/ch32h417/EVT/EXAM/SRC/Peripheral/src\ch32h417_i2c.c ****  * @fn      I2C_ReadRegister
 505:c:/Users/User/Documents/GitHub/ch32h417/EVT/EXAM/SRC/Peripheral/src\ch32h417_i2c.c ****  *
 506:c:/Users/User/Documents/GitHub/ch32h417/EVT/EXAM/SRC/Peripheral/src\ch32h417_i2c.c ****  * @brief   Reads the specified I2C register and returns its value.
 507:c:/Users/User/Documents/GitHub/ch32h417/EVT/EXAM/SRC/Peripheral/src\ch32h417_i2c.c ****  *
 508:c:/Users/User/Documents/GitHub/ch32h417/EVT/EXAM/SRC/Peripheral/src\ch32h417_i2c.c ****  * @param   I2Cx - where x can be (1~4) to select the I2C peripheral.
 509:c:/Users/User/Documents/GitHub/ch32h417/EVT/EXAM/SRC/Peripheral/src\ch32h417_i2c.c ****  *          I2C_Register - specifies the register to read.
 510:c:/Users/User/Documents/GitHub/ch32h417/EVT/EXAM/SRC/Peripheral/src\ch32h417_i2c.c ****  *            I2C_Register_CTLR1.
 511:c:/Users/User/Documents/GitHub/ch32h417/EVT/EXAM/SRC/Peripheral/src\ch32h417_i2c.c ****  *            I2C_Register_CTLR2.
 512:c:/Users/User/Documents/GitHub/ch32h417/EVT/EXAM/SRC/Peripheral/src\ch32h417_i2c.c ****  *            I2C_Register_OADDR1.
 513:c:/Users/User/Documents/GitHub/ch32h417/EVT/EXAM/SRC/Peripheral/src\ch32h417_i2c.c ****  *            I2C_Register_OADDR2.
 514:c:/Users/User/Documents/GitHub/ch32h417/EVT/EXAM/SRC/Peripheral/src\ch32h417_i2c.c ****  *            I2C_Register_DATAR.
 515:c:/Users/User/Documents/GitHub/ch32h417/EVT/EXAM/SRC/Peripheral/src\ch32h417_i2c.c ****  *            I2C_Register_STAR1.
 516:c:/Users/User/Documents/GitHub/ch32h417/EVT/EXAM/SRC/Peripheral/src\ch32h417_i2c.c ****  *            I2C_Register_STAR2.
 517:c:/Users/User/Documents/GitHub/ch32h417/EVT/EXAM/SRC/Peripheral/src\ch32h417_i2c.c ****  *            I2C_Register_CKCFGR.
 518:c:/Users/User/Documents/GitHub/ch32h417/EVT/EXAM/SRC/Peripheral/src\ch32h417_i2c.c ****  *            I2C_Register_RTR.
 519:c:/Users/User/Documents/GitHub/ch32h417/EVT/EXAM/SRC/Peripheral/src\ch32h417_i2c.c ****  *
 520:c:/Users/User/Documents/GitHub/ch32h417/EVT/EXAM/SRC/Peripheral/src\ch32h417_i2c.c ****  * @return  none
 521:c:/Users/User/Documents/GitHub/ch32h417/EVT/EXAM/SRC/Peripheral/src\ch32h417_i2c.c ****  */
 522:c:/Users/User/Documents/GitHub/ch32h417/EVT/EXAM/SRC/Peripheral/src\ch32h417_i2c.c **** uint16_t I2C_ReadRegister(I2C_TypeDef *I2Cx, uint8_t I2C_Register)
 523:c:/Users/User/Documents/GitHub/ch32h417/EVT/EXAM/SRC/Peripheral/src\ch32h417_i2c.c **** {
 761              		.loc 1 523 1 is_stmt 1
 762              		.cfi_startproc
 763              	.LVL67:
 524:c:/Users/User/Documents/GitHub/ch32h417/EVT/EXAM/SRC/Peripheral/src\ch32h417_i2c.c ****     __IO uint32_t tmp = 0;
 764              		.loc 1 524 5
 523:c:/Users/User/Documents/GitHub/ch32h417/EVT/EXAM/SRC/Peripheral/src\ch32h417_i2c.c ****     __IO uint32_t tmp = 0;
 765              		.loc 1 523 1 is_stmt 0
 766 0000 4111     		addi	sp,sp,-16
 767              		.cfi_def_cfa_offset 16
 768              		.loc 1 524 19
 769 0002 02C6     		sw	zero,12(sp)
 525:c:/Users/User/Documents/GitHub/ch32h417/EVT/EXAM/SRC/Peripheral/src\ch32h417_i2c.c **** 
 526:c:/Users/User/Documents/GitHub/ch32h417/EVT/EXAM/SRC/Peripheral/src\ch32h417_i2c.c ****     tmp = (uint32_t)I2Cx;
 770              		.loc 1 526 5 is_stmt 1
 771              		.loc 1 526 9 is_stmt 0
 772 0004 2AC6     		sw	a0,12(sp)
 527:c:/Users/User/Documents/GitHub/ch32h417/EVT/EXAM/SRC/Peripheral/src\ch32h417_i2c.c ****     tmp += I2C_Register;
 773              		.loc 1 527 5 is_stmt 1
 774              		.loc 1 527 9 is_stmt 0
 775 0006 B247     		lw	a5,12(sp)
 776 0008 BE95     		add	a1,a1,a5
 777              	.LVL68:
 778 000a 2EC6     		sw	a1,12(sp)
 528:c:/Users/User/Documents/GitHub/ch32h417/EVT/EXAM/SRC/Peripheral/src\ch32h417_i2c.c **** 
 529:c:/Users/User/Documents/GitHub/ch32h417/EVT/EXAM/SRC/Peripheral/src\ch32h417_i2c.c ****     return (*(__IO uint16_t *)tmp);
 779              		.loc 1 529 5 is_stmt 1
 780              		.loc 1 529 14 is_stmt 0
 781 000c B247     		lw	a5,12(sp)
 782              		.loc 1 529 13
 783 000e 8A23     		lhu	a0,0(a5)
 784              	.LVL69:
 530:c:/Users/User/Documents/GitHub/ch32h417/EVT/EXAM/SRC/Peripheral/src\ch32h417_i2c.c **** }
 785              		.loc 1 530 1
 786 0010 4101     		addi	sp,sp,16
 787              		.cfi_def_cfa_offset 0
 788 0012 8280     		jr	ra
 789              		.cfi_endproc
 790              	.LFE56:
 792              		.section	.text.I2C_SoftwareResetCmd,"ax",@progbits
 793              		.align	1
 794              		.globl	I2C_SoftwareResetCmd
 796              	I2C_SoftwareResetCmd:
 797              	.LFB57:
 531:c:/Users/User/Documents/GitHub/ch32h417/EVT/EXAM/SRC/Peripheral/src\ch32h417_i2c.c **** 
 532:c:/Users/User/Documents/GitHub/ch32h417/EVT/EXAM/SRC/Peripheral/src\ch32h417_i2c.c **** /*********************************************************************
 533:c:/Users/User/Documents/GitHub/ch32h417/EVT/EXAM/SRC/Peripheral/src\ch32h417_i2c.c ****  * @fn      I2C_SoftwareResetCmd
 534:c:/Users/User/Documents/GitHub/ch32h417/EVT/EXAM/SRC/Peripheral/src\ch32h417_i2c.c ****  *
 535:c:/Users/User/Documents/GitHub/ch32h417/EVT/EXAM/SRC/Peripheral/src\ch32h417_i2c.c ****  * @brief   Enables or disables the specified I2C software reset.
 536:c:/Users/User/Documents/GitHub/ch32h417/EVT/EXAM/SRC/Peripheral/src\ch32h417_i2c.c ****  *
 537:c:/Users/User/Documents/GitHub/ch32h417/EVT/EXAM/SRC/Peripheral/src\ch32h417_i2c.c ****  * @param   I2Cx - where x can be (1~4) to select the I2C peripheral.
 538:c:/Users/User/Documents/GitHub/ch32h417/EVT/EXAM/SRC/Peripheral/src\ch32h417_i2c.c ****  *          NewState - ENABLE or DISABLE.
 539:c:/Users/User/Documents/GitHub/ch32h417/EVT/EXAM/SRC/Peripheral/src\ch32h417_i2c.c ****  *
 540:c:/Users/User/Documents/GitHub/ch32h417/EVT/EXAM/SRC/Peripheral/src\ch32h417_i2c.c ****  * @return  none
 541:c:/Users/User/Documents/GitHub/ch32h417/EVT/EXAM/SRC/Peripheral/src\ch32h417_i2c.c ****  */
 542:c:/Users/User/Documents/GitHub/ch32h417/EVT/EXAM/SRC/Peripheral/src\ch32h417_i2c.c **** void I2C_SoftwareResetCmd(I2C_TypeDef *I2Cx, FunctionalState NewState)
 543:c:/Users/User/Documents/GitHub/ch32h417/EVT/EXAM/SRC/Peripheral/src\ch32h417_i2c.c **** {
 798              		.loc 1 543 1 is_stmt 1
 799              		.cfi_startproc
 800              	.LVL70:
 544:c:/Users/User/Documents/GitHub/ch32h417/EVT/EXAM/SRC/Peripheral/src\ch32h417_i2c.c ****     if(NewState != DISABLE)
 801              		.loc 1 544 5
 545:c:/Users/User/Documents/GitHub/ch32h417/EVT/EXAM/SRC/Peripheral/src\ch32h417_i2c.c ****     {
 546:c:/Users/User/Documents/GitHub/ch32h417/EVT/EXAM/SRC/Peripheral/src\ch32h417_i2c.c ****         I2Cx->CTLR1 |= CTLR1_SWRST_Set;
 802              		.loc 1 546 13 is_stmt 0
 803 0000 1E21     		lhu	a5,0(a0)
 544:c:/Users/User/Documents/GitHub/ch32h417/EVT/EXAM/SRC/Peripheral/src\ch32h417_i2c.c ****     if(NewState != DISABLE)
 804              		.loc 1 544 7
 805 0002 89C5     		beq	a1,zero,.L64
 806              		.loc 1 546 9 is_stmt 1
 807              		.loc 1 546 21 is_stmt 0
 808 0004 9397F728 		bseti	a5,a5,15
 809              	.L66:
 547:c:/Users/User/Documents/GitHub/ch32h417/EVT/EXAM/SRC/Peripheral/src\ch32h417_i2c.c ****     }
 548:c:/Users/User/Documents/GitHub/ch32h417/EVT/EXAM/SRC/Peripheral/src\ch32h417_i2c.c ****     else
 549:c:/Users/User/Documents/GitHub/ch32h417/EVT/EXAM/SRC/Peripheral/src\ch32h417_i2c.c ****     {
 550:c:/Users/User/Documents/GitHub/ch32h417/EVT/EXAM/SRC/Peripheral/src\ch32h417_i2c.c ****         I2Cx->CTLR1 &= CTLR1_SWRST_Reset;
 810              		.loc 1 550 21
 811 0008 1EA1     		sh	a5,0(a0)
 551:c:/Users/User/Documents/GitHub/ch32h417/EVT/EXAM/SRC/Peripheral/src\ch32h417_i2c.c ****     }
 552:c:/Users/User/Documents/GitHub/ch32h417/EVT/EXAM/SRC/Peripheral/src\ch32h417_i2c.c **** }
 812              		.loc 1 552 1
 813 000a 8280     		ret
 814              	.L64:
 550:c:/Users/User/Documents/GitHub/ch32h417/EVT/EXAM/SRC/Peripheral/src\ch32h417_i2c.c ****     }
 815              		.loc 1 550 9 is_stmt 1
 550:c:/Users/User/Documents/GitHub/ch32h417/EVT/EXAM/SRC/Peripheral/src\ch32h417_i2c.c ****     }
 816              		.loc 1 550 21 is_stmt 0
 817 000c C607     		slli	a5,a5,17
 818 000e C583     		srli	a5,a5,17
 819 0010 E5BF     		j	.L66
 820              		.cfi_endproc
 821              	.LFE57:
 823              		.section	.text.I2C_NACKPositionConfig,"ax",@progbits
 824              		.align	1
 825              		.globl	I2C_NACKPositionConfig
 827              	I2C_NACKPositionConfig:
 828              	.LFB58:
 553:c:/Users/User/Documents/GitHub/ch32h417/EVT/EXAM/SRC/Peripheral/src\ch32h417_i2c.c **** 
 554:c:/Users/User/Documents/GitHub/ch32h417/EVT/EXAM/SRC/Peripheral/src\ch32h417_i2c.c **** /*********************************************************************
 555:c:/Users/User/Documents/GitHub/ch32h417/EVT/EXAM/SRC/Peripheral/src\ch32h417_i2c.c ****  * @fn      I2C_NACKPositionConfig
 556:c:/Users/User/Documents/GitHub/ch32h417/EVT/EXAM/SRC/Peripheral/src\ch32h417_i2c.c ****  *
 557:c:/Users/User/Documents/GitHub/ch32h417/EVT/EXAM/SRC/Peripheral/src\ch32h417_i2c.c ****  * @brief   Selects the specified I2C NACK position in master receiver mode.
 558:c:/Users/User/Documents/GitHub/ch32h417/EVT/EXAM/SRC/Peripheral/src\ch32h417_i2c.c ****  *
 559:c:/Users/User/Documents/GitHub/ch32h417/EVT/EXAM/SRC/Peripheral/src\ch32h417_i2c.c ****  * @param   I2Cx - where x can be (1~4) to select the I2C peripheral.
 560:c:/Users/User/Documents/GitHub/ch32h417/EVT/EXAM/SRC/Peripheral/src\ch32h417_i2c.c ****  *          I2C_NACKPosition - specifies the NACK position.
 561:c:/Users/User/Documents/GitHub/ch32h417/EVT/EXAM/SRC/Peripheral/src\ch32h417_i2c.c ****  *            I2C_NACKPosition_Next - indicates that the next byte will be
 562:c:/Users/User/Documents/GitHub/ch32h417/EVT/EXAM/SRC/Peripheral/src\ch32h417_i2c.c ****  *        the last received byte.
 563:c:/Users/User/Documents/GitHub/ch32h417/EVT/EXAM/SRC/Peripheral/src\ch32h417_i2c.c ****  *            I2C_NACKPosition_Current - indicates that current byte is the
 564:c:/Users/User/Documents/GitHub/ch32h417/EVT/EXAM/SRC/Peripheral/src\ch32h417_i2c.c ****  *        last received byte.
 565:c:/Users/User/Documents/GitHub/ch32h417/EVT/EXAM/SRC/Peripheral/src\ch32h417_i2c.c ****  *        Note-    
 566:c:/Users/User/Documents/GitHub/ch32h417/EVT/EXAM/SRC/Peripheral/src\ch32h417_i2c.c ****  *          This function configures the same bit (POS) as I2C_PECPositionConfig() 
 567:c:/Users/User/Documents/GitHub/ch32h417/EVT/EXAM/SRC/Peripheral/src\ch32h417_i2c.c ****  *          but is intended to be used in I2C mode while I2C_PECPositionConfig() 
 568:c:/Users/User/Documents/GitHub/ch32h417/EVT/EXAM/SRC/Peripheral/src\ch32h417_i2c.c ****  *          is intended to used in SMBUS mode. 
 569:c:/Users/User/Documents/GitHub/ch32h417/EVT/EXAM/SRC/Peripheral/src\ch32h417_i2c.c ****  *
 570:c:/Users/User/Documents/GitHub/ch32h417/EVT/EXAM/SRC/Peripheral/src\ch32h417_i2c.c ****  * @return  none
 571:c:/Users/User/Documents/GitHub/ch32h417/EVT/EXAM/SRC/Peripheral/src\ch32h417_i2c.c ****  */
 572:c:/Users/User/Documents/GitHub/ch32h417/EVT/EXAM/SRC/Peripheral/src\ch32h417_i2c.c **** void I2C_NACKPositionConfig(I2C_TypeDef *I2Cx, uint16_t I2C_NACKPosition)
 573:c:/Users/User/Documents/GitHub/ch32h417/EVT/EXAM/SRC/Peripheral/src\ch32h417_i2c.c **** {
 829              		.loc 1 573 1 is_stmt 1
 830              		.cfi_startproc
 831              	.LVL71:
 574:c:/Users/User/Documents/GitHub/ch32h417/EVT/EXAM/SRC/Peripheral/src\ch32h417_i2c.c ****     if(I2C_NACKPosition == I2C_NACKPosition_Next)
 832              		.loc 1 574 5
 833              		.loc 1 574 7 is_stmt 0
 834 0000 9317B028 		bseti	a5,zero,11
 835 0004 6397F500 		bne	a1,a5,.L68
 575:c:/Users/User/Documents/GitHub/ch32h417/EVT/EXAM/SRC/Peripheral/src\ch32h417_i2c.c ****     {
 576:c:/Users/User/Documents/GitHub/ch32h417/EVT/EXAM/SRC/Peripheral/src\ch32h417_i2c.c ****         I2Cx->CTLR1 |= I2C_NACKPosition_Next;
 836              		.loc 1 576 9 is_stmt 1
 837              		.loc 1 576 13 is_stmt 0
 838 0008 1E21     		lhu	a5,0(a0)
 839              		.loc 1 576 21
 840 000a 9397B728 		bseti	a5,a5,11
 841              	.L70:
 577:c:/Users/User/Documents/GitHub/ch32h417/EVT/EXAM/SRC/Peripheral/src\ch32h417_i2c.c ****     }
 578:c:/Users/User/Documents/GitHub/ch32h417/EVT/EXAM/SRC/Peripheral/src\ch32h417_i2c.c ****     else
 579:c:/Users/User/Documents/GitHub/ch32h417/EVT/EXAM/SRC/Peripheral/src\ch32h417_i2c.c ****     {
 580:c:/Users/User/Documents/GitHub/ch32h417/EVT/EXAM/SRC/Peripheral/src\ch32h417_i2c.c ****         I2Cx->CTLR1 &= I2C_NACKPosition_Current;
 842              		.loc 1 580 21
 843 000e 1EA1     		sh	a5,0(a0)
 581:c:/Users/User/Documents/GitHub/ch32h417/EVT/EXAM/SRC/Peripheral/src\ch32h417_i2c.c ****     }
 582:c:/Users/User/Documents/GitHub/ch32h417/EVT/EXAM/SRC/Peripheral/src\ch32h417_i2c.c **** }
 844              		.loc 1 582 1
 845 0010 8280     		ret
 846              	.L68:
 580:c:/Users/User/Documents/GitHub/ch32h417/EVT/EXAM/SRC/Peripheral/src\ch32h417_i2c.c ****     }
 847              		.loc 1 580 9 is_stmt 1
 580:c:/Users/User/Documents/GitHub/ch32h417/EVT/EXAM/SRC/Peripheral/src\ch32h417_i2c.c ****     }
 848              		.loc 1 580 13 is_stmt 0
 849 0012 1E21     		lhu	a5,0(a0)
 580:c:/Users/User/Documents/GitHub/ch32h417/EVT/EXAM/SRC/Peripheral/src\ch32h417_i2c.c ****     }
 850              		.loc 1 580 21
 851 0014 7D77     		li	a4,-4096
 852 0016 1307F77F 		addi	a4,a4,2047
 853 001a F98F     		and	a5,a5,a4
 854 001c CDBF     		j	.L70
 855              		.cfi_endproc
 856              	.LFE58:
 858              		.section	.text.I2C_SMBusAlertConfig,"ax",@progbits
 859              		.align	1
 860              		.globl	I2C_SMBusAlertConfig
 862              	I2C_SMBusAlertConfig:
 863              	.LFB59:
 583:c:/Users/User/Documents/GitHub/ch32h417/EVT/EXAM/SRC/Peripheral/src\ch32h417_i2c.c **** 
 584:c:/Users/User/Documents/GitHub/ch32h417/EVT/EXAM/SRC/Peripheral/src\ch32h417_i2c.c **** /*********************************************************************
 585:c:/Users/User/Documents/GitHub/ch32h417/EVT/EXAM/SRC/Peripheral/src\ch32h417_i2c.c ****  * @fn      I2C_SMBusAlertConfig
 586:c:/Users/User/Documents/GitHub/ch32h417/EVT/EXAM/SRC/Peripheral/src\ch32h417_i2c.c ****  *
 587:c:/Users/User/Documents/GitHub/ch32h417/EVT/EXAM/SRC/Peripheral/src\ch32h417_i2c.c ****  * @brief   Drives the SMBusAlert pin high or low for the specified I2C.
 588:c:/Users/User/Documents/GitHub/ch32h417/EVT/EXAM/SRC/Peripheral/src\ch32h417_i2c.c ****  *
 589:c:/Users/User/Documents/GitHub/ch32h417/EVT/EXAM/SRC/Peripheral/src\ch32h417_i2c.c ****  * @param   I2Cx - where x can be (1~4) to select the I2C peripheral.
 590:c:/Users/User/Documents/GitHub/ch32h417/EVT/EXAM/SRC/Peripheral/src\ch32h417_i2c.c ****  *          I2C_SMBusAlert - specifies SMBAlert pin level.
 591:c:/Users/User/Documents/GitHub/ch32h417/EVT/EXAM/SRC/Peripheral/src\ch32h417_i2c.c ****  *            I2C_SMBusAlert_Low - SMBAlert pin driven low.
 592:c:/Users/User/Documents/GitHub/ch32h417/EVT/EXAM/SRC/Peripheral/src\ch32h417_i2c.c ****  *            I2C_SMBusAlert_High - SMBAlert pin driven high.
 593:c:/Users/User/Documents/GitHub/ch32h417/EVT/EXAM/SRC/Peripheral/src\ch32h417_i2c.c ****  *
 594:c:/Users/User/Documents/GitHub/ch32h417/EVT/EXAM/SRC/Peripheral/src\ch32h417_i2c.c ****  * @return  none
 595:c:/Users/User/Documents/GitHub/ch32h417/EVT/EXAM/SRC/Peripheral/src\ch32h417_i2c.c ****  */
 596:c:/Users/User/Documents/GitHub/ch32h417/EVT/EXAM/SRC/Peripheral/src\ch32h417_i2c.c **** void I2C_SMBusAlertConfig(I2C_TypeDef *I2Cx, uint16_t I2C_SMBusAlert)
 597:c:/Users/User/Documents/GitHub/ch32h417/EVT/EXAM/SRC/Peripheral/src\ch32h417_i2c.c **** {
 864              		.loc 1 597 1 is_stmt 1
 865              		.cfi_startproc
 866              	.LVL72:
 598:c:/Users/User/Documents/GitHub/ch32h417/EVT/EXAM/SRC/Peripheral/src\ch32h417_i2c.c ****     if(I2C_SMBusAlert == I2C_SMBusAlert_Low)
 867              		.loc 1 598 5
 868              		.loc 1 598 7 is_stmt 0
 869 0000 8967     		li	a5,8192
 870 0002 6397F500 		bne	a1,a5,.L72
 599:c:/Users/User/Documents/GitHub/ch32h417/EVT/EXAM/SRC/Peripheral/src\ch32h417_i2c.c ****     {
 600:c:/Users/User/Documents/GitHub/ch32h417/EVT/EXAM/SRC/Peripheral/src\ch32h417_i2c.c ****         I2Cx->CTLR1 |= I2C_SMBusAlert_Low;
 871              		.loc 1 600 9 is_stmt 1
 872              		.loc 1 600 13 is_stmt 0
 873 0006 1E21     		lhu	a5,0(a0)
 874              		.loc 1 600 21
 875 0008 9397D728 		bseti	a5,a5,13
 876              	.L74:
 601:c:/Users/User/Documents/GitHub/ch32h417/EVT/EXAM/SRC/Peripheral/src\ch32h417_i2c.c ****     }
 602:c:/Users/User/Documents/GitHub/ch32h417/EVT/EXAM/SRC/Peripheral/src\ch32h417_i2c.c ****     else
 603:c:/Users/User/Documents/GitHub/ch32h417/EVT/EXAM/SRC/Peripheral/src\ch32h417_i2c.c ****     {
 604:c:/Users/User/Documents/GitHub/ch32h417/EVT/EXAM/SRC/Peripheral/src\ch32h417_i2c.c ****         I2Cx->CTLR1 &= I2C_SMBusAlert_High;
 877              		.loc 1 604 21
 878 000c 1EA1     		sh	a5,0(a0)
 605:c:/Users/User/Documents/GitHub/ch32h417/EVT/EXAM/SRC/Peripheral/src\ch32h417_i2c.c ****     }
 606:c:/Users/User/Documents/GitHub/ch32h417/EVT/EXAM/SRC/Peripheral/src\ch32h417_i2c.c **** }
 879              		.loc 1 606 1
 880 000e 8280     		ret
 881              	.L72:
 604:c:/Users/User/Documents/GitHub/ch32h417/EVT/EXAM/SRC/Peripheral/src\ch32h417_i2c.c ****     }
 882              		.loc 1 604 9 is_stmt 1
 604:c:/Users/User/Documents/GitHub/ch32h417/EVT/EXAM/SRC/Peripheral/src\ch32h417_i2c.c ****     }
 883              		.loc 1 604 13 is_stmt 0
 884 0010 1E21     		lhu	a5,0(a0)
 604:c:/Users/User/Documents/GitHub/ch32h417/EVT/EXAM/SRC/Peripheral/src\ch32h417_i2c.c ****     }
 885              		.loc 1 604 21
 886 0012 7977     		li	a4,-8192
 887 0014 7D17     		addi	a4,a4,-1
 888 0016 F98F     		and	a5,a5,a4
 889 0018 D5BF     		j	.L74
 890              		.cfi_endproc
 891              	.LFE59:
 893              		.section	.text.I2C_TransmitPEC,"ax",@progbits
 894              		.align	1
 895              		.globl	I2C_TransmitPEC
 897              	I2C_TransmitPEC:
 898              	.LFB60:
 607:c:/Users/User/Documents/GitHub/ch32h417/EVT/EXAM/SRC/Peripheral/src\ch32h417_i2c.c **** 
 608:c:/Users/User/Documents/GitHub/ch32h417/EVT/EXAM/SRC/Peripheral/src\ch32h417_i2c.c **** /*********************************************************************
 609:c:/Users/User/Documents/GitHub/ch32h417/EVT/EXAM/SRC/Peripheral/src\ch32h417_i2c.c ****  * @fn      I2C_TransmitPEC
 610:c:/Users/User/Documents/GitHub/ch32h417/EVT/EXAM/SRC/Peripheral/src\ch32h417_i2c.c ****  *
 611:c:/Users/User/Documents/GitHub/ch32h417/EVT/EXAM/SRC/Peripheral/src\ch32h417_i2c.c ****  * @brief   Enables or disables the specified I2C PEC transfer.
 612:c:/Users/User/Documents/GitHub/ch32h417/EVT/EXAM/SRC/Peripheral/src\ch32h417_i2c.c ****  *
 613:c:/Users/User/Documents/GitHub/ch32h417/EVT/EXAM/SRC/Peripheral/src\ch32h417_i2c.c ****  * @param   I2Cx - where x can be (1~4) to select the I2C peripheral.
 614:c:/Users/User/Documents/GitHub/ch32h417/EVT/EXAM/SRC/Peripheral/src\ch32h417_i2c.c ****  *          NewState - ENABLE or DISABLE.
 615:c:/Users/User/Documents/GitHub/ch32h417/EVT/EXAM/SRC/Peripheral/src\ch32h417_i2c.c ****  *
 616:c:/Users/User/Documents/GitHub/ch32h417/EVT/EXAM/SRC/Peripheral/src\ch32h417_i2c.c ****  * @return  none
 617:c:/Users/User/Documents/GitHub/ch32h417/EVT/EXAM/SRC/Peripheral/src\ch32h417_i2c.c ****  */
 618:c:/Users/User/Documents/GitHub/ch32h417/EVT/EXAM/SRC/Peripheral/src\ch32h417_i2c.c **** void I2C_TransmitPEC(I2C_TypeDef *I2Cx, FunctionalState NewState)
 619:c:/Users/User/Documents/GitHub/ch32h417/EVT/EXAM/SRC/Peripheral/src\ch32h417_i2c.c **** {
 899              		.loc 1 619 1 is_stmt 1
 900              		.cfi_startproc
 901              	.LVL73:
 620:c:/Users/User/Documents/GitHub/ch32h417/EVT/EXAM/SRC/Peripheral/src\ch32h417_i2c.c ****     if(NewState != DISABLE)
 902              		.loc 1 620 5
 621:c:/Users/User/Documents/GitHub/ch32h417/EVT/EXAM/SRC/Peripheral/src\ch32h417_i2c.c ****     {
 622:c:/Users/User/Documents/GitHub/ch32h417/EVT/EXAM/SRC/Peripheral/src\ch32h417_i2c.c ****         I2Cx->CTLR1 |= CTLR1_PEC_Set;
 903              		.loc 1 622 13 is_stmt 0
 904 0000 1E21     		lhu	a5,0(a0)
 620:c:/Users/User/Documents/GitHub/ch32h417/EVT/EXAM/SRC/Peripheral/src\ch32h417_i2c.c ****     if(NewState != DISABLE)
 905              		.loc 1 620 7
 906 0002 89C5     		beq	a1,zero,.L76
 907              		.loc 1 622 9 is_stmt 1
 908              		.loc 1 622 21 is_stmt 0
 909 0004 9397C728 		bseti	a5,a5,12
 910              	.L78:
 623:c:/Users/User/Documents/GitHub/ch32h417/EVT/EXAM/SRC/Peripheral/src\ch32h417_i2c.c ****     }
 624:c:/Users/User/Documents/GitHub/ch32h417/EVT/EXAM/SRC/Peripheral/src\ch32h417_i2c.c ****     else
 625:c:/Users/User/Documents/GitHub/ch32h417/EVT/EXAM/SRC/Peripheral/src\ch32h417_i2c.c ****     {
 626:c:/Users/User/Documents/GitHub/ch32h417/EVT/EXAM/SRC/Peripheral/src\ch32h417_i2c.c ****         I2Cx->CTLR1 &= CTLR1_PEC_Reset;
 911              		.loc 1 626 21
 912 0008 1EA1     		sh	a5,0(a0)
 627:c:/Users/User/Documents/GitHub/ch32h417/EVT/EXAM/SRC/Peripheral/src\ch32h417_i2c.c ****     }
 628:c:/Users/User/Documents/GitHub/ch32h417/EVT/EXAM/SRC/Peripheral/src\ch32h417_i2c.c **** }
 913              		.loc 1 628 1
 914 000a 8280     		ret
 915              	.L76:
 626:c:/Users/User/Documents/GitHub/ch32h417/EVT/EXAM/SRC/Peripheral/src\ch32h417_i2c.c ****     }
 916              		.loc 1 626 9 is_stmt 1
 626:c:/Users/User/Documents/GitHub/ch32h417/EVT/EXAM/SRC/Peripheral/src\ch32h417_i2c.c ****     }
 917              		.loc 1 626 21 is_stmt 0
 918 000c 7D77     		li	a4,-4096
 919 000e 7D17     		addi	a4,a4,-1
 920 0010 F98F     		and	a5,a5,a4
 921 0012 DDBF     		j	.L78
 922              		.cfi_endproc
 923              	.LFE60:
 925              		.section	.text.I2C_PECPositionConfig,"ax",@progbits
 926              		.align	1
 927              		.globl	I2C_PECPositionConfig
 929              	I2C_PECPositionConfig:
 930              	.LFB74:
 931              		.cfi_startproc
 629:c:/Users/User/Documents/GitHub/ch32h417/EVT/EXAM/SRC/Peripheral/src\ch32h417_i2c.c **** 
 630:c:/Users/User/Documents/GitHub/ch32h417/EVT/EXAM/SRC/Peripheral/src\ch32h417_i2c.c **** /*********************************************************************
 631:c:/Users/User/Documents/GitHub/ch32h417/EVT/EXAM/SRC/Peripheral/src\ch32h417_i2c.c ****  * @fn      I2C_PECPositionConfig
 632:c:/Users/User/Documents/GitHub/ch32h417/EVT/EXAM/SRC/Peripheral/src\ch32h417_i2c.c ****  *
 633:c:/Users/User/Documents/GitHub/ch32h417/EVT/EXAM/SRC/Peripheral/src\ch32h417_i2c.c ****  * @brief   Selects the specified I2C PEC position.
 634:c:/Users/User/Documents/GitHub/ch32h417/EVT/EXAM/SRC/Peripheral/src\ch32h417_i2c.c ****  *
 635:c:/Users/User/Documents/GitHub/ch32h417/EVT/EXAM/SRC/Peripheral/src\ch32h417_i2c.c ****  * @param   I2Cx - where x can be (1~4) to select the I2C peripheral.
 636:c:/Users/User/Documents/GitHub/ch32h417/EVT/EXAM/SRC/Peripheral/src\ch32h417_i2c.c ****  *          I2C_PECPosition - specifies the PEC position.
 637:c:/Users/User/Documents/GitHub/ch32h417/EVT/EXAM/SRC/Peripheral/src\ch32h417_i2c.c ****  *            I2C_PECPosition_Next - indicates that the next byte is PEC.
 638:c:/Users/User/Documents/GitHub/ch32h417/EVT/EXAM/SRC/Peripheral/src\ch32h417_i2c.c ****  *            I2C_PECPosition_Current - indicates that current byte is PEC.
 639:c:/Users/User/Documents/GitHub/ch32h417/EVT/EXAM/SRC/Peripheral/src\ch32h417_i2c.c ****  *
 640:c:/Users/User/Documents/GitHub/ch32h417/EVT/EXAM/SRC/Peripheral/src\ch32h417_i2c.c ****  * @return  none
 641:c:/Users/User/Documents/GitHub/ch32h417/EVT/EXAM/SRC/Peripheral/src\ch32h417_i2c.c ****  */
 642:c:/Users/User/Documents/GitHub/ch32h417/EVT/EXAM/SRC/Peripheral/src\ch32h417_i2c.c **** void I2C_PECPositionConfig(I2C_TypeDef *I2Cx, uint16_t I2C_PECPosition)
 932              		.loc 1 642 6 is_stmt 1
 933 0000 17030000 		tail	I2C_NACKPositionConfig
 933      67000300 
 934              		.cfi_endproc
 935              	.LFE74:
 937              		.section	.text.I2C_CalculatePEC,"ax",@progbits
 938              		.align	1
 939              		.globl	I2C_CalculatePEC
 941              	I2C_CalculatePEC:
 942              	.LFB62:
 643:c:/Users/User/Documents/GitHub/ch32h417/EVT/EXAM/SRC/Peripheral/src\ch32h417_i2c.c **** {
 644:c:/Users/User/Documents/GitHub/ch32h417/EVT/EXAM/SRC/Peripheral/src\ch32h417_i2c.c ****     if(I2C_PECPosition == I2C_PECPosition_Next)
 645:c:/Users/User/Documents/GitHub/ch32h417/EVT/EXAM/SRC/Peripheral/src\ch32h417_i2c.c ****     {
 646:c:/Users/User/Documents/GitHub/ch32h417/EVT/EXAM/SRC/Peripheral/src\ch32h417_i2c.c ****         I2Cx->CTLR1 |= I2C_PECPosition_Next;
 647:c:/Users/User/Documents/GitHub/ch32h417/EVT/EXAM/SRC/Peripheral/src\ch32h417_i2c.c ****     }
 648:c:/Users/User/Documents/GitHub/ch32h417/EVT/EXAM/SRC/Peripheral/src\ch32h417_i2c.c ****     else
 649:c:/Users/User/Documents/GitHub/ch32h417/EVT/EXAM/SRC/Peripheral/src\ch32h417_i2c.c ****     {
 650:c:/Users/User/Documents/GitHub/ch32h417/EVT/EXAM/SRC/Peripheral/src\ch32h417_i2c.c ****         I2Cx->CTLR1 &= I2C_PECPosition_Current;
 651:c:/Users/User/Documents/GitHub/ch32h417/EVT/EXAM/SRC/Peripheral/src\ch32h417_i2c.c ****     }
 652:c:/Users/User/Documents/GitHub/ch32h417/EVT/EXAM/SRC/Peripheral/src\ch32h417_i2c.c **** }
 653:c:/Users/User/Documents/GitHub/ch32h417/EVT/EXAM/SRC/Peripheral/src\ch32h417_i2c.c **** 
 654:c:/Users/User/Documents/GitHub/ch32h417/EVT/EXAM/SRC/Peripheral/src\ch32h417_i2c.c **** /*********************************************************************
 655:c:/Users/User/Documents/GitHub/ch32h417/EVT/EXAM/SRC/Peripheral/src\ch32h417_i2c.c ****  * @fn      I2C_CalculatePEC
 656:c:/Users/User/Documents/GitHub/ch32h417/EVT/EXAM/SRC/Peripheral/src\ch32h417_i2c.c ****  *
 657:c:/Users/User/Documents/GitHub/ch32h417/EVT/EXAM/SRC/Peripheral/src\ch32h417_i2c.c ****  * @brief   Enables or disables the PEC value calculation of the transferred bytes.
 658:c:/Users/User/Documents/GitHub/ch32h417/EVT/EXAM/SRC/Peripheral/src\ch32h417_i2c.c ****  *
 659:c:/Users/User/Documents/GitHub/ch32h417/EVT/EXAM/SRC/Peripheral/src\ch32h417_i2c.c ****  * @param   I2Cx- where x can be (1~4) to select the I2C peripheral.
 660:c:/Users/User/Documents/GitHub/ch32h417/EVT/EXAM/SRC/Peripheral/src\ch32h417_i2c.c ****  *          NewState - ENABLE or DISABLE.
 661:c:/Users/User/Documents/GitHub/ch32h417/EVT/EXAM/SRC/Peripheral/src\ch32h417_i2c.c ****  *
 662:c:/Users/User/Documents/GitHub/ch32h417/EVT/EXAM/SRC/Peripheral/src\ch32h417_i2c.c ****  * @return  none
 663:c:/Users/User/Documents/GitHub/ch32h417/EVT/EXAM/SRC/Peripheral/src\ch32h417_i2c.c ****  */
 664:c:/Users/User/Documents/GitHub/ch32h417/EVT/EXAM/SRC/Peripheral/src\ch32h417_i2c.c **** void I2C_CalculatePEC(I2C_TypeDef *I2Cx, FunctionalState NewState)
 665:c:/Users/User/Documents/GitHub/ch32h417/EVT/EXAM/SRC/Peripheral/src\ch32h417_i2c.c **** {
 943              		.loc 1 665 1
 944              		.cfi_startproc
 945              	.LVL74:
 666:c:/Users/User/Documents/GitHub/ch32h417/EVT/EXAM/SRC/Peripheral/src\ch32h417_i2c.c ****     if(NewState != DISABLE)
 946              		.loc 1 666 5
 667:c:/Users/User/Documents/GitHub/ch32h417/EVT/EXAM/SRC/Peripheral/src\ch32h417_i2c.c ****     {
 668:c:/Users/User/Documents/GitHub/ch32h417/EVT/EXAM/SRC/Peripheral/src\ch32h417_i2c.c ****         I2Cx->CTLR1 |= CTLR1_ENPEC_Set;
 947              		.loc 1 668 13 is_stmt 0
 948 0000 1E21     		lhu	a5,0(a0)
 666:c:/Users/User/Documents/GitHub/ch32h417/EVT/EXAM/SRC/Peripheral/src\ch32h417_i2c.c ****     if(NewState != DISABLE)
 949              		.loc 1 666 7
 950 0002 89C5     		beq	a1,zero,.L82
 951              		.loc 1 668 9 is_stmt 1
 952              		.loc 1 668 21 is_stmt 0
 953 0004 93E70702 		ori	a5,a5,32
 954              	.L84:
 669:c:/Users/User/Documents/GitHub/ch32h417/EVT/EXAM/SRC/Peripheral/src\ch32h417_i2c.c ****     }
 670:c:/Users/User/Documents/GitHub/ch32h417/EVT/EXAM/SRC/Peripheral/src\ch32h417_i2c.c ****     else
 671:c:/Users/User/Documents/GitHub/ch32h417/EVT/EXAM/SRC/Peripheral/src\ch32h417_i2c.c ****     {
 672:c:/Users/User/Documents/GitHub/ch32h417/EVT/EXAM/SRC/Peripheral/src\ch32h417_i2c.c ****         I2Cx->CTLR1 &= CTLR1_ENPEC_Reset;
 955              		.loc 1 672 21
 956 0008 1EA1     		sh	a5,0(a0)
 673:c:/Users/User/Documents/GitHub/ch32h417/EVT/EXAM/SRC/Peripheral/src\ch32h417_i2c.c ****     }
 674:c:/Users/User/Documents/GitHub/ch32h417/EVT/EXAM/SRC/Peripheral/src\ch32h417_i2c.c **** }
 957              		.loc 1 674 1
 958 000a 8280     		ret
 959              	.L82:
 672:c:/Users/User/Documents/GitHub/ch32h417/EVT/EXAM/SRC/Peripheral/src\ch32h417_i2c.c ****     }
 960              		.loc 1 672 9 is_stmt 1
 672:c:/Users/User/Documents/GitHub/ch32h417/EVT/EXAM/SRC/Peripheral/src\ch32h417_i2c.c ****     }
 961              		.loc 1 672 13 is_stmt 0
 962 000c B3C70708 		zext.h	a5,a5
 672:c:/Users/User/Documents/GitHub/ch32h417/EVT/EXAM/SRC/Peripheral/src\ch32h417_i2c.c ****     }
 963              		.loc 1 672 21
 964 0010 93F7F7FD 		andi	a5,a5,-33
 965 0014 B3C70708 		zext.h	a5,a5
 966 0018 C5BF     		j	.L84
 967              		.cfi_endproc
 968              	.LFE62:
 970              		.section	.text.I2C_GetPEC,"ax",@progbits
 971              		.align	1
 972              		.globl	I2C_GetPEC
 974              	I2C_GetPEC:
 975              	.LFB63:
 675:c:/Users/User/Documents/GitHub/ch32h417/EVT/EXAM/SRC/Peripheral/src\ch32h417_i2c.c **** 
 676:c:/Users/User/Documents/GitHub/ch32h417/EVT/EXAM/SRC/Peripheral/src\ch32h417_i2c.c **** /*********************************************************************
 677:c:/Users/User/Documents/GitHub/ch32h417/EVT/EXAM/SRC/Peripheral/src\ch32h417_i2c.c ****  * @fn      I2C_GetPEC
 678:c:/Users/User/Documents/GitHub/ch32h417/EVT/EXAM/SRC/Peripheral/src\ch32h417_i2c.c ****  *
 679:c:/Users/User/Documents/GitHub/ch32h417/EVT/EXAM/SRC/Peripheral/src\ch32h417_i2c.c ****  * @brief   Returns the PEC value for the specified I2C.
 680:c:/Users/User/Documents/GitHub/ch32h417/EVT/EXAM/SRC/Peripheral/src\ch32h417_i2c.c ****  *
 681:c:/Users/User/Documents/GitHub/ch32h417/EVT/EXAM/SRC/Peripheral/src\ch32h417_i2c.c ****  * @param   I2Cx - where x can be (1~4) to select the I2C peripheral.
 682:c:/Users/User/Documents/GitHub/ch32h417/EVT/EXAM/SRC/Peripheral/src\ch32h417_i2c.c ****  *
 683:c:/Users/User/Documents/GitHub/ch32h417/EVT/EXAM/SRC/Peripheral/src\ch32h417_i2c.c ****  * @return  The PEC value.
 684:c:/Users/User/Documents/GitHub/ch32h417/EVT/EXAM/SRC/Peripheral/src\ch32h417_i2c.c ****  */
 685:c:/Users/User/Documents/GitHub/ch32h417/EVT/EXAM/SRC/Peripheral/src\ch32h417_i2c.c **** uint8_t I2C_GetPEC(I2C_TypeDef *I2Cx)
 686:c:/Users/User/Documents/GitHub/ch32h417/EVT/EXAM/SRC/Peripheral/src\ch32h417_i2c.c **** {
 976              		.loc 1 686 1 is_stmt 1
 977              		.cfi_startproc
 978              	.LVL75:
 687:c:/Users/User/Documents/GitHub/ch32h417/EVT/EXAM/SRC/Peripheral/src\ch32h417_i2c.c ****     return ((I2Cx->STAR2) >> 8);
 979              		.loc 1 687 5
 980              		.loc 1 687 18 is_stmt 0
 981 0000 0A2D     		lhu	a0,24(a0)
 982              	.LVL76:
 688:c:/Users/User/Documents/GitHub/ch32h417/EVT/EXAM/SRC/Peripheral/src\ch32h417_i2c.c **** }
 983              		.loc 1 688 1
 984 0002 2181     		srli	a0,a0,8
 985 0004 8280     		ret
 986              		.cfi_endproc
 987              	.LFE63:
 989              		.section	.text.I2C_ARPCmd,"ax",@progbits
 990              		.align	1
 991              		.globl	I2C_ARPCmd
 993              	I2C_ARPCmd:
 994              	.LFB64:
 689:c:/Users/User/Documents/GitHub/ch32h417/EVT/EXAM/SRC/Peripheral/src\ch32h417_i2c.c **** 
 690:c:/Users/User/Documents/GitHub/ch32h417/EVT/EXAM/SRC/Peripheral/src\ch32h417_i2c.c **** /*********************************************************************
 691:c:/Users/User/Documents/GitHub/ch32h417/EVT/EXAM/SRC/Peripheral/src\ch32h417_i2c.c ****  * @fn      I2C_ARPCmd
 692:c:/Users/User/Documents/GitHub/ch32h417/EVT/EXAM/SRC/Peripheral/src\ch32h417_i2c.c ****  *
 693:c:/Users/User/Documents/GitHub/ch32h417/EVT/EXAM/SRC/Peripheral/src\ch32h417_i2c.c ****  * @brief   Enables or disables the specified I2C ARP.
 694:c:/Users/User/Documents/GitHub/ch32h417/EVT/EXAM/SRC/Peripheral/src\ch32h417_i2c.c ****  *
 695:c:/Users/User/Documents/GitHub/ch32h417/EVT/EXAM/SRC/Peripheral/src\ch32h417_i2c.c ****  * @param   I2Cx - where x can be 1 or 2 to select the I2C peripheral.
 696:c:/Users/User/Documents/GitHub/ch32h417/EVT/EXAM/SRC/Peripheral/src\ch32h417_i2c.c ****  *            NewState - ENABLE or DISABLE.
 697:c:/Users/User/Documents/GitHub/ch32h417/EVT/EXAM/SRC/Peripheral/src\ch32h417_i2c.c ****  *
 698:c:/Users/User/Documents/GitHub/ch32h417/EVT/EXAM/SRC/Peripheral/src\ch32h417_i2c.c ****  * @return  The PEC value.
 699:c:/Users/User/Documents/GitHub/ch32h417/EVT/EXAM/SRC/Peripheral/src\ch32h417_i2c.c ****  */
 700:c:/Users/User/Documents/GitHub/ch32h417/EVT/EXAM/SRC/Peripheral/src\ch32h417_i2c.c **** void I2C_ARPCmd(I2C_TypeDef *I2Cx, FunctionalState NewState)
 701:c:/Users/User/Documents/GitHub/ch32h417/EVT/EXAM/SRC/Peripheral/src\ch32h417_i2c.c **** {
 995              		.loc 1 701 1 is_stmt 1
 996              		.cfi_startproc
 997              	.LVL77:
 702:c:/Users/User/Documents/GitHub/ch32h417/EVT/EXAM/SRC/Peripheral/src\ch32h417_i2c.c ****     if(NewState != DISABLE)
 998              		.loc 1 702 5
 703:c:/Users/User/Documents/GitHub/ch32h417/EVT/EXAM/SRC/Peripheral/src\ch32h417_i2c.c ****     {
 704:c:/Users/User/Documents/GitHub/ch32h417/EVT/EXAM/SRC/Peripheral/src\ch32h417_i2c.c ****         I2Cx->CTLR1 |= CTLR1_ENARP_Set;
 999              		.loc 1 704 13 is_stmt 0
 1000 0000 1E21     		lhu	a5,0(a0)
 702:c:/Users/User/Documents/GitHub/ch32h417/EVT/EXAM/SRC/Peripheral/src\ch32h417_i2c.c ****     if(NewState != DISABLE)
 1001              		.loc 1 702 7
 1002 0002 89C5     		beq	a1,zero,.L87
 1003              		.loc 1 704 9 is_stmt 1
 1004              		.loc 1 704 21 is_stmt 0
 1005 0004 93E70701 		ori	a5,a5,16
 1006              	.L89:
 705:c:/Users/User/Documents/GitHub/ch32h417/EVT/EXAM/SRC/Peripheral/src\ch32h417_i2c.c ****     }
 706:c:/Users/User/Documents/GitHub/ch32h417/EVT/EXAM/SRC/Peripheral/src\ch32h417_i2c.c ****     else
 707:c:/Users/User/Documents/GitHub/ch32h417/EVT/EXAM/SRC/Peripheral/src\ch32h417_i2c.c ****     {
 708:c:/Users/User/Documents/GitHub/ch32h417/EVT/EXAM/SRC/Peripheral/src\ch32h417_i2c.c ****         I2Cx->CTLR1 &= CTLR1_ENARP_Reset;
 1007              		.loc 1 708 21
 1008 0008 1EA1     		sh	a5,0(a0)
 709:c:/Users/User/Documents/GitHub/ch32h417/EVT/EXAM/SRC/Peripheral/src\ch32h417_i2c.c ****     }
 710:c:/Users/User/Documents/GitHub/ch32h417/EVT/EXAM/SRC/Peripheral/src\ch32h417_i2c.c **** }
 1009              		.loc 1 710 1
 1010 000a 8280     		ret
 1011              	.L87:
 708:c:/Users/User/Documents/GitHub/ch32h417/EVT/EXAM/SRC/Peripheral/src\ch32h417_i2c.c ****     }
 1012              		.loc 1 708 9 is_stmt 1
 708:c:/Users/User/Documents/GitHub/ch32h417/EVT/EXAM/SRC/Peripheral/src\ch32h417_i2c.c ****     }
 1013              		.loc 1 708 13 is_stmt 0
 1014 000c B3C70708 		zext.h	a5,a5
 708:c:/Users/User/Documents/GitHub/ch32h417/EVT/EXAM/SRC/Peripheral/src\ch32h417_i2c.c ****     }
 1015              		.loc 1 708 21
 1016 0010 BD9B     		andi	a5,a5,-17
 1017 0012 B3C70708 		zext.h	a5,a5
 1018 0016 CDBF     		j	.L89
 1019              		.cfi_endproc
 1020              	.LFE64:
 1022              		.section	.text.I2C_StretchClockCmd,"ax",@progbits
 1023              		.align	1
 1024              		.globl	I2C_StretchClockCmd
 1026              	I2C_StretchClockCmd:
 1027              	.LFB65:
 711:c:/Users/User/Documents/GitHub/ch32h417/EVT/EXAM/SRC/Peripheral/src\ch32h417_i2c.c **** 
 712:c:/Users/User/Documents/GitHub/ch32h417/EVT/EXAM/SRC/Peripheral/src\ch32h417_i2c.c **** /*********************************************************************
 713:c:/Users/User/Documents/GitHub/ch32h417/EVT/EXAM/SRC/Peripheral/src\ch32h417_i2c.c ****  * @fn      I2C_StretchClockCmd
 714:c:/Users/User/Documents/GitHub/ch32h417/EVT/EXAM/SRC/Peripheral/src\ch32h417_i2c.c ****  *
 715:c:/Users/User/Documents/GitHub/ch32h417/EVT/EXAM/SRC/Peripheral/src\ch32h417_i2c.c ****  * @brief   Enables or disables the specified I2C Clock stretching.
 716:c:/Users/User/Documents/GitHub/ch32h417/EVT/EXAM/SRC/Peripheral/src\ch32h417_i2c.c ****  *
 717:c:/Users/User/Documents/GitHub/ch32h417/EVT/EXAM/SRC/Peripheral/src\ch32h417_i2c.c ****  * @param   I2Cx - where x can be (1~4) to select the I2C peripheral.
 718:c:/Users/User/Documents/GitHub/ch32h417/EVT/EXAM/SRC/Peripheral/src\ch32h417_i2c.c ****  *          NewState - ENABLE or DISABLE.
 719:c:/Users/User/Documents/GitHub/ch32h417/EVT/EXAM/SRC/Peripheral/src\ch32h417_i2c.c ****  *
 720:c:/Users/User/Documents/GitHub/ch32h417/EVT/EXAM/SRC/Peripheral/src\ch32h417_i2c.c ****  * @return  none
 721:c:/Users/User/Documents/GitHub/ch32h417/EVT/EXAM/SRC/Peripheral/src\ch32h417_i2c.c ****  */
 722:c:/Users/User/Documents/GitHub/ch32h417/EVT/EXAM/SRC/Peripheral/src\ch32h417_i2c.c **** void I2C_StretchClockCmd(I2C_TypeDef *I2Cx, FunctionalState NewState)
 723:c:/Users/User/Documents/GitHub/ch32h417/EVT/EXAM/SRC/Peripheral/src\ch32h417_i2c.c **** {
 1028              		.loc 1 723 1 is_stmt 1
 1029              		.cfi_startproc
 1030              	.LVL78:
 724:c:/Users/User/Documents/GitHub/ch32h417/EVT/EXAM/SRC/Peripheral/src\ch32h417_i2c.c ****     if(NewState == DISABLE)
 1031              		.loc 1 724 5
 725:c:/Users/User/Documents/GitHub/ch32h417/EVT/EXAM/SRC/Peripheral/src\ch32h417_i2c.c ****     {
 726:c:/Users/User/Documents/GitHub/ch32h417/EVT/EXAM/SRC/Peripheral/src\ch32h417_i2c.c ****         I2Cx->CTLR1 |= CTLR1_NOSTRETCH_Set;
 1032              		.loc 1 726 13 is_stmt 0
 1033 0000 1E21     		lhu	a5,0(a0)
 724:c:/Users/User/Documents/GitHub/ch32h417/EVT/EXAM/SRC/Peripheral/src\ch32h417_i2c.c ****     if(NewState == DISABLE)
 1034              		.loc 1 724 7
 1035 0002 89E5     		bne	a1,zero,.L91
 1036              		.loc 1 726 9 is_stmt 1
 1037              		.loc 1 726 21 is_stmt 0
 1038 0004 93E70708 		ori	a5,a5,128
 1039              	.L93:
 727:c:/Users/User/Documents/GitHub/ch32h417/EVT/EXAM/SRC/Peripheral/src\ch32h417_i2c.c ****     }
 728:c:/Users/User/Documents/GitHub/ch32h417/EVT/EXAM/SRC/Peripheral/src\ch32h417_i2c.c ****     else
 729:c:/Users/User/Documents/GitHub/ch32h417/EVT/EXAM/SRC/Peripheral/src\ch32h417_i2c.c ****     {
 730:c:/Users/User/Documents/GitHub/ch32h417/EVT/EXAM/SRC/Peripheral/src\ch32h417_i2c.c ****         I2Cx->CTLR1 &= CTLR1_NOSTRETCH_Reset;
 1040              		.loc 1 730 21
 1041 0008 1EA1     		sh	a5,0(a0)
 731:c:/Users/User/Documents/GitHub/ch32h417/EVT/EXAM/SRC/Peripheral/src\ch32h417_i2c.c ****     }
 732:c:/Users/User/Documents/GitHub/ch32h417/EVT/EXAM/SRC/Peripheral/src\ch32h417_i2c.c **** }
 1042              		.loc 1 732 1
 1043 000a 8280     		ret
 1044              	.L91:
 730:c:/Users/User/Documents/GitHub/ch32h417/EVT/EXAM/SRC/Peripheral/src\ch32h417_i2c.c ****     }
 1045              		.loc 1 730 9 is_stmt 1
 730:c:/Users/User/Documents/GitHub/ch32h417/EVT/EXAM/SRC/Peripheral/src\ch32h417_i2c.c ****     }
 1046              		.loc 1 730 13 is_stmt 0
 1047 000c B3C70708 		zext.h	a5,a5
 730:c:/Users/User/Documents/GitHub/ch32h417/EVT/EXAM/SRC/Peripheral/src\ch32h417_i2c.c ****     }
 1048              		.loc 1 730 21
 1049 0010 93F7F7F7 		andi	a5,a5,-129
 1050 0014 B3C70708 		zext.h	a5,a5
 1051 0018 C5BF     		j	.L93
 1052              		.cfi_endproc
 1053              	.LFE65:
 1055              		.section	.text.I2C_FastModeDutyCycleConfig,"ax",@progbits
 1056              		.align	1
 1057              		.globl	I2C_FastModeDutyCycleConfig
 1059              	I2C_FastModeDutyCycleConfig:
 1060              	.LFB66:
 733:c:/Users/User/Documents/GitHub/ch32h417/EVT/EXAM/SRC/Peripheral/src\ch32h417_i2c.c **** 
 734:c:/Users/User/Documents/GitHub/ch32h417/EVT/EXAM/SRC/Peripheral/src\ch32h417_i2c.c **** /*********************************************************************
 735:c:/Users/User/Documents/GitHub/ch32h417/EVT/EXAM/SRC/Peripheral/src\ch32h417_i2c.c ****  * @fn      I2C_FastModeDutyCycleConfig
 736:c:/Users/User/Documents/GitHub/ch32h417/EVT/EXAM/SRC/Peripheral/src\ch32h417_i2c.c ****  *
 737:c:/Users/User/Documents/GitHub/ch32h417/EVT/EXAM/SRC/Peripheral/src\ch32h417_i2c.c ****  * @brief   Selects the specified I2C fast mode duty cycle.
 738:c:/Users/User/Documents/GitHub/ch32h417/EVT/EXAM/SRC/Peripheral/src\ch32h417_i2c.c ****  *
 739:c:/Users/User/Documents/GitHub/ch32h417/EVT/EXAM/SRC/Peripheral/src\ch32h417_i2c.c ****  * @param   I2Cx - where x can be (1~4) to select the I2C peripheral.
 740:c:/Users/User/Documents/GitHub/ch32h417/EVT/EXAM/SRC/Peripheral/src\ch32h417_i2c.c ****  *          I2C_DutyCycle - specifies the fast mode duty cycle.
 741:c:/Users/User/Documents/GitHub/ch32h417/EVT/EXAM/SRC/Peripheral/src\ch32h417_i2c.c ****  *            I2C_DutyCycle_2 - I2C fast mode Tlow/Thigh = 2.
 742:c:/Users/User/Documents/GitHub/ch32h417/EVT/EXAM/SRC/Peripheral/src\ch32h417_i2c.c ****  *            I2C_DutyCycle_16_9 - I2C fast mode Tlow/Thigh = 16/9.
 743:c:/Users/User/Documents/GitHub/ch32h417/EVT/EXAM/SRC/Peripheral/src\ch32h417_i2c.c ****  *
 744:c:/Users/User/Documents/GitHub/ch32h417/EVT/EXAM/SRC/Peripheral/src\ch32h417_i2c.c ****  * @return  none
 745:c:/Users/User/Documents/GitHub/ch32h417/EVT/EXAM/SRC/Peripheral/src\ch32h417_i2c.c ****  */
 746:c:/Users/User/Documents/GitHub/ch32h417/EVT/EXAM/SRC/Peripheral/src\ch32h417_i2c.c **** void I2C_FastModeDutyCycleConfig(I2C_TypeDef *I2Cx, uint16_t I2C_DutyCycle)
 747:c:/Users/User/Documents/GitHub/ch32h417/EVT/EXAM/SRC/Peripheral/src\ch32h417_i2c.c **** {
 1061              		.loc 1 747 1 is_stmt 1
 1062              		.cfi_startproc
 1063              	.LVL79:
 748:c:/Users/User/Documents/GitHub/ch32h417/EVT/EXAM/SRC/Peripheral/src\ch32h417_i2c.c ****     if(I2C_DutyCycle != I2C_DutyCycle_16_9)
 1064              		.loc 1 748 5
 1065              		.loc 1 748 7 is_stmt 0
 1066 0000 9167     		li	a5,16384
 1067 0002 6388F500 		beq	a1,a5,.L95
 749:c:/Users/User/Documents/GitHub/ch32h417/EVT/EXAM/SRC/Peripheral/src\ch32h417_i2c.c ****     {
 750:c:/Users/User/Documents/GitHub/ch32h417/EVT/EXAM/SRC/Peripheral/src\ch32h417_i2c.c ****         I2Cx->CKCFGR &= I2C_DutyCycle_2;
 1068              		.loc 1 750 9 is_stmt 1
 1069              		.loc 1 750 13 is_stmt 0
 1070 0006 5E2D     		lhu	a5,28(a0)
 1071              		.loc 1 750 22
 1072 0008 7177     		li	a4,-16384
 1073 000a 7D17     		addi	a4,a4,-1
 1074 000c F98F     		and	a5,a5,a4
 1075              	.L97:
 751:c:/Users/User/Documents/GitHub/ch32h417/EVT/EXAM/SRC/Peripheral/src\ch32h417_i2c.c ****     }
 752:c:/Users/User/Documents/GitHub/ch32h417/EVT/EXAM/SRC/Peripheral/src\ch32h417_i2c.c ****     else
 753:c:/Users/User/Documents/GitHub/ch32h417/EVT/EXAM/SRC/Peripheral/src\ch32h417_i2c.c ****     {
 754:c:/Users/User/Documents/GitHub/ch32h417/EVT/EXAM/SRC/Peripheral/src\ch32h417_i2c.c ****         I2Cx->CKCFGR |= I2C_DutyCycle_16_9;
 1076              		.loc 1 754 22
 1077 000e 5EAD     		sh	a5,28(a0)
 755:c:/Users/User/Documents/GitHub/ch32h417/EVT/EXAM/SRC/Peripheral/src\ch32h417_i2c.c ****     }
 756:c:/Users/User/Documents/GitHub/ch32h417/EVT/EXAM/SRC/Peripheral/src\ch32h417_i2c.c **** }
 1078              		.loc 1 756 1
 1079 0010 8280     		ret
 1080              	.L95:
 754:c:/Users/User/Documents/GitHub/ch32h417/EVT/EXAM/SRC/Peripheral/src\ch32h417_i2c.c ****     }
 1081              		.loc 1 754 9 is_stmt 1
 754:c:/Users/User/Documents/GitHub/ch32h417/EVT/EXAM/SRC/Peripheral/src\ch32h417_i2c.c ****     }
 1082              		.loc 1 754 13 is_stmt 0
 1083 0012 5E2D     		lhu	a5,28(a0)
 754:c:/Users/User/Documents/GitHub/ch32h417/EVT/EXAM/SRC/Peripheral/src\ch32h417_i2c.c ****     }
 1084              		.loc 1 754 22
 1085 0014 9397E728 		bseti	a5,a5,14
 1086 0018 DDBF     		j	.L97
 1087              		.cfi_endproc
 1088              	.LFE66:
 1090              		.section	.text.I2C_CheckEvent,"ax",@progbits
 1091              		.align	1
 1092              		.globl	I2C_CheckEvent
 1094              	I2C_CheckEvent:
 1095              	.LFB67:
 757:c:/Users/User/Documents/GitHub/ch32h417/EVT/EXAM/SRC/Peripheral/src\ch32h417_i2c.c **** 
 758:c:/Users/User/Documents/GitHub/ch32h417/EVT/EXAM/SRC/Peripheral/src\ch32h417_i2c.c **** /*********************************************************************
 759:c:/Users/User/Documents/GitHub/ch32h417/EVT/EXAM/SRC/Peripheral/src\ch32h417_i2c.c ****  * @fn      I2C_CheckEvent
 760:c:/Users/User/Documents/GitHub/ch32h417/EVT/EXAM/SRC/Peripheral/src\ch32h417_i2c.c ****  *
 761:c:/Users/User/Documents/GitHub/ch32h417/EVT/EXAM/SRC/Peripheral/src\ch32h417_i2c.c ****  * @brief   Checks whether the last I2Cx Event is equal to the one passed
 762:c:/Users/User/Documents/GitHub/ch32h417/EVT/EXAM/SRC/Peripheral/src\ch32h417_i2c.c ****  *        as parameter.
 763:c:/Users/User/Documents/GitHub/ch32h417/EVT/EXAM/SRC/Peripheral/src\ch32h417_i2c.c ****  *
 764:c:/Users/User/Documents/GitHub/ch32h417/EVT/EXAM/SRC/Peripheral/src\ch32h417_i2c.c ****  * @param   I2Cx- where x can be (1~4) to select the I2C peripheral.
 765:c:/Users/User/Documents/GitHub/ch32h417/EVT/EXAM/SRC/Peripheral/src\ch32h417_i2c.c ****  *          I2C_EVENT: specifies the event to be checked.
 766:c:/Users/User/Documents/GitHub/ch32h417/EVT/EXAM/SRC/Peripheral/src\ch32h417_i2c.c ****  *             I2C_EVENT_SLAVE_TRANSMITTER_ADDRESS_MATCHED - EVT1.
 767:c:/Users/User/Documents/GitHub/ch32h417/EVT/EXAM/SRC/Peripheral/src\ch32h417_i2c.c ****  *             I2C_EVENT_SLAVE_RECEIVER_ADDRESS_MATCHED - EVT1.
 768:c:/Users/User/Documents/GitHub/ch32h417/EVT/EXAM/SRC/Peripheral/src\ch32h417_i2c.c ****  *             I2C_EVENT_SLAVE_TRANSMITTER_SECONDADDRESS_MATCHED - EVT1.
 769:c:/Users/User/Documents/GitHub/ch32h417/EVT/EXAM/SRC/Peripheral/src\ch32h417_i2c.c ****  *             I2C_EVENT_SLAVE_RECEIVER_SECONDADDRESS_MATCHED - EVT1.
 770:c:/Users/User/Documents/GitHub/ch32h417/EVT/EXAM/SRC/Peripheral/src\ch32h417_i2c.c ****  *             I2C_EVENT_SLAVE_GENERALCALLADDRESS_MATCHED - EVT1.
 771:c:/Users/User/Documents/GitHub/ch32h417/EVT/EXAM/SRC/Peripheral/src\ch32h417_i2c.c ****  *             I2C_EVENT_SLAVE_BYTE_RECEIVED - EVT2.
 772:c:/Users/User/Documents/GitHub/ch32h417/EVT/EXAM/SRC/Peripheral/src\ch32h417_i2c.c ****  *             (I2C_EVENT_SLAVE_BYTE_RECEIVED | I2C_FLAG_DUALF) - EVT2.
 773:c:/Users/User/Documents/GitHub/ch32h417/EVT/EXAM/SRC/Peripheral/src\ch32h417_i2c.c ****  *             (I2C_EVENT_SLAVE_BYTE_RECEIVED | I2C_FLAG_GENCALL) - EVT2.
 774:c:/Users/User/Documents/GitHub/ch32h417/EVT/EXAM/SRC/Peripheral/src\ch32h417_i2c.c ****  *             I2C_EVENT_SLAVE_BYTE_TRANSMITTED - EVT3.
 775:c:/Users/User/Documents/GitHub/ch32h417/EVT/EXAM/SRC/Peripheral/src\ch32h417_i2c.c ****  *             (I2C_EVENT_SLAVE_BYTE_TRANSMITTED | I2C_FLAG_DUALF) - EVT3.
 776:c:/Users/User/Documents/GitHub/ch32h417/EVT/EXAM/SRC/Peripheral/src\ch32h417_i2c.c ****  *             (I2C_EVENT_SLAVE_BYTE_TRANSMITTED | I2C_FLAG_GENCALL) - EVT3.
 777:c:/Users/User/Documents/GitHub/ch32h417/EVT/EXAM/SRC/Peripheral/src\ch32h417_i2c.c ****  *             I2C_EVENT_SLAVE_ACK_FAILURE - EVT3_2.
 778:c:/Users/User/Documents/GitHub/ch32h417/EVT/EXAM/SRC/Peripheral/src\ch32h417_i2c.c ****  *             I2C_EVENT_SLAVE_STOP_DETECTED - EVT4.
 779:c:/Users/User/Documents/GitHub/ch32h417/EVT/EXAM/SRC/Peripheral/src\ch32h417_i2c.c ****  *             I2C_EVENT_MASTER_MODE_SELECT - EVT5.
 780:c:/Users/User/Documents/GitHub/ch32h417/EVT/EXAM/SRC/Peripheral/src\ch32h417_i2c.c ****  *             I2C_EVENT_MASTER_TRANSMITTER_MODE_SELECTED - EVT6.
 781:c:/Users/User/Documents/GitHub/ch32h417/EVT/EXAM/SRC/Peripheral/src\ch32h417_i2c.c ****  *             I2C_EVENT_MASTER_RECEIVER_MODE_SELECTED - EVT6.
 782:c:/Users/User/Documents/GitHub/ch32h417/EVT/EXAM/SRC/Peripheral/src\ch32h417_i2c.c ****  *             I2C_EVENT_MASTER_BYTE_RECEIVED - EVT7.
 783:c:/Users/User/Documents/GitHub/ch32h417/EVT/EXAM/SRC/Peripheral/src\ch32h417_i2c.c ****  *             I2C_EVENT_MASTER_BYTE_TRANSMITTING - EVT8.
 784:c:/Users/User/Documents/GitHub/ch32h417/EVT/EXAM/SRC/Peripheral/src\ch32h417_i2c.c ****  *             I2C_EVENT_MASTER_BYTE_TRANSMITTED - EVT8_2.
 785:c:/Users/User/Documents/GitHub/ch32h417/EVT/EXAM/SRC/Peripheral/src\ch32h417_i2c.c ****  *             I2C_EVENT_MASTER_MODE_ADDRESS10 - EVT9.
 786:c:/Users/User/Documents/GitHub/ch32h417/EVT/EXAM/SRC/Peripheral/src\ch32h417_i2c.c ****  *
 787:c:/Users/User/Documents/GitHub/ch32h417/EVT/EXAM/SRC/Peripheral/src\ch32h417_i2c.c ****  * @return  ErrorStatus - READY or NoREADY.
 788:c:/Users/User/Documents/GitHub/ch32h417/EVT/EXAM/SRC/Peripheral/src\ch32h417_i2c.c ****  */
 789:c:/Users/User/Documents/GitHub/ch32h417/EVT/EXAM/SRC/Peripheral/src\ch32h417_i2c.c **** ErrorStatus I2C_CheckEvent(I2C_TypeDef *I2Cx, uint32_t I2C_EVENT)
 790:c:/Users/User/Documents/GitHub/ch32h417/EVT/EXAM/SRC/Peripheral/src\ch32h417_i2c.c **** {
 1096              		.loc 1 790 1 is_stmt 1
 1097              		.cfi_startproc
 1098              	.LVL80:
 791:c:/Users/User/Documents/GitHub/ch32h417/EVT/EXAM/SRC/Peripheral/src\ch32h417_i2c.c ****     uint32_t    lastevent = 0;
 1099              		.loc 1 791 5
 792:c:/Users/User/Documents/GitHub/ch32h417/EVT/EXAM/SRC/Peripheral/src\ch32h417_i2c.c ****     uint32_t    flag1 = 0, flag2 = 0;
 1100              		.loc 1 792 5
 793:c:/Users/User/Documents/GitHub/ch32h417/EVT/EXAM/SRC/Peripheral/src\ch32h417_i2c.c ****     ErrorStatus status = NoREADY;
 1101              		.loc 1 793 5
 794:c:/Users/User/Documents/GitHub/ch32h417/EVT/EXAM/SRC/Peripheral/src\ch32h417_i2c.c **** 
 795:c:/Users/User/Documents/GitHub/ch32h417/EVT/EXAM/SRC/Peripheral/src\ch32h417_i2c.c ****     flag1 = I2Cx->STAR1;
 1102              		.loc 1 795 5
 1103              		.loc 1 795 17 is_stmt 0
 1104 0000 5E29     		lhu	a5,20(a0)
 1105              	.LVL81:
 796:c:/Users/User/Documents/GitHub/ch32h417/EVT/EXAM/SRC/Peripheral/src\ch32h417_i2c.c ****     flag2 = I2Cx->STAR2;
 1106              		.loc 1 796 5 is_stmt 1
 1107              		.loc 1 796 17 is_stmt 0
 1108 0002 0A2D     		lhu	a0,24(a0)
 1109              	.LVL82:
 797:c:/Users/User/Documents/GitHub/ch32h417/EVT/EXAM/SRC/Peripheral/src\ch32h417_i2c.c ****     flag2 = flag2 << 16;
 1110              		.loc 1 797 5 is_stmt 1
 798:c:/Users/User/Documents/GitHub/ch32h417/EVT/EXAM/SRC/Peripheral/src\ch32h417_i2c.c **** 
 799:c:/Users/User/Documents/GitHub/ch32h417/EVT/EXAM/SRC/Peripheral/src\ch32h417_i2c.c ****     lastevent = (flag1 | flag2) & FLAG_Mask;
 1111              		.loc 1 799 5
 800:c:/Users/User/Documents/GitHub/ch32h417/EVT/EXAM/SRC/Peripheral/src\ch32h417_i2c.c **** 
 801:c:/Users/User/Documents/GitHub/ch32h417/EVT/EXAM/SRC/Peripheral/src\ch32h417_i2c.c ****     if((lastevent & I2C_EVENT) == I2C_EVENT)
 1112              		.loc 1 801 5
 802:c:/Users/User/Documents/GitHub/ch32h417/EVT/EXAM/SRC/Peripheral/src\ch32h417_i2c.c ****     {
 803:c:/Users/User/Documents/GitHub/ch32h417/EVT/EXAM/SRC/Peripheral/src\ch32h417_i2c.c ****         status = READY;
 804:c:/Users/User/Documents/GitHub/ch32h417/EVT/EXAM/SRC/Peripheral/src\ch32h417_i2c.c ****     }
 805:c:/Users/User/Documents/GitHub/ch32h417/EVT/EXAM/SRC/Peripheral/src\ch32h417_i2c.c ****     else
 806:c:/Users/User/Documents/GitHub/ch32h417/EVT/EXAM/SRC/Peripheral/src\ch32h417_i2c.c ****     {
 807:c:/Users/User/Documents/GitHub/ch32h417/EVT/EXAM/SRC/Peripheral/src\ch32h417_i2c.c ****         status = NoREADY;
 808:c:/Users/User/Documents/GitHub/ch32h417/EVT/EXAM/SRC/Peripheral/src\ch32h417_i2c.c ****     }
 809:c:/Users/User/Documents/GitHub/ch32h417/EVT/EXAM/SRC/Peripheral/src\ch32h417_i2c.c **** 
 810:c:/Users/User/Documents/GitHub/ch32h417/EVT/EXAM/SRC/Peripheral/src\ch32h417_i2c.c ****     return status;
 1113              		.loc 1 810 5
 797:c:/Users/User/Documents/GitHub/ch32h417/EVT/EXAM/SRC/Peripheral/src\ch32h417_i2c.c **** 
 1114              		.loc 1 797 11 is_stmt 0
 1115 0004 4205     		slli	a0,a0,16
 1116              	.LVL83:
 799:c:/Users/User/Documents/GitHub/ch32h417/EVT/EXAM/SRC/Peripheral/src\ch32h417_i2c.c **** 
 1117              		.loc 1 799 24
 1118 0006 5D8D     		or	a0,a0,a5
 1119              	.LVL84:
 801:c:/Users/User/Documents/GitHub/ch32h417/EVT/EXAM/SRC/Peripheral/src\ch32h417_i2c.c ****     {
 1120              		.loc 1 801 19
 1121 0008 6D8D     		and	a0,a0,a1
 1122              	.LVL85:
 1123 000a 2205     		slli	a0,a0,8
 1124 000c 2181     		srli	a0,a0,8
 801:c:/Users/User/Documents/GitHub/ch32h417/EVT/EXAM/SRC/Peripheral/src\ch32h417_i2c.c ****     {
 1125              		.loc 1 801 7
 1126 000e 0D8D     		sub	a0,a0,a1
 811:c:/Users/User/Documents/GitHub/ch32h417/EVT/EXAM/SRC/Peripheral/src\ch32h417_i2c.c **** }
 1127              		.loc 1 811 1
 1128 0010 13351500 		seqz	a0,a0
 1129 0014 8280     		ret
 1130              		.cfi_endproc
 1131              	.LFE67:
 1133              		.section	.text.I2C_GetLastEvent,"ax",@progbits
 1134              		.align	1
 1135              		.globl	I2C_GetLastEvent
 1137              	I2C_GetLastEvent:
 1138              	.LFB68:
 812:c:/Users/User/Documents/GitHub/ch32h417/EVT/EXAM/SRC/Peripheral/src\ch32h417_i2c.c **** 
 813:c:/Users/User/Documents/GitHub/ch32h417/EVT/EXAM/SRC/Peripheral/src\ch32h417_i2c.c **** /*********************************************************************
 814:c:/Users/User/Documents/GitHub/ch32h417/EVT/EXAM/SRC/Peripheral/src\ch32h417_i2c.c ****  * @fn      I2C_GetLastEvent
 815:c:/Users/User/Documents/GitHub/ch32h417/EVT/EXAM/SRC/Peripheral/src\ch32h417_i2c.c ****  *
 816:c:/Users/User/Documents/GitHub/ch32h417/EVT/EXAM/SRC/Peripheral/src\ch32h417_i2c.c ****  * @brief   Returns the last I2Cx Event.
 817:c:/Users/User/Documents/GitHub/ch32h417/EVT/EXAM/SRC/Peripheral/src\ch32h417_i2c.c ****  *
 818:c:/Users/User/Documents/GitHub/ch32h417/EVT/EXAM/SRC/Peripheral/src\ch32h417_i2c.c ****  * @param   I2Cx - where x can be (1~4) to select the I2C peripheral.
 819:c:/Users/User/Documents/GitHub/ch32h417/EVT/EXAM/SRC/Peripheral/src\ch32h417_i2c.c ****  *
 820:c:/Users/User/Documents/GitHub/ch32h417/EVT/EXAM/SRC/Peripheral/src\ch32h417_i2c.c ****  * @return  none
 821:c:/Users/User/Documents/GitHub/ch32h417/EVT/EXAM/SRC/Peripheral/src\ch32h417_i2c.c ****  */
 822:c:/Users/User/Documents/GitHub/ch32h417/EVT/EXAM/SRC/Peripheral/src\ch32h417_i2c.c **** uint32_t I2C_GetLastEvent(I2C_TypeDef *I2Cx)
 823:c:/Users/User/Documents/GitHub/ch32h417/EVT/EXAM/SRC/Peripheral/src\ch32h417_i2c.c **** {
 1139              		.loc 1 823 1 is_stmt 1
 1140              		.cfi_startproc
 1141              	.LVL86:
 824:c:/Users/User/Documents/GitHub/ch32h417/EVT/EXAM/SRC/Peripheral/src\ch32h417_i2c.c ****     uint32_t lastevent = 0;
 1142              		.loc 1 824 5
 825:c:/Users/User/Documents/GitHub/ch32h417/EVT/EXAM/SRC/Peripheral/src\ch32h417_i2c.c ****     uint32_t flag1 = 0, flag2 = 0;
 1143              		.loc 1 825 5
 826:c:/Users/User/Documents/GitHub/ch32h417/EVT/EXAM/SRC/Peripheral/src\ch32h417_i2c.c **** 
 827:c:/Users/User/Documents/GitHub/ch32h417/EVT/EXAM/SRC/Peripheral/src\ch32h417_i2c.c ****     flag1 = I2Cx->STAR1;
 1144              		.loc 1 827 5
 1145              		.loc 1 827 17 is_stmt 0
 1146 0000 5E29     		lhu	a5,20(a0)
 1147              	.LVL87:
 828:c:/Users/User/Documents/GitHub/ch32h417/EVT/EXAM/SRC/Peripheral/src\ch32h417_i2c.c ****     flag2 = I2Cx->STAR2;
 1148              		.loc 1 828 5 is_stmt 1
 1149              		.loc 1 828 17 is_stmt 0
 1150 0002 0A2D     		lhu	a0,24(a0)
 1151              	.LVL88:
 829:c:/Users/User/Documents/GitHub/ch32h417/EVT/EXAM/SRC/Peripheral/src\ch32h417_i2c.c ****     flag2 = flag2 << 16;
 1152              		.loc 1 829 5 is_stmt 1
 830:c:/Users/User/Documents/GitHub/ch32h417/EVT/EXAM/SRC/Peripheral/src\ch32h417_i2c.c ****     lastevent = (flag1 | flag2) & FLAG_Mask;
 1153              		.loc 1 830 5
 831:c:/Users/User/Documents/GitHub/ch32h417/EVT/EXAM/SRC/Peripheral/src\ch32h417_i2c.c **** 
 832:c:/Users/User/Documents/GitHub/ch32h417/EVT/EXAM/SRC/Peripheral/src\ch32h417_i2c.c ****     return lastevent;
 1154              		.loc 1 832 5
 829:c:/Users/User/Documents/GitHub/ch32h417/EVT/EXAM/SRC/Peripheral/src\ch32h417_i2c.c ****     lastevent = (flag1 | flag2) & FLAG_Mask;
 1155              		.loc 1 829 11 is_stmt 0
 1156 0004 4205     		slli	a0,a0,16
 1157              	.LVL89:
 830:c:/Users/User/Documents/GitHub/ch32h417/EVT/EXAM/SRC/Peripheral/src\ch32h417_i2c.c ****     lastevent = (flag1 | flag2) & FLAG_Mask;
 1158              		.loc 1 830 24
 1159 0006 5D8D     		or	a0,a0,a5
 1160              	.LVL90:
 830:c:/Users/User/Documents/GitHub/ch32h417/EVT/EXAM/SRC/Peripheral/src\ch32h417_i2c.c ****     lastevent = (flag1 | flag2) & FLAG_Mask;
 1161              		.loc 1 830 15
 1162 0008 2205     		slli	a0,a0,8
 833:c:/Users/User/Documents/GitHub/ch32h417/EVT/EXAM/SRC/Peripheral/src\ch32h417_i2c.c **** }
 1163              		.loc 1 833 1
 1164 000a 2181     		srli	a0,a0,8
 1165 000c 8280     		ret
 1166              		.cfi_endproc
 1167              	.LFE68:
 1169              		.section	.text.I2C_GetFlagStatus,"ax",@progbits
 1170              		.align	1
 1171              		.globl	I2C_GetFlagStatus
 1173              	I2C_GetFlagStatus:
 1174              	.LFB69:
 834:c:/Users/User/Documents/GitHub/ch32h417/EVT/EXAM/SRC/Peripheral/src\ch32h417_i2c.c **** 
 835:c:/Users/User/Documents/GitHub/ch32h417/EVT/EXAM/SRC/Peripheral/src\ch32h417_i2c.c **** /*********************************************************************
 836:c:/Users/User/Documents/GitHub/ch32h417/EVT/EXAM/SRC/Peripheral/src\ch32h417_i2c.c ****  * @fn      I2C_GetFlagStatus
 837:c:/Users/User/Documents/GitHub/ch32h417/EVT/EXAM/SRC/Peripheral/src\ch32h417_i2c.c ****  *
 838:c:/Users/User/Documents/GitHub/ch32h417/EVT/EXAM/SRC/Peripheral/src\ch32h417_i2c.c ****  * @brief   Checks whether the last I2Cx Event is equal to the one passed
 839:c:/Users/User/Documents/GitHub/ch32h417/EVT/EXAM/SRC/Peripheral/src\ch32h417_i2c.c ****  *        as parameter.
 840:c:/Users/User/Documents/GitHub/ch32h417/EVT/EXAM/SRC/Peripheral/src\ch32h417_i2c.c ****  *
 841:c:/Users/User/Documents/GitHub/ch32h417/EVT/EXAM/SRC/Peripheral/src\ch32h417_i2c.c ****  * @param   I2Cx - where x can be (1~4) to select the I2C peripheral.
 842:c:/Users/User/Documents/GitHub/ch32h417/EVT/EXAM/SRC/Peripheral/src\ch32h417_i2c.c ****  *          I2C_FLAG - specifies the flag to check.
 843:c:/Users/User/Documents/GitHub/ch32h417/EVT/EXAM/SRC/Peripheral/src\ch32h417_i2c.c ****  *            I2C_FLAG_DUALF - Dual flag (Slave mode).
 844:c:/Users/User/Documents/GitHub/ch32h417/EVT/EXAM/SRC/Peripheral/src\ch32h417_i2c.c ****  *            I2C_FLAG_SMBHOST - SMBus host header (Slave mode).
 845:c:/Users/User/Documents/GitHub/ch32h417/EVT/EXAM/SRC/Peripheral/src\ch32h417_i2c.c ****  *            I2C_FLAG_SMBDEFAULT - SMBus default header (Slave mode).
 846:c:/Users/User/Documents/GitHub/ch32h417/EVT/EXAM/SRC/Peripheral/src\ch32h417_i2c.c ****  *            I2C_FLAG_GENCALL - General call header flag (Slave mode).
 847:c:/Users/User/Documents/GitHub/ch32h417/EVT/EXAM/SRC/Peripheral/src\ch32h417_i2c.c ****  *            I2C_FLAG_TRA - Transmitter/Receiver flag.
 848:c:/Users/User/Documents/GitHub/ch32h417/EVT/EXAM/SRC/Peripheral/src\ch32h417_i2c.c ****  *            I2C_FLAG_BUSY - Bus busy flag.
 849:c:/Users/User/Documents/GitHub/ch32h417/EVT/EXAM/SRC/Peripheral/src\ch32h417_i2c.c ****  *            I2C_FLAG_MSL - Master/Slave flag.
 850:c:/Users/User/Documents/GitHub/ch32h417/EVT/EXAM/SRC/Peripheral/src\ch32h417_i2c.c ****  *            I2C_FLAG_SMBALERT - SMBus Alert flag.
 851:c:/Users/User/Documents/GitHub/ch32h417/EVT/EXAM/SRC/Peripheral/src\ch32h417_i2c.c ****  *            I2C_FLAG_TIMEOUT - Timeout or Tlow error flag.
 852:c:/Users/User/Documents/GitHub/ch32h417/EVT/EXAM/SRC/Peripheral/src\ch32h417_i2c.c ****  *            I2C_FLAG_PECERR - PEC error in reception flag.
 853:c:/Users/User/Documents/GitHub/ch32h417/EVT/EXAM/SRC/Peripheral/src\ch32h417_i2c.c ****  *            I2C_FLAG_OVR - Overrun/Underrun flag (Slave mode).
 854:c:/Users/User/Documents/GitHub/ch32h417/EVT/EXAM/SRC/Peripheral/src\ch32h417_i2c.c ****  *            I2C_FLAG_AF - Acknowledge failure flag.
 855:c:/Users/User/Documents/GitHub/ch32h417/EVT/EXAM/SRC/Peripheral/src\ch32h417_i2c.c ****  *            I2C_FLAG_ARLO - Arbitration lost flag (Master mode).
 856:c:/Users/User/Documents/GitHub/ch32h417/EVT/EXAM/SRC/Peripheral/src\ch32h417_i2c.c ****  *            I2C_FLAG_BERR - Bus error flag.
 857:c:/Users/User/Documents/GitHub/ch32h417/EVT/EXAM/SRC/Peripheral/src\ch32h417_i2c.c ****  *            I2C_FLAG_TXE - Data register empty flag (Transmitter).
 858:c:/Users/User/Documents/GitHub/ch32h417/EVT/EXAM/SRC/Peripheral/src\ch32h417_i2c.c ****  *            I2C_FLAG_RXNE- Data register not empty (Receiver) flag.
 859:c:/Users/User/Documents/GitHub/ch32h417/EVT/EXAM/SRC/Peripheral/src\ch32h417_i2c.c ****  *            I2C_FLAG_STOPF - Stop detection flag (Slave mode).
 860:c:/Users/User/Documents/GitHub/ch32h417/EVT/EXAM/SRC/Peripheral/src\ch32h417_i2c.c ****  *            I2C_FLAG_ADD10 - 10-bit header sent flag (Master mode).
 861:c:/Users/User/Documents/GitHub/ch32h417/EVT/EXAM/SRC/Peripheral/src\ch32h417_i2c.c ****  *            I2C_FLAG_BTF - Byte transfer finished flag.
 862:c:/Users/User/Documents/GitHub/ch32h417/EVT/EXAM/SRC/Peripheral/src\ch32h417_i2c.c ****  *            I2C_FLAG_ADDR - Address sent flag (Master mode) "ADSL"
 863:c:/Users/User/Documents/GitHub/ch32h417/EVT/EXAM/SRC/Peripheral/src\ch32h417_i2c.c ****  *          Address matched flag (Slave mode)"ENDA".
 864:c:/Users/User/Documents/GitHub/ch32h417/EVT/EXAM/SRC/Peripheral/src\ch32h417_i2c.c ****  *            I2C_FLAG_SB - Start bit flag (Master mode).
 865:c:/Users/User/Documents/GitHub/ch32h417/EVT/EXAM/SRC/Peripheral/src\ch32h417_i2c.c ****  *
 866:c:/Users/User/Documents/GitHub/ch32h417/EVT/EXAM/SRC/Peripheral/src\ch32h417_i2c.c ****  * @return  FlagStatus - SET or RESET.
 867:c:/Users/User/Documents/GitHub/ch32h417/EVT/EXAM/SRC/Peripheral/src\ch32h417_i2c.c ****  */
 868:c:/Users/User/Documents/GitHub/ch32h417/EVT/EXAM/SRC/Peripheral/src\ch32h417_i2c.c **** FlagStatus I2C_GetFlagStatus(I2C_TypeDef *I2Cx, uint32_t I2C_FLAG)
 869:c:/Users/User/Documents/GitHub/ch32h417/EVT/EXAM/SRC/Peripheral/src\ch32h417_i2c.c **** {
 1175              		.loc 1 869 1 is_stmt 1
 1176              		.cfi_startproc
 1177              	.LVL91:
 870:c:/Users/User/Documents/GitHub/ch32h417/EVT/EXAM/SRC/Peripheral/src\ch32h417_i2c.c ****     FlagStatus    bitstatus = RESET;
 1178              		.loc 1 870 5
 871:c:/Users/User/Documents/GitHub/ch32h417/EVT/EXAM/SRC/Peripheral/src\ch32h417_i2c.c ****     __IO uint32_t i2creg = 0, i2cxbase = 0;
 1179              		.loc 1 871 5
 869:c:/Users/User/Documents/GitHub/ch32h417/EVT/EXAM/SRC/Peripheral/src\ch32h417_i2c.c ****     FlagStatus    bitstatus = RESET;
 1180              		.loc 1 869 1 is_stmt 0
 1181 0000 4111     		addi	sp,sp,-16
 1182              		.cfi_def_cfa_offset 16
 1183              		.loc 1 871 19
 1184 0002 02C4     		sw	zero,8(sp)
 1185              		.loc 1 871 31
 1186 0004 02C6     		sw	zero,12(sp)
 872:c:/Users/User/Documents/GitHub/ch32h417/EVT/EXAM/SRC/Peripheral/src\ch32h417_i2c.c **** 
 873:c:/Users/User/Documents/GitHub/ch32h417/EVT/EXAM/SRC/Peripheral/src\ch32h417_i2c.c ****     i2cxbase = (uint32_t)I2Cx;
 1187              		.loc 1 873 5 is_stmt 1
 874:c:/Users/User/Documents/GitHub/ch32h417/EVT/EXAM/SRC/Peripheral/src\ch32h417_i2c.c ****     i2creg = I2C_FLAG >> 28;
 1188              		.loc 1 874 23 is_stmt 0
 1189 0006 93D7C501 		srli	a5,a1,28
 873:c:/Users/User/Documents/GitHub/ch32h417/EVT/EXAM/SRC/Peripheral/src\ch32h417_i2c.c ****     i2creg = I2C_FLAG >> 28;
 1190              		.loc 1 873 14
 1191 000a 2AC6     		sw	a0,12(sp)
 1192              		.loc 1 874 5 is_stmt 1
 1193              		.loc 1 874 12 is_stmt 0
 1194 000c 3EC4     		sw	a5,8(sp)
 875:c:/Users/User/Documents/GitHub/ch32h417/EVT/EXAM/SRC/Peripheral/src\ch32h417_i2c.c ****     I2C_FLAG &= FLAG_Mask;
 1195              		.loc 1 875 5 is_stmt 1
 876:c:/Users/User/Documents/GitHub/ch32h417/EVT/EXAM/SRC/Peripheral/src\ch32h417_i2c.c **** 
 877:c:/Users/User/Documents/GitHub/ch32h417/EVT/EXAM/SRC/Peripheral/src\ch32h417_i2c.c ****     if(i2creg != 0)
 1196              		.loc 1 877 15 is_stmt 0
 1197 000e A247     		lw	a5,8(sp)
 875:c:/Users/User/Documents/GitHub/ch32h417/EVT/EXAM/SRC/Peripheral/src\ch32h417_i2c.c ****     I2C_FLAG &= FLAG_Mask;
 1198              		.loc 1 875 14
 1199 0010 A205     		slli	a1,a1,8
 1200              	.LVL92:
 1201 0012 A181     		srli	a1,a1,8
 1202              	.LVL93:
 1203              		.loc 1 877 5 is_stmt 1
 1204              		.loc 1 877 7 is_stmt 0
 1205 0014 99CB     		beq	a5,zero,.L101
 878:c:/Users/User/Documents/GitHub/ch32h417/EVT/EXAM/SRC/Peripheral/src\ch32h417_i2c.c ****     {
 879:c:/Users/User/Documents/GitHub/ch32h417/EVT/EXAM/SRC/Peripheral/src\ch32h417_i2c.c ****         i2cxbase += 0x14;
 1206              		.loc 1 879 9 is_stmt 1
 1207              		.loc 1 879 18 is_stmt 0
 1208 0016 B247     		lw	a5,12(sp)
 1209 0018 D107     		addi	a5,a5,20
 1210              	.L104:
 880:c:/Users/User/Documents/GitHub/ch32h417/EVT/EXAM/SRC/Peripheral/src\ch32h417_i2c.c ****     }
 881:c:/Users/User/Documents/GitHub/ch32h417/EVT/EXAM/SRC/Peripheral/src\ch32h417_i2c.c ****     else
 882:c:/Users/User/Documents/GitHub/ch32h417/EVT/EXAM/SRC/Peripheral/src\ch32h417_i2c.c ****     {
 883:c:/Users/User/Documents/GitHub/ch32h417/EVT/EXAM/SRC/Peripheral/src\ch32h417_i2c.c ****         I2C_FLAG = (uint32_t)(I2C_FLAG >> 16);
 884:c:/Users/User/Documents/GitHub/ch32h417/EVT/EXAM/SRC/Peripheral/src\ch32h417_i2c.c ****         i2cxbase += 0x18;
 1211              		.loc 1 884 18
 1212 001a 3EC6     		sw	a5,12(sp)
 885:c:/Users/User/Documents/GitHub/ch32h417/EVT/EXAM/SRC/Peripheral/src\ch32h417_i2c.c ****     }
 886:c:/Users/User/Documents/GitHub/ch32h417/EVT/EXAM/SRC/Peripheral/src\ch32h417_i2c.c **** 
 887:c:/Users/User/Documents/GitHub/ch32h417/EVT/EXAM/SRC/Peripheral/src\ch32h417_i2c.c ****     if(((*(__IO uint32_t *)i2cxbase) & I2C_FLAG) != (uint32_t)RESET)
 1213              		.loc 1 887 5 is_stmt 1
 1214              		.loc 1 887 11 is_stmt 0
 1215 001c B247     		lw	a5,12(sp)
 1216              		.loc 1 887 10
 1217 001e 8843     		lw	a0,0(a5)
 1218              	.LVL94:
 888:c:/Users/User/Documents/GitHub/ch32h417/EVT/EXAM/SRC/Peripheral/src\ch32h417_i2c.c ****     {
 889:c:/Users/User/Documents/GitHub/ch32h417/EVT/EXAM/SRC/Peripheral/src\ch32h417_i2c.c ****         bitstatus = SET;
 890:c:/Users/User/Documents/GitHub/ch32h417/EVT/EXAM/SRC/Peripheral/src\ch32h417_i2c.c ****     }
 891:c:/Users/User/Documents/GitHub/ch32h417/EVT/EXAM/SRC/Peripheral/src\ch32h417_i2c.c ****     else
 892:c:/Users/User/Documents/GitHub/ch32h417/EVT/EXAM/SRC/Peripheral/src\ch32h417_i2c.c ****     {
 893:c:/Users/User/Documents/GitHub/ch32h417/EVT/EXAM/SRC/Peripheral/src\ch32h417_i2c.c ****         bitstatus = RESET;
 894:c:/Users/User/Documents/GitHub/ch32h417/EVT/EXAM/SRC/Peripheral/src\ch32h417_i2c.c ****     }
 895:c:/Users/User/Documents/GitHub/ch32h417/EVT/EXAM/SRC/Peripheral/src\ch32h417_i2c.c **** 
 896:c:/Users/User/Documents/GitHub/ch32h417/EVT/EXAM/SRC/Peripheral/src\ch32h417_i2c.c ****     return bitstatus;
 1219              		.loc 1 896 5 is_stmt 1
 897:c:/Users/User/Documents/GitHub/ch32h417/EVT/EXAM/SRC/Peripheral/src\ch32h417_i2c.c **** }
 1220              		.loc 1 897 1 is_stmt 0
 1221 0020 4101     		addi	sp,sp,16
 1222              		.cfi_remember_state
 1223              		.cfi_def_cfa_offset 0
 887:c:/Users/User/Documents/GitHub/ch32h417/EVT/EXAM/SRC/Peripheral/src\ch32h417_i2c.c ****     {
 1224              		.loc 1 887 38
 1225 0022 6D8D     		and	a0,a0,a1
 1226              	.LVL95:
 1227              		.loc 1 897 1
 1228 0024 3335A000 		snez	a0,a0
 1229 0028 8280     		jr	ra
 1230              	.LVL96:
 1231              	.L101:
 1232              		.cfi_restore_state
 883:c:/Users/User/Documents/GitHub/ch32h417/EVT/EXAM/SRC/Peripheral/src\ch32h417_i2c.c ****         i2cxbase += 0x18;
 1233              		.loc 1 883 9 is_stmt 1
 884:c:/Users/User/Documents/GitHub/ch32h417/EVT/EXAM/SRC/Peripheral/src\ch32h417_i2c.c ****     }
 1234              		.loc 1 884 18 is_stmt 0
 1235 002a B247     		lw	a5,12(sp)
 883:c:/Users/User/Documents/GitHub/ch32h417/EVT/EXAM/SRC/Peripheral/src\ch32h417_i2c.c ****         i2cxbase += 0x18;
 1236              		.loc 1 883 18
 1237 002c C181     		srli	a1,a1,16
 1238              	.LVL97:
 884:c:/Users/User/Documents/GitHub/ch32h417/EVT/EXAM/SRC/Peripheral/src\ch32h417_i2c.c ****     }
 1239              		.loc 1 884 9 is_stmt 1
 884:c:/Users/User/Documents/GitHub/ch32h417/EVT/EXAM/SRC/Peripheral/src\ch32h417_i2c.c ****     }
 1240              		.loc 1 884 18 is_stmt 0
 1241 002e E107     		addi	a5,a5,24
 1242 0030 EDB7     		j	.L104
 1243              		.cfi_endproc
 1244              	.LFE69:
 1246              		.section	.text.I2C_ClearFlag,"ax",@progbits
 1247              		.align	1
 1248              		.globl	I2C_ClearFlag
 1250              	I2C_ClearFlag:
 1251              	.LFB70:
 898:c:/Users/User/Documents/GitHub/ch32h417/EVT/EXAM/SRC/Peripheral/src\ch32h417_i2c.c **** 
 899:c:/Users/User/Documents/GitHub/ch32h417/EVT/EXAM/SRC/Peripheral/src\ch32h417_i2c.c **** /*********************************************************************
 900:c:/Users/User/Documents/GitHub/ch32h417/EVT/EXAM/SRC/Peripheral/src\ch32h417_i2c.c ****  * @fn      I2C_ClearFlag
 901:c:/Users/User/Documents/GitHub/ch32h417/EVT/EXAM/SRC/Peripheral/src\ch32h417_i2c.c ****  *
 902:c:/Users/User/Documents/GitHub/ch32h417/EVT/EXAM/SRC/Peripheral/src\ch32h417_i2c.c ****  * @brief   Clears the I2Cx's pending flags.
 903:c:/Users/User/Documents/GitHub/ch32h417/EVT/EXAM/SRC/Peripheral/src\ch32h417_i2c.c ****  *
 904:c:/Users/User/Documents/GitHub/ch32h417/EVT/EXAM/SRC/Peripheral/src\ch32h417_i2c.c ****  * @param   I2Cx - where x can be (1~4) to select the I2C peripheral.
 905:c:/Users/User/Documents/GitHub/ch32h417/EVT/EXAM/SRC/Peripheral/src\ch32h417_i2c.c ****  *          I2C_FLAG - specifies the flag to clear.
 906:c:/Users/User/Documents/GitHub/ch32h417/EVT/EXAM/SRC/Peripheral/src\ch32h417_i2c.c ****  *            I2C_FLAG_SMBALERT - SMBus Alert flag.
 907:c:/Users/User/Documents/GitHub/ch32h417/EVT/EXAM/SRC/Peripheral/src\ch32h417_i2c.c ****  *            I2C_FLAG_TIMEOUT - Timeout or Tlow error flag.
 908:c:/Users/User/Documents/GitHub/ch32h417/EVT/EXAM/SRC/Peripheral/src\ch32h417_i2c.c ****  *            I2C_FLAG_PECERR - PEC error in reception flag.
 909:c:/Users/User/Documents/GitHub/ch32h417/EVT/EXAM/SRC/Peripheral/src\ch32h417_i2c.c ****  *            I2C_FLAG_OVR - Overrun/Underrun flag (Slave mode).
 910:c:/Users/User/Documents/GitHub/ch32h417/EVT/EXAM/SRC/Peripheral/src\ch32h417_i2c.c ****  *            I2C_FLAG_AF - Acknowledge failure flag.
 911:c:/Users/User/Documents/GitHub/ch32h417/EVT/EXAM/SRC/Peripheral/src\ch32h417_i2c.c ****  *            I2C_FLAG_ARLO - Arbitration lost flag (Master mode).
 912:c:/Users/User/Documents/GitHub/ch32h417/EVT/EXAM/SRC/Peripheral/src\ch32h417_i2c.c ****  *            I2C_FLAG_BERR - Bus error flag.
 913:c:/Users/User/Documents/GitHub/ch32h417/EVT/EXAM/SRC/Peripheral/src\ch32h417_i2c.c ****  *          Note-
 914:c:/Users/User/Documents/GitHub/ch32h417/EVT/EXAM/SRC/Peripheral/src\ch32h417_i2c.c ****  *           - STOPF (STOP detection) is cleared by software sequence: a read operation 
 915:c:/Users/User/Documents/GitHub/ch32h417/EVT/EXAM/SRC/Peripheral/src\ch32h417_i2c.c ****  *             to I2C_STAR1 register (I2C_GetFlagStatus()) followed by a write operation 
 916:c:/Users/User/Documents/GitHub/ch32h417/EVT/EXAM/SRC/Peripheral/src\ch32h417_i2c.c ****  *             to I2C_CTLR1 register (I2C_Cmd() to re-enable the I2C peripheral).
 917:c:/Users/User/Documents/GitHub/ch32h417/EVT/EXAM/SRC/Peripheral/src\ch32h417_i2c.c ****  *           - ADD10 (10-bit header sent) is cleared by software sequence: a read 
 918:c:/Users/User/Documents/GitHub/ch32h417/EVT/EXAM/SRC/Peripheral/src\ch32h417_i2c.c ****  *             operation to I2C_SATR1 (I2C_GetFlagStatus()) followed by writing the 
 919:c:/Users/User/Documents/GitHub/ch32h417/EVT/EXAM/SRC/Peripheral/src\ch32h417_i2c.c ****  *             second byte of the address in DATAR register.
 920:c:/Users/User/Documents/GitHub/ch32h417/EVT/EXAM/SRC/Peripheral/src\ch32h417_i2c.c ****  *           - BTF (Byte Transfer Finished) is cleared by software sequence: a read 
 921:c:/Users/User/Documents/GitHub/ch32h417/EVT/EXAM/SRC/Peripheral/src\ch32h417_i2c.c ****  *             operation to I2C_SATR1 register (I2C_GetFlagStatus()) followed by a 
 922:c:/Users/User/Documents/GitHub/ch32h417/EVT/EXAM/SRC/Peripheral/src\ch32h417_i2c.c ****  *             read/write to I2C_DATAR register (I2C_SendData()).
 923:c:/Users/User/Documents/GitHub/ch32h417/EVT/EXAM/SRC/Peripheral/src\ch32h417_i2c.c ****  *           - ADDR (Address sent) is cleared by software sequence: a read operation to 
 924:c:/Users/User/Documents/GitHub/ch32h417/EVT/EXAM/SRC/Peripheral/src\ch32h417_i2c.c ****  *             I2C_SATR1 register (I2C_GetFlagStatus()) followed by a read operation to 
 925:c:/Users/User/Documents/GitHub/ch32h417/EVT/EXAM/SRC/Peripheral/src\ch32h417_i2c.c ****  *             I2C_SATR2 register ((void)(I2Cx->SR2)).
 926:c:/Users/User/Documents/GitHub/ch32h417/EVT/EXAM/SRC/Peripheral/src\ch32h417_i2c.c ****  *           - SB (Start Bit) is cleared software sequence: a read operation to I2C_STAR1
 927:c:/Users/User/Documents/GitHub/ch32h417/EVT/EXAM/SRC/Peripheral/src\ch32h417_i2c.c ****  *             register (I2C_GetFlagStatus()) followed by a write operation to I2C_DATAR
 928:c:/Users/User/Documents/GitHub/ch32h417/EVT/EXAM/SRC/Peripheral/src\ch32h417_i2c.c ****  *             register  (I2C_SendData()). 
 929:c:/Users/User/Documents/GitHub/ch32h417/EVT/EXAM/SRC/Peripheral/src\ch32h417_i2c.c ****  *
 930:c:/Users/User/Documents/GitHub/ch32h417/EVT/EXAM/SRC/Peripheral/src\ch32h417_i2c.c ****  * @return  none
 931:c:/Users/User/Documents/GitHub/ch32h417/EVT/EXAM/SRC/Peripheral/src\ch32h417_i2c.c ****  */
 932:c:/Users/User/Documents/GitHub/ch32h417/EVT/EXAM/SRC/Peripheral/src\ch32h417_i2c.c **** void I2C_ClearFlag(I2C_TypeDef *I2Cx, uint32_t I2C_FLAG)
 933:c:/Users/User/Documents/GitHub/ch32h417/EVT/EXAM/SRC/Peripheral/src\ch32h417_i2c.c **** {
 1252              		.loc 1 933 1 is_stmt 1
 1253              		.cfi_startproc
 1254              	.LVL98:
 934:c:/Users/User/Documents/GitHub/ch32h417/EVT/EXAM/SRC/Peripheral/src\ch32h417_i2c.c ****     uint32_t flagpos = 0;
 1255              		.loc 1 934 5
 935:c:/Users/User/Documents/GitHub/ch32h417/EVT/EXAM/SRC/Peripheral/src\ch32h417_i2c.c **** 
 936:c:/Users/User/Documents/GitHub/ch32h417/EVT/EXAM/SRC/Peripheral/src\ch32h417_i2c.c ****     flagpos = I2C_FLAG & FLAG_Mask;
 1256              		.loc 1 936 5
 937:c:/Users/User/Documents/GitHub/ch32h417/EVT/EXAM/SRC/Peripheral/src\ch32h417_i2c.c ****     I2Cx->STAR1 = (uint16_t)~flagpos;
 1257              		.loc 1 937 5
 1258              		.loc 1 937 19 is_stmt 0
 1259 0000 93C5F5FF 		not	a1,a1
 1260              	.LVL99:
 1261 0004 B3C50508 		zext.h	a1,a1
 1262              	.LVL100:
 1263              		.loc 1 937 17
 1264 0008 4EA9     		sh	a1,20(a0)
 938:c:/Users/User/Documents/GitHub/ch32h417/EVT/EXAM/SRC/Peripheral/src\ch32h417_i2c.c **** }
 1265              		.loc 1 938 1
 1266 000a 8280     		ret
 1267              		.cfi_endproc
 1268              	.LFE70:
 1270              		.section	.text.I2C_GetITStatus,"ax",@progbits
 1271              		.align	1
 1272              		.globl	I2C_GetITStatus
 1274              	I2C_GetITStatus:
 1275              	.LFB71:
 939:c:/Users/User/Documents/GitHub/ch32h417/EVT/EXAM/SRC/Peripheral/src\ch32h417_i2c.c **** 
 940:c:/Users/User/Documents/GitHub/ch32h417/EVT/EXAM/SRC/Peripheral/src\ch32h417_i2c.c **** /*********************************************************************
 941:c:/Users/User/Documents/GitHub/ch32h417/EVT/EXAM/SRC/Peripheral/src\ch32h417_i2c.c ****  * @fn      I2C_GetITStatus
 942:c:/Users/User/Documents/GitHub/ch32h417/EVT/EXAM/SRC/Peripheral/src\ch32h417_i2c.c ****  *
 943:c:/Users/User/Documents/GitHub/ch32h417/EVT/EXAM/SRC/Peripheral/src\ch32h417_i2c.c ****  * @brief   Checks whether the specified I2C interrupt has occurred or not.
 944:c:/Users/User/Documents/GitHub/ch32h417/EVT/EXAM/SRC/Peripheral/src\ch32h417_i2c.c ****  *
 945:c:/Users/User/Documents/GitHub/ch32h417/EVT/EXAM/SRC/Peripheral/src\ch32h417_i2c.c ****  * @param   I2Cx - where x can be (1~4) to select the I2C peripheral.
 946:c:/Users/User/Documents/GitHub/ch32h417/EVT/EXAM/SRC/Peripheral/src\ch32h417_i2c.c ****  *          II2C_IT - specifies the interrupt source to check.
 947:c:/Users/User/Documents/GitHub/ch32h417/EVT/EXAM/SRC/Peripheral/src\ch32h417_i2c.c ****  *            I2C_IT_SMBALERT - SMBus Alert flag.
 948:c:/Users/User/Documents/GitHub/ch32h417/EVT/EXAM/SRC/Peripheral/src\ch32h417_i2c.c ****  *            I2C_IT_TIMEOUT - Timeout or Tlow error flag.
 949:c:/Users/User/Documents/GitHub/ch32h417/EVT/EXAM/SRC/Peripheral/src\ch32h417_i2c.c ****  *            I2C_IT_PECERR - PEC error in reception flag.
 950:c:/Users/User/Documents/GitHub/ch32h417/EVT/EXAM/SRC/Peripheral/src\ch32h417_i2c.c ****  *            I2C_IT_OVR - Overrun/Underrun flag (Slave mode).
 951:c:/Users/User/Documents/GitHub/ch32h417/EVT/EXAM/SRC/Peripheral/src\ch32h417_i2c.c ****  *            I2C_IT_AF - Acknowledge failure flag.
 952:c:/Users/User/Documents/GitHub/ch32h417/EVT/EXAM/SRC/Peripheral/src\ch32h417_i2c.c ****  *            I2C_IT_ARLO - Arbitration lost flag (Master mode).
 953:c:/Users/User/Documents/GitHub/ch32h417/EVT/EXAM/SRC/Peripheral/src\ch32h417_i2c.c ****  *            I2C_IT_BERR - Bus error flag.
 954:c:/Users/User/Documents/GitHub/ch32h417/EVT/EXAM/SRC/Peripheral/src\ch32h417_i2c.c ****  *            I2C_IT_TXE - Data register empty flag (Transmitter).
 955:c:/Users/User/Documents/GitHub/ch32h417/EVT/EXAM/SRC/Peripheral/src\ch32h417_i2c.c ****  *            I2C_IT_RXNE - Data register not empty (Receiver) flag.
 956:c:/Users/User/Documents/GitHub/ch32h417/EVT/EXAM/SRC/Peripheral/src\ch32h417_i2c.c ****  *            I2C_IT_STOPF - Stop detection flag (Slave mode).
 957:c:/Users/User/Documents/GitHub/ch32h417/EVT/EXAM/SRC/Peripheral/src\ch32h417_i2c.c ****  *            I2C_IT_ADD10 - 10-bit header sent flag (Master mode).
 958:c:/Users/User/Documents/GitHub/ch32h417/EVT/EXAM/SRC/Peripheral/src\ch32h417_i2c.c ****  *            I2C_IT_BTF - Byte transfer finished flag.
 959:c:/Users/User/Documents/GitHub/ch32h417/EVT/EXAM/SRC/Peripheral/src\ch32h417_i2c.c ****  *            I2C_IT_ADDR - Address sent flag (Master mode) "ADSL"  Address matched
 960:c:/Users/User/Documents/GitHub/ch32h417/EVT/EXAM/SRC/Peripheral/src\ch32h417_i2c.c ****  *          flag (Slave mode)"ENDAD".
 961:c:/Users/User/Documents/GitHub/ch32h417/EVT/EXAM/SRC/Peripheral/src\ch32h417_i2c.c ****  *            I2C_IT_SB - Start bit flag (Master mode).
 962:c:/Users/User/Documents/GitHub/ch32h417/EVT/EXAM/SRC/Peripheral/src\ch32h417_i2c.c ****  *
 963:c:/Users/User/Documents/GitHub/ch32h417/EVT/EXAM/SRC/Peripheral/src\ch32h417_i2c.c ****  * @return  none
 964:c:/Users/User/Documents/GitHub/ch32h417/EVT/EXAM/SRC/Peripheral/src\ch32h417_i2c.c ****  */
 965:c:/Users/User/Documents/GitHub/ch32h417/EVT/EXAM/SRC/Peripheral/src\ch32h417_i2c.c **** ITStatus I2C_GetITStatus(I2C_TypeDef *I2Cx, uint32_t I2C_IT)
 966:c:/Users/User/Documents/GitHub/ch32h417/EVT/EXAM/SRC/Peripheral/src\ch32h417_i2c.c **** {
 1276              		.loc 1 966 1 is_stmt 1
 1277              		.cfi_startproc
 1278              	.LVL101:
 967:c:/Users/User/Documents/GitHub/ch32h417/EVT/EXAM/SRC/Peripheral/src\ch32h417_i2c.c ****     ITStatus bitstatus = RESET;
 1279              		.loc 1 967 5
 968:c:/Users/User/Documents/GitHub/ch32h417/EVT/EXAM/SRC/Peripheral/src\ch32h417_i2c.c ****     uint32_t enablestatus = 0;
 1280              		.loc 1 968 5
 969:c:/Users/User/Documents/GitHub/ch32h417/EVT/EXAM/SRC/Peripheral/src\ch32h417_i2c.c **** 
 970:c:/Users/User/Documents/GitHub/ch32h417/EVT/EXAM/SRC/Peripheral/src\ch32h417_i2c.c ****     enablestatus = (uint32_t)(((I2C_IT & ITEN_Mask) >> 16) & (I2Cx->CTLR2));
 1281              		.loc 1 970 5
 1282              		.loc 1 970 67 is_stmt 0
 1283 0000 5E21     		lhu	a5,4(a0)
 971:c:/Users/User/Documents/GitHub/ch32h417/EVT/EXAM/SRC/Peripheral/src\ch32h417_i2c.c ****     I2C_IT &= FLAG_Mask;
 972:c:/Users/User/Documents/GitHub/ch32h417/EVT/EXAM/SRC/Peripheral/src\ch32h417_i2c.c **** 
 973:c:/Users/User/Documents/GitHub/ch32h417/EVT/EXAM/SRC/Peripheral/src\ch32h417_i2c.c ****     if(((I2Cx->STAR1 & I2C_IT) != (uint32_t)RESET) && enablestatus)
 1284              		.loc 1 973 14
 1285 0002 4A29     		lhu	a0,20(a0)
 1286              	.LVL102:
 970:c:/Users/User/Documents/GitHub/ch32h417/EVT/EXAM/SRC/Peripheral/src\ch32h417_i2c.c ****     I2C_IT &= FLAG_Mask;
 1287              		.loc 1 970 67
 1288 0004 B3C70708 		zext.h	a5,a5
 1289              	.LVL103:
 971:c:/Users/User/Documents/GitHub/ch32h417/EVT/EXAM/SRC/Peripheral/src\ch32h417_i2c.c ****     I2C_IT &= FLAG_Mask;
 1290              		.loc 1 971 5 is_stmt 1
 1291              		.loc 1 973 5
 1292 0008 6D8D     		and	a0,a0,a1
 1293              		.loc 1 973 7 is_stmt 0
 1294 000a 01C9     		beq	a0,zero,.L106
 970:c:/Users/User/Documents/GitHub/ch32h417/EVT/EXAM/SRC/Peripheral/src\ch32h417_i2c.c ****     I2C_IT &= FLAG_Mask;
 1295              		.loc 1 970 53 discriminator 1
 1296 000c 13D50501 		srli	a0,a1,16
 1297              	.LVL104:
 970:c:/Users/User/Documents/GitHub/ch32h417/EVT/EXAM/SRC/Peripheral/src\ch32h417_i2c.c ****     I2C_IT &= FLAG_Mask;
 1298              		.loc 1 970 20 discriminator 1
 1299 0010 7D8D     		and	a0,a0,a5
 1300              	.LVL105:
 970:c:/Users/User/Documents/GitHub/ch32h417/EVT/EXAM/SRC/Peripheral/src\ch32h417_i2c.c ****     I2C_IT &= FLAG_Mask;
 1301              		.loc 1 970 18 discriminator 1
 1302 0012 13750570 		andi	a0,a0,1792
 1303              		.loc 1 973 52 discriminator 1
 1304 0016 3335A000 		snez	a0,a0
 1305              	.LVL106:
 974:c:/Users/User/Documents/GitHub/ch32h417/EVT/EXAM/SRC/Peripheral/src\ch32h417_i2c.c ****     {
 975:c:/Users/User/Documents/GitHub/ch32h417/EVT/EXAM/SRC/Peripheral/src\ch32h417_i2c.c ****         bitstatus = SET;
 976:c:/Users/User/Documents/GitHub/ch32h417/EVT/EXAM/SRC/Peripheral/src\ch32h417_i2c.c ****     }
 977:c:/Users/User/Documents/GitHub/ch32h417/EVT/EXAM/SRC/Peripheral/src\ch32h417_i2c.c ****     else
 978:c:/Users/User/Documents/GitHub/ch32h417/EVT/EXAM/SRC/Peripheral/src\ch32h417_i2c.c ****     {
 979:c:/Users/User/Documents/GitHub/ch32h417/EVT/EXAM/SRC/Peripheral/src\ch32h417_i2c.c ****         bitstatus = RESET;
 980:c:/Users/User/Documents/GitHub/ch32h417/EVT/EXAM/SRC/Peripheral/src\ch32h417_i2c.c ****     }
 981:c:/Users/User/Documents/GitHub/ch32h417/EVT/EXAM/SRC/Peripheral/src\ch32h417_i2c.c **** 
 982:c:/Users/User/Documents/GitHub/ch32h417/EVT/EXAM/SRC/Peripheral/src\ch32h417_i2c.c ****     return bitstatus;
 1306              		.loc 1 982 5 is_stmt 1 discriminator 1
 1307              	.L106:
 983:c:/Users/User/Documents/GitHub/ch32h417/EVT/EXAM/SRC/Peripheral/src\ch32h417_i2c.c **** }
 1308              		.loc 1 983 1 is_stmt 0
 1309 001a 8280     		ret
 1310              		.cfi_endproc
 1311              	.LFE71:
 1313              		.section	.text.I2C_ClearITPendingBit,"ax",@progbits
 1314              		.align	1
 1315              		.globl	I2C_ClearITPendingBit
 1317              	I2C_ClearITPendingBit:
 1318              	.LFB76:
 1319              		.cfi_startproc
 984:c:/Users/User/Documents/GitHub/ch32h417/EVT/EXAM/SRC/Peripheral/src\ch32h417_i2c.c **** 
 985:c:/Users/User/Documents/GitHub/ch32h417/EVT/EXAM/SRC/Peripheral/src\ch32h417_i2c.c **** /*********************************************************************
 986:c:/Users/User/Documents/GitHub/ch32h417/EVT/EXAM/SRC/Peripheral/src\ch32h417_i2c.c ****  * @fn      I2C_ClearITPendingBit
 987:c:/Users/User/Documents/GitHub/ch32h417/EVT/EXAM/SRC/Peripheral/src\ch32h417_i2c.c ****  *
 988:c:/Users/User/Documents/GitHub/ch32h417/EVT/EXAM/SRC/Peripheral/src\ch32h417_i2c.c ****  * @brief   Clears the I2Cx interrupt pending bits.
 989:c:/Users/User/Documents/GitHub/ch32h417/EVT/EXAM/SRC/Peripheral/src\ch32h417_i2c.c ****  *
 990:c:/Users/User/Documents/GitHub/ch32h417/EVT/EXAM/SRC/Peripheral/src\ch32h417_i2c.c ****  * @param   I2Cx - where x can be (1~4) to select the I2C peripheral.
 991:c:/Users/User/Documents/GitHub/ch32h417/EVT/EXAM/SRC/Peripheral/src\ch32h417_i2c.c ****  *          I2C_IT - specifies the interrupt pending bit to clear.
 992:c:/Users/User/Documents/GitHub/ch32h417/EVT/EXAM/SRC/Peripheral/src\ch32h417_i2c.c ****  *            I2C_IT_SMBALERT - SMBus Alert interrupt.
 993:c:/Users/User/Documents/GitHub/ch32h417/EVT/EXAM/SRC/Peripheral/src\ch32h417_i2c.c ****  *            I2C_IT_TIMEOUT - Timeout or Tlow error interrupt.
 994:c:/Users/User/Documents/GitHub/ch32h417/EVT/EXAM/SRC/Peripheral/src\ch32h417_i2c.c ****  *            I2C_IT_PECERR - PEC error in reception  interrupt.
 995:c:/Users/User/Documents/GitHub/ch32h417/EVT/EXAM/SRC/Peripheral/src\ch32h417_i2c.c ****  *            I2C_IT_OVR - Overrun/Underrun interrupt (Slave mode).
 996:c:/Users/User/Documents/GitHub/ch32h417/EVT/EXAM/SRC/Peripheral/src\ch32h417_i2c.c ****  *            I2C_IT_AF - Acknowledge failure interrupt.
 997:c:/Users/User/Documents/GitHub/ch32h417/EVT/EXAM/SRC/Peripheral/src\ch32h417_i2c.c ****  *            I2C_IT_ARLO - Arbitration lost interrupt (Master mode).
 998:c:/Users/User/Documents/GitHub/ch32h417/EVT/EXAM/SRC/Peripheral/src\ch32h417_i2c.c ****  *            I2C_IT_BERR - Bus error interrupt.
 999:c:/Users/User/Documents/GitHub/ch32h417/EVT/EXAM/SRC/Peripheral/src\ch32h417_i2c.c ****  *          Note-
1000:c:/Users/User/Documents/GitHub/ch32h417/EVT/EXAM/SRC/Peripheral/src\ch32h417_i2c.c ****  *           - STOPF (STOP detection) is cleared by software sequence: a read operation 
1001:c:/Users/User/Documents/GitHub/ch32h417/EVT/EXAM/SRC/Peripheral/src\ch32h417_i2c.c ****  *             to I2C_STAR1 register (I2C_GetITStatus()) followed by a write operation to 
1002:c:/Users/User/Documents/GitHub/ch32h417/EVT/EXAM/SRC/Peripheral/src\ch32h417_i2c.c ****  *             I2C_CTLR1 register (I2C_Cmd() to re-enable the I2C peripheral).
1003:c:/Users/User/Documents/GitHub/ch32h417/EVT/EXAM/SRC/Peripheral/src\ch32h417_i2c.c ****  *           - ADD10 (10-bit header sent) is cleared by software sequence: a read 
1004:c:/Users/User/Documents/GitHub/ch32h417/EVT/EXAM/SRC/Peripheral/src\ch32h417_i2c.c ****  *             operation to I2C_STAR1 (I2C_GetITStatus()) followed by writing the second 
1005:c:/Users/User/Documents/GitHub/ch32h417/EVT/EXAM/SRC/Peripheral/src\ch32h417_i2c.c ****  *             byte of the address in I2C_DATAR register.
1006:c:/Users/User/Documents/GitHub/ch32h417/EVT/EXAM/SRC/Peripheral/src\ch32h417_i2c.c ****  *           - BTF (Byte Transfer Finished) is cleared by software sequence: a read 
1007:c:/Users/User/Documents/GitHub/ch32h417/EVT/EXAM/SRC/Peripheral/src\ch32h417_i2c.c ****  *             operation to I2C_STAR1 register (I2C_GetITStatus()) followed by a 
1008:c:/Users/User/Documents/GitHub/ch32h417/EVT/EXAM/SRC/Peripheral/src\ch32h417_i2c.c ****  *             read/write to I2C_DATAR register (I2C_SendData()).
1009:c:/Users/User/Documents/GitHub/ch32h417/EVT/EXAM/SRC/Peripheral/src\ch32h417_i2c.c ****  *           - ADDR (Address sent) is cleared by software sequence: a read operation to 
1010:c:/Users/User/Documents/GitHub/ch32h417/EVT/EXAM/SRC/Peripheral/src\ch32h417_i2c.c ****  *             I2C_STAR1 register (I2C_GetITStatus()) followed by a read operation to 
1011:c:/Users/User/Documents/GitHub/ch32h417/EVT/EXAM/SRC/Peripheral/src\ch32h417_i2c.c ****  *             I2C_STAR2 register ((void)(I2Cx->SR2)).
1012:c:/Users/User/Documents/GitHub/ch32h417/EVT/EXAM/SRC/Peripheral/src\ch32h417_i2c.c ****  *           - SB (Start Bit) is cleared by software sequence: a read operation to 
1013:c:/Users/User/Documents/GitHub/ch32h417/EVT/EXAM/SRC/Peripheral/src\ch32h417_i2c.c ****  *             I2C_STAR1 register (I2C_GetITStatus()) followed by a write operation to 
1014:c:/Users/User/Documents/GitHub/ch32h417/EVT/EXAM/SRC/Peripheral/src\ch32h417_i2c.c ****  *             I2C_DATAR register (I2C_SendData()).
1015:c:/Users/User/Documents/GitHub/ch32h417/EVT/EXAM/SRC/Peripheral/src\ch32h417_i2c.c ****  *
1016:c:/Users/User/Documents/GitHub/ch32h417/EVT/EXAM/SRC/Peripheral/src\ch32h417_i2c.c ****  * @return  none
1017:c:/Users/User/Documents/GitHub/ch32h417/EVT/EXAM/SRC/Peripheral/src\ch32h417_i2c.c ****  */
1018:c:/Users/User/Documents/GitHub/ch32h417/EVT/EXAM/SRC/Peripheral/src\ch32h417_i2c.c **** void I2C_ClearITPendingBit(I2C_TypeDef *I2Cx, uint32_t I2C_IT)
 1320              		.loc 1 1018 6 is_stmt 1
 1321 0000 93C5F5FF 		not	a1,a1
 1322 0004 B3C50508 		zext.h	a1,a1
 1323 0008 4EA9     		sh	a1,20(a0)
 1324 000a 8280     		ret
 1325              		.cfi_endproc
 1326              	.LFE76:
 1328              		.text
 1329              	.Letext0:
 1330              		.file 2 "d:\\mounriver\\mounriver_studio2\\resources\\app\\resources\\win32\\components\\wch\\tool
 1331              		.file 3 "d:\\mounriver\\mounriver_studio2\\resources\\app\\resources\\win32\\components\\wch\\tool
 1332              		.file 4 "c:/Users/User/Documents/GitHub/ch32h417/EVT/EXAM/SRC/Core/core_riscv.h"
 1333              		.file 5 "c:/Users/User/Documents/GitHub/ch32h417/EVT/EXAM/SRC/Peripheral/inc/ch32h417.h"
 1334              		.file 6 "c:/Users/User/Documents/GitHub/ch32h417/EVT/EXAM/SRC/Peripheral/inc/ch32h417_rcc.h"
 1335              		.file 7 "c:/Users/User/Documents/GitHub/ch32h417/EVT/EXAM/SRC/Peripheral/inc/ch32h417_i2c.h"
DEFINED SYMBOLS
                            *ABS*:0000000000000000 ch32h417_i2c.c
C:\Users\User\AppData\Local\Temp\cc2wv8HG.s:14     .text.I2C_DeInit:0000000000000000 I2C_DeInit
C:\Users\User\AppData\Local\Temp\cc2wv8HG.s:18     .text.I2C_DeInit:0000000000000000 .L0 
C:\Users\User\AppData\Local\Temp\cc2wv8HG.s:20     .text.I2C_DeInit:0000000000000000 $x
C:\Users\User\AppData\Local\Temp\cc2wv8HG.s:20     .text.I2C_DeInit:0000000000000000 .L0 
C:\Users\User\AppData\Local\Temp\cc2wv8HG.s:21     .text.I2C_DeInit:0000000000000008 .L0 
C:\Users\User\AppData\Local\Temp\cc2wv8HG.s:22     .text.I2C_DeInit:0000000000000008 .L0 
C:\Users\User\AppData\Local\Temp\cc2wv8HG.s:24     .text.I2C_DeInit:0000000000000008 .L0 
C:\Users\User\AppData\Local\Temp\cc2wv8HG.s:25     .text.I2C_DeInit:0000000000000008 .L0 
C:\Users\User\AppData\Local\Temp\cc2wv8HG.s:29     .text.I2C_DeInit:0000000000000014 .L0 
C:\Users\User\AppData\Local\Temp\cc2wv8HG.s:35     .text.I2C_DeInit:0000000000000022 .L0 
C:\Users\User\AppData\Local\Temp\cc2wv8HG.s:39     .text.I2C_DeInit:0000000000000028 .L0 
C:\Users\User\AppData\Local\Temp\cc2wv8HG.s:43     .text.I2C_DeInit:0000000000000030 .L0 
C:\Users\User\AppData\Local\Temp\cc2wv8HG.s:44     .text.I2C_DeInit:0000000000000038 .L0 
C:\Users\User\AppData\Local\Temp\cc2wv8HG.s:45     .text.I2C_DeInit:0000000000000038 .L0 
C:\Users\User\AppData\Local\Temp\cc2wv8HG.s:46     .text.I2C_DeInit:0000000000000038 .L0 
C:\Users\User\AppData\Local\Temp\cc2wv8HG.s:49     .text.I2C_DeInit:0000000000000038 .L0 
C:\Users\User\AppData\Local\Temp\cc2wv8HG.s:51     .text.I2C_DeInit:0000000000000038 .L0 
C:\Users\User\AppData\Local\Temp\cc2wv8HG.s:52     .text.I2C_DeInit:0000000000000038 .L0 
C:\Users\User\AppData\Local\Temp\cc2wv8HG.s:56     .text.I2C_DeInit:0000000000000044 .L0 
C:\Users\User\AppData\Local\Temp\cc2wv8HG.s:62     .text.I2C_DeInit:0000000000000052 .L0 
C:\Users\User\AppData\Local\Temp\cc2wv8HG.s:68     .text.I2C_DeInit:000000000000005a .L0 
C:\Users\User\AppData\Local\Temp\cc2wv8HG.s:69     .text.I2C_DeInit:000000000000005a .L0 
C:\Users\User\AppData\Local\Temp\cc2wv8HG.s:72     .text.I2C_DeInit:0000000000000062 .L0 
C:\Users\User\AppData\Local\Temp\cc2wv8HG.s:78     .text.I2C_DeInit:0000000000000070 .L0 
C:\Users\User\AppData\Local\Temp\cc2wv8HG.s:84     .text.I2C_DeInit:0000000000000078 .L0 
C:\Users\User\AppData\Local\Temp\cc2wv8HG.s:85     .text.I2C_DeInit:0000000000000078 .L0 
C:\Users\User\AppData\Local\Temp\cc2wv8HG.s:88     .text.I2C_DeInit:0000000000000080 .L0 
C:\Users\User\AppData\Local\Temp\cc2wv8HG.s:94     .text.I2C_DeInit:000000000000008c .L0 
C:\Users\User\AppData\Local\Temp\cc2wv8HG.s:99     .text.I2C_DeInit:0000000000000098 .L0 
C:\Users\User\AppData\Local\Temp\cc2wv8HG.s:100    .text.I2C_DeInit:000000000000009a .L0 
C:\Users\User\AppData\Local\Temp\cc2wv8HG.s:107    .text.I2C_Init:0000000000000000 I2C_Init
C:\Users\User\AppData\Local\Temp\cc2wv8HG.s:110    .text.I2C_Init:0000000000000000 .L0 
C:\Users\User\AppData\Local\Temp\cc2wv8HG.s:112    .text.I2C_Init:0000000000000000 $x
C:\Users\User\AppData\Local\Temp\cc2wv8HG.s:112    .text.I2C_Init:0000000000000000 .L0 
C:\Users\User\AppData\Local\Temp\cc2wv8HG.s:113    .text.I2C_Init:0000000000000008 .L0 
C:\Users\User\AppData\Local\Temp\cc2wv8HG.s:114    .text.I2C_Init:0000000000000008 .L0 
C:\Users\User\AppData\Local\Temp\cc2wv8HG.s:115    .text.I2C_Init:0000000000000008 .L0 
C:\Users\User\AppData\Local\Temp\cc2wv8HG.s:116    .text.I2C_Init:0000000000000008 .L0 
C:\Users\User\AppData\Local\Temp\cc2wv8HG.s:117    .text.I2C_Init:0000000000000008 .L0 
C:\Users\User\AppData\Local\Temp\cc2wv8HG.s:120    .text.I2C_Init:0000000000000008 .L0 
C:\Users\User\AppData\Local\Temp\cc2wv8HG.s:121    .text.I2C_Init:0000000000000008 .L0 
C:\Users\User\AppData\Local\Temp\cc2wv8HG.s:122    .text.I2C_Init:0000000000000008 .L0 
C:\Users\User\AppData\Local\Temp\cc2wv8HG.s:123    .text.I2C_Init:0000000000000008 .L0 
C:\Users\User\AppData\Local\Temp\cc2wv8HG.s:124    .text.I2C_Init:0000000000000008 .L0 
C:\Users\User\AppData\Local\Temp\cc2wv8HG.s:125    .text.I2C_Init:0000000000000008 .L0 
C:\Users\User\AppData\Local\Temp\cc2wv8HG.s:126    .text.I2C_Init:000000000000000a .L0 
C:\Users\User\AppData\Local\Temp\cc2wv8HG.s:128    .text.I2C_Init:000000000000000a .L0 
C:\Users\User\AppData\Local\Temp\cc2wv8HG.s:130    .text.I2C_Init:000000000000000c .L0 
C:\Users\User\AppData\Local\Temp\cc2wv8HG.s:132    .text.I2C_Init:000000000000000e .L0 
C:\Users\User\AppData\Local\Temp\cc2wv8HG.s:135    .text.I2C_Init:0000000000000010 .L0 
C:\Users\User\AppData\Local\Temp\cc2wv8HG.s:137    .text.I2C_Init:0000000000000012 .L0 
C:\Users\User\AppData\Local\Temp\cc2wv8HG.s:140    .text.I2C_Init:000000000000001a .L0 
C:\Users\User\AppData\Local\Temp\cc2wv8HG.s:142    .text.I2C_Init:000000000000001c .L0 
C:\Users\User\AppData\Local\Temp\cc2wv8HG.s:144    .text.I2C_Init:0000000000000020 .L0 
C:\Users\User\AppData\Local\Temp\cc2wv8HG.s:147    .text.I2C_Init:0000000000000024 .L0 
C:\Users\User\AppData\Local\Temp\cc2wv8HG.s:148    .text.I2C_Init:0000000000000024 .L0 
C:\Users\User\AppData\Local\Temp\cc2wv8HG.s:150    .text.I2C_Init:0000000000000028 .L0 
C:\Users\User\AppData\Local\Temp\cc2wv8HG.s:156    .text.I2C_Init:0000000000000034 .L0 
C:\Users\User\AppData\Local\Temp\cc2wv8HG.s:157    .text.I2C_Init:0000000000000034 .L0 
C:\Users\User\AppData\Local\Temp\cc2wv8HG.s:158    .text.I2C_Init:0000000000000034 .L0 
C:\Users\User\AppData\Local\Temp\cc2wv8HG.s:159    .text.I2C_Init:0000000000000034 .L0 
C:\Users\User\AppData\Local\Temp\cc2wv8HG.s:160    .text.I2C_Init:0000000000000034 .L0 
C:\Users\User\AppData\Local\Temp\cc2wv8HG.s:162    .text.I2C_Init:0000000000000038 .L0 
C:\Users\User\AppData\Local\Temp\cc2wv8HG.s:166    .text.I2C_Init:0000000000000044 .L0 
C:\Users\User\AppData\Local\Temp\cc2wv8HG.s:170    .text.I2C_Init:0000000000000048 .L0 
C:\Users\User\AppData\Local\Temp\cc2wv8HG.s:171    .text.I2C_Init:0000000000000048 .L0 
C:\Users\User\AppData\Local\Temp\cc2wv8HG.s:174    .text.I2C_Init:000000000000004a .L0 
C:\Users\User\AppData\Local\Temp\cc2wv8HG.s:175    .text.I2C_Init:000000000000004a .L0 
C:\Users\User\AppData\Local\Temp\cc2wv8HG.s:177    .text.I2C_Init:000000000000004c .L0 
C:\Users\User\AppData\Local\Temp\cc2wv8HG.s:178    .text.I2C_Init:000000000000004c .L0 
C:\Users\User\AppData\Local\Temp\cc2wv8HG.s:180    .text.I2C_Init:000000000000004e .L0 
C:\Users\User\AppData\Local\Temp\cc2wv8HG.s:183    .text.I2C_Init:0000000000000054 .L0 
C:\Users\User\AppData\Local\Temp\cc2wv8HG.s:185    .text.I2C_Init:0000000000000058 .L0 
C:\Users\User\AppData\Local\Temp\cc2wv8HG.s:190    .text.I2C_Init:0000000000000060 .L0 
C:\Users\User\AppData\Local\Temp\cc2wv8HG.s:191    .text.I2C_Init:0000000000000060 .L0 
C:\Users\User\AppData\Local\Temp\cc2wv8HG.s:192    .text.I2C_Init:0000000000000060 .L0 
C:\Users\User\AppData\Local\Temp\cc2wv8HG.s:194    .text.I2C_Init:0000000000000064 .L0 
C:\Users\User\AppData\Local\Temp\cc2wv8HG.s:197    .text.I2C_Init:0000000000000068 .L0 
C:\Users\User\AppData\Local\Temp\cc2wv8HG.s:198    .text.I2C_Init:0000000000000068 .L0 
C:\Users\User\AppData\Local\Temp\cc2wv8HG.s:199    .text.I2C_Init:0000000000000068 .L0 
C:\Users\User\AppData\Local\Temp\cc2wv8HG.s:202    .text.I2C_Init:000000000000006a .L0 
C:\Users\User\AppData\Local\Temp\cc2wv8HG.s:205    .text.I2C_Init:000000000000006e .L0 
C:\Users\User\AppData\Local\Temp\cc2wv8HG.s:210    .text.I2C_Init:0000000000000078 .L0 
C:\Users\User\AppData\Local\Temp\cc2wv8HG.s:212    .text.I2C_Init:0000000000000078 .L0 
C:\Users\User\AppData\Local\Temp\cc2wv8HG.s:213    .text.I2C_Init:0000000000000078 .L0 
C:\Users\User\AppData\Local\Temp\cc2wv8HG.s:216    .text.I2C_Init:000000000000007e .L0 
C:\Users\User\AppData\Local\Temp\cc2wv8HG.s:218    .text.I2C_Init:0000000000000080 .L0 
C:\Users\User\AppData\Local\Temp\cc2wv8HG.s:219    .text.I2C_Init:0000000000000080 .L0 
C:\Users\User\AppData\Local\Temp\cc2wv8HG.s:221    .text.I2C_Init:0000000000000082 .L0 
C:\Users\User\AppData\Local\Temp\cc2wv8HG.s:222    .text.I2C_Init:0000000000000082 .L0 
C:\Users\User\AppData\Local\Temp\cc2wv8HG.s:225    .text.I2C_Init:0000000000000084 .L0 
C:\Users\User\AppData\Local\Temp\cc2wv8HG.s:228    .text.I2C_Init:000000000000008c .L0 
C:\Users\User\AppData\Local\Temp\cc2wv8HG.s:232    .text.I2C_Init:0000000000000092 .L0 
C:\Users\User\AppData\Local\Temp\cc2wv8HG.s:233    .text.I2C_Init:0000000000000092 .L0 
C:\Users\User\AppData\Local\Temp\cc2wv8HG.s:235    .text.I2C_Init:0000000000000094 .L0 
C:\Users\User\AppData\Local\Temp\cc2wv8HG.s:237    .text.I2C_Init:0000000000000096 .L0 
C:\Users\User\AppData\Local\Temp\cc2wv8HG.s:240    .text.I2C_Init:000000000000009a .L0 
C:\Users\User\AppData\Local\Temp\cc2wv8HG.s:241    .text.I2C_Init:000000000000009a .L0 
C:\Users\User\AppData\Local\Temp\cc2wv8HG.s:244    .text.I2C_Init:000000000000009e .L0 
C:\Users\User\AppData\Local\Temp\cc2wv8HG.s:245    .text.I2C_Init:000000000000009e .L0 
C:\Users\User\AppData\Local\Temp\cc2wv8HG.s:248    .text.I2C_Init:00000000000000a0 .L0 
C:\Users\User\AppData\Local\Temp\cc2wv8HG.s:249    .text.I2C_Init:00000000000000a0 .L0 
C:\Users\User\AppData\Local\Temp\cc2wv8HG.s:251    .text.I2C_Init:00000000000000a2 .L0 
C:\Users\User\AppData\Local\Temp\cc2wv8HG.s:252    .text.I2C_Init:00000000000000a2 .L0 
C:\Users\User\AppData\Local\Temp\cc2wv8HG.s:259    .text.I2C_Init:00000000000000ae .L0 
C:\Users\User\AppData\Local\Temp\cc2wv8HG.s:260    .text.I2C_Init:00000000000000b0 .L0 
C:\Users\User\AppData\Local\Temp\cc2wv8HG.s:261    .text.I2C_Init:00000000000000b0 .L0 
C:\Users\User\AppData\Local\Temp\cc2wv8HG.s:264    .text.I2C_Init:00000000000000b8 .L0 
C:\Users\User\AppData\Local\Temp\cc2wv8HG.s:265    .text.I2C_Init:00000000000000b8 .L0 
C:\Users\User\AppData\Local\Temp\cc2wv8HG.s:266    .text.I2C_Init:00000000000000b8 .L0 
C:\Users\User\AppData\Local\Temp\cc2wv8HG.s:267    .text.I2C_Init:00000000000000b8 .L0 
C:\Users\User\AppData\Local\Temp\cc2wv8HG.s:268    .text.I2C_Init:00000000000000b8 .L0 
C:\Users\User\AppData\Local\Temp\cc2wv8HG.s:271    .text.I2C_Init:00000000000000b8 .L0 
C:\Users\User\AppData\Local\Temp\cc2wv8HG.s:273    .text.I2C_Init:00000000000000b8 .L0 
C:\Users\User\AppData\Local\Temp\cc2wv8HG.s:274    .text.I2C_Init:00000000000000b8 .L0 
C:\Users\User\AppData\Local\Temp\cc2wv8HG.s:279    .text.I2C_Init:00000000000000c4 .L0 
C:\Users\User\AppData\Local\Temp\cc2wv8HG.s:280    .text.I2C_Init:00000000000000c4 .L0 
C:\Users\User\AppData\Local\Temp\cc2wv8HG.s:283    .text.I2C_Init:00000000000000ca .L0 
C:\Users\User\AppData\Local\Temp\cc2wv8HG.s:286    .text.I2C_Init:00000000000000ce .L0 
C:\Users\User\AppData\Local\Temp\cc2wv8HG.s:290    .text.I2C_Init:00000000000000d2 .L0 
C:\Users\User\AppData\Local\Temp\cc2wv8HG.s:291    .text.I2C_Init:00000000000000d2 .L0 
C:\Users\User\AppData\Local\Temp\cc2wv8HG.s:294    .text.I2C_Init:00000000000000d8 .L0 
C:\Users\User\AppData\Local\Temp\cc2wv8HG.s:295    .text.I2C_Init:00000000000000d8 .L0 
C:\Users\User\AppData\Local\Temp\cc2wv8HG.s:299    .text.I2C_Init:00000000000000dc .L0 
C:\Users\User\AppData\Local\Temp\cc2wv8HG.s:300    .text.I2C_Init:00000000000000dc .L0 
C:\Users\User\AppData\Local\Temp\cc2wv8HG.s:304    .text.I2C_Init:00000000000000e4 .L0 
C:\Users\User\AppData\Local\Temp\cc2wv8HG.s:306    .text.I2C_Init:00000000000000e8 .L0 
C:\Users\User\AppData\Local\Temp\cc2wv8HG.s:309    .text.I2C_Init:00000000000000ec .L0 
C:\Users\User\AppData\Local\Temp\cc2wv8HG.s:310    .text.I2C_Init:00000000000000ec .L0 
C:\Users\User\AppData\Local\Temp\cc2wv8HG.s:315    .text.I2C_Init:00000000000000f2 .L0 
C:\Users\User\AppData\Local\Temp\cc2wv8HG.s:316    .text.I2C_Init:00000000000000f2 .L0 
C:\Users\User\AppData\Local\Temp\cc2wv8HG.s:319    .text.I2C_Init:00000000000000f8 .L0 
C:\Users\User\AppData\Local\Temp\cc2wv8HG.s:322    .text.I2C_Init:00000000000000fc .L0 
C:\Users\User\AppData\Local\Temp\cc2wv8HG.s:325    .text.I2C_Init:0000000000000100 .L0 
C:\Users\User\AppData\Local\Temp\cc2wv8HG.s:326    .text.I2C_Init:0000000000000100 .L0 
C:\Users\User\AppData\Local\Temp\cc2wv8HG.s:329    .text.I2C_Init:0000000000000106 .L0 
C:\Users\User\AppData\Local\Temp\cc2wv8HG.s:336    .text.I2C_StructInit:0000000000000000 I2C_StructInit
C:\Users\User\AppData\Local\Temp\cc2wv8HG.s:339    .text.I2C_StructInit:0000000000000000 .L0 
C:\Users\User\AppData\Local\Temp\cc2wv8HG.s:341    .text.I2C_StructInit:0000000000000000 .L0 
C:\Users\User\AppData\Local\Temp\cc2wv8HG.s:342    .text.I2C_StructInit:0000000000000000 .L0 
C:\Users\User\AppData\Local\Temp\cc2wv8HG.s:343    .text.I2C_StructInit:0000000000000000 .L0 
C:\Users\User\AppData\Local\Temp\cc2wv8HG.s:344    .text.I2C_StructInit:0000000000000000 .L0 
C:\Users\User\AppData\Local\Temp\cc2wv8HG.s:345    .text.I2C_StructInit:0000000000000000 .L0 
C:\Users\User\AppData\Local\Temp\cc2wv8HG.s:346    .text.I2C_StructInit:0000000000000000 .L0 
C:\Users\User\AppData\Local\Temp\cc2wv8HG.s:347    .text.I2C_StructInit:0000000000000000 .L0 
C:\Users\User\AppData\Local\Temp\cc2wv8HG.s:348    .text.I2C_StructInit:0000000000000000 $x
C:\Users\User\AppData\Local\Temp\cc2wv8HG.s:348    .text.I2C_StructInit:0000000000000000 .L0 
C:\Users\User\AppData\Local\Temp\cc2wv8HG.s:352    .text.I2C_StructInit:0000000000000008 .L0 
C:\Users\User\AppData\Local\Temp\cc2wv8HG.s:355    .text.I2C_StructInit:000000000000000e .L0 
C:\Users\User\AppData\Local\Temp\cc2wv8HG.s:357    .text.I2C_StructInit:0000000000000010 .L0 
C:\Users\User\AppData\Local\Temp\cc2wv8HG.s:359    .text.I2C_StructInit:0000000000000014 .L0 
C:\Users\User\AppData\Local\Temp\cc2wv8HG.s:361    .text.I2C_StructInit:0000000000000016 .L0 
C:\Users\User\AppData\Local\Temp\cc2wv8HG.s:362    .text.I2C_StructInit:0000000000000018 .L0 
C:\Users\User\AppData\Local\Temp\cc2wv8HG.s:369    .text.I2C_Cmd:0000000000000000 I2C_Cmd
C:\Users\User\AppData\Local\Temp\cc2wv8HG.s:372    .text.I2C_Cmd:0000000000000000 .L0 
C:\Users\User\AppData\Local\Temp\cc2wv8HG.s:374    .text.I2C_Cmd:0000000000000000 .L0 
C:\Users\User\AppData\Local\Temp\cc2wv8HG.s:375    .text.I2C_Cmd:0000000000000000 .L0 
C:\Users\User\AppData\Local\Temp\cc2wv8HG.s:376    .text.I2C_Cmd:0000000000000000 $x
C:\Users\User\AppData\Local\Temp\cc2wv8HG.s:376    .text.I2C_Cmd:0000000000000000 .L0 
C:\Users\User\AppData\Local\Temp\cc2wv8HG.s:378    .text.I2C_Cmd:0000000000000002 .L0 
C:\Users\User\AppData\Local\Temp\cc2wv8HG.s:380    .text.I2C_Cmd:0000000000000004 .L0 
C:\Users\User\AppData\Local\Temp\cc2wv8HG.s:381    .text.I2C_Cmd:0000000000000004 .L0 
C:\Users\User\AppData\Local\Temp\cc2wv8HG.s:384    .text.I2C_Cmd:0000000000000008 .L0 
C:\Users\User\AppData\Local\Temp\cc2wv8HG.s:386    .text.I2C_Cmd:000000000000000a .L0 
C:\Users\User\AppData\Local\Temp\cc2wv8HG.s:389    .text.I2C_Cmd:000000000000000c .L0 
C:\Users\User\AppData\Local\Temp\cc2wv8HG.s:390    .text.I2C_Cmd:000000000000000c .L0 
C:\Users\User\AppData\Local\Temp\cc2wv8HG.s:392    .text.I2C_Cmd:0000000000000010 .L0 
C:\Users\User\AppData\Local\Temp\cc2wv8HG.s:395    .text.I2C_Cmd:0000000000000018 .L0 
C:\Users\User\AppData\Local\Temp\cc2wv8HG.s:402    .text.I2C_DMACmd:0000000000000000 I2C_DMACmd
C:\Users\User\AppData\Local\Temp\cc2wv8HG.s:405    .text.I2C_DMACmd:0000000000000000 .L0 
C:\Users\User\AppData\Local\Temp\cc2wv8HG.s:407    .text.I2C_DMACmd:0000000000000000 .L0 
C:\Users\User\AppData\Local\Temp\cc2wv8HG.s:408    .text.I2C_DMACmd:0000000000000000 .L0 
C:\Users\User\AppData\Local\Temp\cc2wv8HG.s:409    .text.I2C_DMACmd:0000000000000000 $x
C:\Users\User\AppData\Local\Temp\cc2wv8HG.s:409    .text.I2C_DMACmd:0000000000000000 .L0 
C:\Users\User\AppData\Local\Temp\cc2wv8HG.s:411    .text.I2C_DMACmd:0000000000000002 .L0 
C:\Users\User\AppData\Local\Temp\cc2wv8HG.s:413    .text.I2C_DMACmd:0000000000000004 .L0 
C:\Users\User\AppData\Local\Temp\cc2wv8HG.s:414    .text.I2C_DMACmd:0000000000000004 .L0 
C:\Users\User\AppData\Local\Temp\cc2wv8HG.s:417    .text.I2C_DMACmd:0000000000000008 .L0 
C:\Users\User\AppData\Local\Temp\cc2wv8HG.s:419    .text.I2C_DMACmd:000000000000000a .L0 
C:\Users\User\AppData\Local\Temp\cc2wv8HG.s:422    .text.I2C_DMACmd:000000000000000c .L0 
C:\Users\User\AppData\Local\Temp\cc2wv8HG.s:423    .text.I2C_DMACmd:000000000000000c .L0 
C:\Users\User\AppData\Local\Temp\cc2wv8HG.s:427    .text.I2C_DMACmd:0000000000000016 .L0 
C:\Users\User\AppData\Local\Temp\cc2wv8HG.s:434    .text.I2C_DMALastTransferCmd:0000000000000000 I2C_DMALastTransferCmd
C:\Users\User\AppData\Local\Temp\cc2wv8HG.s:437    .text.I2C_DMALastTransferCmd:0000000000000000 .L0 
C:\Users\User\AppData\Local\Temp\cc2wv8HG.s:439    .text.I2C_DMALastTransferCmd:0000000000000000 .L0 
C:\Users\User\AppData\Local\Temp\cc2wv8HG.s:440    .text.I2C_DMALastTransferCmd:0000000000000000 .L0 
C:\Users\User\AppData\Local\Temp\cc2wv8HG.s:441    .text.I2C_DMALastTransferCmd:0000000000000000 $x
C:\Users\User\AppData\Local\Temp\cc2wv8HG.s:441    .text.I2C_DMALastTransferCmd:0000000000000000 .L0 
C:\Users\User\AppData\Local\Temp\cc2wv8HG.s:443    .text.I2C_DMALastTransferCmd:0000000000000002 .L0 
C:\Users\User\AppData\Local\Temp\cc2wv8HG.s:445    .text.I2C_DMALastTransferCmd:0000000000000004 .L0 
C:\Users\User\AppData\Local\Temp\cc2wv8HG.s:446    .text.I2C_DMALastTransferCmd:0000000000000004 .L0 
C:\Users\User\AppData\Local\Temp\cc2wv8HG.s:449    .text.I2C_DMALastTransferCmd:0000000000000008 .L0 
C:\Users\User\AppData\Local\Temp\cc2wv8HG.s:451    .text.I2C_DMALastTransferCmd:000000000000000a .L0 
C:\Users\User\AppData\Local\Temp\cc2wv8HG.s:454    .text.I2C_DMALastTransferCmd:000000000000000c .L0 
C:\Users\User\AppData\Local\Temp\cc2wv8HG.s:455    .text.I2C_DMALastTransferCmd:000000000000000c .L0 
C:\Users\User\AppData\Local\Temp\cc2wv8HG.s:459    .text.I2C_DMALastTransferCmd:0000000000000014 .L0 
C:\Users\User\AppData\Local\Temp\cc2wv8HG.s:466    .text.I2C_GenerateSTART:0000000000000000 I2C_GenerateSTART
C:\Users\User\AppData\Local\Temp\cc2wv8HG.s:469    .text.I2C_GenerateSTART:0000000000000000 .L0 
C:\Users\User\AppData\Local\Temp\cc2wv8HG.s:471    .text.I2C_GenerateSTART:0000000000000000 .L0 
C:\Users\User\AppData\Local\Temp\cc2wv8HG.s:472    .text.I2C_GenerateSTART:0000000000000000 .L0 
C:\Users\User\AppData\Local\Temp\cc2wv8HG.s:473    .text.I2C_GenerateSTART:0000000000000000 $x
C:\Users\User\AppData\Local\Temp\cc2wv8HG.s:473    .text.I2C_GenerateSTART:0000000000000000 .L0 
C:\Users\User\AppData\Local\Temp\cc2wv8HG.s:475    .text.I2C_GenerateSTART:0000000000000002 .L0 
C:\Users\User\AppData\Local\Temp\cc2wv8HG.s:477    .text.I2C_GenerateSTART:0000000000000004 .L0 
C:\Users\User\AppData\Local\Temp\cc2wv8HG.s:478    .text.I2C_GenerateSTART:0000000000000004 .L0 
C:\Users\User\AppData\Local\Temp\cc2wv8HG.s:481    .text.I2C_GenerateSTART:0000000000000008 .L0 
C:\Users\User\AppData\Local\Temp\cc2wv8HG.s:483    .text.I2C_GenerateSTART:000000000000000a .L0 
C:\Users\User\AppData\Local\Temp\cc2wv8HG.s:486    .text.I2C_GenerateSTART:000000000000000c .L0 
C:\Users\User\AppData\Local\Temp\cc2wv8HG.s:487    .text.I2C_GenerateSTART:000000000000000c .L0 
C:\Users\User\AppData\Local\Temp\cc2wv8HG.s:489    .text.I2C_GenerateSTART:0000000000000010 .L0 
C:\Users\User\AppData\Local\Temp\cc2wv8HG.s:492    .text.I2C_GenerateSTART:000000000000001a .L0 
C:\Users\User\AppData\Local\Temp\cc2wv8HG.s:499    .text.I2C_GenerateSTOP:0000000000000000 I2C_GenerateSTOP
C:\Users\User\AppData\Local\Temp\cc2wv8HG.s:502    .text.I2C_GenerateSTOP:0000000000000000 .L0 
C:\Users\User\AppData\Local\Temp\cc2wv8HG.s:504    .text.I2C_GenerateSTOP:0000000000000000 .L0 
C:\Users\User\AppData\Local\Temp\cc2wv8HG.s:505    .text.I2C_GenerateSTOP:0000000000000000 .L0 
C:\Users\User\AppData\Local\Temp\cc2wv8HG.s:506    .text.I2C_GenerateSTOP:0000000000000000 $x
C:\Users\User\AppData\Local\Temp\cc2wv8HG.s:506    .text.I2C_GenerateSTOP:0000000000000000 .L0 
C:\Users\User\AppData\Local\Temp\cc2wv8HG.s:508    .text.I2C_GenerateSTOP:0000000000000002 .L0 
C:\Users\User\AppData\Local\Temp\cc2wv8HG.s:510    .text.I2C_GenerateSTOP:0000000000000004 .L0 
C:\Users\User\AppData\Local\Temp\cc2wv8HG.s:511    .text.I2C_GenerateSTOP:0000000000000004 .L0 
C:\Users\User\AppData\Local\Temp\cc2wv8HG.s:514    .text.I2C_GenerateSTOP:0000000000000008 .L0 
C:\Users\User\AppData\Local\Temp\cc2wv8HG.s:516    .text.I2C_GenerateSTOP:000000000000000a .L0 
C:\Users\User\AppData\Local\Temp\cc2wv8HG.s:519    .text.I2C_GenerateSTOP:000000000000000c .L0 
C:\Users\User\AppData\Local\Temp\cc2wv8HG.s:520    .text.I2C_GenerateSTOP:000000000000000c .L0 
C:\Users\User\AppData\Local\Temp\cc2wv8HG.s:522    .text.I2C_GenerateSTOP:0000000000000010 .L0 
C:\Users\User\AppData\Local\Temp\cc2wv8HG.s:525    .text.I2C_GenerateSTOP:000000000000001a .L0 
C:\Users\User\AppData\Local\Temp\cc2wv8HG.s:532    .text.I2C_AcknowledgeConfig:0000000000000000 I2C_AcknowledgeConfig
C:\Users\User\AppData\Local\Temp\cc2wv8HG.s:535    .text.I2C_AcknowledgeConfig:0000000000000000 .L0 
C:\Users\User\AppData\Local\Temp\cc2wv8HG.s:537    .text.I2C_AcknowledgeConfig:0000000000000000 .L0 
C:\Users\User\AppData\Local\Temp\cc2wv8HG.s:538    .text.I2C_AcknowledgeConfig:0000000000000000 .L0 
C:\Users\User\AppData\Local\Temp\cc2wv8HG.s:539    .text.I2C_AcknowledgeConfig:0000000000000000 $x
C:\Users\User\AppData\Local\Temp\cc2wv8HG.s:539    .text.I2C_AcknowledgeConfig:0000000000000000 .L0 
C:\Users\User\AppData\Local\Temp\cc2wv8HG.s:541    .text.I2C_AcknowledgeConfig:0000000000000002 .L0 
C:\Users\User\AppData\Local\Temp\cc2wv8HG.s:543    .text.I2C_AcknowledgeConfig:0000000000000004 .L0 
C:\Users\User\AppData\Local\Temp\cc2wv8HG.s:544    .text.I2C_AcknowledgeConfig:0000000000000004 .L0 
C:\Users\User\AppData\Local\Temp\cc2wv8HG.s:547    .text.I2C_AcknowledgeConfig:0000000000000008 .L0 
C:\Users\User\AppData\Local\Temp\cc2wv8HG.s:549    .text.I2C_AcknowledgeConfig:000000000000000a .L0 
C:\Users\User\AppData\Local\Temp\cc2wv8HG.s:552    .text.I2C_AcknowledgeConfig:000000000000000c .L0 
C:\Users\User\AppData\Local\Temp\cc2wv8HG.s:553    .text.I2C_AcknowledgeConfig:000000000000000c .L0 
C:\Users\User\AppData\Local\Temp\cc2wv8HG.s:555    .text.I2C_AcknowledgeConfig:0000000000000010 .L0 
C:\Users\User\AppData\Local\Temp\cc2wv8HG.s:558    .text.I2C_AcknowledgeConfig:000000000000001a .L0 
C:\Users\User\AppData\Local\Temp\cc2wv8HG.s:565    .text.I2C_OwnAddress2Config:0000000000000000 I2C_OwnAddress2Config
C:\Users\User\AppData\Local\Temp\cc2wv8HG.s:568    .text.I2C_OwnAddress2Config:0000000000000000 .L0 
C:\Users\User\AppData\Local\Temp\cc2wv8HG.s:570    .text.I2C_OwnAddress2Config:0000000000000000 .L0 
C:\Users\User\AppData\Local\Temp\cc2wv8HG.s:571    .text.I2C_OwnAddress2Config:0000000000000000 .L0 
C:\Users\User\AppData\Local\Temp\cc2wv8HG.s:572    .text.I2C_OwnAddress2Config:0000000000000000 .L0 
C:\Users\User\AppData\Local\Temp\cc2wv8HG.s:573    .text.I2C_OwnAddress2Config:0000000000000000 $x
C:\Users\User\AppData\Local\Temp\cc2wv8HG.s:573    .text.I2C_OwnAddress2Config:0000000000000000 .L0 
C:\Users\User\AppData\Local\Temp\cc2wv8HG.s:575    .text.I2C_OwnAddress2Config:0000000000000002 .L0 
C:\Users\User\AppData\Local\Temp\cc2wv8HG.s:578    .text.I2C_OwnAddress2Config:0000000000000006 .L0 
C:\Users\User\AppData\Local\Temp\cc2wv8HG.s:581    .text.I2C_OwnAddress2Config:000000000000000a .L0 
C:\Users\User\AppData\Local\Temp\cc2wv8HG.s:582    .text.I2C_OwnAddress2Config:000000000000000a .L0 
C:\Users\User\AppData\Local\Temp\cc2wv8HG.s:585    .text.I2C_OwnAddress2Config:000000000000000e .L0 
C:\Users\User\AppData\Local\Temp\cc2wv8HG.s:586    .text.I2C_OwnAddress2Config:000000000000000e .L0 
C:\Users\User\AppData\Local\Temp\cc2wv8HG.s:589    .text.I2C_OwnAddress2Config:0000000000000010 .L0 
C:\Users\User\AppData\Local\Temp\cc2wv8HG.s:590    .text.I2C_OwnAddress2Config:0000000000000010 .L0 
C:\Users\User\AppData\Local\Temp\cc2wv8HG.s:592    .text.I2C_OwnAddress2Config:0000000000000012 .L0 
C:\Users\User\AppData\Local\Temp\cc2wv8HG.s:593    .text.I2C_OwnAddress2Config:0000000000000014 .L0 
C:\Users\User\AppData\Local\Temp\cc2wv8HG.s:600    .text.I2C_DualAddressCmd:0000000000000000 I2C_DualAddressCmd
C:\Users\User\AppData\Local\Temp\cc2wv8HG.s:603    .text.I2C_DualAddressCmd:0000000000000000 .L0 
C:\Users\User\AppData\Local\Temp\cc2wv8HG.s:605    .text.I2C_DualAddressCmd:0000000000000000 .L0 
C:\Users\User\AppData\Local\Temp\cc2wv8HG.s:606    .text.I2C_DualAddressCmd:0000000000000000 .L0 
C:\Users\User\AppData\Local\Temp\cc2wv8HG.s:607    .text.I2C_DualAddressCmd:0000000000000000 $x
C:\Users\User\AppData\Local\Temp\cc2wv8HG.s:607    .text.I2C_DualAddressCmd:0000000000000000 .L0 
C:\Users\User\AppData\Local\Temp\cc2wv8HG.s:609    .text.I2C_DualAddressCmd:0000000000000002 .L0 
C:\Users\User\AppData\Local\Temp\cc2wv8HG.s:611    .text.I2C_DualAddressCmd:0000000000000004 .L0 
C:\Users\User\AppData\Local\Temp\cc2wv8HG.s:612    .text.I2C_DualAddressCmd:0000000000000004 .L0 
C:\Users\User\AppData\Local\Temp\cc2wv8HG.s:615    .text.I2C_DualAddressCmd:0000000000000008 .L0 
C:\Users\User\AppData\Local\Temp\cc2wv8HG.s:617    .text.I2C_DualAddressCmd:000000000000000a .L0 
C:\Users\User\AppData\Local\Temp\cc2wv8HG.s:620    .text.I2C_DualAddressCmd:000000000000000c .L0 
C:\Users\User\AppData\Local\Temp\cc2wv8HG.s:621    .text.I2C_DualAddressCmd:000000000000000c .L0 
C:\Users\User\AppData\Local\Temp\cc2wv8HG.s:623    .text.I2C_DualAddressCmd:0000000000000010 .L0 
C:\Users\User\AppData\Local\Temp\cc2wv8HG.s:626    .text.I2C_DualAddressCmd:0000000000000018 .L0 
C:\Users\User\AppData\Local\Temp\cc2wv8HG.s:633    .text.I2C_GeneralCallCmd:0000000000000000 I2C_GeneralCallCmd
C:\Users\User\AppData\Local\Temp\cc2wv8HG.s:636    .text.I2C_GeneralCallCmd:0000000000000000 .L0 
C:\Users\User\AppData\Local\Temp\cc2wv8HG.s:638    .text.I2C_GeneralCallCmd:0000000000000000 .L0 
C:\Users\User\AppData\Local\Temp\cc2wv8HG.s:639    .text.I2C_GeneralCallCmd:0000000000000000 .L0 
C:\Users\User\AppData\Local\Temp\cc2wv8HG.s:640    .text.I2C_GeneralCallCmd:0000000000000000 $x
C:\Users\User\AppData\Local\Temp\cc2wv8HG.s:640    .text.I2C_GeneralCallCmd:0000000000000000 .L0 
C:\Users\User\AppData\Local\Temp\cc2wv8HG.s:642    .text.I2C_GeneralCallCmd:0000000000000002 .L0 
C:\Users\User\AppData\Local\Temp\cc2wv8HG.s:644    .text.I2C_GeneralCallCmd:0000000000000004 .L0 
C:\Users\User\AppData\Local\Temp\cc2wv8HG.s:645    .text.I2C_GeneralCallCmd:0000000000000004 .L0 
C:\Users\User\AppData\Local\Temp\cc2wv8HG.s:648    .text.I2C_GeneralCallCmd:0000000000000008 .L0 
C:\Users\User\AppData\Local\Temp\cc2wv8HG.s:650    .text.I2C_GeneralCallCmd:000000000000000a .L0 
C:\Users\User\AppData\Local\Temp\cc2wv8HG.s:653    .text.I2C_GeneralCallCmd:000000000000000c .L0 
C:\Users\User\AppData\Local\Temp\cc2wv8HG.s:654    .text.I2C_GeneralCallCmd:000000000000000c .L0 
C:\Users\User\AppData\Local\Temp\cc2wv8HG.s:656    .text.I2C_GeneralCallCmd:0000000000000010 .L0 
C:\Users\User\AppData\Local\Temp\cc2wv8HG.s:659    .text.I2C_GeneralCallCmd:000000000000001a .L0 
C:\Users\User\AppData\Local\Temp\cc2wv8HG.s:666    .text.I2C_ITConfig:0000000000000000 I2C_ITConfig
C:\Users\User\AppData\Local\Temp\cc2wv8HG.s:669    .text.I2C_ITConfig:0000000000000000 .L0 
C:\Users\User\AppData\Local\Temp\cc2wv8HG.s:671    .text.I2C_ITConfig:0000000000000000 .L0 
C:\Users\User\AppData\Local\Temp\cc2wv8HG.s:672    .text.I2C_ITConfig:0000000000000000 .L0 
C:\Users\User\AppData\Local\Temp\cc2wv8HG.s:673    .text.I2C_ITConfig:0000000000000000 $x
C:\Users\User\AppData\Local\Temp\cc2wv8HG.s:673    .text.I2C_ITConfig:0000000000000000 .L0 
C:\Users\User\AppData\Local\Temp\cc2wv8HG.s:675    .text.I2C_ITConfig:0000000000000002 .L0 
C:\Users\User\AppData\Local\Temp\cc2wv8HG.s:677    .text.I2C_ITConfig:0000000000000004 .L0 
C:\Users\User\AppData\Local\Temp\cc2wv8HG.s:678    .text.I2C_ITConfig:0000000000000004 .L0 
C:\Users\User\AppData\Local\Temp\cc2wv8HG.s:683    .text.I2C_ITConfig:000000000000000a .L0 
C:\Users\User\AppData\Local\Temp\cc2wv8HG.s:684    .text.I2C_ITConfig:000000000000000a .L0 
C:\Users\User\AppData\Local\Temp\cc2wv8HG.s:688    .text.I2C_ITConfig:0000000000000010 .L0 
C:\Users\User\AppData\Local\Temp\cc2wv8HG.s:689    .text.I2C_ITConfig:0000000000000012 .L0 
C:\Users\User\AppData\Local\Temp\cc2wv8HG.s:696    .text.I2C_SendData:0000000000000000 I2C_SendData
C:\Users\User\AppData\Local\Temp\cc2wv8HG.s:699    .text.I2C_SendData:0000000000000000 .L0 
C:\Users\User\AppData\Local\Temp\cc2wv8HG.s:701    .text.I2C_SendData:0000000000000000 .L0 
C:\Users\User\AppData\Local\Temp\cc2wv8HG.s:702    .text.I2C_SendData:0000000000000000 .L0 
C:\Users\User\AppData\Local\Temp\cc2wv8HG.s:703    .text.I2C_SendData:0000000000000000 $x
C:\Users\User\AppData\Local\Temp\cc2wv8HG.s:703    .text.I2C_SendData:0000000000000000 .L0 
C:\Users\User\AppData\Local\Temp\cc2wv8HG.s:705    .text.I2C_SendData:0000000000000002 .L0 
C:\Users\User\AppData\Local\Temp\cc2wv8HG.s:706    .text.I2C_SendData:0000000000000004 .L0 
C:\Users\User\AppData\Local\Temp\cc2wv8HG.s:713    .text.I2C_ReceiveData:0000000000000000 I2C_ReceiveData
C:\Users\User\AppData\Local\Temp\cc2wv8HG.s:716    .text.I2C_ReceiveData:0000000000000000 .L0 
C:\Users\User\AppData\Local\Temp\cc2wv8HG.s:718    .text.I2C_ReceiveData:0000000000000000 .L0 
C:\Users\User\AppData\Local\Temp\cc2wv8HG.s:719    .text.I2C_ReceiveData:0000000000000000 .L0 
C:\Users\User\AppData\Local\Temp\cc2wv8HG.s:720    .text.I2C_ReceiveData:0000000000000000 $x
C:\Users\User\AppData\Local\Temp\cc2wv8HG.s:720    .text.I2C_ReceiveData:0000000000000000 .L0 
C:\Users\User\AppData\Local\Temp\cc2wv8HG.s:723    .text.I2C_ReceiveData:0000000000000002 .L0 
C:\Users\User\AppData\Local\Temp\cc2wv8HG.s:725    .text.I2C_ReceiveData:0000000000000008 .L0 
C:\Users\User\AppData\Local\Temp\cc2wv8HG.s:732    .text.I2C_Send7bitAddress:0000000000000000 I2C_Send7bitAddress
C:\Users\User\AppData\Local\Temp\cc2wv8HG.s:735    .text.I2C_Send7bitAddress:0000000000000000 .L0 
C:\Users\User\AppData\Local\Temp\cc2wv8HG.s:737    .text.I2C_Send7bitAddress:0000000000000000 .L0 
C:\Users\User\AppData\Local\Temp\cc2wv8HG.s:738    .text.I2C_Send7bitAddress:0000000000000000 .L0 
C:\Users\User\AppData\Local\Temp\cc2wv8HG.s:739    .text.I2C_Send7bitAddress:0000000000000000 $x
C:\Users\User\AppData\Local\Temp\cc2wv8HG.s:739    .text.I2C_Send7bitAddress:0000000000000000 .L0 
C:\Users\User\AppData\Local\Temp\cc2wv8HG.s:741    .text.I2C_Send7bitAddress:0000000000000004 .L0 
C:\Users\User\AppData\Local\Temp\cc2wv8HG.s:743    .text.I2C_Send7bitAddress:0000000000000006 .L0 
C:\Users\User\AppData\Local\Temp\cc2wv8HG.s:744    .text.I2C_Send7bitAddress:0000000000000006 .L0 
C:\Users\User\AppData\Local\Temp\cc2wv8HG.s:748    .text.I2C_Send7bitAddress:000000000000000a .L0 
C:\Users\User\AppData\Local\Temp\cc2wv8HG.s:749    .text.I2C_Send7bitAddress:000000000000000a .L0 
C:\Users\User\AppData\Local\Temp\cc2wv8HG.s:751    .text.I2C_Send7bitAddress:000000000000000c .L0 
C:\Users\User\AppData\Local\Temp\cc2wv8HG.s:752    .text.I2C_Send7bitAddress:000000000000000e .L0 
C:\Users\User\AppData\Local\Temp\cc2wv8HG.s:759    .text.I2C_ReadRegister:0000000000000000 I2C_ReadRegister
C:\Users\User\AppData\Local\Temp\cc2wv8HG.s:762    .text.I2C_ReadRegister:0000000000000000 .L0 
C:\Users\User\AppData\Local\Temp\cc2wv8HG.s:764    .text.I2C_ReadRegister:0000000000000000 .L0 
C:\Users\User\AppData\Local\Temp\cc2wv8HG.s:765    .text.I2C_ReadRegister:0000000000000000 .L0 
C:\Users\User\AppData\Local\Temp\cc2wv8HG.s:766    .text.I2C_ReadRegister:0000000000000000 $x
C:\Users\User\AppData\Local\Temp\cc2wv8HG.s:766    .text.I2C_ReadRegister:0000000000000000 .L0 
C:\Users\User\AppData\Local\Temp\cc2wv8HG.s:767    .text.I2C_ReadRegister:0000000000000002 .L0 
C:\Users\User\AppData\Local\Temp\cc2wv8HG.s:769    .text.I2C_ReadRegister:0000000000000002 .L0 
C:\Users\User\AppData\Local\Temp\cc2wv8HG.s:771    .text.I2C_ReadRegister:0000000000000004 .L0 
C:\Users\User\AppData\Local\Temp\cc2wv8HG.s:772    .text.I2C_ReadRegister:0000000000000004 .L0 
C:\Users\User\AppData\Local\Temp\cc2wv8HG.s:774    .text.I2C_ReadRegister:0000000000000006 .L0 
C:\Users\User\AppData\Local\Temp\cc2wv8HG.s:775    .text.I2C_ReadRegister:0000000000000006 .L0 
C:\Users\User\AppData\Local\Temp\cc2wv8HG.s:780    .text.I2C_ReadRegister:000000000000000c .L0 
C:\Users\User\AppData\Local\Temp\cc2wv8HG.s:781    .text.I2C_ReadRegister:000000000000000c .L0 
C:\Users\User\AppData\Local\Temp\cc2wv8HG.s:783    .text.I2C_ReadRegister:000000000000000e .L0 
C:\Users\User\AppData\Local\Temp\cc2wv8HG.s:786    .text.I2C_ReadRegister:0000000000000010 .L0 
C:\Users\User\AppData\Local\Temp\cc2wv8HG.s:787    .text.I2C_ReadRegister:0000000000000012 .L0 
C:\Users\User\AppData\Local\Temp\cc2wv8HG.s:789    .text.I2C_ReadRegister:0000000000000014 .L0 
C:\Users\User\AppData\Local\Temp\cc2wv8HG.s:796    .text.I2C_SoftwareResetCmd:0000000000000000 I2C_SoftwareResetCmd
C:\Users\User\AppData\Local\Temp\cc2wv8HG.s:799    .text.I2C_SoftwareResetCmd:0000000000000000 .L0 
C:\Users\User\AppData\Local\Temp\cc2wv8HG.s:801    .text.I2C_SoftwareResetCmd:0000000000000000 .L0 
C:\Users\User\AppData\Local\Temp\cc2wv8HG.s:802    .text.I2C_SoftwareResetCmd:0000000000000000 .L0 
C:\Users\User\AppData\Local\Temp\cc2wv8HG.s:803    .text.I2C_SoftwareResetCmd:0000000000000000 $x
C:\Users\User\AppData\Local\Temp\cc2wv8HG.s:803    .text.I2C_SoftwareResetCmd:0000000000000000 .L0 
C:\Users\User\AppData\Local\Temp\cc2wv8HG.s:805    .text.I2C_SoftwareResetCmd:0000000000000002 .L0 
C:\Users\User\AppData\Local\Temp\cc2wv8HG.s:807    .text.I2C_SoftwareResetCmd:0000000000000004 .L0 
C:\Users\User\AppData\Local\Temp\cc2wv8HG.s:808    .text.I2C_SoftwareResetCmd:0000000000000004 .L0 
C:\Users\User\AppData\Local\Temp\cc2wv8HG.s:811    .text.I2C_SoftwareResetCmd:0000000000000008 .L0 
C:\Users\User\AppData\Local\Temp\cc2wv8HG.s:813    .text.I2C_SoftwareResetCmd:000000000000000a .L0 
C:\Users\User\AppData\Local\Temp\cc2wv8HG.s:816    .text.I2C_SoftwareResetCmd:000000000000000c .L0 
C:\Users\User\AppData\Local\Temp\cc2wv8HG.s:817    .text.I2C_SoftwareResetCmd:000000000000000c .L0 
C:\Users\User\AppData\Local\Temp\cc2wv8HG.s:820    .text.I2C_SoftwareResetCmd:0000000000000012 .L0 
C:\Users\User\AppData\Local\Temp\cc2wv8HG.s:827    .text.I2C_NACKPositionConfig:0000000000000000 I2C_NACKPositionConfig
C:\Users\User\AppData\Local\Temp\cc2wv8HG.s:830    .text.I2C_NACKPositionConfig:0000000000000000 .L0 
C:\Users\User\AppData\Local\Temp\cc2wv8HG.s:832    .text.I2C_NACKPositionConfig:0000000000000000 .L0 
C:\Users\User\AppData\Local\Temp\cc2wv8HG.s:833    .text.I2C_NACKPositionConfig:0000000000000000 .L0 
C:\Users\User\AppData\Local\Temp\cc2wv8HG.s:834    .text.I2C_NACKPositionConfig:0000000000000000 $x
C:\Users\User\AppData\Local\Temp\cc2wv8HG.s:834    .text.I2C_NACKPositionConfig:0000000000000000 .L0 
C:\Users\User\AppData\Local\Temp\cc2wv8HG.s:837    .text.I2C_NACKPositionConfig:0000000000000008 .L0 
C:\Users\User\AppData\Local\Temp\cc2wv8HG.s:838    .text.I2C_NACKPositionConfig:0000000000000008 .L0 
C:\Users\User\AppData\Local\Temp\cc2wv8HG.s:840    .text.I2C_NACKPositionConfig:000000000000000a .L0 
C:\Users\User\AppData\Local\Temp\cc2wv8HG.s:843    .text.I2C_NACKPositionConfig:000000000000000e .L0 
C:\Users\User\AppData\Local\Temp\cc2wv8HG.s:845    .text.I2C_NACKPositionConfig:0000000000000010 .L0 
C:\Users\User\AppData\Local\Temp\cc2wv8HG.s:848    .text.I2C_NACKPositionConfig:0000000000000012 .L0 
C:\Users\User\AppData\Local\Temp\cc2wv8HG.s:849    .text.I2C_NACKPositionConfig:0000000000000012 .L0 
C:\Users\User\AppData\Local\Temp\cc2wv8HG.s:851    .text.I2C_NACKPositionConfig:0000000000000014 .L0 
C:\Users\User\AppData\Local\Temp\cc2wv8HG.s:855    .text.I2C_NACKPositionConfig:000000000000001e .L0 
C:\Users\User\AppData\Local\Temp\cc2wv8HG.s:862    .text.I2C_SMBusAlertConfig:0000000000000000 I2C_SMBusAlertConfig
C:\Users\User\AppData\Local\Temp\cc2wv8HG.s:865    .text.I2C_SMBusAlertConfig:0000000000000000 .L0 
C:\Users\User\AppData\Local\Temp\cc2wv8HG.s:867    .text.I2C_SMBusAlertConfig:0000000000000000 .L0 
C:\Users\User\AppData\Local\Temp\cc2wv8HG.s:868    .text.I2C_SMBusAlertConfig:0000000000000000 .L0 
C:\Users\User\AppData\Local\Temp\cc2wv8HG.s:869    .text.I2C_SMBusAlertConfig:0000000000000000 $x
C:\Users\User\AppData\Local\Temp\cc2wv8HG.s:869    .text.I2C_SMBusAlertConfig:0000000000000000 .L0 
C:\Users\User\AppData\Local\Temp\cc2wv8HG.s:872    .text.I2C_SMBusAlertConfig:0000000000000006 .L0 
C:\Users\User\AppData\Local\Temp\cc2wv8HG.s:873    .text.I2C_SMBusAlertConfig:0000000000000006 .L0 
C:\Users\User\AppData\Local\Temp\cc2wv8HG.s:875    .text.I2C_SMBusAlertConfig:0000000000000008 .L0 
C:\Users\User\AppData\Local\Temp\cc2wv8HG.s:878    .text.I2C_SMBusAlertConfig:000000000000000c .L0 
C:\Users\User\AppData\Local\Temp\cc2wv8HG.s:880    .text.I2C_SMBusAlertConfig:000000000000000e .L0 
C:\Users\User\AppData\Local\Temp\cc2wv8HG.s:883    .text.I2C_SMBusAlertConfig:0000000000000010 .L0 
C:\Users\User\AppData\Local\Temp\cc2wv8HG.s:884    .text.I2C_SMBusAlertConfig:0000000000000010 .L0 
C:\Users\User\AppData\Local\Temp\cc2wv8HG.s:886    .text.I2C_SMBusAlertConfig:0000000000000012 .L0 
C:\Users\User\AppData\Local\Temp\cc2wv8HG.s:890    .text.I2C_SMBusAlertConfig:000000000000001a .L0 
C:\Users\User\AppData\Local\Temp\cc2wv8HG.s:897    .text.I2C_TransmitPEC:0000000000000000 I2C_TransmitPEC
C:\Users\User\AppData\Local\Temp\cc2wv8HG.s:900    .text.I2C_TransmitPEC:0000000000000000 .L0 
C:\Users\User\AppData\Local\Temp\cc2wv8HG.s:902    .text.I2C_TransmitPEC:0000000000000000 .L0 
C:\Users\User\AppData\Local\Temp\cc2wv8HG.s:903    .text.I2C_TransmitPEC:0000000000000000 .L0 
C:\Users\User\AppData\Local\Temp\cc2wv8HG.s:904    .text.I2C_TransmitPEC:0000000000000000 $x
C:\Users\User\AppData\Local\Temp\cc2wv8HG.s:904    .text.I2C_TransmitPEC:0000000000000000 .L0 
C:\Users\User\AppData\Local\Temp\cc2wv8HG.s:906    .text.I2C_TransmitPEC:0000000000000002 .L0 
C:\Users\User\AppData\Local\Temp\cc2wv8HG.s:908    .text.I2C_TransmitPEC:0000000000000004 .L0 
C:\Users\User\AppData\Local\Temp\cc2wv8HG.s:909    .text.I2C_TransmitPEC:0000000000000004 .L0 
C:\Users\User\AppData\Local\Temp\cc2wv8HG.s:912    .text.I2C_TransmitPEC:0000000000000008 .L0 
C:\Users\User\AppData\Local\Temp\cc2wv8HG.s:914    .text.I2C_TransmitPEC:000000000000000a .L0 
C:\Users\User\AppData\Local\Temp\cc2wv8HG.s:917    .text.I2C_TransmitPEC:000000000000000c .L0 
C:\Users\User\AppData\Local\Temp\cc2wv8HG.s:918    .text.I2C_TransmitPEC:000000000000000c .L0 
C:\Users\User\AppData\Local\Temp\cc2wv8HG.s:922    .text.I2C_TransmitPEC:0000000000000014 .L0 
C:\Users\User\AppData\Local\Temp\cc2wv8HG.s:929    .text.I2C_PECPositionConfig:0000000000000000 I2C_PECPositionConfig
C:\Users\User\AppData\Local\Temp\cc2wv8HG.s:931    .text.I2C_PECPositionConfig:0000000000000000 .L0 
C:\Users\User\AppData\Local\Temp\cc2wv8HG.s:933    .text.I2C_PECPositionConfig:0000000000000000 $x
C:\Users\User\AppData\Local\Temp\cc2wv8HG.s:933    .text.I2C_PECPositionConfig:0000000000000000 .L0 
C:\Users\User\AppData\Local\Temp\cc2wv8HG.s:934    .text.I2C_PECPositionConfig:0000000000000008 .L0 
C:\Users\User\AppData\Local\Temp\cc2wv8HG.s:941    .text.I2C_CalculatePEC:0000000000000000 I2C_CalculatePEC
C:\Users\User\AppData\Local\Temp\cc2wv8HG.s:944    .text.I2C_CalculatePEC:0000000000000000 .L0 
C:\Users\User\AppData\Local\Temp\cc2wv8HG.s:946    .text.I2C_CalculatePEC:0000000000000000 .L0 
C:\Users\User\AppData\Local\Temp\cc2wv8HG.s:947    .text.I2C_CalculatePEC:0000000000000000 .L0 
C:\Users\User\AppData\Local\Temp\cc2wv8HG.s:948    .text.I2C_CalculatePEC:0000000000000000 $x
C:\Users\User\AppData\Local\Temp\cc2wv8HG.s:948    .text.I2C_CalculatePEC:0000000000000000 .L0 
C:\Users\User\AppData\Local\Temp\cc2wv8HG.s:950    .text.I2C_CalculatePEC:0000000000000002 .L0 
C:\Users\User\AppData\Local\Temp\cc2wv8HG.s:952    .text.I2C_CalculatePEC:0000000000000004 .L0 
C:\Users\User\AppData\Local\Temp\cc2wv8HG.s:953    .text.I2C_CalculatePEC:0000000000000004 .L0 
C:\Users\User\AppData\Local\Temp\cc2wv8HG.s:956    .text.I2C_CalculatePEC:0000000000000008 .L0 
C:\Users\User\AppData\Local\Temp\cc2wv8HG.s:958    .text.I2C_CalculatePEC:000000000000000a .L0 
C:\Users\User\AppData\Local\Temp\cc2wv8HG.s:961    .text.I2C_CalculatePEC:000000000000000c .L0 
C:\Users\User\AppData\Local\Temp\cc2wv8HG.s:962    .text.I2C_CalculatePEC:000000000000000c .L0 
C:\Users\User\AppData\Local\Temp\cc2wv8HG.s:964    .text.I2C_CalculatePEC:0000000000000010 .L0 
C:\Users\User\AppData\Local\Temp\cc2wv8HG.s:967    .text.I2C_CalculatePEC:000000000000001a .L0 
C:\Users\User\AppData\Local\Temp\cc2wv8HG.s:974    .text.I2C_GetPEC:0000000000000000 I2C_GetPEC
C:\Users\User\AppData\Local\Temp\cc2wv8HG.s:977    .text.I2C_GetPEC:0000000000000000 .L0 
C:\Users\User\AppData\Local\Temp\cc2wv8HG.s:979    .text.I2C_GetPEC:0000000000000000 .L0 
C:\Users\User\AppData\Local\Temp\cc2wv8HG.s:980    .text.I2C_GetPEC:0000000000000000 .L0 
C:\Users\User\AppData\Local\Temp\cc2wv8HG.s:981    .text.I2C_GetPEC:0000000000000000 $x
C:\Users\User\AppData\Local\Temp\cc2wv8HG.s:981    .text.I2C_GetPEC:0000000000000000 .L0 
C:\Users\User\AppData\Local\Temp\cc2wv8HG.s:984    .text.I2C_GetPEC:0000000000000002 .L0 
C:\Users\User\AppData\Local\Temp\cc2wv8HG.s:986    .text.I2C_GetPEC:0000000000000006 .L0 
C:\Users\User\AppData\Local\Temp\cc2wv8HG.s:993    .text.I2C_ARPCmd:0000000000000000 I2C_ARPCmd
C:\Users\User\AppData\Local\Temp\cc2wv8HG.s:996    .text.I2C_ARPCmd:0000000000000000 .L0 
C:\Users\User\AppData\Local\Temp\cc2wv8HG.s:998    .text.I2C_ARPCmd:0000000000000000 .L0 
C:\Users\User\AppData\Local\Temp\cc2wv8HG.s:999    .text.I2C_ARPCmd:0000000000000000 .L0 
C:\Users\User\AppData\Local\Temp\cc2wv8HG.s:1000   .text.I2C_ARPCmd:0000000000000000 $x
C:\Users\User\AppData\Local\Temp\cc2wv8HG.s:1000   .text.I2C_ARPCmd:0000000000000000 .L0 
C:\Users\User\AppData\Local\Temp\cc2wv8HG.s:1002   .text.I2C_ARPCmd:0000000000000002 .L0 
C:\Users\User\AppData\Local\Temp\cc2wv8HG.s:1004   .text.I2C_ARPCmd:0000000000000004 .L0 
C:\Users\User\AppData\Local\Temp\cc2wv8HG.s:1005   .text.I2C_ARPCmd:0000000000000004 .L0 
C:\Users\User\AppData\Local\Temp\cc2wv8HG.s:1008   .text.I2C_ARPCmd:0000000000000008 .L0 
C:\Users\User\AppData\Local\Temp\cc2wv8HG.s:1010   .text.I2C_ARPCmd:000000000000000a .L0 
C:\Users\User\AppData\Local\Temp\cc2wv8HG.s:1013   .text.I2C_ARPCmd:000000000000000c .L0 
C:\Users\User\AppData\Local\Temp\cc2wv8HG.s:1014   .text.I2C_ARPCmd:000000000000000c .L0 
C:\Users\User\AppData\Local\Temp\cc2wv8HG.s:1016   .text.I2C_ARPCmd:0000000000000010 .L0 
C:\Users\User\AppData\Local\Temp\cc2wv8HG.s:1019   .text.I2C_ARPCmd:0000000000000018 .L0 
C:\Users\User\AppData\Local\Temp\cc2wv8HG.s:1026   .text.I2C_StretchClockCmd:0000000000000000 I2C_StretchClockCmd
C:\Users\User\AppData\Local\Temp\cc2wv8HG.s:1029   .text.I2C_StretchClockCmd:0000000000000000 .L0 
C:\Users\User\AppData\Local\Temp\cc2wv8HG.s:1031   .text.I2C_StretchClockCmd:0000000000000000 .L0 
C:\Users\User\AppData\Local\Temp\cc2wv8HG.s:1032   .text.I2C_StretchClockCmd:0000000000000000 .L0 
C:\Users\User\AppData\Local\Temp\cc2wv8HG.s:1033   .text.I2C_StretchClockCmd:0000000000000000 $x
C:\Users\User\AppData\Local\Temp\cc2wv8HG.s:1033   .text.I2C_StretchClockCmd:0000000000000000 .L0 
C:\Users\User\AppData\Local\Temp\cc2wv8HG.s:1035   .text.I2C_StretchClockCmd:0000000000000002 .L0 
C:\Users\User\AppData\Local\Temp\cc2wv8HG.s:1037   .text.I2C_StretchClockCmd:0000000000000004 .L0 
C:\Users\User\AppData\Local\Temp\cc2wv8HG.s:1038   .text.I2C_StretchClockCmd:0000000000000004 .L0 
C:\Users\User\AppData\Local\Temp\cc2wv8HG.s:1041   .text.I2C_StretchClockCmd:0000000000000008 .L0 
C:\Users\User\AppData\Local\Temp\cc2wv8HG.s:1043   .text.I2C_StretchClockCmd:000000000000000a .L0 
C:\Users\User\AppData\Local\Temp\cc2wv8HG.s:1046   .text.I2C_StretchClockCmd:000000000000000c .L0 
C:\Users\User\AppData\Local\Temp\cc2wv8HG.s:1047   .text.I2C_StretchClockCmd:000000000000000c .L0 
C:\Users\User\AppData\Local\Temp\cc2wv8HG.s:1049   .text.I2C_StretchClockCmd:0000000000000010 .L0 
C:\Users\User\AppData\Local\Temp\cc2wv8HG.s:1052   .text.I2C_StretchClockCmd:000000000000001a .L0 
C:\Users\User\AppData\Local\Temp\cc2wv8HG.s:1059   .text.I2C_FastModeDutyCycleConfig:0000000000000000 I2C_FastModeDutyCycleConfig
C:\Users\User\AppData\Local\Temp\cc2wv8HG.s:1062   .text.I2C_FastModeDutyCycleConfig:0000000000000000 .L0 
C:\Users\User\AppData\Local\Temp\cc2wv8HG.s:1064   .text.I2C_FastModeDutyCycleConfig:0000000000000000 .L0 
C:\Users\User\AppData\Local\Temp\cc2wv8HG.s:1065   .text.I2C_FastModeDutyCycleConfig:0000000000000000 .L0 
C:\Users\User\AppData\Local\Temp\cc2wv8HG.s:1066   .text.I2C_FastModeDutyCycleConfig:0000000000000000 $x
C:\Users\User\AppData\Local\Temp\cc2wv8HG.s:1066   .text.I2C_FastModeDutyCycleConfig:0000000000000000 .L0 
C:\Users\User\AppData\Local\Temp\cc2wv8HG.s:1069   .text.I2C_FastModeDutyCycleConfig:0000000000000006 .L0 
C:\Users\User\AppData\Local\Temp\cc2wv8HG.s:1070   .text.I2C_FastModeDutyCycleConfig:0000000000000006 .L0 
C:\Users\User\AppData\Local\Temp\cc2wv8HG.s:1072   .text.I2C_FastModeDutyCycleConfig:0000000000000008 .L0 
C:\Users\User\AppData\Local\Temp\cc2wv8HG.s:1077   .text.I2C_FastModeDutyCycleConfig:000000000000000e .L0 
C:\Users\User\AppData\Local\Temp\cc2wv8HG.s:1079   .text.I2C_FastModeDutyCycleConfig:0000000000000010 .L0 
C:\Users\User\AppData\Local\Temp\cc2wv8HG.s:1082   .text.I2C_FastModeDutyCycleConfig:0000000000000012 .L0 
C:\Users\User\AppData\Local\Temp\cc2wv8HG.s:1083   .text.I2C_FastModeDutyCycleConfig:0000000000000012 .L0 
C:\Users\User\AppData\Local\Temp\cc2wv8HG.s:1085   .text.I2C_FastModeDutyCycleConfig:0000000000000014 .L0 
C:\Users\User\AppData\Local\Temp\cc2wv8HG.s:1087   .text.I2C_FastModeDutyCycleConfig:000000000000001a .L0 
C:\Users\User\AppData\Local\Temp\cc2wv8HG.s:1094   .text.I2C_CheckEvent:0000000000000000 I2C_CheckEvent
C:\Users\User\AppData\Local\Temp\cc2wv8HG.s:1097   .text.I2C_CheckEvent:0000000000000000 .L0 
C:\Users\User\AppData\Local\Temp\cc2wv8HG.s:1099   .text.I2C_CheckEvent:0000000000000000 .L0 
C:\Users\User\AppData\Local\Temp\cc2wv8HG.s:1100   .text.I2C_CheckEvent:0000000000000000 .L0 
C:\Users\User\AppData\Local\Temp\cc2wv8HG.s:1101   .text.I2C_CheckEvent:0000000000000000 .L0 
C:\Users\User\AppData\Local\Temp\cc2wv8HG.s:1102   .text.I2C_CheckEvent:0000000000000000 .L0 
C:\Users\User\AppData\Local\Temp\cc2wv8HG.s:1103   .text.I2C_CheckEvent:0000000000000000 .L0 
C:\Users\User\AppData\Local\Temp\cc2wv8HG.s:1104   .text.I2C_CheckEvent:0000000000000000 $x
C:\Users\User\AppData\Local\Temp\cc2wv8HG.s:1104   .text.I2C_CheckEvent:0000000000000000 .L0 
C:\Users\User\AppData\Local\Temp\cc2wv8HG.s:1107   .text.I2C_CheckEvent:0000000000000002 .L0 
C:\Users\User\AppData\Local\Temp\cc2wv8HG.s:1108   .text.I2C_CheckEvent:0000000000000002 .L0 
C:\Users\User\AppData\Local\Temp\cc2wv8HG.s:1111   .text.I2C_CheckEvent:0000000000000004 .L0 
C:\Users\User\AppData\Local\Temp\cc2wv8HG.s:1112   .text.I2C_CheckEvent:0000000000000004 .L0 
C:\Users\User\AppData\Local\Temp\cc2wv8HG.s:1113   .text.I2C_CheckEvent:0000000000000004 .L0 
C:\Users\User\AppData\Local\Temp\cc2wv8HG.s:1114   .text.I2C_CheckEvent:0000000000000004 .L0 
C:\Users\User\AppData\Local\Temp\cc2wv8HG.s:1115   .text.I2C_CheckEvent:0000000000000004 .L0 
C:\Users\User\AppData\Local\Temp\cc2wv8HG.s:1118   .text.I2C_CheckEvent:0000000000000006 .L0 
C:\Users\User\AppData\Local\Temp\cc2wv8HG.s:1121   .text.I2C_CheckEvent:0000000000000008 .L0 
C:\Users\User\AppData\Local\Temp\cc2wv8HG.s:1126   .text.I2C_CheckEvent:000000000000000e .L0 
C:\Users\User\AppData\Local\Temp\cc2wv8HG.s:1128   .text.I2C_CheckEvent:0000000000000010 .L0 
C:\Users\User\AppData\Local\Temp\cc2wv8HG.s:1130   .text.I2C_CheckEvent:0000000000000016 .L0 
C:\Users\User\AppData\Local\Temp\cc2wv8HG.s:1137   .text.I2C_GetLastEvent:0000000000000000 I2C_GetLastEvent
C:\Users\User\AppData\Local\Temp\cc2wv8HG.s:1140   .text.I2C_GetLastEvent:0000000000000000 .L0 
C:\Users\User\AppData\Local\Temp\cc2wv8HG.s:1142   .text.I2C_GetLastEvent:0000000000000000 .L0 
C:\Users\User\AppData\Local\Temp\cc2wv8HG.s:1143   .text.I2C_GetLastEvent:0000000000000000 .L0 
C:\Users\User\AppData\Local\Temp\cc2wv8HG.s:1144   .text.I2C_GetLastEvent:0000000000000000 .L0 
C:\Users\User\AppData\Local\Temp\cc2wv8HG.s:1145   .text.I2C_GetLastEvent:0000000000000000 .L0 
C:\Users\User\AppData\Local\Temp\cc2wv8HG.s:1146   .text.I2C_GetLastEvent:0000000000000000 $x
C:\Users\User\AppData\Local\Temp\cc2wv8HG.s:1146   .text.I2C_GetLastEvent:0000000000000000 .L0 
C:\Users\User\AppData\Local\Temp\cc2wv8HG.s:1149   .text.I2C_GetLastEvent:0000000000000002 .L0 
C:\Users\User\AppData\Local\Temp\cc2wv8HG.s:1150   .text.I2C_GetLastEvent:0000000000000002 .L0 
C:\Users\User\AppData\Local\Temp\cc2wv8HG.s:1153   .text.I2C_GetLastEvent:0000000000000004 .L0 
C:\Users\User\AppData\Local\Temp\cc2wv8HG.s:1154   .text.I2C_GetLastEvent:0000000000000004 .L0 
C:\Users\User\AppData\Local\Temp\cc2wv8HG.s:1155   .text.I2C_GetLastEvent:0000000000000004 .L0 
C:\Users\User\AppData\Local\Temp\cc2wv8HG.s:1156   .text.I2C_GetLastEvent:0000000000000004 .L0 
C:\Users\User\AppData\Local\Temp\cc2wv8HG.s:1159   .text.I2C_GetLastEvent:0000000000000006 .L0 
C:\Users\User\AppData\Local\Temp\cc2wv8HG.s:1162   .text.I2C_GetLastEvent:0000000000000008 .L0 
C:\Users\User\AppData\Local\Temp\cc2wv8HG.s:1164   .text.I2C_GetLastEvent:000000000000000a .L0 
C:\Users\User\AppData\Local\Temp\cc2wv8HG.s:1166   .text.I2C_GetLastEvent:000000000000000e .L0 
C:\Users\User\AppData\Local\Temp\cc2wv8HG.s:1173   .text.I2C_GetFlagStatus:0000000000000000 I2C_GetFlagStatus
C:\Users\User\AppData\Local\Temp\cc2wv8HG.s:1176   .text.I2C_GetFlagStatus:0000000000000000 .L0 
C:\Users\User\AppData\Local\Temp\cc2wv8HG.s:1178   .text.I2C_GetFlagStatus:0000000000000000 .L0 
C:\Users\User\AppData\Local\Temp\cc2wv8HG.s:1179   .text.I2C_GetFlagStatus:0000000000000000 .L0 
C:\Users\User\AppData\Local\Temp\cc2wv8HG.s:1180   .text.I2C_GetFlagStatus:0000000000000000 .L0 
C:\Users\User\AppData\Local\Temp\cc2wv8HG.s:1181   .text.I2C_GetFlagStatus:0000000000000000 $x
C:\Users\User\AppData\Local\Temp\cc2wv8HG.s:1181   .text.I2C_GetFlagStatus:0000000000000000 .L0 
C:\Users\User\AppData\Local\Temp\cc2wv8HG.s:1182   .text.I2C_GetFlagStatus:0000000000000002 .L0 
C:\Users\User\AppData\Local\Temp\cc2wv8HG.s:1184   .text.I2C_GetFlagStatus:0000000000000002 .L0 
C:\Users\User\AppData\Local\Temp\cc2wv8HG.s:1186   .text.I2C_GetFlagStatus:0000000000000004 .L0 
C:\Users\User\AppData\Local\Temp\cc2wv8HG.s:1188   .text.I2C_GetFlagStatus:0000000000000006 .L0 
C:\Users\User\AppData\Local\Temp\cc2wv8HG.s:1189   .text.I2C_GetFlagStatus:0000000000000006 .L0 
C:\Users\User\AppData\Local\Temp\cc2wv8HG.s:1191   .text.I2C_GetFlagStatus:000000000000000a .L0 
C:\Users\User\AppData\Local\Temp\cc2wv8HG.s:1193   .text.I2C_GetFlagStatus:000000000000000c .L0 
C:\Users\User\AppData\Local\Temp\cc2wv8HG.s:1194   .text.I2C_GetFlagStatus:000000000000000c .L0 
C:\Users\User\AppData\Local\Temp\cc2wv8HG.s:1196   .text.I2C_GetFlagStatus:000000000000000e .L0 
C:\Users\User\AppData\Local\Temp\cc2wv8HG.s:1197   .text.I2C_GetFlagStatus:000000000000000e .L0 
C:\Users\User\AppData\Local\Temp\cc2wv8HG.s:1199   .text.I2C_GetFlagStatus:0000000000000010 .L0 
C:\Users\User\AppData\Local\Temp\cc2wv8HG.s:1204   .text.I2C_GetFlagStatus:0000000000000014 .L0 
C:\Users\User\AppData\Local\Temp\cc2wv8HG.s:1205   .text.I2C_GetFlagStatus:0000000000000014 .L0 
C:\Users\User\AppData\Local\Temp\cc2wv8HG.s:1207   .text.I2C_GetFlagStatus:0000000000000016 .L0 
C:\Users\User\AppData\Local\Temp\cc2wv8HG.s:1208   .text.I2C_GetFlagStatus:0000000000000016 .L0 
C:\Users\User\AppData\Local\Temp\cc2wv8HG.s:1212   .text.I2C_GetFlagStatus:000000000000001a .L0 
C:\Users\User\AppData\Local\Temp\cc2wv8HG.s:1214   .text.I2C_GetFlagStatus:000000000000001c .L0 
C:\Users\User\AppData\Local\Temp\cc2wv8HG.s:1215   .text.I2C_GetFlagStatus:000000000000001c .L0 
C:\Users\User\AppData\Local\Temp\cc2wv8HG.s:1217   .text.I2C_GetFlagStatus:000000000000001e .L0 
C:\Users\User\AppData\Local\Temp\cc2wv8HG.s:1220   .text.I2C_GetFlagStatus:0000000000000020 .L0 
C:\Users\User\AppData\Local\Temp\cc2wv8HG.s:1221   .text.I2C_GetFlagStatus:0000000000000020 .L0 
C:\Users\User\AppData\Local\Temp\cc2wv8HG.s:1222   .text.I2C_GetFlagStatus:0000000000000022 .L0 
C:\Users\User\AppData\Local\Temp\cc2wv8HG.s:1223   .text.I2C_GetFlagStatus:0000000000000022 .L0 
C:\Users\User\AppData\Local\Temp\cc2wv8HG.s:1225   .text.I2C_GetFlagStatus:0000000000000022 .L0 
C:\Users\User\AppData\Local\Temp\cc2wv8HG.s:1228   .text.I2C_GetFlagStatus:0000000000000024 .L0 
C:\Users\User\AppData\Local\Temp\cc2wv8HG.s:1232   .text.I2C_GetFlagStatus:000000000000002a .L0 
C:\Users\User\AppData\Local\Temp\cc2wv8HG.s:1234   .text.I2C_GetFlagStatus:000000000000002a .L0 
C:\Users\User\AppData\Local\Temp\cc2wv8HG.s:1235   .text.I2C_GetFlagStatus:000000000000002a .L0 
C:\Users\User\AppData\Local\Temp\cc2wv8HG.s:1237   .text.I2C_GetFlagStatus:000000000000002c .L0 
C:\Users\User\AppData\Local\Temp\cc2wv8HG.s:1240   .text.I2C_GetFlagStatus:000000000000002e .L0 
C:\Users\User\AppData\Local\Temp\cc2wv8HG.s:1241   .text.I2C_GetFlagStatus:000000000000002e .L0 
C:\Users\User\AppData\Local\Temp\cc2wv8HG.s:1243   .text.I2C_GetFlagStatus:0000000000000032 .L0 
C:\Users\User\AppData\Local\Temp\cc2wv8HG.s:1250   .text.I2C_ClearFlag:0000000000000000 I2C_ClearFlag
C:\Users\User\AppData\Local\Temp\cc2wv8HG.s:1253   .text.I2C_ClearFlag:0000000000000000 .L0 
C:\Users\User\AppData\Local\Temp\cc2wv8HG.s:1255   .text.I2C_ClearFlag:0000000000000000 .L0 
C:\Users\User\AppData\Local\Temp\cc2wv8HG.s:1256   .text.I2C_ClearFlag:0000000000000000 .L0 
C:\Users\User\AppData\Local\Temp\cc2wv8HG.s:1257   .text.I2C_ClearFlag:0000000000000000 .L0 
C:\Users\User\AppData\Local\Temp\cc2wv8HG.s:1258   .text.I2C_ClearFlag:0000000000000000 .L0 
C:\Users\User\AppData\Local\Temp\cc2wv8HG.s:1259   .text.I2C_ClearFlag:0000000000000000 $x
C:\Users\User\AppData\Local\Temp\cc2wv8HG.s:1259   .text.I2C_ClearFlag:0000000000000000 .L0 
C:\Users\User\AppData\Local\Temp\cc2wv8HG.s:1264   .text.I2C_ClearFlag:0000000000000008 .L0 
C:\Users\User\AppData\Local\Temp\cc2wv8HG.s:1266   .text.I2C_ClearFlag:000000000000000a .L0 
C:\Users\User\AppData\Local\Temp\cc2wv8HG.s:1267   .text.I2C_ClearFlag:000000000000000c .L0 
C:\Users\User\AppData\Local\Temp\cc2wv8HG.s:1274   .text.I2C_GetITStatus:0000000000000000 I2C_GetITStatus
C:\Users\User\AppData\Local\Temp\cc2wv8HG.s:1277   .text.I2C_GetITStatus:0000000000000000 .L0 
C:\Users\User\AppData\Local\Temp\cc2wv8HG.s:1279   .text.I2C_GetITStatus:0000000000000000 .L0 
C:\Users\User\AppData\Local\Temp\cc2wv8HG.s:1280   .text.I2C_GetITStatus:0000000000000000 .L0 
C:\Users\User\AppData\Local\Temp\cc2wv8HG.s:1281   .text.I2C_GetITStatus:0000000000000000 .L0 
C:\Users\User\AppData\Local\Temp\cc2wv8HG.s:1282   .text.I2C_GetITStatus:0000000000000000 .L0 
C:\Users\User\AppData\Local\Temp\cc2wv8HG.s:1283   .text.I2C_GetITStatus:0000000000000000 $x
C:\Users\User\AppData\Local\Temp\cc2wv8HG.s:1283   .text.I2C_GetITStatus:0000000000000000 .L0 
C:\Users\User\AppData\Local\Temp\cc2wv8HG.s:1285   .text.I2C_GetITStatus:0000000000000002 .L0 
C:\Users\User\AppData\Local\Temp\cc2wv8HG.s:1288   .text.I2C_GetITStatus:0000000000000004 .L0 
C:\Users\User\AppData\Local\Temp\cc2wv8HG.s:1291   .text.I2C_GetITStatus:0000000000000008 .L0 
C:\Users\User\AppData\Local\Temp\cc2wv8HG.s:1292   .text.I2C_GetITStatus:0000000000000008 .L0 
C:\Users\User\AppData\Local\Temp\cc2wv8HG.s:1294   .text.I2C_GetITStatus:000000000000000a .L0 
C:\Users\User\AppData\Local\Temp\cc2wv8HG.s:1296   .text.I2C_GetITStatus:000000000000000c .L0 
C:\Users\User\AppData\Local\Temp\cc2wv8HG.s:1299   .text.I2C_GetITStatus:0000000000000010 .L0 
C:\Users\User\AppData\Local\Temp\cc2wv8HG.s:1302   .text.I2C_GetITStatus:0000000000000012 .L0 
C:\Users\User\AppData\Local\Temp\cc2wv8HG.s:1304   .text.I2C_GetITStatus:0000000000000016 .L0 
C:\Users\User\AppData\Local\Temp\cc2wv8HG.s:1308   .text.I2C_GetITStatus:000000000000001a .L0 
C:\Users\User\AppData\Local\Temp\cc2wv8HG.s:1309   .text.I2C_GetITStatus:000000000000001a .L0 
C:\Users\User\AppData\Local\Temp\cc2wv8HG.s:1310   .text.I2C_GetITStatus:000000000000001c .L0 
C:\Users\User\AppData\Local\Temp\cc2wv8HG.s:1317   .text.I2C_ClearITPendingBit:0000000000000000 I2C_ClearITPendingBit
C:\Users\User\AppData\Local\Temp\cc2wv8HG.s:1319   .text.I2C_ClearITPendingBit:0000000000000000 .L0 
C:\Users\User\AppData\Local\Temp\cc2wv8HG.s:1321   .text.I2C_ClearITPendingBit:0000000000000000 $x
C:\Users\User\AppData\Local\Temp\cc2wv8HG.s:1321   .text.I2C_ClearITPendingBit:0000000000000000 .L0 
C:\Users\User\AppData\Local\Temp\cc2wv8HG.s:1325   .text.I2C_ClearITPendingBit:000000000000000c .L0 
C:\Users\User\AppData\Local\Temp\cc2wv8HG.s:4640   .debug_line_str:00000000000000a5 .L0 
C:\Users\User\AppData\Local\Temp\cc2wv8HG.s:4640   .debug_line_str:00000000000000f7 .L0 
C:\Users\User\AppData\Local\Temp\cc2wv8HG.s:4640   .debug_line_str:000000000000013b .L0 
C:\Users\User\AppData\Local\Temp\cc2wv8HG.s:4640   .debug_line_str:00000000000001c5 .L0 
C:\Users\User\AppData\Local\Temp\cc2wv8HG.s:4640   .debug_line_str:000000000000024b .L0 
C:\Users\User\AppData\Local\Temp\cc2wv8HG.s:4640   .debug_line_str:0000000000000285 .L0 
C:\Users\User\AppData\Local\Temp\cc2wv8HG.s:4640   .debug_line_str:00000000000002c9 .L0 
C:\Users\User\AppData\Local\Temp\cc2wv8HG.s:4640   .debug_line_str:00000000000002d8 .L0 
C:\Users\User\AppData\Local\Temp\cc2wv8HG.s:4640   .debug_line_str:00000000000002e7 .L0 
C:\Users\User\AppData\Local\Temp\cc2wv8HG.s:4640   .debug_line_str:00000000000002f8 .L0 
C:\Users\User\AppData\Local\Temp\cc2wv8HG.s:4640   .debug_line_str:0000000000000302 .L0 
C:\Users\User\AppData\Local\Temp\cc2wv8HG.s:4640   .debug_line_str:000000000000030f .L0 
C:\Users\User\AppData\Local\Temp\cc2wv8HG.s:4640   .debug_line_str:000000000000031a .L0 
C:\Users\User\AppData\Local\Temp\cc2wv8HG.s:4640   .debug_line_str:0000000000000329 .L0 
C:\Users\User\AppData\Local\Temp\cc2wv8HG.s:103    .text.I2C_DeInit:000000000000009a .L0 
C:\Users\User\AppData\Local\Temp\cc2wv8HG.s:332    .text.I2C_Init:0000000000000106 .L0 
C:\Users\User\AppData\Local\Temp\cc2wv8HG.s:365    .text.I2C_StructInit:0000000000000018 .L0 
C:\Users\User\AppData\Local\Temp\cc2wv8HG.s:398    .text.I2C_Cmd:0000000000000018 .L0 
C:\Users\User\AppData\Local\Temp\cc2wv8HG.s:430    .text.I2C_DMACmd:0000000000000016 .L0 
C:\Users\User\AppData\Local\Temp\cc2wv8HG.s:462    .text.I2C_DMALastTransferCmd:0000000000000014 .L0 
C:\Users\User\AppData\Local\Temp\cc2wv8HG.s:495    .text.I2C_GenerateSTART:000000000000001a .L0 
C:\Users\User\AppData\Local\Temp\cc2wv8HG.s:528    .text.I2C_GenerateSTOP:000000000000001a .L0 
C:\Users\User\AppData\Local\Temp\cc2wv8HG.s:561    .text.I2C_AcknowledgeConfig:000000000000001a .L0 
C:\Users\User\AppData\Local\Temp\cc2wv8HG.s:596    .text.I2C_OwnAddress2Config:0000000000000014 .L0 
C:\Users\User\AppData\Local\Temp\cc2wv8HG.s:629    .text.I2C_DualAddressCmd:0000000000000018 .L0 
C:\Users\User\AppData\Local\Temp\cc2wv8HG.s:662    .text.I2C_GeneralCallCmd:000000000000001a .L0 
C:\Users\User\AppData\Local\Temp\cc2wv8HG.s:692    .text.I2C_ITConfig:0000000000000012 .L0 
C:\Users\User\AppData\Local\Temp\cc2wv8HG.s:709    .text.I2C_SendData:0000000000000004 .L0 
C:\Users\User\AppData\Local\Temp\cc2wv8HG.s:728    .text.I2C_ReceiveData:0000000000000008 .L0 
C:\Users\User\AppData\Local\Temp\cc2wv8HG.s:755    .text.I2C_Send7bitAddress:000000000000000e .L0 
C:\Users\User\AppData\Local\Temp\cc2wv8HG.s:792    .text.I2C_ReadRegister:0000000000000014 .L0 
C:\Users\User\AppData\Local\Temp\cc2wv8HG.s:823    .text.I2C_SoftwareResetCmd:0000000000000012 .L0 
C:\Users\User\AppData\Local\Temp\cc2wv8HG.s:858    .text.I2C_NACKPositionConfig:000000000000001e .L0 
C:\Users\User\AppData\Local\Temp\cc2wv8HG.s:893    .text.I2C_SMBusAlertConfig:000000000000001a .L0 
C:\Users\User\AppData\Local\Temp\cc2wv8HG.s:925    .text.I2C_TransmitPEC:0000000000000014 .L0 
C:\Users\User\AppData\Local\Temp\cc2wv8HG.s:937    .text.I2C_PECPositionConfig:0000000000000008 .L0 
C:\Users\User\AppData\Local\Temp\cc2wv8HG.s:970    .text.I2C_CalculatePEC:000000000000001a .L0 
C:\Users\User\AppData\Local\Temp\cc2wv8HG.s:989    .text.I2C_GetPEC:0000000000000006 .L0 
C:\Users\User\AppData\Local\Temp\cc2wv8HG.s:1022   .text.I2C_ARPCmd:0000000000000018 .L0 
C:\Users\User\AppData\Local\Temp\cc2wv8HG.s:1055   .text.I2C_StretchClockCmd:000000000000001a .L0 
C:\Users\User\AppData\Local\Temp\cc2wv8HG.s:1090   .text.I2C_FastModeDutyCycleConfig:000000000000001a .L0 
C:\Users\User\AppData\Local\Temp\cc2wv8HG.s:1133   .text.I2C_CheckEvent:0000000000000016 .L0 
C:\Users\User\AppData\Local\Temp\cc2wv8HG.s:1169   .text.I2C_GetLastEvent:000000000000000e .L0 
C:\Users\User\AppData\Local\Temp\cc2wv8HG.s:1246   .text.I2C_GetFlagStatus:0000000000000032 .L0 
C:\Users\User\AppData\Local\Temp\cc2wv8HG.s:1270   .text.I2C_ClearFlag:000000000000000c .L0 
C:\Users\User\AppData\Local\Temp\cc2wv8HG.s:1313   .text.I2C_GetITStatus:000000000000001c .L0 
C:\Users\User\AppData\Local\Temp\cc2wv8HG.s:1328   .text.I2C_ClearITPendingBit:000000000000000c .L0 
                     .debug_frame:0000000000000000 .L0 
C:\Users\User\AppData\Local\Temp\cc2wv8HG.s:48     .text.I2C_DeInit:0000000000000038 .L2
C:\Users\User\AppData\Local\Temp\cc2wv8HG.s:66     .text.I2C_DeInit:000000000000005a .L4
C:\Users\User\AppData\Local\Temp\cc2wv8HG.s:37     .text.I2C_DeInit:0000000000000028 .L7
C:\Users\User\AppData\Local\Temp\cc2wv8HG.s:82     .text.I2C_DeInit:0000000000000078 .L5
C:\Users\User\AppData\Local\Temp\cc2wv8HG.s:41     .text.I2C_DeInit:0000000000000030 .L1
C:\Users\User\AppData\Local\Temp\cc2wv8HG.s:167    .text.I2C_Init:0000000000000048 .L9
C:\Users\User\AppData\Local\Temp\cc2wv8HG.s:270    .text.I2C_Init:00000000000000b8 .L10
C:\Users\User\AppData\Local\Temp\cc2wv8HG.s:313    .text.I2C_Init:00000000000000f2 .L12
C:\Users\User\AppData\Local\Temp\cc2wv8HG.s:297    .text.I2C_Init:00000000000000dc .L14
C:\Users\User\AppData\Local\Temp\cc2wv8HG.s:211    .text.I2C_Init:0000000000000078 .L18
C:\Users\User\AppData\Local\Temp\cc2wv8HG.s:288    .text.I2C_Init:00000000000000d2 .L13
C:\Users\User\AppData\Local\Temp\cc2wv8HG.s:387    .text.I2C_Cmd:000000000000000c .L21
C:\Users\User\AppData\Local\Temp\cc2wv8HG.s:382    .text.I2C_Cmd:0000000000000008 .L23
C:\Users\User\AppData\Local\Temp\cc2wv8HG.s:420    .text.I2C_DMACmd:000000000000000c .L25
C:\Users\User\AppData\Local\Temp\cc2wv8HG.s:415    .text.I2C_DMACmd:0000000000000008 .L27
C:\Users\User\AppData\Local\Temp\cc2wv8HG.s:452    .text.I2C_DMALastTransferCmd:000000000000000c .L29
C:\Users\User\AppData\Local\Temp\cc2wv8HG.s:447    .text.I2C_DMALastTransferCmd:0000000000000008 .L31
C:\Users\User\AppData\Local\Temp\cc2wv8HG.s:484    .text.I2C_GenerateSTART:000000000000000c .L33
C:\Users\User\AppData\Local\Temp\cc2wv8HG.s:479    .text.I2C_GenerateSTART:0000000000000008 .L35
C:\Users\User\AppData\Local\Temp\cc2wv8HG.s:517    .text.I2C_GenerateSTOP:000000000000000c .L37
C:\Users\User\AppData\Local\Temp\cc2wv8HG.s:512    .text.I2C_GenerateSTOP:0000000000000008 .L39
C:\Users\User\AppData\Local\Temp\cc2wv8HG.s:550    .text.I2C_AcknowledgeConfig:000000000000000c .L41
C:\Users\User\AppData\Local\Temp\cc2wv8HG.s:545    .text.I2C_AcknowledgeConfig:0000000000000008 .L43
C:\Users\User\AppData\Local\Temp\cc2wv8HG.s:618    .text.I2C_DualAddressCmd:000000000000000c .L46
C:\Users\User\AppData\Local\Temp\cc2wv8HG.s:613    .text.I2C_DualAddressCmd:0000000000000008 .L48
C:\Users\User\AppData\Local\Temp\cc2wv8HG.s:651    .text.I2C_GeneralCallCmd:000000000000000c .L50
C:\Users\User\AppData\Local\Temp\cc2wv8HG.s:646    .text.I2C_GeneralCallCmd:0000000000000008 .L52
C:\Users\User\AppData\Local\Temp\cc2wv8HG.s:681    .text.I2C_ITConfig:000000000000000a .L54
C:\Users\User\AppData\Local\Temp\cc2wv8HG.s:746    .text.I2C_Send7bitAddress:000000000000000a .L60
C:\Users\User\AppData\Local\Temp\cc2wv8HG.s:814    .text.I2C_SoftwareResetCmd:000000000000000c .L64
C:\Users\User\AppData\Local\Temp\cc2wv8HG.s:809    .text.I2C_SoftwareResetCmd:0000000000000008 .L66
C:\Users\User\AppData\Local\Temp\cc2wv8HG.s:846    .text.I2C_NACKPositionConfig:0000000000000012 .L68
C:\Users\User\AppData\Local\Temp\cc2wv8HG.s:841    .text.I2C_NACKPositionConfig:000000000000000e .L70
C:\Users\User\AppData\Local\Temp\cc2wv8HG.s:881    .text.I2C_SMBusAlertConfig:0000000000000010 .L72
C:\Users\User\AppData\Local\Temp\cc2wv8HG.s:876    .text.I2C_SMBusAlertConfig:000000000000000c .L74
C:\Users\User\AppData\Local\Temp\cc2wv8HG.s:915    .text.I2C_TransmitPEC:000000000000000c .L76
C:\Users\User\AppData\Local\Temp\cc2wv8HG.s:910    .text.I2C_TransmitPEC:0000000000000008 .L78
C:\Users\User\AppData\Local\Temp\cc2wv8HG.s:959    .text.I2C_CalculatePEC:000000000000000c .L82
C:\Users\User\AppData\Local\Temp\cc2wv8HG.s:954    .text.I2C_CalculatePEC:0000000000000008 .L84
C:\Users\User\AppData\Local\Temp\cc2wv8HG.s:1011   .text.I2C_ARPCmd:000000000000000c .L87
C:\Users\User\AppData\Local\Temp\cc2wv8HG.s:1006   .text.I2C_ARPCmd:0000000000000008 .L89
C:\Users\User\AppData\Local\Temp\cc2wv8HG.s:1044   .text.I2C_StretchClockCmd:000000000000000c .L91
C:\Users\User\AppData\Local\Temp\cc2wv8HG.s:1039   .text.I2C_StretchClockCmd:0000000000000008 .L93
C:\Users\User\AppData\Local\Temp\cc2wv8HG.s:1080   .text.I2C_FastModeDutyCycleConfig:0000000000000012 .L95
C:\Users\User\AppData\Local\Temp\cc2wv8HG.s:1075   .text.I2C_FastModeDutyCycleConfig:000000000000000e .L97
C:\Users\User\AppData\Local\Temp\cc2wv8HG.s:1231   .text.I2C_GetFlagStatus:000000000000002a .L101
C:\Users\User\AppData\Local\Temp\cc2wv8HG.s:1210   .text.I2C_GetFlagStatus:000000000000001a .L104
C:\Users\User\AppData\Local\Temp\cc2wv8HG.s:1307   .text.I2C_GetITStatus:000000000000001a .L106
C:\Users\User\AppData\Local\Temp\cc2wv8HG.s:2686   .debug_abbrev:0000000000000000 .Ldebug_abbrev0
C:\Users\User\AppData\Local\Temp\cc2wv8HG.s:4497   .debug_str:0000000000000283 .LASF120
C:\Users\User\AppData\Local\Temp\cc2wv8HG.s:4638   .debug_line_str:0000000000000052 .LASF0
C:\Users\User\AppData\Local\Temp\cc2wv8HG.s:4636   .debug_line_str:0000000000000000 .LASF1
C:\Users\User\AppData\Local\Temp\cc2wv8HG.s:4292   .debug_rnglists:000000000000000c .LLRL33
C:\Users\User\AppData\Local\Temp\cc2wv8HG.s:4395   .debug_line:0000000000000000 .Ldebug_line0
C:\Users\User\AppData\Local\Temp\cc2wv8HG.s:4523   .debug_str:000000000000040a .LASF2
C:\Users\User\AppData\Local\Temp\cc2wv8HG.s:4517   .debug_str:00000000000003de .LASF3
C:\Users\User\AppData\Local\Temp\cc2wv8HG.s:4491   .debug_str:0000000000000266 .LASF6
C:\Users\User\AppData\Local\Temp\cc2wv8HG.s:4509   .debug_str:000000000000038e .LASF4
C:\Users\User\AppData\Local\Temp\cc2wv8HG.s:4461   .debug_str:0000000000000195 .LASF5
C:\Users\User\AppData\Local\Temp\cc2wv8HG.s:4433   .debug_str:00000000000000f0 .LASF7
C:\Users\User\AppData\Local\Temp\cc2wv8HG.s:4537   .debug_str:0000000000000456 .LASF8
C:\Users\User\AppData\Local\Temp\cc2wv8HG.s:4481   .debug_str:0000000000000214 .LASF9
C:\Users\User\AppData\Local\Temp\cc2wv8HG.s:4591   .debug_str:00000000000005a3 .LASF10
C:\Users\User\AppData\Local\Temp\cc2wv8HG.s:4577   .debug_str:0000000000000530 .LASF11
C:\Users\User\AppData\Local\Temp\cc2wv8HG.s:4469   .debug_str:00000000000001c9 .LASF12
C:\Users\User\AppData\Local\Temp\cc2wv8HG.s:4519   .debug_str:00000000000003ea .LASF13
C:\Users\User\AppData\Local\Temp\cc2wv8HG.s:4445   .debug_str:000000000000013f .LASF14
C:\Users\User\AppData\Local\Temp\cc2wv8HG.s:4527   .debug_str:0000000000000424 .LASF15
C:\Users\User\AppData\Local\Temp\cc2wv8HG.s:4521   .debug_str:0000000000000401 .LASF16
C:\Users\User\AppData\Local\Temp\cc2wv8HG.s:4595   .debug_str:00000000000005bd .LASF17
C:\Users\User\AppData\Local\Temp\cc2wv8HG.s:4551   .debug_str:00000000000004a6 .LASF18
C:\Users\User\AppData\Local\Temp\cc2wv8HG.s:4483   .debug_str:000000000000021d .LASF19
C:\Users\User\AppData\Local\Temp\cc2wv8HG.s:4547   .debug_str:000000000000048d .LASF20
C:\Users\User\AppData\Local\Temp\cc2wv8HG.s:4631   .debug_str:00000000000006ab .LASF21
C:\Users\User\AppData\Local\Temp\cc2wv8HG.s:4587   .debug_str:0000000000000582 .LASF22
C:\Users\User\AppData\Local\Temp\cc2wv8HG.s:4601   .debug_str:00000000000005e2 .LASF23
C:\Users\User\AppData\Local\Temp\cc2wv8HG.s:4629   .debug_str:00000000000006a0 .LASF24
C:\Users\User\AppData\Local\Temp\cc2wv8HG.s:4405   .debug_str:000000000000003a .LASF25
C:\Users\User\AppData\Local\Temp\cc2wv8HG.s:4533   .debug_str:000000000000044a .LASF26
C:\Users\User\AppData\Local\Temp\cc2wv8HG.s:4545   .debug_str:0000000000000483 .LASF27
C:\Users\User\AppData\Local\Temp\cc2wv8HG.s:4535   .debug_str:0000000000000450 .LASF28
C:\Users\User\AppData\Local\Temp\cc2wv8HG.s:4567   .debug_str:00000000000004fe .LASF29
C:\Users\User\AppData\Local\Temp\cc2wv8HG.s:4613   .debug_str:000000000000063f .LASF30
C:\Users\User\AppData\Local\Temp\cc2wv8HG.s:4569   .debug_str:0000000000000508 .LASF31
C:\Users\User\AppData\Local\Temp\cc2wv8HG.s:4615   .debug_str:0000000000000646 .LASF32
C:\Users\User\AppData\Local\Temp\cc2wv8HG.s:4571   .debug_str:0000000000000512 .LASF33
C:\Users\User\AppData\Local\Temp\cc2wv8HG.s:4559   .debug_str:00000000000004dc .LASF34
C:\Users\User\AppData\Local\Temp\cc2wv8HG.s:4573   .debug_str:000000000000051c .LASF35
C:\Users\User\AppData\Local\Temp\cc2wv8HG.s:4505   .debug_str:0000000000000382 .LASF36
C:\Users\User\AppData\Local\Temp\cc2wv8HG.s:4575   .debug_str:0000000000000526 .LASF37
C:\Users\User\AppData\Local\Temp\cc2wv8HG.s:4507   .debug_str:0000000000000388 .LASF38
C:\Users\User\AppData\Local\Temp\cc2wv8HG.s:4449   .debug_str:000000000000015c .LASF39
C:\Users\User\AppData\Local\Temp\cc2wv8HG.s:4531   .debug_str:0000000000000443 .LASF40
C:\Users\User\AppData\Local\Temp\cc2wv8HG.s:4579   .debug_str:0000000000000542 .LASF41
C:\Users\User\AppData\Local\Temp\cc2wv8HG.s:4457   .debug_str:000000000000017b .LASF42
C:\Users\User\AppData\Local\Temp\cc2wv8HG.s:4619   .debug_str:000000000000065b .LASF43
C:\Users\User\AppData\Local\Temp\cc2wv8HG.s:4543   .debug_str:000000000000047e .LASF44
C:\Users\User\AppData\Local\Temp\cc2wv8HG.s:4557   .debug_str:00000000000004cb .LASF45
C:\Users\User\AppData\Local\Temp\cc2wv8HG.s:4415   .debug_str:000000000000006e .LASF46
C:\Users\User\AppData\Local\Temp\cc2wv8HG.s:4605   .debug_str:00000000000005fe .LASF47
C:\Users\User\AppData\Local\Temp\cc2wv8HG.s:4549   .debug_str:0000000000000495 .LASF48
C:\Users\User\AppData\Local\Temp\cc2wv8HG.s:4435   .debug_str:00000000000000fb .LASF49
C:\Users\User\AppData\Local\Temp\cc2wv8HG.s:4609   .debug_str:0000000000000621 .LASF50
C:\Users\User\AppData\Local\Temp\cc2wv8HG.s:4503   .debug_str:0000000000000379 .LASF51
C:\Users\User\AppData\Local\Temp\cc2wv8HG.s:4617   .debug_str:000000000000064d .LASF52
C:\Users\User\AppData\Local\Temp\cc2wv8HG.s:4397   .debug_str:0000000000000000 .LASF53
C:\Users\User\AppData\Local\Temp\cc2wv8HG.s:4563   .debug_str:00000000000004ed .LASF54
C:\Users\User\AppData\Local\Temp\cc2wv8HG.s:4417   .debug_str:000000000000007d .LASF55
C:\Users\User\AppData\Local\Temp\cc2wv8HG.s:4439   .debug_str:0000000000000115 .LASF56
C:\Users\User\AppData\Local\Temp\cc2wv8HG.s:4599   .debug_str:00000000000005d0 .LASF57
C:\Users\User\AppData\Local\Temp\cc2wv8HG.s:4581   .debug_str:000000000000054c .LASF58
C:\Users\User\AppData\Local\Temp\cc2wv8HG.s:4513   .debug_str:00000000000003ac .LASF59
C:\Users\User\AppData\Local\Temp\cc2wv8HG.s:4431   .debug_str:00000000000000da .LASF84
C:\Users\User\AppData\Local\Temp\cc2wv8HG.s:4425   .debug_str:00000000000000c2 .LASF60
C:\Users\User\AppData\Local\Temp\cc2wv8HG.s:4409   .debug_str:000000000000004e .LASF61
C:\Users\User\AppData\Local\Temp\cc2wv8HG.s:4437   .debug_str:000000000000010d .LASF66
C:\Users\User\AppData\Local\Temp\cc2wv8HG.s:4459   .debug_str:0000000000000185 .LASF67
C:\Users\User\AppData\Local\Temp\cc2wv8HG.s:1275   .text.I2C_GetITStatus:0000000000000000 .LFB71
C:\Users\User\AppData\Local\Temp\cc2wv8HG.s:1311   .text.I2C_GetITStatus:000000000000001c .LFE71
C:\Users\User\AppData\Local\Temp\cc2wv8HG.s:3344   .debug_loclists:000000000000000c .LLST29
C:\Users\User\AppData\Local\Temp\cc2wv8HG.s:3359   .debug_loclists:0000000000000026 .LLST30
C:\Users\User\AppData\Local\Temp\cc2wv8HG.s:4501   .debug_str:000000000000036f .LASF62
C:\Users\User\AppData\Local\Temp\cc2wv8HG.s:3376   .debug_loclists:0000000000000045 .LLST31
C:\Users\User\AppData\Local\Temp\cc2wv8HG.s:4465   .debug_str:00000000000001a5 .LASF63
C:\Users\User\AppData\Local\Temp\cc2wv8HG.s:3384   .debug_loclists:0000000000000052 .LLST32
C:\Users\User\AppData\Local\Temp\cc2wv8HG.s:4541   .debug_str:0000000000000470 .LASF64
C:\Users\User\AppData\Local\Temp\cc2wv8HG.s:4441   .debug_str:0000000000000125 .LASF65
C:\Users\User\AppData\Local\Temp\cc2wv8HG.s:4401   .debug_str:0000000000000017 .LASF68
C:\Users\User\AppData\Local\Temp\cc2wv8HG.s:1174   .text.I2C_GetFlagStatus:0000000000000000 .LFB69
C:\Users\User\AppData\Local\Temp\cc2wv8HG.s:1244   .text.I2C_GetFlagStatus:0000000000000032 .LFE69
C:\Users\User\AppData\Local\Temp\cc2wv8HG.s:3444   .debug_loclists:00000000000000ab .LLST24
C:\Users\User\AppData\Local\Temp\cc2wv8HG.s:3464   .debug_loclists:00000000000000d0 .LLST25
C:\Users\User\AppData\Local\Temp\cc2wv8HG.s:3484   .debug_loclists:00000000000000f5 .LLST26
C:\Users\User\AppData\Local\Temp\cc2wv8HG.s:4479   .debug_str:000000000000020d .LASF69
C:\Users\User\AppData\Local\Temp\cc2wv8HG.s:4565   .debug_str:00000000000004f5 .LASF70
C:\Users\User\AppData\Local\Temp\cc2wv8HG.s:4633   .debug_str:00000000000006b2 .LASF71
C:\Users\User\AppData\Local\Temp\cc2wv8HG.s:1138   .text.I2C_GetLastEvent:0000000000000000 .LFB68
C:\Users\User\AppData\Local\Temp\cc2wv8HG.s:1167   .text.I2C_GetLastEvent:000000000000000e .LFE68
C:\Users\User\AppData\Local\Temp\cc2wv8HG.s:3513   .debug_loclists:0000000000000123 .LLST20
C:\Users\User\AppData\Local\Temp\cc2wv8HG.s:4411   .debug_str:0000000000000055 .LASF72
C:\Users\User\AppData\Local\Temp\cc2wv8HG.s:3528   .debug_loclists:000000000000013d .LLST21
C:\Users\User\AppData\Local\Temp\cc2wv8HG.s:4453   .debug_str:000000000000016c .LASF73
C:\Users\User\AppData\Local\Temp\cc2wv8HG.s:3551   .debug_loclists:0000000000000162 .LLST22
C:\Users\User\AppData\Local\Temp\cc2wv8HG.s:4451   .debug_str:0000000000000166 .LASF74
C:\Users\User\AppData\Local\Temp\cc2wv8HG.s:3564   .debug_loclists:000000000000017a .LLST23
C:\Users\User\AppData\Local\Temp\cc2wv8HG.s:4627   .debug_str:0000000000000691 .LASF75
C:\Users\User\AppData\Local\Temp\cc2wv8HG.s:1095   .text.I2C_CheckEvent:0000000000000000 .LFB67
C:\Users\User\AppData\Local\Temp\cc2wv8HG.s:1131   .text.I2C_CheckEvent:0000000000000016 .LFE67
C:\Users\User\AppData\Local\Temp\cc2wv8HG.s:3586   .debug_loclists:00000000000001a1 .LLST15
C:\Users\User\AppData\Local\Temp\cc2wv8HG.s:4473   .debug_str:00000000000001e2 .LASF76
C:\Users\User\AppData\Local\Temp\cc2wv8HG.s:3601   .debug_loclists:00000000000001bb .LLST16
C:\Users\User\AppData\Local\Temp\cc2wv8HG.s:3634   .debug_loclists:00000000000001f3 .LLST17
C:\Users\User\AppData\Local\Temp\cc2wv8HG.s:3647   .debug_loclists:000000000000020b .LLST18
C:\Users\User\AppData\Local\Temp\cc2wv8HG.s:4539   .debug_str:0000000000000469 .LASF77
C:\Users\User\AppData\Local\Temp\cc2wv8HG.s:3669   .debug_loclists:0000000000000232 .LLST19
C:\Users\User\AppData\Local\Temp\cc2wv8HG.s:4515   .debug_str:00000000000003c2 .LASF78
C:\Users\User\AppData\Local\Temp\cc2wv8HG.s:1060   .text.I2C_FastModeDutyCycleConfig:0000000000000000 .LFB66
C:\Users\User\AppData\Local\Temp\cc2wv8HG.s:1088   .text.I2C_FastModeDutyCycleConfig:000000000000001a .LFE66
C:\Users\User\AppData\Local\Temp\cc2wv8HG.s:4607   .debug_str:000000000000060d .LASF79
C:\Users\User\AppData\Local\Temp\cc2wv8HG.s:1027   .text.I2C_StretchClockCmd:0000000000000000 .LFB65
C:\Users\User\AppData\Local\Temp\cc2wv8HG.s:1053   .text.I2C_StretchClockCmd:000000000000001a .LFE65
C:\Users\User\AppData\Local\Temp\cc2wv8HG.s:4455   .debug_str:0000000000000172 .LASF80
C:\Users\User\AppData\Local\Temp\cc2wv8HG.s:4561   .debug_str:00000000000004e2 .LASF81
C:\Users\User\AppData\Local\Temp\cc2wv8HG.s:994    .text.I2C_ARPCmd:0000000000000000 .LFB64
C:\Users\User\AppData\Local\Temp\cc2wv8HG.s:1020   .text.I2C_ARPCmd:0000000000000018 .LFE64
C:\Users\User\AppData\Local\Temp\cc2wv8HG.s:4471   .debug_str:00000000000001d7 .LASF82
C:\Users\User\AppData\Local\Temp\cc2wv8HG.s:975    .text.I2C_GetPEC:0000000000000000 .LFB63
C:\Users\User\AppData\Local\Temp\cc2wv8HG.s:987    .text.I2C_GetPEC:0000000000000006 .LFE63
C:\Users\User\AppData\Local\Temp\cc2wv8HG.s:3720   .debug_loclists:000000000000027c .LLST14
C:\Users\User\AppData\Local\Temp\cc2wv8HG.s:4403   .debug_str:0000000000000029 .LASF83
C:\Users\User\AppData\Local\Temp\cc2wv8HG.s:942    .text.I2C_CalculatePEC:0000000000000000 .LFB62
C:\Users\User\AppData\Local\Temp\cc2wv8HG.s:968    .text.I2C_CalculatePEC:000000000000001a .LFE62
C:\Users\User\AppData\Local\Temp\cc2wv8HG.s:4583   .debug_str:0000000000000562 .LASF85
C:\Users\User\AppData\Local\Temp\cc2wv8HG.s:4477   .debug_str:00000000000001fd .LASF86
C:\Users\User\AppData\Local\Temp\cc2wv8HG.s:4423   .debug_str:00000000000000b2 .LASF87
C:\Users\User\AppData\Local\Temp\cc2wv8HG.s:898    .text.I2C_TransmitPEC:0000000000000000 .LFB60
C:\Users\User\AppData\Local\Temp\cc2wv8HG.s:923    .text.I2C_TransmitPEC:0000000000000014 .LFE60
C:\Users\User\AppData\Local\Temp\cc2wv8HG.s:4447   .debug_str:0000000000000147 .LASF88
C:\Users\User\AppData\Local\Temp\cc2wv8HG.s:863    .text.I2C_SMBusAlertConfig:0000000000000000 .LFB59
C:\Users\User\AppData\Local\Temp\cc2wv8HG.s:891    .text.I2C_SMBusAlertConfig:000000000000001a .LFE59
C:\Users\User\AppData\Local\Temp\cc2wv8HG.s:4611   .debug_str:0000000000000630 .LASF89
C:\Users\User\AppData\Local\Temp\cc2wv8HG.s:4489   .debug_str:000000000000024f .LASF90
C:\Users\User\AppData\Local\Temp\cc2wv8HG.s:828    .text.I2C_NACKPositionConfig:0000000000000000 .LFB58
C:\Users\User\AppData\Local\Temp\cc2wv8HG.s:856    .text.I2C_NACKPositionConfig:000000000000001e .LFE58
C:\Users\User\AppData\Local\Temp\cc2wv8HG.s:4443   .debug_str:000000000000012e .LASF91
C:\Users\User\AppData\Local\Temp\cc2wv8HG.s:4419   .debug_str:0000000000000095 .LASF92
C:\Users\User\AppData\Local\Temp\cc2wv8HG.s:797    .text.I2C_SoftwareResetCmd:0000000000000000 .LFB57
C:\Users\User\AppData\Local\Temp\cc2wv8HG.s:821    .text.I2C_SoftwareResetCmd:0000000000000012 .LFE57
C:\Users\User\AppData\Local\Temp\cc2wv8HG.s:4589   .debug_str:0000000000000592 .LASF93
C:\Users\User\AppData\Local\Temp\cc2wv8HG.s:760    .text.I2C_ReadRegister:0000000000000000 .LFB56
C:\Users\User\AppData\Local\Temp\cc2wv8HG.s:790    .text.I2C_ReadRegister:0000000000000014 .LFE56
C:\Users\User\AppData\Local\Temp\cc2wv8HG.s:3735   .debug_loclists:0000000000000296 .LLST12
C:\Users\User\AppData\Local\Temp\cc2wv8HG.s:4553   .debug_str:00000000000004ac .LASF94
C:\Users\User\AppData\Local\Temp\cc2wv8HG.s:3750   .debug_loclists:00000000000002b0 .LLST13
C:\Users\User\AppData\Local\Temp\cc2wv8HG.s:4625   .debug_str:000000000000067d .LASF95
C:\Users\User\AppData\Local\Temp\cc2wv8HG.s:733    .text.I2C_Send7bitAddress:0000000000000000 .LFB55
C:\Users\User\AppData\Local\Temp\cc2wv8HG.s:753    .text.I2C_Send7bitAddress:000000000000000e .LFE55
C:\Users\User\AppData\Local\Temp\cc2wv8HG.s:4429   .debug_str:00000000000000d2 .LASF96
C:\Users\User\AppData\Local\Temp\cc2wv8HG.s:3765   .debug_loclists:00000000000002ca .LLST11
C:\Users\User\AppData\Local\Temp\cc2wv8HG.s:4495   .debug_str:0000000000000275 .LASF97
C:\Users\User\AppData\Local\Temp\cc2wv8HG.s:4511   .debug_str:000000000000039c .LASF98
C:\Users\User\AppData\Local\Temp\cc2wv8HG.s:714    .text.I2C_ReceiveData:0000000000000000 .LFB54
C:\Users\User\AppData\Local\Temp\cc2wv8HG.s:726    .text.I2C_ReceiveData:0000000000000008 .LFE54
C:\Users\User\AppData\Local\Temp\cc2wv8HG.s:3777   .debug_loclists:00000000000002e1 .LLST10
C:\Users\User\AppData\Local\Temp\cc2wv8HG.s:4623   .debug_str:0000000000000670 .LASF99
C:\Users\User\AppData\Local\Temp\cc2wv8HG.s:697    .text.I2C_SendData:0000000000000000 .LFB53
C:\Users\User\AppData\Local\Temp\cc2wv8HG.s:707    .text.I2C_SendData:0000000000000004 .LFE53
C:\Users\User\AppData\Local\Temp\cc2wv8HG.s:4493   .debug_str:0000000000000270 .LASF100
C:\Users\User\AppData\Local\Temp\cc2wv8HG.s:4525   .debug_str:0000000000000417 .LASF101
C:\Users\User\AppData\Local\Temp\cc2wv8HG.s:667    .text.I2C_ITConfig:0000000000000000 .LFB52
C:\Users\User\AppData\Local\Temp\cc2wv8HG.s:690    .text.I2C_ITConfig:0000000000000012 .LFE52
C:\Users\User\AppData\Local\Temp\cc2wv8HG.s:3792   .debug_loclists:00000000000002fb .LLST9
C:\Users\User\AppData\Local\Temp\cc2wv8HG.s:4487   .debug_str:000000000000023c .LASF102
C:\Users\User\AppData\Local\Temp\cc2wv8HG.s:634    .text.I2C_GeneralCallCmd:0000000000000000 .LFB51
C:\Users\User\AppData\Local\Temp\cc2wv8HG.s:660    .text.I2C_GeneralCallCmd:000000000000001a .LFE51
C:\Users\User\AppData\Local\Temp\cc2wv8HG.s:4485   .debug_str:0000000000000229 .LASF103
C:\Users\User\AppData\Local\Temp\cc2wv8HG.s:601    .text.I2C_DualAddressCmd:0000000000000000 .LFB50
C:\Users\User\AppData\Local\Temp\cc2wv8HG.s:627    .text.I2C_DualAddressCmd:0000000000000018 .LFE50
C:\Users\User\AppData\Local\Temp\cc2wv8HG.s:4603   .debug_str:00000000000005e8 .LASF104
C:\Users\User\AppData\Local\Temp\cc2wv8HG.s:566    .text.I2C_OwnAddress2Config:0000000000000000 .LFB49
C:\Users\User\AppData\Local\Temp\cc2wv8HG.s:594    .text.I2C_OwnAddress2Config:0000000000000014 .LFE49
C:\Users\User\AppData\Local\Temp\cc2wv8HG.s:3807   .debug_loclists:0000000000000315 .LLST7
C:\Users\User\AppData\Local\Temp\cc2wv8HG.s:4499   .debug_str:0000000000000368 .LASF105
C:\Users\User\AppData\Local\Temp\cc2wv8HG.s:3822   .debug_loclists:000000000000032f .LLST8
C:\Users\User\AppData\Local\Temp\cc2wv8HG.s:4529   .debug_str:000000000000042d .LASF106
C:\Users\User\AppData\Local\Temp\cc2wv8HG.s:533    .text.I2C_AcknowledgeConfig:0000000000000000 .LFB48
C:\Users\User\AppData\Local\Temp\cc2wv8HG.s:559    .text.I2C_AcknowledgeConfig:000000000000001a .LFE48
C:\Users\User\AppData\Local\Temp\cc2wv8HG.s:4475   .debug_str:00000000000001ec .LASF107
C:\Users\User\AppData\Local\Temp\cc2wv8HG.s:500    .text.I2C_GenerateSTOP:0000000000000000 .LFB47
C:\Users\User\AppData\Local\Temp\cc2wv8HG.s:526    .text.I2C_GenerateSTOP:000000000000001a .LFE47
C:\Users\User\AppData\Local\Temp\cc2wv8HG.s:4555   .debug_str:00000000000004b9 .LASF108
C:\Users\User\AppData\Local\Temp\cc2wv8HG.s:467    .text.I2C_GenerateSTART:0000000000000000 .LFB46
C:\Users\User\AppData\Local\Temp\cc2wv8HG.s:493    .text.I2C_GenerateSTART:000000000000001a .LFE46
C:\Users\User\AppData\Local\Temp\cc2wv8HG.s:4467   .debug_str:00000000000001b2 .LASF109
C:\Users\User\AppData\Local\Temp\cc2wv8HG.s:435    .text.I2C_DMALastTransferCmd:0000000000000000 .LFB45
C:\Users\User\AppData\Local\Temp\cc2wv8HG.s:460    .text.I2C_DMALastTransferCmd:0000000000000014 .LFE45
C:\Users\User\AppData\Local\Temp\cc2wv8HG.s:4407   .debug_str:0000000000000043 .LASF110
C:\Users\User\AppData\Local\Temp\cc2wv8HG.s:403    .text.I2C_DMACmd:0000000000000000 .LFB44
C:\Users\User\AppData\Local\Temp\cc2wv8HG.s:428    .text.I2C_DMACmd:0000000000000016 .LFE44
C:\Users\User\AppData\Local\Temp\cc2wv8HG.s:4421   .debug_str:00000000000000aa .LASF111
C:\Users\User\AppData\Local\Temp\cc2wv8HG.s:370    .text.I2C_Cmd:0000000000000000 .LFB43
C:\Users\User\AppData\Local\Temp\cc2wv8HG.s:396    .text.I2C_Cmd:0000000000000018 .LFE43
C:\Users\User\AppData\Local\Temp\cc2wv8HG.s:4593   .debug_str:00000000000005ae .LASF112
C:\Users\User\AppData\Local\Temp\cc2wv8HG.s:337    .text.I2C_StructInit:0000000000000000 .LFB42
C:\Users\User\AppData\Local\Temp\cc2wv8HG.s:363    .text.I2C_StructInit:0000000000000018 .LFE42
C:\Users\User\AppData\Local\Temp\cc2wv8HG.s:4413   .debug_str:000000000000005f .LASF113
C:\Users\User\AppData\Local\Temp\cc2wv8HG.s:4621   .debug_str:0000000000000667 .LASF114
C:\Users\User\AppData\Local\Temp\cc2wv8HG.s:108    .text.I2C_Init:0000000000000000 .LFB41
C:\Users\User\AppData\Local\Temp\cc2wv8HG.s:330    .text.I2C_Init:0000000000000106 .LFE41
C:\Users\User\AppData\Local\Temp\cc2wv8HG.s:3835   .debug_loclists:0000000000000347 .LLST1
C:\Users\User\AppData\Local\Temp\cc2wv8HG.s:3847   .debug_loclists:000000000000035e .LLST2
C:\Users\User\AppData\Local\Temp\cc2wv8HG.s:3859   .debug_loclists:0000000000000375 .LLST3
C:\Users\User\AppData\Local\Temp\cc2wv8HG.s:4585   .debug_str:0000000000000578 .LASF115
C:\Users\User\AppData\Local\Temp\cc2wv8HG.s:3922   .debug_loclists:00000000000003f5 .LLST4
C:\Users\User\AppData\Local\Temp\cc2wv8HG.s:4399   .debug_str:0000000000000010 .LASF116
C:\Users\User\AppData\Local\Temp\cc2wv8HG.s:3961   .debug_loclists:000000000000043c .LLST5
C:\Users\User\AppData\Local\Temp\cc2wv8HG.s:4463   .debug_str:000000000000019f .LASF117
C:\Users\User\AppData\Local\Temp\cc2wv8HG.s:4048   .debug_loclists:00000000000004c2 .LLST6
C:\Users\User\AppData\Local\Temp\cc2wv8HG.s:4427   .debug_str:00000000000000c7 .LASF118
C:\Users\User\AppData\Local\Temp\cc2wv8HG.s:138    .text.I2C_Init:000000000000001a .LVL17
C:\Users\User\AppData\Local\Temp\cc2wv8HG.s:4597   .debug_str:00000000000005c5 .LASF119
C:\Users\User\AppData\Local\Temp\cc2wv8HG.s:15     .text.I2C_DeInit:0000000000000000 .LFB40
C:\Users\User\AppData\Local\Temp\cc2wv8HG.s:101    .text.I2C_DeInit:000000000000009a .LFE40
C:\Users\User\AppData\Local\Temp\cc2wv8HG.s:4096   .debug_loclists:0000000000000524 .LLST0
C:\Users\User\AppData\Local\Temp\cc2wv8HG.s:33     .text.I2C_DeInit:0000000000000022 .LVL2
C:\Users\User\AppData\Local\Temp\cc2wv8HG.s:40     .text.I2C_DeInit:0000000000000030 .LVL3
C:\Users\User\AppData\Local\Temp\cc2wv8HG.s:60     .text.I2C_DeInit:0000000000000052 .LVL6
C:\Users\User\AppData\Local\Temp\cc2wv8HG.s:76     .text.I2C_DeInit:0000000000000070 .LVL9
C:\Users\User\AppData\Local\Temp\cc2wv8HG.s:92     .text.I2C_DeInit:000000000000008c .LVL12
C:\Users\User\AppData\Local\Temp\cc2wv8HG.s:97     .text.I2C_DeInit:0000000000000098 .LVL13
C:\Users\User\AppData\Local\Temp\cc2wv8HG.s:1251   .text.I2C_ClearFlag:0000000000000000 .LFB70
C:\Users\User\AppData\Local\Temp\cc2wv8HG.s:1268   .text.I2C_ClearFlag:000000000000000c .LFE70
C:\Users\User\AppData\Local\Temp\cc2wv8HG.s:4150   .debug_loclists:0000000000000589 .LLST27
C:\Users\User\AppData\Local\Temp\cc2wv8HG.s:4173   .debug_loclists:00000000000005b1 .LLST28
C:\Users\User\AppData\Local\Temp\cc2wv8HG.s:1278   .text.I2C_GetITStatus:0000000000000000 .LVL101
C:\Users\User\AppData\Local\Temp\cc2wv8HG.s:1286   .text.I2C_GetITStatus:0000000000000004 .LVL102
C:\Users\User\AppData\Local\Temp\cc2wv8HG.s:1289   .text.I2C_GetITStatus:0000000000000008 .LVL103
C:\Users\User\AppData\Local\Temp\cc2wv8HG.s:1305   .text.I2C_GetITStatus:000000000000001a .LVL106
C:\Users\User\AppData\Local\Temp\cc2wv8HG.s:1297   .text.I2C_GetITStatus:0000000000000010 .LVL104
C:\Users\User\AppData\Local\Temp\cc2wv8HG.s:1300   .text.I2C_GetITStatus:0000000000000012 .LVL105
C:\Users\User\AppData\Local\Temp\cc2wv8HG.s:1177   .text.I2C_GetFlagStatus:0000000000000000 .LVL91
C:\Users\User\AppData\Local\Temp\cc2wv8HG.s:1218   .text.I2C_GetFlagStatus:0000000000000020 .LVL94
C:\Users\User\AppData\Local\Temp\cc2wv8HG.s:1230   .text.I2C_GetFlagStatus:000000000000002a .LVL96
C:\Users\User\AppData\Local\Temp\cc2wv8HG.s:1200   .text.I2C_GetFlagStatus:0000000000000012 .LVL92
C:\Users\User\AppData\Local\Temp\cc2wv8HG.s:1202   .text.I2C_GetFlagStatus:0000000000000014 .LVL93
C:\Users\User\AppData\Local\Temp\cc2wv8HG.s:1226   .text.I2C_GetFlagStatus:0000000000000024 .LVL95
C:\Users\User\AppData\Local\Temp\cc2wv8HG.s:1141   .text.I2C_GetLastEvent:0000000000000000 .LVL86
C:\Users\User\AppData\Local\Temp\cc2wv8HG.s:1151   .text.I2C_GetLastEvent:0000000000000004 .LVL88
C:\Users\User\AppData\Local\Temp\cc2wv8HG.s:1157   .text.I2C_GetLastEvent:0000000000000006 .LVL89
C:\Users\User\AppData\Local\Temp\cc2wv8HG.s:1147   .text.I2C_GetLastEvent:0000000000000002 .LVL87
C:\Users\User\AppData\Local\Temp\cc2wv8HG.s:1160   .text.I2C_GetLastEvent:0000000000000008 .LVL90
C:\Users\User\AppData\Local\Temp\cc2wv8HG.s:1098   .text.I2C_CheckEvent:0000000000000000 .LVL80
C:\Users\User\AppData\Local\Temp\cc2wv8HG.s:1109   .text.I2C_CheckEvent:0000000000000004 .LVL82
C:\Users\User\AppData\Local\Temp\cc2wv8HG.s:1116   .text.I2C_CheckEvent:0000000000000006 .LVL83
C:\Users\User\AppData\Local\Temp\cc2wv8HG.s:1119   .text.I2C_CheckEvent:0000000000000008 .LVL84
C:\Users\User\AppData\Local\Temp\cc2wv8HG.s:1122   .text.I2C_CheckEvent:000000000000000a .LVL85
C:\Users\User\AppData\Local\Temp\cc2wv8HG.s:1105   .text.I2C_CheckEvent:0000000000000002 .LVL81
C:\Users\User\AppData\Local\Temp\cc2wv8HG.s:978    .text.I2C_GetPEC:0000000000000000 .LVL75
C:\Users\User\AppData\Local\Temp\cc2wv8HG.s:982    .text.I2C_GetPEC:0000000000000002 .LVL76
C:\Users\User\AppData\Local\Temp\cc2wv8HG.s:763    .text.I2C_ReadRegister:0000000000000000 .LVL67
C:\Users\User\AppData\Local\Temp\cc2wv8HG.s:784    .text.I2C_ReadRegister:0000000000000010 .LVL69
C:\Users\User\AppData\Local\Temp\cc2wv8HG.s:777    .text.I2C_ReadRegister:000000000000000a .LVL68
C:\Users\User\AppData\Local\Temp\cc2wv8HG.s:736    .text.I2C_Send7bitAddress:0000000000000000 .LVL65
C:\Users\User\AppData\Local\Temp\cc2wv8HG.s:745    .text.I2C_Send7bitAddress:000000000000000a .LVL66
C:\Users\User\AppData\Local\Temp\cc2wv8HG.s:717    .text.I2C_ReceiveData:0000000000000000 .LVL63
C:\Users\User\AppData\Local\Temp\cc2wv8HG.s:721    .text.I2C_ReceiveData:0000000000000002 .LVL64
C:\Users\User\AppData\Local\Temp\cc2wv8HG.s:670    .text.I2C_ITConfig:0000000000000000 .LVL60
C:\Users\User\AppData\Local\Temp\cc2wv8HG.s:685    .text.I2C_ITConfig:000000000000000e .LVL61
C:\Users\User\AppData\Local\Temp\cc2wv8HG.s:569    .text.I2C_OwnAddress2Config:0000000000000000 .LVL53
C:\Users\User\AppData\Local\Temp\cc2wv8HG.s:576    .text.I2C_OwnAddress2Config:0000000000000006 .LVL54
C:\Users\User\AppData\Local\Temp\cc2wv8HG.s:579    .text.I2C_OwnAddress2Config:000000000000000a .LVL55
C:\Users\User\AppData\Local\Temp\cc2wv8HG.s:111    .text.I2C_Init:0000000000000000 .LVL14
C:\Users\User\AppData\Local\Temp\cc2wv8HG.s:133    .text.I2C_Init:0000000000000010 .LVL16
C:\Users\User\AppData\Local\Temp\cc2wv8HG.s:119    .text.I2C_Init:0000000000000008 .LVL15
C:\Users\User\AppData\Local\Temp\cc2wv8HG.s:145    .text.I2C_Init:0000000000000024 .LVL18
C:\Users\User\AppData\Local\Temp\cc2wv8HG.s:151    .text.I2C_Init:000000000000002c .LVL19
C:\Users\User\AppData\Local\Temp\cc2wv8HG.s:154    .text.I2C_Init:0000000000000034 .LVL20
C:\Users\User\AppData\Local\Temp\cc2wv8HG.s:189    .text.I2C_Init:0000000000000060 .LVL23
C:\Users\User\AppData\Local\Temp\cc2wv8HG.s:208    .text.I2C_Init:0000000000000078 .LVL27
C:\Users\User\AppData\Local\Temp\cc2wv8HG.s:223    .text.I2C_Init:0000000000000084 .LVL28
C:\Users\User\AppData\Local\Temp\cc2wv8HG.s:230    .text.I2C_Init:0000000000000092 .LVL29
C:\Users\User\AppData\Local\Temp\cc2wv8HG.s:238    .text.I2C_Init:000000000000009a .LVL30
C:\Users\User\AppData\Local\Temp\cc2wv8HG.s:254    .text.I2C_Init:00000000000000aa .LVL33
C:\Users\User\AppData\Local\Temp\cc2wv8HG.s:257    .text.I2C_Init:00000000000000ae .LVL34
C:\Users\User\AppData\Local\Temp\cc2wv8HG.s:269    .text.I2C_Init:00000000000000b8 .LVL36
C:\Users\User\AppData\Local\Temp\cc2wv8HG.s:307    .text.I2C_Init:00000000000000ec .LVL41
C:\Users\User\AppData\Local\Temp\cc2wv8HG.s:312    .text.I2C_Init:00000000000000f2 .LVL42
C:\Users\User\AppData\Local\Temp\cc2wv8HG.s:168    .text.I2C_Init:0000000000000048 .LVL21
C:\Users\User\AppData\Local\Temp\cc2wv8HG.s:302    .text.I2C_Init:00000000000000e4 .LVL40
C:\Users\User\AppData\Local\Temp\cc2wv8HG.s:196    .text.I2C_Init:0000000000000068 .LVL24
C:\Users\User\AppData\Local\Temp\cc2wv8HG.s:200    .text.I2C_Init:000000000000006a .LVL25
C:\Users\User\AppData\Local\Temp\cc2wv8HG.s:203    .text.I2C_Init:000000000000006e .LVL26
C:\Users\User\AppData\Local\Temp\cc2wv8HG.s:287    .text.I2C_Init:00000000000000d2 .LVL38
C:\Users\User\AppData\Local\Temp\cc2wv8HG.s:323    .text.I2C_Init:0000000000000100 .LVL44
C:\Users\User\AppData\Local\Temp\cc2wv8HG.s:262    .text.I2C_Init:00000000000000b0 .LVL35
C:\Users\User\AppData\Local\Temp\cc2wv8HG.s:284    .text.I2C_Init:00000000000000ce .LVL37
C:\Users\User\AppData\Local\Temp\cc2wv8HG.s:320    .text.I2C_Init:00000000000000fc .LVL43
C:\Users\User\AppData\Local\Temp\cc2wv8HG.s:19     .text.I2C_DeInit:0000000000000000 .LVL0
C:\Users\User\AppData\Local\Temp\cc2wv8HG.s:31     .text.I2C_DeInit:000000000000001a .LVL1
C:\Users\User\AppData\Local\Temp\cc2wv8HG.s:47     .text.I2C_DeInit:0000000000000038 .LVL4
C:\Users\User\AppData\Local\Temp\cc2wv8HG.s:58     .text.I2C_DeInit:000000000000004a .LVL5
C:\Users\User\AppData\Local\Temp\cc2wv8HG.s:65     .text.I2C_DeInit:000000000000005a .LVL7
C:\Users\User\AppData\Local\Temp\cc2wv8HG.s:74     .text.I2C_DeInit:0000000000000068 .LVL8
C:\Users\User\AppData\Local\Temp\cc2wv8HG.s:81     .text.I2C_DeInit:0000000000000078 .LVL10
C:\Users\User\AppData\Local\Temp\cc2wv8HG.s:90     .text.I2C_DeInit:0000000000000084 .LVL11
C:\Users\User\AppData\Local\Temp\cc2wv8HG.s:1254   .text.I2C_ClearFlag:0000000000000000 .LVL98
C:\Users\User\AppData\Local\Temp\cc2wv8HG.s:1260   .text.I2C_ClearFlag:0000000000000004 .LVL99
C:\Users\User\AppData\Local\Temp\cc2wv8HG.s:1262   .text.I2C_ClearFlag:0000000000000008 .LVL100
C:\Users\User\AppData\Local\Temp\cc2wv8HG.s:1337   .debug_info:0000000000000000 .Ldebug_info0
C:\Users\User\AppData\Local\Temp\cc2wv8HG.s:930    .text.I2C_PECPositionConfig:0000000000000000 .LFB74
C:\Users\User\AppData\Local\Temp\cc2wv8HG.s:935    .text.I2C_PECPositionConfig:0000000000000008 .LFE74
C:\Users\User\AppData\Local\Temp\cc2wv8HG.s:1318   .text.I2C_ClearITPendingBit:0000000000000000 .LFB76
C:\Users\User\AppData\Local\Temp\cc2wv8HG.s:1326   .text.I2C_ClearITPendingBit:000000000000000c .LFE76

UNDEFINED SYMBOLS
__riscv_save_0
RCC_HB1PeriphResetCmd
__riscv_restore_0
RCC_HB2PeriphResetCmd
__riscv_save_3
RCC_GetClocksFreq
__riscv_restore_3
