   1              		.file	"ch32h417_sdio.c"
   2              		.option nopic
   3              		.attribute arch, "rv32i2p0_m2p0_a2p0_c2p0_zba1p0_zbb1p0_zbc1p0_zbs1p0_xw"
   4              		.attribute unaligned_access, 0
   5              		.attribute stack_align, 16
   6              		.text
   7              	.Ltext0:
   8              		.cfi_sections	.debug_frame
   9              		.file 0 "c:\\Users\\User\\Documents\\GitHub\\ch32h417\\EVT\\EXAM\\USBFS\\DEVICE\\SimulateCDC\\V3F\
  10              		.section	.text.SDIO_DeInit,"ax",@progbits
  11              		.align	1
  12              		.globl	SDIO_DeInit
  14              	SDIO_DeInit:
  15              	.LFB40:
  16              		.file 1 "c:/Users/User/Documents/GitHub/ch32h417/EVT/EXAM/SRC/Peripheral/src/ch32h417_sdio.c"
   1:c:/Users/User/Documents/GitHub/ch32h417/EVT/EXAM/SRC/Peripheral/src\ch32h417_sdio.c **** /********************************** (C) COPYRIGHT  *******************************
   2:c:/Users/User/Documents/GitHub/ch32h417/EVT/EXAM/SRC/Peripheral/src\ch32h417_sdio.c **** * File Name          : ch32h417_sdio.c
   3:c:/Users/User/Documents/GitHub/ch32h417/EVT/EXAM/SRC/Peripheral/src\ch32h417_sdio.c **** * Author             : WCH
   4:c:/Users/User/Documents/GitHub/ch32h417/EVT/EXAM/SRC/Peripheral/src\ch32h417_sdio.c **** * Version            : V1.0.0
   5:c:/Users/User/Documents/GitHub/ch32h417/EVT/EXAM/SRC/Peripheral/src\ch32h417_sdio.c **** * Date               : 2025/03/01
   6:c:/Users/User/Documents/GitHub/ch32h417/EVT/EXAM/SRC/Peripheral/src\ch32h417_sdio.c **** * Description        : This file provides all the SDIO firmware functions.
   7:c:/Users/User/Documents/GitHub/ch32h417/EVT/EXAM/SRC/Peripheral/src\ch32h417_sdio.c **** *********************************************************************************
   8:c:/Users/User/Documents/GitHub/ch32h417/EVT/EXAM/SRC/Peripheral/src\ch32h417_sdio.c **** * Copyright (c) 2025 Nanjing Qinheng Microelectronics Co., Ltd.
   9:c:/Users/User/Documents/GitHub/ch32h417/EVT/EXAM/SRC/Peripheral/src\ch32h417_sdio.c **** * Attention: This software (modified or not) and binary are used for 
  10:c:/Users/User/Documents/GitHub/ch32h417/EVT/EXAM/SRC/Peripheral/src\ch32h417_sdio.c **** * microcontroller manufactured by Nanjing Qinheng Microelectronics.
  11:c:/Users/User/Documents/GitHub/ch32h417/EVT/EXAM/SRC/Peripheral/src\ch32h417_sdio.c **** *******************************************************************************/
  12:c:/Users/User/Documents/GitHub/ch32h417/EVT/EXAM/SRC/Peripheral/src\ch32h417_sdio.c **** #include "ch32h417_sdio.h"
  13:c:/Users/User/Documents/GitHub/ch32h417/EVT/EXAM/SRC/Peripheral/src\ch32h417_sdio.c **** #include "ch32h417_rcc.h"
  14:c:/Users/User/Documents/GitHub/ch32h417/EVT/EXAM/SRC/Peripheral/src\ch32h417_sdio.c **** 
  15:c:/Users/User/Documents/GitHub/ch32h417/EVT/EXAM/SRC/Peripheral/src\ch32h417_sdio.c **** #define SDIO_OFFSET         (SDIO_BASE - PERIPH_BASE)
  16:c:/Users/User/Documents/GitHub/ch32h417/EVT/EXAM/SRC/Peripheral/src\ch32h417_sdio.c **** 
  17:c:/Users/User/Documents/GitHub/ch32h417/EVT/EXAM/SRC/Peripheral/src\ch32h417_sdio.c **** /* CLKCR register clear mask */
  18:c:/Users/User/Documents/GitHub/ch32h417/EVT/EXAM/SRC/Peripheral/src\ch32h417_sdio.c **** #define CLKCR_CLEAR_MASK    ((uint32_t)0xFFFF8100)
  19:c:/Users/User/Documents/GitHub/ch32h417/EVT/EXAM/SRC/Peripheral/src\ch32h417_sdio.c **** 
  20:c:/Users/User/Documents/GitHub/ch32h417/EVT/EXAM/SRC/Peripheral/src\ch32h417_sdio.c **** /* SDIO PWRCTRL Mask */
  21:c:/Users/User/Documents/GitHub/ch32h417/EVT/EXAM/SRC/Peripheral/src\ch32h417_sdio.c **** #define PWR_PWRCTRL_MASK    ((uint32_t)0xFFFFFFFC)
  22:c:/Users/User/Documents/GitHub/ch32h417/EVT/EXAM/SRC/Peripheral/src\ch32h417_sdio.c **** 
  23:c:/Users/User/Documents/GitHub/ch32h417/EVT/EXAM/SRC/Peripheral/src\ch32h417_sdio.c **** /* SDIO DCTRL Clear Mask */
  24:c:/Users/User/Documents/GitHub/ch32h417/EVT/EXAM/SRC/Peripheral/src\ch32h417_sdio.c **** #define DCTRL_CLEAR_MASK    ((uint32_t)0xFFFFFF08)
  25:c:/Users/User/Documents/GitHub/ch32h417/EVT/EXAM/SRC/Peripheral/src\ch32h417_sdio.c **** 
  26:c:/Users/User/Documents/GitHub/ch32h417/EVT/EXAM/SRC/Peripheral/src\ch32h417_sdio.c **** /* CMD Register clear mask */
  27:c:/Users/User/Documents/GitHub/ch32h417/EVT/EXAM/SRC/Peripheral/src\ch32h417_sdio.c **** #define CMD_CLEAR_MASK      ((uint32_t)0xFFFFF800)
  28:c:/Users/User/Documents/GitHub/ch32h417/EVT/EXAM/SRC/Peripheral/src\ch32h417_sdio.c **** 
  29:c:/Users/User/Documents/GitHub/ch32h417/EVT/EXAM/SRC/Peripheral/src\ch32h417_sdio.c **** /* SDIO RESP Registers Address */
  30:c:/Users/User/Documents/GitHub/ch32h417/EVT/EXAM/SRC/Peripheral/src\ch32h417_sdio.c **** #define SDIO_RESP_ADDR      ((uint32_t)(SDIO_BASE + 0x14))
  31:c:/Users/User/Documents/GitHub/ch32h417/EVT/EXAM/SRC/Peripheral/src\ch32h417_sdio.c **** 
  32:c:/Users/User/Documents/GitHub/ch32h417/EVT/EXAM/SRC/Peripheral/src\ch32h417_sdio.c **** /*********************************************************************
  33:c:/Users/User/Documents/GitHub/ch32h417/EVT/EXAM/SRC/Peripheral/src\ch32h417_sdio.c ****  * @fn      SDIO_DeInit
  34:c:/Users/User/Documents/GitHub/ch32h417/EVT/EXAM/SRC/Peripheral/src\ch32h417_sdio.c ****  *
  35:c:/Users/User/Documents/GitHub/ch32h417/EVT/EXAM/SRC/Peripheral/src\ch32h417_sdio.c ****  * @brief   Deinitializes the SDIO peripheral registers to their default
  36:c:/Users/User/Documents/GitHub/ch32h417/EVT/EXAM/SRC/Peripheral/src\ch32h417_sdio.c ****  *        reset values.
  37:c:/Users/User/Documents/GitHub/ch32h417/EVT/EXAM/SRC/Peripheral/src\ch32h417_sdio.c ****  *
  38:c:/Users/User/Documents/GitHub/ch32h417/EVT/EXAM/SRC/Peripheral/src\ch32h417_sdio.c ****  * @return  RTC counter value
  39:c:/Users/User/Documents/GitHub/ch32h417/EVT/EXAM/SRC/Peripheral/src\ch32h417_sdio.c ****  */
  40:c:/Users/User/Documents/GitHub/ch32h417/EVT/EXAM/SRC/Peripheral/src\ch32h417_sdio.c **** void SDIO_DeInit(void)
  41:c:/Users/User/Documents/GitHub/ch32h417/EVT/EXAM/SRC/Peripheral/src\ch32h417_sdio.c **** {
  17              		.loc 1 41 1
  18              		.cfi_startproc
  42:c:/Users/User/Documents/GitHub/ch32h417/EVT/EXAM/SRC/Peripheral/src\ch32h417_sdio.c ****     SDIO->POWER = 0x00000000;
  19              		.loc 1 42 5
  20              		.loc 1 42 17 is_stmt 0
  21 0000 B7870140 		li	a5,1073840128
  22 0004 23A00700 		sw	zero,0(a5)
  43:c:/Users/User/Documents/GitHub/ch32h417/EVT/EXAM/SRC/Peripheral/src\ch32h417_sdio.c ****     SDIO->CLKCR = 0x00000000;
  23              		.loc 1 43 5 is_stmt 1
  24              		.loc 1 43 17 is_stmt 0
  25 0008 23A20700 		sw	zero,4(a5)
  44:c:/Users/User/Documents/GitHub/ch32h417/EVT/EXAM/SRC/Peripheral/src\ch32h417_sdio.c ****     SDIO->ARG = 0x00000000;
  26              		.loc 1 44 5 is_stmt 1
  27              		.loc 1 44 15 is_stmt 0
  28 000c 23A40700 		sw	zero,8(a5)
  45:c:/Users/User/Documents/GitHub/ch32h417/EVT/EXAM/SRC/Peripheral/src\ch32h417_sdio.c ****     SDIO->CMD = 0x00000000;
  29              		.loc 1 45 5 is_stmt 1
  30              		.loc 1 45 15 is_stmt 0
  31 0010 23A60700 		sw	zero,12(a5)
  46:c:/Users/User/Documents/GitHub/ch32h417/EVT/EXAM/SRC/Peripheral/src\ch32h417_sdio.c ****     SDIO->DTIMER = 0x00000000;
  32              		.loc 1 46 5 is_stmt 1
  33              		.loc 1 46 18 is_stmt 0
  34 0014 23A20702 		sw	zero,36(a5)
  47:c:/Users/User/Documents/GitHub/ch32h417/EVT/EXAM/SRC/Peripheral/src\ch32h417_sdio.c ****     SDIO->DLEN = 0x00000000;
  35              		.loc 1 47 5 is_stmt 1
  36              		.loc 1 47 16 is_stmt 0
  37 0018 23A40702 		sw	zero,40(a5)
  48:c:/Users/User/Documents/GitHub/ch32h417/EVT/EXAM/SRC/Peripheral/src\ch32h417_sdio.c ****     SDIO->DCTRL = 0x00000000;
  38              		.loc 1 48 5 is_stmt 1
  49:c:/Users/User/Documents/GitHub/ch32h417/EVT/EXAM/SRC/Peripheral/src\ch32h417_sdio.c ****     SDIO->ICR = 0x00C007FF;
  39              		.loc 1 49 15 is_stmt 0
  40 001c 3707C000 		li	a4,12582912
  48:c:/Users/User/Documents/GitHub/ch32h417/EVT/EXAM/SRC/Peripheral/src\ch32h417_sdio.c ****     SDIO->DCTRL = 0x00000000;
  41              		.loc 1 48 17
  42 0020 23A60702 		sw	zero,44(a5)
  43              		.loc 1 49 5 is_stmt 1
  44              		.loc 1 49 15 is_stmt 0
  45 0024 1307F77F 		addi	a4,a4,2047
  46 0028 98DF     		sw	a4,56(a5)
  50:c:/Users/User/Documents/GitHub/ch32h417/EVT/EXAM/SRC/Peripheral/src\ch32h417_sdio.c ****     SDIO->MASK = 0x00000000;
  47              		.loc 1 50 5 is_stmt 1
  48              		.loc 1 50 16 is_stmt 0
  49 002a 23AE0702 		sw	zero,60(a5)
  51:c:/Users/User/Documents/GitHub/ch32h417/EVT/EXAM/SRC/Peripheral/src\ch32h417_sdio.c **** }
  50              		.loc 1 51 1
  51 002e 8280     		ret
  52              		.cfi_endproc
  53              	.LFE40:
  55              		.section	.text.SDIO_Init,"ax",@progbits
  56              		.align	1
  57              		.globl	SDIO_Init
  59              	SDIO_Init:
  60              	.LFB41:
  52:c:/Users/User/Documents/GitHub/ch32h417/EVT/EXAM/SRC/Peripheral/src\ch32h417_sdio.c **** 
  53:c:/Users/User/Documents/GitHub/ch32h417/EVT/EXAM/SRC/Peripheral/src\ch32h417_sdio.c **** /*********************************************************************
  54:c:/Users/User/Documents/GitHub/ch32h417/EVT/EXAM/SRC/Peripheral/src\ch32h417_sdio.c ****  * @fn      SDIO_Init
  55:c:/Users/User/Documents/GitHub/ch32h417/EVT/EXAM/SRC/Peripheral/src\ch32h417_sdio.c ****  *
  56:c:/Users/User/Documents/GitHub/ch32h417/EVT/EXAM/SRC/Peripheral/src\ch32h417_sdio.c ****  * @brief   Initializes the SDIO peripheral according to the specified
  57:c:/Users/User/Documents/GitHub/ch32h417/EVT/EXAM/SRC/Peripheral/src\ch32h417_sdio.c ****  *        parameters in the SDIO_InitStruct.
  58:c:/Users/User/Documents/GitHub/ch32h417/EVT/EXAM/SRC/Peripheral/src\ch32h417_sdio.c ****  *
  59:c:/Users/User/Documents/GitHub/ch32h417/EVT/EXAM/SRC/Peripheral/src\ch32h417_sdio.c ****  * @param   SDIO_InitStruct - pointer to a SDIO_InitTypeDef structure
  60:c:/Users/User/Documents/GitHub/ch32h417/EVT/EXAM/SRC/Peripheral/src\ch32h417_sdio.c ****  *        that contains the configuration information for the SDIO peripheral.
  61:c:/Users/User/Documents/GitHub/ch32h417/EVT/EXAM/SRC/Peripheral/src\ch32h417_sdio.c ****  *
  62:c:/Users/User/Documents/GitHub/ch32h417/EVT/EXAM/SRC/Peripheral/src\ch32h417_sdio.c ****  * @return  none
  63:c:/Users/User/Documents/GitHub/ch32h417/EVT/EXAM/SRC/Peripheral/src\ch32h417_sdio.c ****  */
  64:c:/Users/User/Documents/GitHub/ch32h417/EVT/EXAM/SRC/Peripheral/src\ch32h417_sdio.c **** void SDIO_Init(SDIO_InitTypeDef *SDIO_InitStruct)
  65:c:/Users/User/Documents/GitHub/ch32h417/EVT/EXAM/SRC/Peripheral/src\ch32h417_sdio.c **** {
  61              		.loc 1 65 1 is_stmt 1
  62              		.cfi_startproc
  63              	.LVL0:
  66:c:/Users/User/Documents/GitHub/ch32h417/EVT/EXAM/SRC/Peripheral/src\ch32h417_sdio.c ****     uint32_t tmpreg = 0;
  64              		.loc 1 66 5
  67:c:/Users/User/Documents/GitHub/ch32h417/EVT/EXAM/SRC/Peripheral/src\ch32h417_sdio.c **** 
  68:c:/Users/User/Documents/GitHub/ch32h417/EVT/EXAM/SRC/Peripheral/src\ch32h417_sdio.c ****     tmpreg = SDIO->CLKCR;
  65              		.loc 1 68 5
  66 0000 5441     		lw	a3,4(a0)
  67 0002 1C45     		lw	a5,8(a0)
  68              		.loc 1 68 12 is_stmt 0
  69 0004 37860140 		li	a2,1073840128
  70 0008 5842     		lw	a4,4(a2)
  71              	.LVL1:
  69:c:/Users/User/Documents/GitHub/ch32h417/EVT/EXAM/SRC/Peripheral/src\ch32h417_sdio.c ****     tmpreg &= CLKCR_CLEAR_MASK;
  72              		.loc 1 69 5 is_stmt 1
  70:c:/Users/User/Documents/GitHub/ch32h417/EVT/EXAM/SRC/Peripheral/src\ch32h417_sdio.c ****     tmpreg |= (SDIO_InitStruct->SDIO_ClockDiv | SDIO_InitStruct->SDIO_ClockPowerSave |
  73              		.loc 1 70 5
  74 000a D58F     		or	a5,a5,a3
  69:c:/Users/User/Documents/GitHub/ch32h417/EVT/EXAM/SRC/Peripheral/src\ch32h417_sdio.c ****     tmpreg &= CLKCR_CLEAR_MASK;
  75              		.loc 1 69 12 is_stmt 0
  76 000c E176     		li	a3,-32768
  77 000e 93860610 		addi	a3,a3,256
  78 0012 758F     		and	a4,a4,a3
  79              	.LVL2:
  80 0014 D98F     		or	a5,a5,a4
  81 0016 5845     		lw	a4,12(a0)
  82 0018 D98F     		or	a5,a5,a4
  83 001a 1841     		lw	a4,0(a0)
  84 001c D98F     		or	a5,a5,a4
  85 001e 1849     		lw	a4,16(a0)
  86 0020 D98F     		or	a5,a5,a4
  87              		.loc 1 70 31
  88 0022 5829     		lbu	a4,20(a0)
  89              		.loc 1 70 12
  90 0024 D98F     		or	a5,a4,a5
  91              	.LVL3:
  71:c:/Users/User/Documents/GitHub/ch32h417/EVT/EXAM/SRC/Peripheral/src\ch32h417_sdio.c ****                SDIO_InitStruct->SDIO_ClockBypass | SDIO_InitStruct->SDIO_BusWide |
  72:c:/Users/User/Documents/GitHub/ch32h417/EVT/EXAM/SRC/Peripheral/src\ch32h417_sdio.c ****                SDIO_InitStruct->SDIO_ClockEdge | SDIO_InitStruct->SDIO_HardwareFlowControl);
  73:c:/Users/User/Documents/GitHub/ch32h417/EVT/EXAM/SRC/Peripheral/src\ch32h417_sdio.c **** 
  74:c:/Users/User/Documents/GitHub/ch32h417/EVT/EXAM/SRC/Peripheral/src\ch32h417_sdio.c ****     SDIO->CLKCR = tmpreg;
  92              		.loc 1 74 5 is_stmt 1
  93              		.loc 1 74 17 is_stmt 0
  94 0026 5CC2     		sw	a5,4(a2)
  75:c:/Users/User/Documents/GitHub/ch32h417/EVT/EXAM/SRC/Peripheral/src\ch32h417_sdio.c **** }
  95              		.loc 1 75 1
  96 0028 8280     		ret
  97              		.cfi_endproc
  98              	.LFE41:
 100              		.section	.text.SDIO_StructInit,"ax",@progbits
 101              		.align	1
 102              		.globl	SDIO_StructInit
 104              	SDIO_StructInit:
 105              	.LFB42:
  76:c:/Users/User/Documents/GitHub/ch32h417/EVT/EXAM/SRC/Peripheral/src\ch32h417_sdio.c **** 
  77:c:/Users/User/Documents/GitHub/ch32h417/EVT/EXAM/SRC/Peripheral/src\ch32h417_sdio.c **** /*********************************************************************
  78:c:/Users/User/Documents/GitHub/ch32h417/EVT/EXAM/SRC/Peripheral/src\ch32h417_sdio.c ****  * @fn      SDIO_StructInit
  79:c:/Users/User/Documents/GitHub/ch32h417/EVT/EXAM/SRC/Peripheral/src\ch32h417_sdio.c ****  *
  80:c:/Users/User/Documents/GitHub/ch32h417/EVT/EXAM/SRC/Peripheral/src\ch32h417_sdio.c ****  * @brief   Fills each SDIO_InitStruct member with its default value.
  81:c:/Users/User/Documents/GitHub/ch32h417/EVT/EXAM/SRC/Peripheral/src\ch32h417_sdio.c ****  *
  82:c:/Users/User/Documents/GitHub/ch32h417/EVT/EXAM/SRC/Peripheral/src\ch32h417_sdio.c ****  * @param   SDIO_InitStruct - pointer to an SDIO_InitTypeDef structure which
  83:c:/Users/User/Documents/GitHub/ch32h417/EVT/EXAM/SRC/Peripheral/src\ch32h417_sdio.c ****  *        will be initialized.
  84:c:/Users/User/Documents/GitHub/ch32h417/EVT/EXAM/SRC/Peripheral/src\ch32h417_sdio.c ****  *
  85:c:/Users/User/Documents/GitHub/ch32h417/EVT/EXAM/SRC/Peripheral/src\ch32h417_sdio.c ****  * @return  none
  86:c:/Users/User/Documents/GitHub/ch32h417/EVT/EXAM/SRC/Peripheral/src\ch32h417_sdio.c ****  */
  87:c:/Users/User/Documents/GitHub/ch32h417/EVT/EXAM/SRC/Peripheral/src\ch32h417_sdio.c **** void SDIO_StructInit(SDIO_InitTypeDef *SDIO_InitStruct)
  88:c:/Users/User/Documents/GitHub/ch32h417/EVT/EXAM/SRC/Peripheral/src\ch32h417_sdio.c **** {
 106              		.loc 1 88 1 is_stmt 1
 107              		.cfi_startproc
 108              	.LVL4:
  89:c:/Users/User/Documents/GitHub/ch32h417/EVT/EXAM/SRC/Peripheral/src\ch32h417_sdio.c ****     SDIO_InitStruct->SDIO_ClockDiv = 0x00;
 109              		.loc 1 89 5
 110              		.loc 1 89 36 is_stmt 0
 111 0000 230A0500 		sb	zero,20(a0)
  90:c:/Users/User/Documents/GitHub/ch32h417/EVT/EXAM/SRC/Peripheral/src\ch32h417_sdio.c ****     SDIO_InitStruct->SDIO_ClockEdge = SDIO_ClockEdge_Rising;
 112              		.loc 1 90 5 is_stmt 1
 113              		.loc 1 90 37 is_stmt 0
 114 0004 23200500 		sw	zero,0(a0)
  91:c:/Users/User/Documents/GitHub/ch32h417/EVT/EXAM/SRC/Peripheral/src\ch32h417_sdio.c ****     SDIO_InitStruct->SDIO_ClockBypass = SDIO_ClockBypass_Disable;
 115              		.loc 1 91 5 is_stmt 1
 116              		.loc 1 91 39 is_stmt 0
 117 0008 23220500 		sw	zero,4(a0)
  92:c:/Users/User/Documents/GitHub/ch32h417/EVT/EXAM/SRC/Peripheral/src\ch32h417_sdio.c ****     SDIO_InitStruct->SDIO_ClockPowerSave = SDIO_ClockPowerSave_Disable;
 118              		.loc 1 92 5 is_stmt 1
 119              		.loc 1 92 42 is_stmt 0
 120 000c 23240500 		sw	zero,8(a0)
  93:c:/Users/User/Documents/GitHub/ch32h417/EVT/EXAM/SRC/Peripheral/src\ch32h417_sdio.c ****     SDIO_InitStruct->SDIO_BusWide = SDIO_BusWide_1b;
 121              		.loc 1 93 5 is_stmt 1
 122              		.loc 1 93 35 is_stmt 0
 123 0010 23260500 		sw	zero,12(a0)
  94:c:/Users/User/Documents/GitHub/ch32h417/EVT/EXAM/SRC/Peripheral/src\ch32h417_sdio.c ****     SDIO_InitStruct->SDIO_HardwareFlowControl = SDIO_HardwareFlowControl_Disable;
 124              		.loc 1 94 5 is_stmt 1
 125              		.loc 1 94 47 is_stmt 0
 126 0014 23280500 		sw	zero,16(a0)
  95:c:/Users/User/Documents/GitHub/ch32h417/EVT/EXAM/SRC/Peripheral/src\ch32h417_sdio.c **** }
 127              		.loc 1 95 1
 128 0018 8280     		ret
 129              		.cfi_endproc
 130              	.LFE42:
 132              		.section	.text.SDIO_ClockCmd,"ax",@progbits
 133              		.align	1
 134              		.globl	SDIO_ClockCmd
 136              	SDIO_ClockCmd:
 137              	.LFB43:
  96:c:/Users/User/Documents/GitHub/ch32h417/EVT/EXAM/SRC/Peripheral/src\ch32h417_sdio.c **** 
  97:c:/Users/User/Documents/GitHub/ch32h417/EVT/EXAM/SRC/Peripheral/src\ch32h417_sdio.c **** /*********************************************************************
  98:c:/Users/User/Documents/GitHub/ch32h417/EVT/EXAM/SRC/Peripheral/src\ch32h417_sdio.c ****  * @fn      SDIO_ClockCmd
  99:c:/Users/User/Documents/GitHub/ch32h417/EVT/EXAM/SRC/Peripheral/src\ch32h417_sdio.c ****  *
 100:c:/Users/User/Documents/GitHub/ch32h417/EVT/EXAM/SRC/Peripheral/src\ch32h417_sdio.c ****  * @brief   Enables or disables the SDIO Clock.
 101:c:/Users/User/Documents/GitHub/ch32h417/EVT/EXAM/SRC/Peripheral/src\ch32h417_sdio.c ****  *
 102:c:/Users/User/Documents/GitHub/ch32h417/EVT/EXAM/SRC/Peripheral/src\ch32h417_sdio.c ****  * @param   SDIO_InitStruct - pointer to an SDIO_InitTypeDef structure which
 103:c:/Users/User/Documents/GitHub/ch32h417/EVT/EXAM/SRC/Peripheral/src\ch32h417_sdio.c ****  *        will be initialized.
 104:c:/Users/User/Documents/GitHub/ch32h417/EVT/EXAM/SRC/Peripheral/src\ch32h417_sdio.c ****  *
 105:c:/Users/User/Documents/GitHub/ch32h417/EVT/EXAM/SRC/Peripheral/src\ch32h417_sdio.c ****  * @return  none
 106:c:/Users/User/Documents/GitHub/ch32h417/EVT/EXAM/SRC/Peripheral/src\ch32h417_sdio.c ****  */
 107:c:/Users/User/Documents/GitHub/ch32h417/EVT/EXAM/SRC/Peripheral/src\ch32h417_sdio.c **** void SDIO_ClockCmd(FunctionalState NewState)
 108:c:/Users/User/Documents/GitHub/ch32h417/EVT/EXAM/SRC/Peripheral/src\ch32h417_sdio.c **** {
 138              		.loc 1 108 1 is_stmt 1
 139              		.cfi_startproc
 140              	.LVL5:
 109:c:/Users/User/Documents/GitHub/ch32h417/EVT/EXAM/SRC/Peripheral/src\ch32h417_sdio.c ****     if(NewState)
 141              		.loc 1 109 5
 110:c:/Users/User/Documents/GitHub/ch32h417/EVT/EXAM/SRC/Peripheral/src\ch32h417_sdio.c ****         SDIO->CLKCR |= (1 << 8);
 142              		.loc 1 110 13 is_stmt 0
 143 0000 37870140 		li	a4,1073840128
 144 0004 5C43     		lw	a5,4(a4)
 109:c:/Users/User/Documents/GitHub/ch32h417/EVT/EXAM/SRC/Peripheral/src\ch32h417_sdio.c ****     if(NewState)
 145              		.loc 1 109 7
 146 0006 09C5     		beq	a0,zero,.L5
 147              		.loc 1 110 9 is_stmt 1
 148              		.loc 1 110 21 is_stmt 0
 149 0008 93E70710 		ori	a5,a5,256
 150              	.L7:
 111:c:/Users/User/Documents/GitHub/ch32h417/EVT/EXAM/SRC/Peripheral/src\ch32h417_sdio.c ****     else
 112:c:/Users/User/Documents/GitHub/ch32h417/EVT/EXAM/SRC/Peripheral/src\ch32h417_sdio.c ****         SDIO->CLKCR &= ~(1 << 8);
 151              		.loc 1 112 21
 152 000c 5CC3     		sw	a5,4(a4)
 113:c:/Users/User/Documents/GitHub/ch32h417/EVT/EXAM/SRC/Peripheral/src\ch32h417_sdio.c **** }
 153              		.loc 1 113 1
 154 000e 8280     		ret
 155              	.L5:
 112:c:/Users/User/Documents/GitHub/ch32h417/EVT/EXAM/SRC/Peripheral/src\ch32h417_sdio.c **** }
 156              		.loc 1 112 9 is_stmt 1
 112:c:/Users/User/Documents/GitHub/ch32h417/EVT/EXAM/SRC/Peripheral/src\ch32h417_sdio.c **** }
 157              		.loc 1 112 21 is_stmt 0
 158 0010 93F7F7EF 		andi	a5,a5,-257
 159 0014 E5BF     		j	.L7
 160              		.cfi_endproc
 161              	.LFE43:
 163              		.section	.text.SDIO_SetPowerState,"ax",@progbits
 164              		.align	1
 165              		.globl	SDIO_SetPowerState
 167              	SDIO_SetPowerState:
 168              	.LFB44:
 114:c:/Users/User/Documents/GitHub/ch32h417/EVT/EXAM/SRC/Peripheral/src\ch32h417_sdio.c **** 
 115:c:/Users/User/Documents/GitHub/ch32h417/EVT/EXAM/SRC/Peripheral/src\ch32h417_sdio.c **** /*********************************************************************
 116:c:/Users/User/Documents/GitHub/ch32h417/EVT/EXAM/SRC/Peripheral/src\ch32h417_sdio.c ****  * @fn      SDIO_SetPowerState
 117:c:/Users/User/Documents/GitHub/ch32h417/EVT/EXAM/SRC/Peripheral/src\ch32h417_sdio.c ****  *
 118:c:/Users/User/Documents/GitHub/ch32h417/EVT/EXAM/SRC/Peripheral/src\ch32h417_sdio.c ****  * @brief   Sets the power status of the controller.
 119:c:/Users/User/Documents/GitHub/ch32h417/EVT/EXAM/SRC/Peripheral/src\ch32h417_sdio.c ****  *
 120:c:/Users/User/Documents/GitHub/ch32h417/EVT/EXAM/SRC/Peripheral/src\ch32h417_sdio.c ****  * @param   SDIO_PowerState - new state of the Power state.
 121:c:/Users/User/Documents/GitHub/ch32h417/EVT/EXAM/SRC/Peripheral/src\ch32h417_sdio.c ****  *            SDIO_PowerState_OFF
 122:c:/Users/User/Documents/GitHub/ch32h417/EVT/EXAM/SRC/Peripheral/src\ch32h417_sdio.c ****  *            SDIO_PowerState_ON
 123:c:/Users/User/Documents/GitHub/ch32h417/EVT/EXAM/SRC/Peripheral/src\ch32h417_sdio.c ****  *
 124:c:/Users/User/Documents/GitHub/ch32h417/EVT/EXAM/SRC/Peripheral/src\ch32h417_sdio.c ****  * @return  none
 125:c:/Users/User/Documents/GitHub/ch32h417/EVT/EXAM/SRC/Peripheral/src\ch32h417_sdio.c ****  */
 126:c:/Users/User/Documents/GitHub/ch32h417/EVT/EXAM/SRC/Peripheral/src\ch32h417_sdio.c **** void SDIO_SetPowerState(uint32_t SDIO_PowerState)
 127:c:/Users/User/Documents/GitHub/ch32h417/EVT/EXAM/SRC/Peripheral/src\ch32h417_sdio.c **** {
 169              		.loc 1 127 1 is_stmt 1
 170              		.cfi_startproc
 171              	.LVL6:
 128:c:/Users/User/Documents/GitHub/ch32h417/EVT/EXAM/SRC/Peripheral/src\ch32h417_sdio.c ****     SDIO->POWER &= PWR_PWRCTRL_MASK;
 172              		.loc 1 128 5
 173              		.loc 1 128 9 is_stmt 0
 174 0000 B7870140 		li	a5,1073840128
 175 0004 9843     		lw	a4,0(a5)
 176              		.loc 1 128 17
 177 0006 719B     		andi	a4,a4,-4
 178 0008 98C3     		sw	a4,0(a5)
 129:c:/Users/User/Documents/GitHub/ch32h417/EVT/EXAM/SRC/Peripheral/src\ch32h417_sdio.c ****     SDIO->POWER |= SDIO_PowerState;
 179              		.loc 1 129 5 is_stmt 1
 180              		.loc 1 129 9 is_stmt 0
 181 000a 9843     		lw	a4,0(a5)
 182              		.loc 1 129 17
 183 000c 498F     		or	a4,a4,a0
 184 000e 98C3     		sw	a4,0(a5)
 130:c:/Users/User/Documents/GitHub/ch32h417/EVT/EXAM/SRC/Peripheral/src\ch32h417_sdio.c **** }
 185              		.loc 1 130 1
 186 0010 8280     		ret
 187              		.cfi_endproc
 188              	.LFE44:
 190              		.section	.text.SDIO_GetPowerState,"ax",@progbits
 191              		.align	1
 192              		.globl	SDIO_GetPowerState
 194              	SDIO_GetPowerState:
 195              	.LFB45:
 131:c:/Users/User/Documents/GitHub/ch32h417/EVT/EXAM/SRC/Peripheral/src\ch32h417_sdio.c **** 
 132:c:/Users/User/Documents/GitHub/ch32h417/EVT/EXAM/SRC/Peripheral/src\ch32h417_sdio.c **** /*********************************************************************
 133:c:/Users/User/Documents/GitHub/ch32h417/EVT/EXAM/SRC/Peripheral/src\ch32h417_sdio.c ****  * @fn      SDIO_GetPowerState
 134:c:/Users/User/Documents/GitHub/ch32h417/EVT/EXAM/SRC/Peripheral/src\ch32h417_sdio.c ****  *
 135:c:/Users/User/Documents/GitHub/ch32h417/EVT/EXAM/SRC/Peripheral/src\ch32h417_sdio.c ****  * @brief   Gets the power status of the controller.
 136:c:/Users/User/Documents/GitHub/ch32h417/EVT/EXAM/SRC/Peripheral/src\ch32h417_sdio.c ****  *
 137:c:/Users/User/Documents/GitHub/ch32h417/EVT/EXAM/SRC/Peripheral/src\ch32h417_sdio.c ****  * @param   CounterValue - RTC counter new value.
 138:c:/Users/User/Documents/GitHub/ch32h417/EVT/EXAM/SRC/Peripheral/src\ch32h417_sdio.c ****  *
 139:c:/Users/User/Documents/GitHub/ch32h417/EVT/EXAM/SRC/Peripheral/src\ch32h417_sdio.c ****  * @return  power state -
 140:c:/Users/User/Documents/GitHub/ch32h417/EVT/EXAM/SRC/Peripheral/src\ch32h417_sdio.c ****  *            0x00 - Power OFF
 141:c:/Users/User/Documents/GitHub/ch32h417/EVT/EXAM/SRC/Peripheral/src\ch32h417_sdio.c ****  *            0x02 - Power UP
 142:c:/Users/User/Documents/GitHub/ch32h417/EVT/EXAM/SRC/Peripheral/src\ch32h417_sdio.c ****  *            0x03 - Power ON
 143:c:/Users/User/Documents/GitHub/ch32h417/EVT/EXAM/SRC/Peripheral/src\ch32h417_sdio.c ****  */
 144:c:/Users/User/Documents/GitHub/ch32h417/EVT/EXAM/SRC/Peripheral/src\ch32h417_sdio.c **** uint32_t SDIO_GetPowerState(void)
 145:c:/Users/User/Documents/GitHub/ch32h417/EVT/EXAM/SRC/Peripheral/src\ch32h417_sdio.c **** {
 196              		.loc 1 145 1 is_stmt 1
 197              		.cfi_startproc
 146:c:/Users/User/Documents/GitHub/ch32h417/EVT/EXAM/SRC/Peripheral/src\ch32h417_sdio.c ****     return (SDIO->POWER & (~PWR_PWRCTRL_MASK));
 198              		.loc 1 146 5
 199              		.loc 1 146 17 is_stmt 0
 200 0000 B7870140 		li	a5,1073840128
 201 0004 8843     		lw	a0,0(a5)
 147:c:/Users/User/Documents/GitHub/ch32h417/EVT/EXAM/SRC/Peripheral/src\ch32h417_sdio.c **** }
 202              		.loc 1 147 1
 203 0006 0D89     		andi	a0,a0,3
 204 0008 8280     		ret
 205              		.cfi_endproc
 206              	.LFE45:
 208              		.section	.text.SDIO_ITConfig,"ax",@progbits
 209              		.align	1
 210              		.globl	SDIO_ITConfig
 212              	SDIO_ITConfig:
 213              	.LFB46:
 148:c:/Users/User/Documents/GitHub/ch32h417/EVT/EXAM/SRC/Peripheral/src\ch32h417_sdio.c **** 
 149:c:/Users/User/Documents/GitHub/ch32h417/EVT/EXAM/SRC/Peripheral/src\ch32h417_sdio.c **** /*********************************************************************
 150:c:/Users/User/Documents/GitHub/ch32h417/EVT/EXAM/SRC/Peripheral/src\ch32h417_sdio.c ****  * @fn      SDIO_ITConfig
 151:c:/Users/User/Documents/GitHub/ch32h417/EVT/EXAM/SRC/Peripheral/src\ch32h417_sdio.c ****  *
 152:c:/Users/User/Documents/GitHub/ch32h417/EVT/EXAM/SRC/Peripheral/src\ch32h417_sdio.c ****  * @brief   Enables or disables the SDIO interrupts.
 153:c:/Users/User/Documents/GitHub/ch32h417/EVT/EXAM/SRC/Peripheral/src\ch32h417_sdio.c ****  *
 154:c:/Users/User/Documents/GitHub/ch32h417/EVT/EXAM/SRC/Peripheral/src\ch32h417_sdio.c ****  * @param   DIO_IT - specifies the SDIO interrupt sources to be enabled or disabled.
 155:c:/Users/User/Documents/GitHub/ch32h417/EVT/EXAM/SRC/Peripheral/src\ch32h417_sdio.c ****  *            SDIO_IT_CCRCFAIL
 156:c:/Users/User/Documents/GitHub/ch32h417/EVT/EXAM/SRC/Peripheral/src\ch32h417_sdio.c ****  *            SDIO_IT_DCRCFAIL
 157:c:/Users/User/Documents/GitHub/ch32h417/EVT/EXAM/SRC/Peripheral/src\ch32h417_sdio.c ****  *            SDIO_IT_CTIMEOUT
 158:c:/Users/User/Documents/GitHub/ch32h417/EVT/EXAM/SRC/Peripheral/src\ch32h417_sdio.c ****  *            SDIO_IT_DTIMEOUT
 159:c:/Users/User/Documents/GitHub/ch32h417/EVT/EXAM/SRC/Peripheral/src\ch32h417_sdio.c ****  *            SDIO_IT_TXUNDERR
 160:c:/Users/User/Documents/GitHub/ch32h417/EVT/EXAM/SRC/Peripheral/src\ch32h417_sdio.c ****  *            SDIO_IT_RXOVERR
 161:c:/Users/User/Documents/GitHub/ch32h417/EVT/EXAM/SRC/Peripheral/src\ch32h417_sdio.c ****  *            SDIO_IT_CMDREND
 162:c:/Users/User/Documents/GitHub/ch32h417/EVT/EXAM/SRC/Peripheral/src\ch32h417_sdio.c ****  *            SDIO_IT_CMDSENT
 163:c:/Users/User/Documents/GitHub/ch32h417/EVT/EXAM/SRC/Peripheral/src\ch32h417_sdio.c ****  *            SDIO_IT_DATAEND
 164:c:/Users/User/Documents/GitHub/ch32h417/EVT/EXAM/SRC/Peripheral/src\ch32h417_sdio.c ****  *            SDIO_IT_STBITERR
 165:c:/Users/User/Documents/GitHub/ch32h417/EVT/EXAM/SRC/Peripheral/src\ch32h417_sdio.c ****  *            SDIO_IT_DBCKEND
 166:c:/Users/User/Documents/GitHub/ch32h417/EVT/EXAM/SRC/Peripheral/src\ch32h417_sdio.c ****  *            SDIO_IT_CMDACT
 167:c:/Users/User/Documents/GitHub/ch32h417/EVT/EXAM/SRC/Peripheral/src\ch32h417_sdio.c ****  *            SDIO_IT_TXACT
 168:c:/Users/User/Documents/GitHub/ch32h417/EVT/EXAM/SRC/Peripheral/src\ch32h417_sdio.c ****  *            SDIO_IT_RXACT
 169:c:/Users/User/Documents/GitHub/ch32h417/EVT/EXAM/SRC/Peripheral/src\ch32h417_sdio.c ****  *            SDIO_IT_TXFIFOHE
 170:c:/Users/User/Documents/GitHub/ch32h417/EVT/EXAM/SRC/Peripheral/src\ch32h417_sdio.c ****  *            SDIO_IT_RXFIFOHF
 171:c:/Users/User/Documents/GitHub/ch32h417/EVT/EXAM/SRC/Peripheral/src\ch32h417_sdio.c ****  *            SDIO_IT_TXFIFOF
 172:c:/Users/User/Documents/GitHub/ch32h417/EVT/EXAM/SRC/Peripheral/src\ch32h417_sdio.c ****  *            SDIO_IT_RXFIFOF
 173:c:/Users/User/Documents/GitHub/ch32h417/EVT/EXAM/SRC/Peripheral/src\ch32h417_sdio.c ****  *            SDIO_IT_TXFIFOE
 174:c:/Users/User/Documents/GitHub/ch32h417/EVT/EXAM/SRC/Peripheral/src\ch32h417_sdio.c ****  *            SDIO_IT_RXFIFOE
 175:c:/Users/User/Documents/GitHub/ch32h417/EVT/EXAM/SRC/Peripheral/src\ch32h417_sdio.c ****  *            SDIO_IT_TXDAVL
 176:c:/Users/User/Documents/GitHub/ch32h417/EVT/EXAM/SRC/Peripheral/src\ch32h417_sdio.c ****  *            SDIO_IT_RXDAVL
 177:c:/Users/User/Documents/GitHub/ch32h417/EVT/EXAM/SRC/Peripheral/src\ch32h417_sdio.c ****  *            SDIO_IT_SDIOIT
 178:c:/Users/User/Documents/GitHub/ch32h417/EVT/EXAM/SRC/Peripheral/src\ch32h417_sdio.c ****  *            SDIO_IT_CEATAEND
 179:c:/Users/User/Documents/GitHub/ch32h417/EVT/EXAM/SRC/Peripheral/src\ch32h417_sdio.c ****  *          NewState - ENABLE or DISABLE.
 180:c:/Users/User/Documents/GitHub/ch32h417/EVT/EXAM/SRC/Peripheral/src\ch32h417_sdio.c ****  *
 181:c:/Users/User/Documents/GitHub/ch32h417/EVT/EXAM/SRC/Peripheral/src\ch32h417_sdio.c ****  * @return  none
 182:c:/Users/User/Documents/GitHub/ch32h417/EVT/EXAM/SRC/Peripheral/src\ch32h417_sdio.c ****  */
 183:c:/Users/User/Documents/GitHub/ch32h417/EVT/EXAM/SRC/Peripheral/src\ch32h417_sdio.c **** void SDIO_ITConfig(uint32_t SDIO_IT, FunctionalState NewState)
 184:c:/Users/User/Documents/GitHub/ch32h417/EVT/EXAM/SRC/Peripheral/src\ch32h417_sdio.c **** {
 214              		.loc 1 184 1 is_stmt 1
 215              		.cfi_startproc
 216              	.LVL7:
 185:c:/Users/User/Documents/GitHub/ch32h417/EVT/EXAM/SRC/Peripheral/src\ch32h417_sdio.c ****     if(NewState != DISABLE)
 217              		.loc 1 185 5
 218              		.loc 1 185 7 is_stmt 0
 219 0000 99C5     		beq	a1,zero,.L11
 186:c:/Users/User/Documents/GitHub/ch32h417/EVT/EXAM/SRC/Peripheral/src\ch32h417_sdio.c ****     {
 187:c:/Users/User/Documents/GitHub/ch32h417/EVT/EXAM/SRC/Peripheral/src\ch32h417_sdio.c ****         SDIO->MASK |= SDIO_IT;
 220              		.loc 1 187 9 is_stmt 1
 221              		.loc 1 187 13 is_stmt 0
 222 0002 37870140 		li	a4,1073840128
 223 0006 5C5F     		lw	a5,60(a4)
 224              		.loc 1 187 20
 225 0008 C98F     		or	a5,a5,a0
 226 000a 5CDF     		sw	a5,60(a4)
 227 000c 8280     		ret
 228              	.L11:
 188:c:/Users/User/Documents/GitHub/ch32h417/EVT/EXAM/SRC/Peripheral/src\ch32h417_sdio.c ****     }
 189:c:/Users/User/Documents/GitHub/ch32h417/EVT/EXAM/SRC/Peripheral/src\ch32h417_sdio.c ****     else
 190:c:/Users/User/Documents/GitHub/ch32h417/EVT/EXAM/SRC/Peripheral/src\ch32h417_sdio.c ****     {
 191:c:/Users/User/Documents/GitHub/ch32h417/EVT/EXAM/SRC/Peripheral/src\ch32h417_sdio.c ****         SDIO->MASK &= ~SDIO_IT;
 229              		.loc 1 191 9 is_stmt 1
 230              		.loc 1 191 13 is_stmt 0
 231 000e B7870140 		li	a5,1073840128
 232 0012 D85F     		lw	a4,60(a5)
 233              		.loc 1 191 20
 234 0014 3375A740 		andn	a0,a4,a0
 235              	.LVL8:
 236 0018 C8DF     		sw	a0,60(a5)
 192:c:/Users/User/Documents/GitHub/ch32h417/EVT/EXAM/SRC/Peripheral/src\ch32h417_sdio.c ****     }
 193:c:/Users/User/Documents/GitHub/ch32h417/EVT/EXAM/SRC/Peripheral/src\ch32h417_sdio.c **** }
 237              		.loc 1 193 1
 238 001a 8280     		ret
 239              		.cfi_endproc
 240              	.LFE46:
 242              		.section	.text.SDIO_DMACmd,"ax",@progbits
 243              		.align	1
 244              		.globl	SDIO_DMACmd
 246              	SDIO_DMACmd:
 247              	.LFB47:
 194:c:/Users/User/Documents/GitHub/ch32h417/EVT/EXAM/SRC/Peripheral/src\ch32h417_sdio.c **** 
 195:c:/Users/User/Documents/GitHub/ch32h417/EVT/EXAM/SRC/Peripheral/src\ch32h417_sdio.c **** /*********************************************************************
 196:c:/Users/User/Documents/GitHub/ch32h417/EVT/EXAM/SRC/Peripheral/src\ch32h417_sdio.c ****  * @fn      SDIO_DMACmd
 197:c:/Users/User/Documents/GitHub/ch32h417/EVT/EXAM/SRC/Peripheral/src\ch32h417_sdio.c ****  *
 198:c:/Users/User/Documents/GitHub/ch32h417/EVT/EXAM/SRC/Peripheral/src\ch32h417_sdio.c ****  * @brief   Enables or disables the SDIO DMA request.
 199:c:/Users/User/Documents/GitHub/ch32h417/EVT/EXAM/SRC/Peripheral/src\ch32h417_sdio.c ****  *
 200:c:/Users/User/Documents/GitHub/ch32h417/EVT/EXAM/SRC/Peripheral/src\ch32h417_sdio.c ****  * @param   NewState - ENABLE or DISABLE.
 201:c:/Users/User/Documents/GitHub/ch32h417/EVT/EXAM/SRC/Peripheral/src\ch32h417_sdio.c ****  *
 202:c:/Users/User/Documents/GitHub/ch32h417/EVT/EXAM/SRC/Peripheral/src\ch32h417_sdio.c ****  * @return  none
 203:c:/Users/User/Documents/GitHub/ch32h417/EVT/EXAM/SRC/Peripheral/src\ch32h417_sdio.c ****  */
 204:c:/Users/User/Documents/GitHub/ch32h417/EVT/EXAM/SRC/Peripheral/src\ch32h417_sdio.c **** void SDIO_DMACmd(FunctionalState NewState)
 205:c:/Users/User/Documents/GitHub/ch32h417/EVT/EXAM/SRC/Peripheral/src\ch32h417_sdio.c **** {
 248              		.loc 1 205 1 is_stmt 1
 249              		.cfi_startproc
 250              	.LVL9:
 206:c:/Users/User/Documents/GitHub/ch32h417/EVT/EXAM/SRC/Peripheral/src\ch32h417_sdio.c ****     if(NewState)
 251              		.loc 1 206 5
 207:c:/Users/User/Documents/GitHub/ch32h417/EVT/EXAM/SRC/Peripheral/src\ch32h417_sdio.c ****         SDIO->DCTRL |= (1 << 3);
 252              		.loc 1 207 13 is_stmt 0
 253 0000 37870140 		li	a4,1073840128
 254 0004 5C57     		lw	a5,44(a4)
 206:c:/Users/User/Documents/GitHub/ch32h417/EVT/EXAM/SRC/Peripheral/src\ch32h417_sdio.c ****     if(NewState)
 255              		.loc 1 206 7
 256 0006 09C5     		beq	a0,zero,.L14
 257              		.loc 1 207 9 is_stmt 1
 258              		.loc 1 207 21 is_stmt 0
 259 0008 93E78700 		ori	a5,a5,8
 260              	.L16:
 208:c:/Users/User/Documents/GitHub/ch32h417/EVT/EXAM/SRC/Peripheral/src\ch32h417_sdio.c ****     else
 209:c:/Users/User/Documents/GitHub/ch32h417/EVT/EXAM/SRC/Peripheral/src\ch32h417_sdio.c ****         SDIO->DCTRL &= ~(1 << 3);
 261              		.loc 1 209 21
 262 000c 5CD7     		sw	a5,44(a4)
 210:c:/Users/User/Documents/GitHub/ch32h417/EVT/EXAM/SRC/Peripheral/src\ch32h417_sdio.c **** }
 263              		.loc 1 210 1
 264 000e 8280     		ret
 265              	.L14:
 209:c:/Users/User/Documents/GitHub/ch32h417/EVT/EXAM/SRC/Peripheral/src\ch32h417_sdio.c **** }
 266              		.loc 1 209 9 is_stmt 1
 209:c:/Users/User/Documents/GitHub/ch32h417/EVT/EXAM/SRC/Peripheral/src\ch32h417_sdio.c **** }
 267              		.loc 1 209 21 is_stmt 0
 268 0010 DD9B     		andi	a5,a5,-9
 269 0012 EDBF     		j	.L16
 270              		.cfi_endproc
 271              	.LFE47:
 273              		.section	.text.SDIO_SendCommand,"ax",@progbits
 274              		.align	1
 275              		.globl	SDIO_SendCommand
 277              	SDIO_SendCommand:
 278              	.LFB48:
 211:c:/Users/User/Documents/GitHub/ch32h417/EVT/EXAM/SRC/Peripheral/src\ch32h417_sdio.c **** 
 212:c:/Users/User/Documents/GitHub/ch32h417/EVT/EXAM/SRC/Peripheral/src\ch32h417_sdio.c **** /*********************************************************************
 213:c:/Users/User/Documents/GitHub/ch32h417/EVT/EXAM/SRC/Peripheral/src\ch32h417_sdio.c ****  * @fn      SDIO_SendCommand
 214:c:/Users/User/Documents/GitHub/ch32h417/EVT/EXAM/SRC/Peripheral/src\ch32h417_sdio.c ****  *
 215:c:/Users/User/Documents/GitHub/ch32h417/EVT/EXAM/SRC/Peripheral/src\ch32h417_sdio.c ****  * @brief   Initializes the SDIO Command according to the specified
 216:c:/Users/User/Documents/GitHub/ch32h417/EVT/EXAM/SRC/Peripheral/src\ch32h417_sdio.c ****  *        parameters in the SDIO_CmdInitStruct and send the command.
 217:c:/Users/User/Documents/GitHub/ch32h417/EVT/EXAM/SRC/Peripheral/src\ch32h417_sdio.c ****  * @param   SDIO_CmdInitStruct - pointer to a SDIO_CmdInitTypeDef
 218:c:/Users/User/Documents/GitHub/ch32h417/EVT/EXAM/SRC/Peripheral/src\ch32h417_sdio.c ****  *        structure that contains the configuration information for
 219:c:/Users/User/Documents/GitHub/ch32h417/EVT/EXAM/SRC/Peripheral/src\ch32h417_sdio.c ****  *        ddthe SDIO command.
 220:c:/Users/User/Documents/GitHub/ch32h417/EVT/EXAM/SRC/Peripheral/src\ch32h417_sdio.c ****  *
 221:c:/Users/User/Documents/GitHub/ch32h417/EVT/EXAM/SRC/Peripheral/src\ch32h417_sdio.c ****  * @return  none
 222:c:/Users/User/Documents/GitHub/ch32h417/EVT/EXAM/SRC/Peripheral/src\ch32h417_sdio.c ****  */
 223:c:/Users/User/Documents/GitHub/ch32h417/EVT/EXAM/SRC/Peripheral/src\ch32h417_sdio.c **** void SDIO_SendCommand(SDIO_CmdInitTypeDef *SDIO_CmdInitStruct)
 224:c:/Users/User/Documents/GitHub/ch32h417/EVT/EXAM/SRC/Peripheral/src\ch32h417_sdio.c **** {
 279              		.loc 1 224 1 is_stmt 1
 280              		.cfi_startproc
 281              	.LVL10:
 225:c:/Users/User/Documents/GitHub/ch32h417/EVT/EXAM/SRC/Peripheral/src\ch32h417_sdio.c ****     uint32_t tmpreg = 0;
 282              		.loc 1 225 5
 226:c:/Users/User/Documents/GitHub/ch32h417/EVT/EXAM/SRC/Peripheral/src\ch32h417_sdio.c **** 
 227:c:/Users/User/Documents/GitHub/ch32h417/EVT/EXAM/SRC/Peripheral/src\ch32h417_sdio.c ****     SDIO->ARG = SDIO_CmdInitStruct->SDIO_Argument;
 283              		.loc 1 227 5
 284              		.loc 1 227 35 is_stmt 0
 285 0000 1C41     		lw	a5,0(a0)
 286              		.loc 1 227 15
 287 0002 37870140 		li	a4,1073840128
 288 0006 1CC7     		sw	a5,8(a4)
 228:c:/Users/User/Documents/GitHub/ch32h417/EVT/EXAM/SRC/Peripheral/src\ch32h417_sdio.c **** 
 229:c:/Users/User/Documents/GitHub/ch32h417/EVT/EXAM/SRC/Peripheral/src\ch32h417_sdio.c ****     tmpreg = SDIO->CMD;
 289              		.loc 1 229 5 is_stmt 1
 290              		.loc 1 229 12 is_stmt 0
 291 0008 5447     		lw	a3,12(a4)
 292              	.LVL11:
 230:c:/Users/User/Documents/GitHub/ch32h417/EVT/EXAM/SRC/Peripheral/src\ch32h417_sdio.c ****     tmpreg &= CMD_CLEAR_MASK;
 293              		.loc 1 230 5 is_stmt 1
 231:c:/Users/User/Documents/GitHub/ch32h417/EVT/EXAM/SRC/Peripheral/src\ch32h417_sdio.c ****     tmpreg |= (uint32_t)SDIO_CmdInitStruct->SDIO_CmdIndex | SDIO_CmdInitStruct->SDIO_Response | SDI
 294              		.loc 1 231 5
 295              		.loc 1 231 59 is_stmt 0
 296 000a 5C41     		lw	a5,4(a0)
 297 000c 1045     		lw	a2,8(a0)
 230:c:/Users/User/Documents/GitHub/ch32h417/EVT/EXAM/SRC/Peripheral/src\ch32h417_sdio.c ****     tmpreg &= CMD_CLEAR_MASK;
 298              		.loc 1 230 12
 299 000e 93F60680 		andi	a3,a3,-2048
 300              	.LVL12:
 301              		.loc 1 231 59
 302 0012 D18F     		or	a5,a5,a2
 303 0014 D58F     		or	a5,a5,a3
 304 0016 5445     		lw	a3,12(a0)
 305              	.LVL13:
 306 0018 D58F     		or	a5,a5,a3
 307              		.loc 1 231 12
 308 001a 1449     		lw	a3,16(a0)
 309 001c D58F     		or	a5,a5,a3
 310              	.LVL14:
 232:c:/Users/User/Documents/GitHub/ch32h417/EVT/EXAM/SRC/Peripheral/src\ch32h417_sdio.c **** 
 233:c:/Users/User/Documents/GitHub/ch32h417/EVT/EXAM/SRC/Peripheral/src\ch32h417_sdio.c ****     SDIO->CMD = tmpreg;
 311              		.loc 1 233 5 is_stmt 1
 312              		.loc 1 233 15 is_stmt 0
 313 001e 5CC7     		sw	a5,12(a4)
 234:c:/Users/User/Documents/GitHub/ch32h417/EVT/EXAM/SRC/Peripheral/src\ch32h417_sdio.c **** }
 314              		.loc 1 234 1
 315 0020 8280     		ret
 316              		.cfi_endproc
 317              	.LFE48:
 319              		.section	.text.SDIO_CmdStructInit,"ax",@progbits
 320              		.align	1
 321              		.globl	SDIO_CmdStructInit
 323              	SDIO_CmdStructInit:
 324              	.LFB49:
 235:c:/Users/User/Documents/GitHub/ch32h417/EVT/EXAM/SRC/Peripheral/src\ch32h417_sdio.c **** 
 236:c:/Users/User/Documents/GitHub/ch32h417/EVT/EXAM/SRC/Peripheral/src\ch32h417_sdio.c **** /*********************************************************************
 237:c:/Users/User/Documents/GitHub/ch32h417/EVT/EXAM/SRC/Peripheral/src\ch32h417_sdio.c ****  * @fn      SDIO_CmdStructInit
 238:c:/Users/User/Documents/GitHub/ch32h417/EVT/EXAM/SRC/Peripheral/src\ch32h417_sdio.c ****  *
 239:c:/Users/User/Documents/GitHub/ch32h417/EVT/EXAM/SRC/Peripheral/src\ch32h417_sdio.c ****  * @brief   Fills each SDIO_CmdInitStruct member with its default value.
 240:c:/Users/User/Documents/GitHub/ch32h417/EVT/EXAM/SRC/Peripheral/src\ch32h417_sdio.c ****  *
 241:c:/Users/User/Documents/GitHub/ch32h417/EVT/EXAM/SRC/Peripheral/src\ch32h417_sdio.c ****  * @param   SDIO_CmdInitStruct - pointer to an SDIO_CmdInitTypeDef
 242:c:/Users/User/Documents/GitHub/ch32h417/EVT/EXAM/SRC/Peripheral/src\ch32h417_sdio.c ****  *        structure which will be initialized.
 243:c:/Users/User/Documents/GitHub/ch32h417/EVT/EXAM/SRC/Peripheral/src\ch32h417_sdio.c ****  *
 244:c:/Users/User/Documents/GitHub/ch32h417/EVT/EXAM/SRC/Peripheral/src\ch32h417_sdio.c ****  * @return  none
 245:c:/Users/User/Documents/GitHub/ch32h417/EVT/EXAM/SRC/Peripheral/src\ch32h417_sdio.c ****  */
 246:c:/Users/User/Documents/GitHub/ch32h417/EVT/EXAM/SRC/Peripheral/src\ch32h417_sdio.c **** void SDIO_CmdStructInit(SDIO_CmdInitTypeDef *SDIO_CmdInitStruct)
 247:c:/Users/User/Documents/GitHub/ch32h417/EVT/EXAM/SRC/Peripheral/src\ch32h417_sdio.c **** {
 325              		.loc 1 247 1 is_stmt 1
 326              		.cfi_startproc
 327              	.LVL15:
 248:c:/Users/User/Documents/GitHub/ch32h417/EVT/EXAM/SRC/Peripheral/src\ch32h417_sdio.c ****     SDIO_CmdInitStruct->SDIO_Argument = 0x00;
 328              		.loc 1 248 5
 329              		.loc 1 248 39 is_stmt 0
 330 0000 23200500 		sw	zero,0(a0)
 249:c:/Users/User/Documents/GitHub/ch32h417/EVT/EXAM/SRC/Peripheral/src\ch32h417_sdio.c ****     SDIO_CmdInitStruct->SDIO_CmdIndex = 0x00;
 331              		.loc 1 249 5 is_stmt 1
 332              		.loc 1 249 39 is_stmt 0
 333 0004 23220500 		sw	zero,4(a0)
 250:c:/Users/User/Documents/GitHub/ch32h417/EVT/EXAM/SRC/Peripheral/src\ch32h417_sdio.c ****     SDIO_CmdInitStruct->SDIO_Response = SDIO_Response_No;
 334              		.loc 1 250 5 is_stmt 1
 335              		.loc 1 250 39 is_stmt 0
 336 0008 23240500 		sw	zero,8(a0)
 251:c:/Users/User/Documents/GitHub/ch32h417/EVT/EXAM/SRC/Peripheral/src\ch32h417_sdio.c ****     SDIO_CmdInitStruct->SDIO_Wait = SDIO_Wait_No;
 337              		.loc 1 251 5 is_stmt 1
 338              		.loc 1 251 35 is_stmt 0
 339 000c 23260500 		sw	zero,12(a0)
 252:c:/Users/User/Documents/GitHub/ch32h417/EVT/EXAM/SRC/Peripheral/src\ch32h417_sdio.c ****     SDIO_CmdInitStruct->SDIO_CPSM = SDIO_CPSM_Disable;
 340              		.loc 1 252 5 is_stmt 1
 341              		.loc 1 252 35 is_stmt 0
 342 0010 23280500 		sw	zero,16(a0)
 253:c:/Users/User/Documents/GitHub/ch32h417/EVT/EXAM/SRC/Peripheral/src\ch32h417_sdio.c **** }
 343              		.loc 1 253 1
 344 0014 8280     		ret
 345              		.cfi_endproc
 346              	.LFE49:
 348              		.section	.text.SDIO_GetCommandResponse,"ax",@progbits
 349              		.align	1
 350              		.globl	SDIO_GetCommandResponse
 352              	SDIO_GetCommandResponse:
 353              	.LFB50:
 254:c:/Users/User/Documents/GitHub/ch32h417/EVT/EXAM/SRC/Peripheral/src\ch32h417_sdio.c **** 
 255:c:/Users/User/Documents/GitHub/ch32h417/EVT/EXAM/SRC/Peripheral/src\ch32h417_sdio.c **** /*********************************************************************
 256:c:/Users/User/Documents/GitHub/ch32h417/EVT/EXAM/SRC/Peripheral/src\ch32h417_sdio.c ****  * @fn      SDIO_GetCommandResponse
 257:c:/Users/User/Documents/GitHub/ch32h417/EVT/EXAM/SRC/Peripheral/src\ch32h417_sdio.c ****  *
 258:c:/Users/User/Documents/GitHub/ch32h417/EVT/EXAM/SRC/Peripheral/src\ch32h417_sdio.c ****  * @brief   Returns command index of last command for which response received.
 259:c:/Users/User/Documents/GitHub/ch32h417/EVT/EXAM/SRC/Peripheral/src\ch32h417_sdio.c ****  *
 260:c:/Users/User/Documents/GitHub/ch32h417/EVT/EXAM/SRC/Peripheral/src\ch32h417_sdio.c ****  * @return  Returns the command index of the last command response received.
 261:c:/Users/User/Documents/GitHub/ch32h417/EVT/EXAM/SRC/Peripheral/src\ch32h417_sdio.c ****  */
 262:c:/Users/User/Documents/GitHub/ch32h417/EVT/EXAM/SRC/Peripheral/src\ch32h417_sdio.c **** uint8_t SDIO_GetCommandResponse(void)
 263:c:/Users/User/Documents/GitHub/ch32h417/EVT/EXAM/SRC/Peripheral/src\ch32h417_sdio.c **** {
 354              		.loc 1 263 1 is_stmt 1
 355              		.cfi_startproc
 264:c:/Users/User/Documents/GitHub/ch32h417/EVT/EXAM/SRC/Peripheral/src\ch32h417_sdio.c ****     return (uint8_t)(SDIO->RESPCMD);
 356              		.loc 1 264 5
 357              		.loc 1 264 26 is_stmt 0
 358 0000 B7870140 		li	a5,1073840128
 359 0004 884B     		lw	a0,16(a5)
 265:c:/Users/User/Documents/GitHub/ch32h417/EVT/EXAM/SRC/Peripheral/src\ch32h417_sdio.c **** }
 360              		.loc 1 265 1
 361 0006 1375F50F 		andi	a0,a0,0xff
 362 000a 8280     		ret
 363              		.cfi_endproc
 364              	.LFE50:
 366              		.section	.text.SDIO_GetResponse,"ax",@progbits
 367              		.align	1
 368              		.globl	SDIO_GetResponse
 370              	SDIO_GetResponse:
 371              	.LFB51:
 266:c:/Users/User/Documents/GitHub/ch32h417/EVT/EXAM/SRC/Peripheral/src\ch32h417_sdio.c **** 
 267:c:/Users/User/Documents/GitHub/ch32h417/EVT/EXAM/SRC/Peripheral/src\ch32h417_sdio.c **** /*********************************************************************
 268:c:/Users/User/Documents/GitHub/ch32h417/EVT/EXAM/SRC/Peripheral/src\ch32h417_sdio.c ****  * @fn      SDIO_GetResponse
 269:c:/Users/User/Documents/GitHub/ch32h417/EVT/EXAM/SRC/Peripheral/src\ch32h417_sdio.c ****  *
 270:c:/Users/User/Documents/GitHub/ch32h417/EVT/EXAM/SRC/Peripheral/src\ch32h417_sdio.c ****  * @brief   Returns response received from the card for the last command.
 271:c:/Users/User/Documents/GitHub/ch32h417/EVT/EXAM/SRC/Peripheral/src\ch32h417_sdio.c ****  *
 272:c:/Users/User/Documents/GitHub/ch32h417/EVT/EXAM/SRC/Peripheral/src\ch32h417_sdio.c ****  * @param   SDIO_RESP - Specifies the SDIO response register.
 273:c:/Users/User/Documents/GitHub/ch32h417/EVT/EXAM/SRC/Peripheral/src\ch32h417_sdio.c ****  *            SDIO_RESP1 - Response Register 1
 274:c:/Users/User/Documents/GitHub/ch32h417/EVT/EXAM/SRC/Peripheral/src\ch32h417_sdio.c ****  *            SDIO_RESP2 - Response Register 2
 275:c:/Users/User/Documents/GitHub/ch32h417/EVT/EXAM/SRC/Peripheral/src\ch32h417_sdio.c ****  *            SDIO_RESP3 - Response Register 3
 276:c:/Users/User/Documents/GitHub/ch32h417/EVT/EXAM/SRC/Peripheral/src\ch32h417_sdio.c ****  *            SDIO_RESP4 - Response Register 4
 277:c:/Users/User/Documents/GitHub/ch32h417/EVT/EXAM/SRC/Peripheral/src\ch32h417_sdio.c ****  *
 278:c:/Users/User/Documents/GitHub/ch32h417/EVT/EXAM/SRC/Peripheral/src\ch32h417_sdio.c ****  * @return  Returns the command index of the last command response received.
 279:c:/Users/User/Documents/GitHub/ch32h417/EVT/EXAM/SRC/Peripheral/src\ch32h417_sdio.c ****  */
 280:c:/Users/User/Documents/GitHub/ch32h417/EVT/EXAM/SRC/Peripheral/src\ch32h417_sdio.c **** uint32_t SDIO_GetResponse(uint32_t SDIO_RESP)
 281:c:/Users/User/Documents/GitHub/ch32h417/EVT/EXAM/SRC/Peripheral/src\ch32h417_sdio.c **** {
 372              		.loc 1 281 1 is_stmt 1
 373              		.cfi_startproc
 374              	.LVL16:
 282:c:/Users/User/Documents/GitHub/ch32h417/EVT/EXAM/SRC/Peripheral/src\ch32h417_sdio.c ****     __IO uint32_t tmp = 0;
 375              		.loc 1 282 5
 283:c:/Users/User/Documents/GitHub/ch32h417/EVT/EXAM/SRC/Peripheral/src\ch32h417_sdio.c **** 
 284:c:/Users/User/Documents/GitHub/ch32h417/EVT/EXAM/SRC/Peripheral/src\ch32h417_sdio.c ****     tmp = SDIO_RESP_ADDR + SDIO_RESP;
 376              		.loc 1 284 26 is_stmt 0
 377 0000 B7870140 		li	a5,1073840128
 281:c:/Users/User/Documents/GitHub/ch32h417/EVT/EXAM/SRC/Peripheral/src\ch32h417_sdio.c ****     __IO uint32_t tmp = 0;
 378              		.loc 1 281 1
 379 0004 4111     		addi	sp,sp,-16
 380              		.cfi_def_cfa_offset 16
 381              		.loc 1 284 26
 382 0006 D107     		addi	a5,a5,20
 282:c:/Users/User/Documents/GitHub/ch32h417/EVT/EXAM/SRC/Peripheral/src\ch32h417_sdio.c ****     __IO uint32_t tmp = 0;
 383              		.loc 1 282 19
 384 0008 02C6     		sw	zero,12(sp)
 385              		.loc 1 284 5 is_stmt 1
 386              		.loc 1 284 26 is_stmt 0
 387 000a 3E95     		add	a0,a0,a5
 388              	.LVL17:
 389              		.loc 1 284 9
 390 000c 2AC6     		sw	a0,12(sp)
 285:c:/Users/User/Documents/GitHub/ch32h417/EVT/EXAM/SRC/Peripheral/src\ch32h417_sdio.c **** 
 286:c:/Users/User/Documents/GitHub/ch32h417/EVT/EXAM/SRC/Peripheral/src\ch32h417_sdio.c ****     return (*(__IO uint32_t *)tmp);
 391              		.loc 1 286 5 is_stmt 1
 392              		.loc 1 286 14 is_stmt 0
 393 000e B247     		lw	a5,12(sp)
 394              		.loc 1 286 13
 395 0010 8843     		lw	a0,0(a5)
 396              	.LVL18:
 287:c:/Users/User/Documents/GitHub/ch32h417/EVT/EXAM/SRC/Peripheral/src\ch32h417_sdio.c **** }
 397              		.loc 1 287 1
 398 0012 4101     		addi	sp,sp,16
 399              		.cfi_def_cfa_offset 0
 400              	.LVL19:
 401 0014 8280     		jr	ra
 402              		.cfi_endproc
 403              	.LFE51:
 405              		.section	.text.SDIO_DataConfig,"ax",@progbits
 406              		.align	1
 407              		.globl	SDIO_DataConfig
 409              	SDIO_DataConfig:
 410              	.LFB52:
 288:c:/Users/User/Documents/GitHub/ch32h417/EVT/EXAM/SRC/Peripheral/src\ch32h417_sdio.c **** 
 289:c:/Users/User/Documents/GitHub/ch32h417/EVT/EXAM/SRC/Peripheral/src\ch32h417_sdio.c **** /*********************************************************************
 290:c:/Users/User/Documents/GitHub/ch32h417/EVT/EXAM/SRC/Peripheral/src\ch32h417_sdio.c ****  * @fn      SDIO_DataConfig
 291:c:/Users/User/Documents/GitHub/ch32h417/EVT/EXAM/SRC/Peripheral/src\ch32h417_sdio.c ****  *
 292:c:/Users/User/Documents/GitHub/ch32h417/EVT/EXAM/SRC/Peripheral/src\ch32h417_sdio.c ****  * @brief   Initializes the SDIO data path according to the specified
 293:c:/Users/User/Documents/GitHub/ch32h417/EVT/EXAM/SRC/Peripheral/src\ch32h417_sdio.c ****  *
 294:c:/Users/User/Documents/GitHub/ch32h417/EVT/EXAM/SRC/Peripheral/src\ch32h417_sdio.c ****  * @param   SDIO_DataInitStruct - pointer to a SDIO_DataInitTypeDef structure that
 295:c:/Users/User/Documents/GitHub/ch32h417/EVT/EXAM/SRC/Peripheral/src\ch32h417_sdio.c ****  *        contains the configuration information for the SDIO command.
 296:c:/Users/User/Documents/GitHub/ch32h417/EVT/EXAM/SRC/Peripheral/src\ch32h417_sdio.c ****  *
 297:c:/Users/User/Documents/GitHub/ch32h417/EVT/EXAM/SRC/Peripheral/src\ch32h417_sdio.c ****  * @return  none
 298:c:/Users/User/Documents/GitHub/ch32h417/EVT/EXAM/SRC/Peripheral/src\ch32h417_sdio.c ****  */
 299:c:/Users/User/Documents/GitHub/ch32h417/EVT/EXAM/SRC/Peripheral/src\ch32h417_sdio.c **** void SDIO_DataConfig(SDIO_DataInitTypeDef *SDIO_DataInitStruct)
 300:c:/Users/User/Documents/GitHub/ch32h417/EVT/EXAM/SRC/Peripheral/src\ch32h417_sdio.c **** {
 411              		.loc 1 300 1 is_stmt 1
 412              		.cfi_startproc
 413              	.LVL20:
 301:c:/Users/User/Documents/GitHub/ch32h417/EVT/EXAM/SRC/Peripheral/src\ch32h417_sdio.c ****     uint32_t tmpreg = 0;
 414              		.loc 1 301 5
 302:c:/Users/User/Documents/GitHub/ch32h417/EVT/EXAM/SRC/Peripheral/src\ch32h417_sdio.c **** 
 303:c:/Users/User/Documents/GitHub/ch32h417/EVT/EXAM/SRC/Peripheral/src\ch32h417_sdio.c ****     SDIO->DTIMER = SDIO_DataInitStruct->SDIO_DataTimeOut;
 415              		.loc 1 303 5
 416              		.loc 1 303 39 is_stmt 0
 417 0000 1C41     		lw	a5,0(a0)
 418              		.loc 1 303 18
 419 0002 37870140 		li	a4,1073840128
 420 0006 5CD3     		sw	a5,36(a4)
 304:c:/Users/User/Documents/GitHub/ch32h417/EVT/EXAM/SRC/Peripheral/src\ch32h417_sdio.c ****     SDIO->DLEN = SDIO_DataInitStruct->SDIO_DataLength;
 421              		.loc 1 304 5 is_stmt 1
 422              		.loc 1 304 37 is_stmt 0
 423 0008 5C41     		lw	a5,4(a0)
 424              		.loc 1 304 16
 425 000a 1CD7     		sw	a5,40(a4)
 305:c:/Users/User/Documents/GitHub/ch32h417/EVT/EXAM/SRC/Peripheral/src\ch32h417_sdio.c ****     tmpreg = SDIO->DCTRL;
 426              		.loc 1 305 5 is_stmt 1
 427              		.loc 1 305 12 is_stmt 0
 428 000c 5457     		lw	a3,44(a4)
 429              	.LVL21:
 306:c:/Users/User/Documents/GitHub/ch32h417/EVT/EXAM/SRC/Peripheral/src\ch32h417_sdio.c ****     tmpreg &= DCTRL_CLEAR_MASK;
 430              		.loc 1 306 5 is_stmt 1
 307:c:/Users/User/Documents/GitHub/ch32h417/EVT/EXAM/SRC/Peripheral/src\ch32h417_sdio.c ****     tmpreg |= (uint32_t)SDIO_DataInitStruct->SDIO_DataBlockSize | SDIO_DataInitStruct->SDIO_Transfe
 431              		.loc 1 307 5
 432              		.loc 1 307 65 is_stmt 0
 433 000e 1C45     		lw	a5,8(a0)
 434 0010 5045     		lw	a2,12(a0)
 306:c:/Users/User/Documents/GitHub/ch32h417/EVT/EXAM/SRC/Peripheral/src\ch32h417_sdio.c ****     tmpreg &= DCTRL_CLEAR_MASK;
 435              		.loc 1 306 12
 436 0012 93F686F0 		andi	a3,a3,-248
 437              	.LVL22:
 438              		.loc 1 307 65
 439 0016 D18F     		or	a5,a5,a2
 440 0018 D58F     		or	a5,a5,a3
 441 001a 1449     		lw	a3,16(a0)
 442              	.LVL23:
 443 001c D58F     		or	a5,a5,a3
 444              		.loc 1 307 12
 445 001e 5449     		lw	a3,20(a0)
 446 0020 D58F     		or	a5,a5,a3
 447              	.LVL24:
 308:c:/Users/User/Documents/GitHub/ch32h417/EVT/EXAM/SRC/Peripheral/src\ch32h417_sdio.c **** 
 309:c:/Users/User/Documents/GitHub/ch32h417/EVT/EXAM/SRC/Peripheral/src\ch32h417_sdio.c ****     SDIO->DCTRL = tmpreg;
 448              		.loc 1 309 5 is_stmt 1
 449              		.loc 1 309 17 is_stmt 0
 450 0022 5CD7     		sw	a5,44(a4)
 310:c:/Users/User/Documents/GitHub/ch32h417/EVT/EXAM/SRC/Peripheral/src\ch32h417_sdio.c **** }
 451              		.loc 1 310 1
 452 0024 8280     		ret
 453              		.cfi_endproc
 454              	.LFE52:
 456              		.section	.text.SDIO_DataStructInit,"ax",@progbits
 457              		.align	1
 458              		.globl	SDIO_DataStructInit
 460              	SDIO_DataStructInit:
 461              	.LFB53:
 311:c:/Users/User/Documents/GitHub/ch32h417/EVT/EXAM/SRC/Peripheral/src\ch32h417_sdio.c **** 
 312:c:/Users/User/Documents/GitHub/ch32h417/EVT/EXAM/SRC/Peripheral/src\ch32h417_sdio.c **** /*********************************************************************
 313:c:/Users/User/Documents/GitHub/ch32h417/EVT/EXAM/SRC/Peripheral/src\ch32h417_sdio.c ****  * @fn      SDIO_DataStructInit
 314:c:/Users/User/Documents/GitHub/ch32h417/EVT/EXAM/SRC/Peripheral/src\ch32h417_sdio.c ****  *
 315:c:/Users/User/Documents/GitHub/ch32h417/EVT/EXAM/SRC/Peripheral/src\ch32h417_sdio.c ****  * @brief   Fills each SDIO_DataInitStruct member with its default value.
 316:c:/Users/User/Documents/GitHub/ch32h417/EVT/EXAM/SRC/Peripheral/src\ch32h417_sdio.c ****  *
 317:c:/Users/User/Documents/GitHub/ch32h417/EVT/EXAM/SRC/Peripheral/src\ch32h417_sdio.c ****  * @param   SDIO_DataInitStruct - pointer to an SDIO_DataInitTypeDef
 318:c:/Users/User/Documents/GitHub/ch32h417/EVT/EXAM/SRC/Peripheral/src\ch32h417_sdio.c ****  *        structure which will be initialized.
 319:c:/Users/User/Documents/GitHub/ch32h417/EVT/EXAM/SRC/Peripheral/src\ch32h417_sdio.c ****  *
 320:c:/Users/User/Documents/GitHub/ch32h417/EVT/EXAM/SRC/Peripheral/src\ch32h417_sdio.c ****  * @return  RTC counter value
 321:c:/Users/User/Documents/GitHub/ch32h417/EVT/EXAM/SRC/Peripheral/src\ch32h417_sdio.c ****  */
 322:c:/Users/User/Documents/GitHub/ch32h417/EVT/EXAM/SRC/Peripheral/src\ch32h417_sdio.c **** void SDIO_DataStructInit(SDIO_DataInitTypeDef *SDIO_DataInitStruct)
 323:c:/Users/User/Documents/GitHub/ch32h417/EVT/EXAM/SRC/Peripheral/src\ch32h417_sdio.c **** {
 462              		.loc 1 323 1 is_stmt 1
 463              		.cfi_startproc
 464              	.LVL25:
 324:c:/Users/User/Documents/GitHub/ch32h417/EVT/EXAM/SRC/Peripheral/src\ch32h417_sdio.c ****     SDIO_DataInitStruct->SDIO_DataTimeOut = 0xFFFFFFFF;
 465              		.loc 1 324 5
 466              		.loc 1 324 43 is_stmt 0
 467 0000 FD57     		li	a5,-1
 468 0002 1CC1     		sw	a5,0(a0)
 325:c:/Users/User/Documents/GitHub/ch32h417/EVT/EXAM/SRC/Peripheral/src\ch32h417_sdio.c ****     SDIO_DataInitStruct->SDIO_DataLength = 0x00;
 469              		.loc 1 325 5 is_stmt 1
 470              		.loc 1 325 42 is_stmt 0
 471 0004 23220500 		sw	zero,4(a0)
 326:c:/Users/User/Documents/GitHub/ch32h417/EVT/EXAM/SRC/Peripheral/src\ch32h417_sdio.c ****     SDIO_DataInitStruct->SDIO_DataBlockSize = SDIO_DataBlockSize_1b;
 472              		.loc 1 326 5 is_stmt 1
 473              		.loc 1 326 45 is_stmt 0
 474 0008 23240500 		sw	zero,8(a0)
 327:c:/Users/User/Documents/GitHub/ch32h417/EVT/EXAM/SRC/Peripheral/src\ch32h417_sdio.c ****     SDIO_DataInitStruct->SDIO_TransferDir = SDIO_TransferDir_ToCard;
 475              		.loc 1 327 5 is_stmt 1
 476              		.loc 1 327 43 is_stmt 0
 477 000c 23260500 		sw	zero,12(a0)
 328:c:/Users/User/Documents/GitHub/ch32h417/EVT/EXAM/SRC/Peripheral/src\ch32h417_sdio.c ****     SDIO_DataInitStruct->SDIO_TransferMode = SDIO_TransferMode_Block;
 478              		.loc 1 328 5 is_stmt 1
 479              		.loc 1 328 44 is_stmt 0
 480 0010 23280500 		sw	zero,16(a0)
 329:c:/Users/User/Documents/GitHub/ch32h417/EVT/EXAM/SRC/Peripheral/src\ch32h417_sdio.c ****     SDIO_DataInitStruct->SDIO_DPSM = SDIO_DPSM_Disable;
 481              		.loc 1 329 5 is_stmt 1
 482              		.loc 1 329 36 is_stmt 0
 483 0014 232A0500 		sw	zero,20(a0)
 330:c:/Users/User/Documents/GitHub/ch32h417/EVT/EXAM/SRC/Peripheral/src\ch32h417_sdio.c **** }
 484              		.loc 1 330 1
 485 0018 8280     		ret
 486              		.cfi_endproc
 487              	.LFE53:
 489              		.section	.text.SDIO_GetDataCounter,"ax",@progbits
 490              		.align	1
 491              		.globl	SDIO_GetDataCounter
 493              	SDIO_GetDataCounter:
 494              	.LFB54:
 331:c:/Users/User/Documents/GitHub/ch32h417/EVT/EXAM/SRC/Peripheral/src\ch32h417_sdio.c **** 
 332:c:/Users/User/Documents/GitHub/ch32h417/EVT/EXAM/SRC/Peripheral/src\ch32h417_sdio.c **** /*********************************************************************
 333:c:/Users/User/Documents/GitHub/ch32h417/EVT/EXAM/SRC/Peripheral/src\ch32h417_sdio.c ****  * @fn      SDIO_GetDataCounter
 334:c:/Users/User/Documents/GitHub/ch32h417/EVT/EXAM/SRC/Peripheral/src\ch32h417_sdio.c ****  *
 335:c:/Users/User/Documents/GitHub/ch32h417/EVT/EXAM/SRC/Peripheral/src\ch32h417_sdio.c ****  * @brief   Returns number of remaining data bytes to be transferred.
 336:c:/Users/User/Documents/GitHub/ch32h417/EVT/EXAM/SRC/Peripheral/src\ch32h417_sdio.c ****  *
 337:c:/Users/User/Documents/GitHub/ch32h417/EVT/EXAM/SRC/Peripheral/src\ch32h417_sdio.c ****  * @return  Number of remaining data bytes to be transferred
 338:c:/Users/User/Documents/GitHub/ch32h417/EVT/EXAM/SRC/Peripheral/src\ch32h417_sdio.c ****  */
 339:c:/Users/User/Documents/GitHub/ch32h417/EVT/EXAM/SRC/Peripheral/src\ch32h417_sdio.c **** uint32_t SDIO_GetDataCounter(void)
 340:c:/Users/User/Documents/GitHub/ch32h417/EVT/EXAM/SRC/Peripheral/src\ch32h417_sdio.c **** {
 495              		.loc 1 340 1 is_stmt 1
 496              		.cfi_startproc
 341:c:/Users/User/Documents/GitHub/ch32h417/EVT/EXAM/SRC/Peripheral/src\ch32h417_sdio.c ****     return SDIO->DCOUNT;
 497              		.loc 1 341 5
 498              		.loc 1 341 16 is_stmt 0
 499 0000 B7870140 		li	a5,1073840128
 500 0004 885B     		lw	a0,48(a5)
 342:c:/Users/User/Documents/GitHub/ch32h417/EVT/EXAM/SRC/Peripheral/src\ch32h417_sdio.c **** }
 501              		.loc 1 342 1
 502 0006 8280     		ret
 503              		.cfi_endproc
 504              	.LFE54:
 506              		.section	.text.SDIO_ReadData,"ax",@progbits
 507              		.align	1
 508              		.globl	SDIO_ReadData
 510              	SDIO_ReadData:
 511              	.LFB55:
 343:c:/Users/User/Documents/GitHub/ch32h417/EVT/EXAM/SRC/Peripheral/src\ch32h417_sdio.c **** 
 344:c:/Users/User/Documents/GitHub/ch32h417/EVT/EXAM/SRC/Peripheral/src\ch32h417_sdio.c **** /*********************************************************************
 345:c:/Users/User/Documents/GitHub/ch32h417/EVT/EXAM/SRC/Peripheral/src\ch32h417_sdio.c ****  * @fn      SDIO_ReadData
 346:c:/Users/User/Documents/GitHub/ch32h417/EVT/EXAM/SRC/Peripheral/src\ch32h417_sdio.c ****  *
 347:c:/Users/User/Documents/GitHub/ch32h417/EVT/EXAM/SRC/Peripheral/src\ch32h417_sdio.c ****  * @brief   Read one data word from Rx FIFO.
 348:c:/Users/User/Documents/GitHub/ch32h417/EVT/EXAM/SRC/Peripheral/src\ch32h417_sdio.c ****  *
 349:c:/Users/User/Documents/GitHub/ch32h417/EVT/EXAM/SRC/Peripheral/src\ch32h417_sdio.c ****  * @return  Data received
 350:c:/Users/User/Documents/GitHub/ch32h417/EVT/EXAM/SRC/Peripheral/src\ch32h417_sdio.c ****  */
 351:c:/Users/User/Documents/GitHub/ch32h417/EVT/EXAM/SRC/Peripheral/src\ch32h417_sdio.c **** uint32_t SDIO_ReadData(void)
 352:c:/Users/User/Documents/GitHub/ch32h417/EVT/EXAM/SRC/Peripheral/src\ch32h417_sdio.c **** {
 512              		.loc 1 352 1 is_stmt 1
 513              		.cfi_startproc
 353:c:/Users/User/Documents/GitHub/ch32h417/EVT/EXAM/SRC/Peripheral/src\ch32h417_sdio.c ****     return SDIO->FIFO;
 514              		.loc 1 353 5
 515              		.loc 1 353 16 is_stmt 0
 516 0000 B7870140 		li	a5,1073840128
 517 0004 03A50708 		lw	a0,128(a5)
 354:c:/Users/User/Documents/GitHub/ch32h417/EVT/EXAM/SRC/Peripheral/src\ch32h417_sdio.c **** }
 518              		.loc 1 354 1
 519 0008 8280     		ret
 520              		.cfi_endproc
 521              	.LFE55:
 523              		.section	.text.SDIO_WriteData,"ax",@progbits
 524              		.align	1
 525              		.globl	SDIO_WriteData
 527              	SDIO_WriteData:
 528              	.LFB56:
 355:c:/Users/User/Documents/GitHub/ch32h417/EVT/EXAM/SRC/Peripheral/src\ch32h417_sdio.c **** 
 356:c:/Users/User/Documents/GitHub/ch32h417/EVT/EXAM/SRC/Peripheral/src\ch32h417_sdio.c **** /*********************************************************************
 357:c:/Users/User/Documents/GitHub/ch32h417/EVT/EXAM/SRC/Peripheral/src\ch32h417_sdio.c ****  * @fn      SDIO_WriteData
 358:c:/Users/User/Documents/GitHub/ch32h417/EVT/EXAM/SRC/Peripheral/src\ch32h417_sdio.c ****  *
 359:c:/Users/User/Documents/GitHub/ch32h417/EVT/EXAM/SRC/Peripheral/src\ch32h417_sdio.c ****  * @brief   Write one data word to Tx FIFO.
 360:c:/Users/User/Documents/GitHub/ch32h417/EVT/EXAM/SRC/Peripheral/src\ch32h417_sdio.c ****  *
 361:c:/Users/User/Documents/GitHub/ch32h417/EVT/EXAM/SRC/Peripheral/src\ch32h417_sdio.c ****  * @param   Data - 32-bit data word to write.
 362:c:/Users/User/Documents/GitHub/ch32h417/EVT/EXAM/SRC/Peripheral/src\ch32h417_sdio.c ****  *
 363:c:/Users/User/Documents/GitHub/ch32h417/EVT/EXAM/SRC/Peripheral/src\ch32h417_sdio.c ****  * @return  RTC counter value
 364:c:/Users/User/Documents/GitHub/ch32h417/EVT/EXAM/SRC/Peripheral/src\ch32h417_sdio.c ****  */
 365:c:/Users/User/Documents/GitHub/ch32h417/EVT/EXAM/SRC/Peripheral/src\ch32h417_sdio.c **** void SDIO_WriteData(uint32_t Data)
 366:c:/Users/User/Documents/GitHub/ch32h417/EVT/EXAM/SRC/Peripheral/src\ch32h417_sdio.c **** {
 529              		.loc 1 366 1 is_stmt 1
 530              		.cfi_startproc
 531              	.LVL26:
 367:c:/Users/User/Documents/GitHub/ch32h417/EVT/EXAM/SRC/Peripheral/src\ch32h417_sdio.c ****     SDIO->FIFO = Data;
 532              		.loc 1 367 5
 533              		.loc 1 367 16 is_stmt 0
 534 0000 B7870140 		li	a5,1073840128
 535 0004 23A0A708 		sw	a0,128(a5)
 368:c:/Users/User/Documents/GitHub/ch32h417/EVT/EXAM/SRC/Peripheral/src\ch32h417_sdio.c **** }
 536              		.loc 1 368 1
 537 0008 8280     		ret
 538              		.cfi_endproc
 539              	.LFE56:
 541              		.section	.text.SDIO_GetFIFOCount,"ax",@progbits
 542              		.align	1
 543              		.globl	SDIO_GetFIFOCount
 545              	SDIO_GetFIFOCount:
 546              	.LFB57:
 369:c:/Users/User/Documents/GitHub/ch32h417/EVT/EXAM/SRC/Peripheral/src\ch32h417_sdio.c **** 
 370:c:/Users/User/Documents/GitHub/ch32h417/EVT/EXAM/SRC/Peripheral/src\ch32h417_sdio.c **** /*********************************************************************
 371:c:/Users/User/Documents/GitHub/ch32h417/EVT/EXAM/SRC/Peripheral/src\ch32h417_sdio.c ****  * @fn      SDIO_GetFIFOCount
 372:c:/Users/User/Documents/GitHub/ch32h417/EVT/EXAM/SRC/Peripheral/src\ch32h417_sdio.c ****  *
 373:c:/Users/User/Documents/GitHub/ch32h417/EVT/EXAM/SRC/Peripheral/src\ch32h417_sdio.c ****  * @brief   Returns the number of words left to be written to or read from FIFO.
 374:c:/Users/User/Documents/GitHub/ch32h417/EVT/EXAM/SRC/Peripheral/src\ch32h417_sdio.c ****  *
 375:c:/Users/User/Documents/GitHub/ch32h417/EVT/EXAM/SRC/Peripheral/src\ch32h417_sdio.c ****  * @return  Remaining number of words.
 376:c:/Users/User/Documents/GitHub/ch32h417/EVT/EXAM/SRC/Peripheral/src\ch32h417_sdio.c ****  */
 377:c:/Users/User/Documents/GitHub/ch32h417/EVT/EXAM/SRC/Peripheral/src\ch32h417_sdio.c **** uint32_t SDIO_GetFIFOCount(void)
 378:c:/Users/User/Documents/GitHub/ch32h417/EVT/EXAM/SRC/Peripheral/src\ch32h417_sdio.c **** {
 547              		.loc 1 378 1 is_stmt 1
 548              		.cfi_startproc
 379:c:/Users/User/Documents/GitHub/ch32h417/EVT/EXAM/SRC/Peripheral/src\ch32h417_sdio.c ****     return SDIO->FIFOCNT;
 549              		.loc 1 379 5
 550              		.loc 1 379 16 is_stmt 0
 551 0000 B7870140 		li	a5,1073840128
 552 0004 A847     		lw	a0,72(a5)
 380:c:/Users/User/Documents/GitHub/ch32h417/EVT/EXAM/SRC/Peripheral/src\ch32h417_sdio.c **** }
 553              		.loc 1 380 1
 554 0006 8280     		ret
 555              		.cfi_endproc
 556              	.LFE57:
 558              		.section	.text.SDIO_StartSDIOReadWait,"ax",@progbits
 559              		.align	1
 560              		.globl	SDIO_StartSDIOReadWait
 562              	SDIO_StartSDIOReadWait:
 563              	.LFB58:
 381:c:/Users/User/Documents/GitHub/ch32h417/EVT/EXAM/SRC/Peripheral/src\ch32h417_sdio.c **** 
 382:c:/Users/User/Documents/GitHub/ch32h417/EVT/EXAM/SRC/Peripheral/src\ch32h417_sdio.c **** /*********************************************************************
 383:c:/Users/User/Documents/GitHub/ch32h417/EVT/EXAM/SRC/Peripheral/src\ch32h417_sdio.c ****  * @fn      SDIO_StartSDIOReadWait
 384:c:/Users/User/Documents/GitHub/ch32h417/EVT/EXAM/SRC/Peripheral/src\ch32h417_sdio.c ****  *
 385:c:/Users/User/Documents/GitHub/ch32h417/EVT/EXAM/SRC/Peripheral/src\ch32h417_sdio.c ****  * @brief   Starts the SD I/O Read Wait operation.
 386:c:/Users/User/Documents/GitHub/ch32h417/EVT/EXAM/SRC/Peripheral/src\ch32h417_sdio.c ****  *
 387:c:/Users/User/Documents/GitHub/ch32h417/EVT/EXAM/SRC/Peripheral/src\ch32h417_sdio.c ****  * @param   NewState - ENABLE or DISABLE.
 388:c:/Users/User/Documents/GitHub/ch32h417/EVT/EXAM/SRC/Peripheral/src\ch32h417_sdio.c ****  *
 389:c:/Users/User/Documents/GitHub/ch32h417/EVT/EXAM/SRC/Peripheral/src\ch32h417_sdio.c ****  * @return  none
 390:c:/Users/User/Documents/GitHub/ch32h417/EVT/EXAM/SRC/Peripheral/src\ch32h417_sdio.c ****  */
 391:c:/Users/User/Documents/GitHub/ch32h417/EVT/EXAM/SRC/Peripheral/src\ch32h417_sdio.c **** void SDIO_StartSDIOReadWait(FunctionalState NewState)
 392:c:/Users/User/Documents/GitHub/ch32h417/EVT/EXAM/SRC/Peripheral/src\ch32h417_sdio.c **** {
 564              		.loc 1 392 1 is_stmt 1
 565              		.cfi_startproc
 566              	.LVL27:
 393:c:/Users/User/Documents/GitHub/ch32h417/EVT/EXAM/SRC/Peripheral/src\ch32h417_sdio.c ****     if(NewState)
 567              		.loc 1 393 5
 394:c:/Users/User/Documents/GitHub/ch32h417/EVT/EXAM/SRC/Peripheral/src\ch32h417_sdio.c ****         SDIO->DCTRL |= (1 << 8);
 568              		.loc 1 394 13 is_stmt 0
 569 0000 37870140 		li	a4,1073840128
 570 0004 5C57     		lw	a5,44(a4)
 393:c:/Users/User/Documents/GitHub/ch32h417/EVT/EXAM/SRC/Peripheral/src\ch32h417_sdio.c ****     if(NewState)
 571              		.loc 1 393 7
 572 0006 09C5     		beq	a0,zero,.L29
 573              		.loc 1 394 9 is_stmt 1
 574              		.loc 1 394 21 is_stmt 0
 575 0008 93E70710 		ori	a5,a5,256
 576              	.L31:
 395:c:/Users/User/Documents/GitHub/ch32h417/EVT/EXAM/SRC/Peripheral/src\ch32h417_sdio.c ****     else
 396:c:/Users/User/Documents/GitHub/ch32h417/EVT/EXAM/SRC/Peripheral/src\ch32h417_sdio.c ****         SDIO->DCTRL &= ~(1 << 8);
 577              		.loc 1 396 21
 578 000c 5CD7     		sw	a5,44(a4)
 397:c:/Users/User/Documents/GitHub/ch32h417/EVT/EXAM/SRC/Peripheral/src\ch32h417_sdio.c **** }
 579              		.loc 1 397 1
 580 000e 8280     		ret
 581              	.L29:
 396:c:/Users/User/Documents/GitHub/ch32h417/EVT/EXAM/SRC/Peripheral/src\ch32h417_sdio.c **** }
 582              		.loc 1 396 9 is_stmt 1
 396:c:/Users/User/Documents/GitHub/ch32h417/EVT/EXAM/SRC/Peripheral/src\ch32h417_sdio.c **** }
 583              		.loc 1 396 21 is_stmt 0
 584 0010 93F7F7EF 		andi	a5,a5,-257
 585 0014 E5BF     		j	.L31
 586              		.cfi_endproc
 587              	.LFE58:
 589              		.section	.text.SDIO_StopSDIOReadWait,"ax",@progbits
 590              		.align	1
 591              		.globl	SDIO_StopSDIOReadWait
 593              	SDIO_StopSDIOReadWait:
 594              	.LFB59:
 398:c:/Users/User/Documents/GitHub/ch32h417/EVT/EXAM/SRC/Peripheral/src\ch32h417_sdio.c **** 
 399:c:/Users/User/Documents/GitHub/ch32h417/EVT/EXAM/SRC/Peripheral/src\ch32h417_sdio.c **** /*********************************************************************
 400:c:/Users/User/Documents/GitHub/ch32h417/EVT/EXAM/SRC/Peripheral/src\ch32h417_sdio.c ****  * @fn      SDIO_StopSDIOReadWait
 401:c:/Users/User/Documents/GitHub/ch32h417/EVT/EXAM/SRC/Peripheral/src\ch32h417_sdio.c ****  *
 402:c:/Users/User/Documents/GitHub/ch32h417/EVT/EXAM/SRC/Peripheral/src\ch32h417_sdio.c ****  * @brief   Stops the SD I/O Read Wait operation.
 403:c:/Users/User/Documents/GitHub/ch32h417/EVT/EXAM/SRC/Peripheral/src\ch32h417_sdio.c ****  *
 404:c:/Users/User/Documents/GitHub/ch32h417/EVT/EXAM/SRC/Peripheral/src\ch32h417_sdio.c ****  * @param   NewState - ENABLE or DISABLE.
 405:c:/Users/User/Documents/GitHub/ch32h417/EVT/EXAM/SRC/Peripheral/src\ch32h417_sdio.c ****  *
 406:c:/Users/User/Documents/GitHub/ch32h417/EVT/EXAM/SRC/Peripheral/src\ch32h417_sdio.c ****  * @return  none
 407:c:/Users/User/Documents/GitHub/ch32h417/EVT/EXAM/SRC/Peripheral/src\ch32h417_sdio.c ****  */
 408:c:/Users/User/Documents/GitHub/ch32h417/EVT/EXAM/SRC/Peripheral/src\ch32h417_sdio.c **** void SDIO_StopSDIOReadWait(FunctionalState NewState)
 409:c:/Users/User/Documents/GitHub/ch32h417/EVT/EXAM/SRC/Peripheral/src\ch32h417_sdio.c **** {
 595              		.loc 1 409 1 is_stmt 1
 596              		.cfi_startproc
 597              	.LVL28:
 410:c:/Users/User/Documents/GitHub/ch32h417/EVT/EXAM/SRC/Peripheral/src\ch32h417_sdio.c ****     if(NewState)
 598              		.loc 1 410 5
 411:c:/Users/User/Documents/GitHub/ch32h417/EVT/EXAM/SRC/Peripheral/src\ch32h417_sdio.c ****         SDIO->DCTRL |= (1 << 9);
 599              		.loc 1 411 13 is_stmt 0
 600 0000 37870140 		li	a4,1073840128
 601 0004 5C57     		lw	a5,44(a4)
 410:c:/Users/User/Documents/GitHub/ch32h417/EVT/EXAM/SRC/Peripheral/src\ch32h417_sdio.c ****     if(NewState)
 602              		.loc 1 410 7
 603 0006 09C5     		beq	a0,zero,.L33
 604              		.loc 1 411 9 is_stmt 1
 605              		.loc 1 411 21 is_stmt 0
 606 0008 93E70720 		ori	a5,a5,512
 607              	.L35:
 412:c:/Users/User/Documents/GitHub/ch32h417/EVT/EXAM/SRC/Peripheral/src\ch32h417_sdio.c ****     else
 413:c:/Users/User/Documents/GitHub/ch32h417/EVT/EXAM/SRC/Peripheral/src\ch32h417_sdio.c ****         SDIO->DCTRL &= ~(1 << 9);
 608              		.loc 1 413 21
 609 000c 5CD7     		sw	a5,44(a4)
 414:c:/Users/User/Documents/GitHub/ch32h417/EVT/EXAM/SRC/Peripheral/src\ch32h417_sdio.c **** }
 610              		.loc 1 414 1
 611 000e 8280     		ret
 612              	.L33:
 413:c:/Users/User/Documents/GitHub/ch32h417/EVT/EXAM/SRC/Peripheral/src\ch32h417_sdio.c **** }
 613              		.loc 1 413 9 is_stmt 1
 413:c:/Users/User/Documents/GitHub/ch32h417/EVT/EXAM/SRC/Peripheral/src\ch32h417_sdio.c **** }
 614              		.loc 1 413 21 is_stmt 0
 615 0010 93F7F7DF 		andi	a5,a5,-513
 616 0014 E5BF     		j	.L35
 617              		.cfi_endproc
 618              	.LFE59:
 620              		.section	.text.SDIO_SetSDIOReadWaitMode,"ax",@progbits
 621              		.align	1
 622              		.globl	SDIO_SetSDIOReadWaitMode
 624              	SDIO_SetSDIOReadWaitMode:
 625              	.LFB60:
 415:c:/Users/User/Documents/GitHub/ch32h417/EVT/EXAM/SRC/Peripheral/src\ch32h417_sdio.c **** 
 416:c:/Users/User/Documents/GitHub/ch32h417/EVT/EXAM/SRC/Peripheral/src\ch32h417_sdio.c **** /*********************************************************************
 417:c:/Users/User/Documents/GitHub/ch32h417/EVT/EXAM/SRC/Peripheral/src\ch32h417_sdio.c ****  * @fn      SDIO_SetSDIOReadWaitMode
 418:c:/Users/User/Documents/GitHub/ch32h417/EVT/EXAM/SRC/Peripheral/src\ch32h417_sdio.c ****  *
 419:c:/Users/User/Documents/GitHub/ch32h417/EVT/EXAM/SRC/Peripheral/src\ch32h417_sdio.c ****  * @brief   Sets one of the two options of inserting read wait interval.
 420:c:/Users/User/Documents/GitHub/ch32h417/EVT/EXAM/SRC/Peripheral/src\ch32h417_sdio.c ****  *
 421:c:/Users/User/Documents/GitHub/ch32h417/EVT/EXAM/SRC/Peripheral/src\ch32h417_sdio.c ****  * @param   SDIO_ReadWaitMode - SD I/O Read Wait operation mode.
 422:c:/Users/User/Documents/GitHub/ch32h417/EVT/EXAM/SRC/Peripheral/src\ch32h417_sdio.c ****  *            SDIO_ReadWaitMode_CLK - Read Wait control by stopping SDIOCLK
 423:c:/Users/User/Documents/GitHub/ch32h417/EVT/EXAM/SRC/Peripheral/src\ch32h417_sdio.c ****  *            SDIO_ReadWaitMode_DATA2 - Read Wait control using SDIO_DATA2
 424:c:/Users/User/Documents/GitHub/ch32h417/EVT/EXAM/SRC/Peripheral/src\ch32h417_sdio.c ****  *
 425:c:/Users/User/Documents/GitHub/ch32h417/EVT/EXAM/SRC/Peripheral/src\ch32h417_sdio.c ****  * @return  none
 426:c:/Users/User/Documents/GitHub/ch32h417/EVT/EXAM/SRC/Peripheral/src\ch32h417_sdio.c ****  */
 427:c:/Users/User/Documents/GitHub/ch32h417/EVT/EXAM/SRC/Peripheral/src\ch32h417_sdio.c **** void SDIO_SetSDIOReadWaitMode(uint32_t SDIO_ReadWaitMode)
 428:c:/Users/User/Documents/GitHub/ch32h417/EVT/EXAM/SRC/Peripheral/src\ch32h417_sdio.c **** {
 626              		.loc 1 428 1 is_stmt 1
 627              		.cfi_startproc
 628              	.LVL29:
 429:c:/Users/User/Documents/GitHub/ch32h417/EVT/EXAM/SRC/Peripheral/src\ch32h417_sdio.c ****     if(SDIO_ReadWaitMode)
 629              		.loc 1 429 5
 430:c:/Users/User/Documents/GitHub/ch32h417/EVT/EXAM/SRC/Peripheral/src\ch32h417_sdio.c ****         SDIO->DCTRL |= (1 << 10);
 630              		.loc 1 430 13 is_stmt 0
 631 0000 37870140 		li	a4,1073840128
 632 0004 5C57     		lw	a5,44(a4)
 429:c:/Users/User/Documents/GitHub/ch32h417/EVT/EXAM/SRC/Peripheral/src\ch32h417_sdio.c ****     if(SDIO_ReadWaitMode)
 633              		.loc 1 429 7
 634 0006 09C5     		beq	a0,zero,.L37
 635              		.loc 1 430 9 is_stmt 1
 636              		.loc 1 430 21 is_stmt 0
 637 0008 93E70740 		ori	a5,a5,1024
 638              	.L39:
 431:c:/Users/User/Documents/GitHub/ch32h417/EVT/EXAM/SRC/Peripheral/src\ch32h417_sdio.c ****     else
 432:c:/Users/User/Documents/GitHub/ch32h417/EVT/EXAM/SRC/Peripheral/src\ch32h417_sdio.c ****         SDIO->DCTRL &= ~(1 << 10);
 639              		.loc 1 432 21
 640 000c 5CD7     		sw	a5,44(a4)
 433:c:/Users/User/Documents/GitHub/ch32h417/EVT/EXAM/SRC/Peripheral/src\ch32h417_sdio.c **** }
 641              		.loc 1 433 1
 642 000e 8280     		ret
 643              	.L37:
 432:c:/Users/User/Documents/GitHub/ch32h417/EVT/EXAM/SRC/Peripheral/src\ch32h417_sdio.c **** }
 644              		.loc 1 432 9 is_stmt 1
 432:c:/Users/User/Documents/GitHub/ch32h417/EVT/EXAM/SRC/Peripheral/src\ch32h417_sdio.c **** }
 645              		.loc 1 432 21 is_stmt 0
 646 0010 93F7F7BF 		andi	a5,a5,-1025
 647 0014 E5BF     		j	.L39
 648              		.cfi_endproc
 649              	.LFE60:
 651              		.section	.text.SDIO_SetSDIOOperation,"ax",@progbits
 652              		.align	1
 653              		.globl	SDIO_SetSDIOOperation
 655              	SDIO_SetSDIOOperation:
 656              	.LFB61:
 434:c:/Users/User/Documents/GitHub/ch32h417/EVT/EXAM/SRC/Peripheral/src\ch32h417_sdio.c **** 
 435:c:/Users/User/Documents/GitHub/ch32h417/EVT/EXAM/SRC/Peripheral/src\ch32h417_sdio.c **** /*********************************************************************
 436:c:/Users/User/Documents/GitHub/ch32h417/EVT/EXAM/SRC/Peripheral/src\ch32h417_sdio.c ****  * @fn      SDIO_SetSDIOOperation
 437:c:/Users/User/Documents/GitHub/ch32h417/EVT/EXAM/SRC/Peripheral/src\ch32h417_sdio.c ****  *
 438:c:/Users/User/Documents/GitHub/ch32h417/EVT/EXAM/SRC/Peripheral/src\ch32h417_sdio.c ****  * @brief   Enables or disables the SD I/O Mode Operation.
 439:c:/Users/User/Documents/GitHub/ch32h417/EVT/EXAM/SRC/Peripheral/src\ch32h417_sdio.c ****  *
 440:c:/Users/User/Documents/GitHub/ch32h417/EVT/EXAM/SRC/Peripheral/src\ch32h417_sdio.c ****  * @param   NewState: ENABLE or DISABLE.
 441:c:/Users/User/Documents/GitHub/ch32h417/EVT/EXAM/SRC/Peripheral/src\ch32h417_sdio.c ****  *
 442:c:/Users/User/Documents/GitHub/ch32h417/EVT/EXAM/SRC/Peripheral/src\ch32h417_sdio.c ****  * @return  none
 443:c:/Users/User/Documents/GitHub/ch32h417/EVT/EXAM/SRC/Peripheral/src\ch32h417_sdio.c ****  */
 444:c:/Users/User/Documents/GitHub/ch32h417/EVT/EXAM/SRC/Peripheral/src\ch32h417_sdio.c **** void SDIO_SetSDIOOperation(FunctionalState NewState)
 445:c:/Users/User/Documents/GitHub/ch32h417/EVT/EXAM/SRC/Peripheral/src\ch32h417_sdio.c **** {
 657              		.loc 1 445 1 is_stmt 1
 658              		.cfi_startproc
 659              	.LVL30:
 446:c:/Users/User/Documents/GitHub/ch32h417/EVT/EXAM/SRC/Peripheral/src\ch32h417_sdio.c ****     if(NewState)
 660              		.loc 1 446 5
 447:c:/Users/User/Documents/GitHub/ch32h417/EVT/EXAM/SRC/Peripheral/src\ch32h417_sdio.c ****         SDIO->DCTRL |= (1 << 11);
 661              		.loc 1 447 13 is_stmt 0
 662 0000 37870140 		li	a4,1073840128
 663 0004 5C57     		lw	a5,44(a4)
 446:c:/Users/User/Documents/GitHub/ch32h417/EVT/EXAM/SRC/Peripheral/src\ch32h417_sdio.c ****     if(NewState)
 664              		.loc 1 446 7
 665 0006 09C5     		beq	a0,zero,.L41
 666              		.loc 1 447 9 is_stmt 1
 667              		.loc 1 447 21 is_stmt 0
 668 0008 9397B728 		bseti	a5,a5,11
 669              	.L43:
 448:c:/Users/User/Documents/GitHub/ch32h417/EVT/EXAM/SRC/Peripheral/src\ch32h417_sdio.c ****     else
 449:c:/Users/User/Documents/GitHub/ch32h417/EVT/EXAM/SRC/Peripheral/src\ch32h417_sdio.c ****         SDIO->DCTRL &= ~(1 << 11);
 670              		.loc 1 449 21
 671 000c 5CD7     		sw	a5,44(a4)
 450:c:/Users/User/Documents/GitHub/ch32h417/EVT/EXAM/SRC/Peripheral/src\ch32h417_sdio.c **** }
 672              		.loc 1 450 1
 673 000e 8280     		ret
 674              	.L41:
 449:c:/Users/User/Documents/GitHub/ch32h417/EVT/EXAM/SRC/Peripheral/src\ch32h417_sdio.c **** }
 675              		.loc 1 449 9 is_stmt 1
 449:c:/Users/User/Documents/GitHub/ch32h417/EVT/EXAM/SRC/Peripheral/src\ch32h417_sdio.c **** }
 676              		.loc 1 449 21 is_stmt 0
 677 0010 9397B748 		bclri	a5,a5,11
 678 0014 E5BF     		j	.L43
 679              		.cfi_endproc
 680              	.LFE61:
 682              		.section	.text.SDIO_SendSDIOSuspendCmd,"ax",@progbits
 683              		.align	1
 684              		.globl	SDIO_SendSDIOSuspendCmd
 686              	SDIO_SendSDIOSuspendCmd:
 687              	.LFB62:
 451:c:/Users/User/Documents/GitHub/ch32h417/EVT/EXAM/SRC/Peripheral/src\ch32h417_sdio.c **** 
 452:c:/Users/User/Documents/GitHub/ch32h417/EVT/EXAM/SRC/Peripheral/src\ch32h417_sdio.c **** /*********************************************************************
 453:c:/Users/User/Documents/GitHub/ch32h417/EVT/EXAM/SRC/Peripheral/src\ch32h417_sdio.c ****  * @fn      SDIO_SendSDIOSuspendCmd
 454:c:/Users/User/Documents/GitHub/ch32h417/EVT/EXAM/SRC/Peripheral/src\ch32h417_sdio.c ****  *
 455:c:/Users/User/Documents/GitHub/ch32h417/EVT/EXAM/SRC/Peripheral/src\ch32h417_sdio.c ****  * @brief   Enables or disables the SD I/O Mode suspend command sending.
 456:c:/Users/User/Documents/GitHub/ch32h417/EVT/EXAM/SRC/Peripheral/src\ch32h417_sdio.c ****  *
 457:c:/Users/User/Documents/GitHub/ch32h417/EVT/EXAM/SRC/Peripheral/src\ch32h417_sdio.c ****  * @param   NewState - ENABLE or DISABLE.
 458:c:/Users/User/Documents/GitHub/ch32h417/EVT/EXAM/SRC/Peripheral/src\ch32h417_sdio.c ****  *
 459:c:/Users/User/Documents/GitHub/ch32h417/EVT/EXAM/SRC/Peripheral/src\ch32h417_sdio.c ****  * @return  none
 460:c:/Users/User/Documents/GitHub/ch32h417/EVT/EXAM/SRC/Peripheral/src\ch32h417_sdio.c ****  */
 461:c:/Users/User/Documents/GitHub/ch32h417/EVT/EXAM/SRC/Peripheral/src\ch32h417_sdio.c **** void SDIO_SendSDIOSuspendCmd(FunctionalState NewState)
 462:c:/Users/User/Documents/GitHub/ch32h417/EVT/EXAM/SRC/Peripheral/src\ch32h417_sdio.c **** {
 688              		.loc 1 462 1 is_stmt 1
 689              		.cfi_startproc
 690              	.LVL31:
 463:c:/Users/User/Documents/GitHub/ch32h417/EVT/EXAM/SRC/Peripheral/src\ch32h417_sdio.c ****     if(NewState)
 691              		.loc 1 463 5
 464:c:/Users/User/Documents/GitHub/ch32h417/EVT/EXAM/SRC/Peripheral/src\ch32h417_sdio.c ****         SDIO->CMD |= (1 << 11);
 692              		.loc 1 464 13 is_stmt 0
 693 0000 37870140 		li	a4,1073840128
 694 0004 5C47     		lw	a5,12(a4)
 463:c:/Users/User/Documents/GitHub/ch32h417/EVT/EXAM/SRC/Peripheral/src\ch32h417_sdio.c ****     if(NewState)
 695              		.loc 1 463 7
 696 0006 09C5     		beq	a0,zero,.L45
 697              		.loc 1 464 9 is_stmt 1
 698              		.loc 1 464 19 is_stmt 0
 699 0008 9397B728 		bseti	a5,a5,11
 700              	.L47:
 465:c:/Users/User/Documents/GitHub/ch32h417/EVT/EXAM/SRC/Peripheral/src\ch32h417_sdio.c ****     else
 466:c:/Users/User/Documents/GitHub/ch32h417/EVT/EXAM/SRC/Peripheral/src\ch32h417_sdio.c ****         SDIO->CMD &= ~(1 << 11);
 701              		.loc 1 466 19
 702 000c 5CC7     		sw	a5,12(a4)
 467:c:/Users/User/Documents/GitHub/ch32h417/EVT/EXAM/SRC/Peripheral/src\ch32h417_sdio.c **** }
 703              		.loc 1 467 1
 704 000e 8280     		ret
 705              	.L45:
 466:c:/Users/User/Documents/GitHub/ch32h417/EVT/EXAM/SRC/Peripheral/src\ch32h417_sdio.c **** }
 706              		.loc 1 466 9 is_stmt 1
 466:c:/Users/User/Documents/GitHub/ch32h417/EVT/EXAM/SRC/Peripheral/src\ch32h417_sdio.c **** }
 707              		.loc 1 466 19 is_stmt 0
 708 0010 9397B748 		bclri	a5,a5,11
 709 0014 E5BF     		j	.L47
 710              		.cfi_endproc
 711              	.LFE62:
 713              		.section	.text.SDIO_CommandCompletionCmd,"ax",@progbits
 714              		.align	1
 715              		.globl	SDIO_CommandCompletionCmd
 717              	SDIO_CommandCompletionCmd:
 718              	.LFB63:
 468:c:/Users/User/Documents/GitHub/ch32h417/EVT/EXAM/SRC/Peripheral/src\ch32h417_sdio.c **** 
 469:c:/Users/User/Documents/GitHub/ch32h417/EVT/EXAM/SRC/Peripheral/src\ch32h417_sdio.c **** /*********************************************************************
 470:c:/Users/User/Documents/GitHub/ch32h417/EVT/EXAM/SRC/Peripheral/src\ch32h417_sdio.c ****  * @fn      SDIO_CommandCompletionCmd
 471:c:/Users/User/Documents/GitHub/ch32h417/EVT/EXAM/SRC/Peripheral/src\ch32h417_sdio.c ****  *
 472:c:/Users/User/Documents/GitHub/ch32h417/EVT/EXAM/SRC/Peripheral/src\ch32h417_sdio.c ****  * @brief   Enables or disables the command completion signal.
 473:c:/Users/User/Documents/GitHub/ch32h417/EVT/EXAM/SRC/Peripheral/src\ch32h417_sdio.c ****  *
 474:c:/Users/User/Documents/GitHub/ch32h417/EVT/EXAM/SRC/Peripheral/src\ch32h417_sdio.c ****  * @param   NewState - ENABLE or DISABLE.
 475:c:/Users/User/Documents/GitHub/ch32h417/EVT/EXAM/SRC/Peripheral/src\ch32h417_sdio.c ****  *
 476:c:/Users/User/Documents/GitHub/ch32h417/EVT/EXAM/SRC/Peripheral/src\ch32h417_sdio.c ****  * @return  none
 477:c:/Users/User/Documents/GitHub/ch32h417/EVT/EXAM/SRC/Peripheral/src\ch32h417_sdio.c ****  */
 478:c:/Users/User/Documents/GitHub/ch32h417/EVT/EXAM/SRC/Peripheral/src\ch32h417_sdio.c **** void SDIO_CommandCompletionCmd(FunctionalState NewState)
 479:c:/Users/User/Documents/GitHub/ch32h417/EVT/EXAM/SRC/Peripheral/src\ch32h417_sdio.c **** {
 719              		.loc 1 479 1 is_stmt 1
 720              		.cfi_startproc
 721              	.LVL32:
 480:c:/Users/User/Documents/GitHub/ch32h417/EVT/EXAM/SRC/Peripheral/src\ch32h417_sdio.c ****     if(NewState)
 722              		.loc 1 480 5
 481:c:/Users/User/Documents/GitHub/ch32h417/EVT/EXAM/SRC/Peripheral/src\ch32h417_sdio.c ****         SDIO->CMD |= (1 << 12);
 723              		.loc 1 481 13 is_stmt 0
 724 0000 37870140 		li	a4,1073840128
 725 0004 5C47     		lw	a5,12(a4)
 480:c:/Users/User/Documents/GitHub/ch32h417/EVT/EXAM/SRC/Peripheral/src\ch32h417_sdio.c ****     if(NewState)
 726              		.loc 1 480 7
 727 0006 09C5     		beq	a0,zero,.L49
 728              		.loc 1 481 9 is_stmt 1
 729              		.loc 1 481 19 is_stmt 0
 730 0008 9397C728 		bseti	a5,a5,12
 731              	.L51:
 482:c:/Users/User/Documents/GitHub/ch32h417/EVT/EXAM/SRC/Peripheral/src\ch32h417_sdio.c ****     else
 483:c:/Users/User/Documents/GitHub/ch32h417/EVT/EXAM/SRC/Peripheral/src\ch32h417_sdio.c ****         SDIO->CMD &= ~(1 << 12);
 732              		.loc 1 483 19
 733 000c 5CC7     		sw	a5,12(a4)
 484:c:/Users/User/Documents/GitHub/ch32h417/EVT/EXAM/SRC/Peripheral/src\ch32h417_sdio.c **** }
 734              		.loc 1 484 1
 735 000e 8280     		ret
 736              	.L49:
 483:c:/Users/User/Documents/GitHub/ch32h417/EVT/EXAM/SRC/Peripheral/src\ch32h417_sdio.c **** }
 737              		.loc 1 483 9 is_stmt 1
 483:c:/Users/User/Documents/GitHub/ch32h417/EVT/EXAM/SRC/Peripheral/src\ch32h417_sdio.c **** }
 738              		.loc 1 483 19 is_stmt 0
 739 0010 9397C748 		bclri	a5,a5,12
 740 0014 E5BF     		j	.L51
 741              		.cfi_endproc
 742              	.LFE63:
 744              		.section	.text.SDIO_CEATAITCmd,"ax",@progbits
 745              		.align	1
 746              		.globl	SDIO_CEATAITCmd
 748              	SDIO_CEATAITCmd:
 749              	.LFB64:
 485:c:/Users/User/Documents/GitHub/ch32h417/EVT/EXAM/SRC/Peripheral/src\ch32h417_sdio.c **** 
 486:c:/Users/User/Documents/GitHub/ch32h417/EVT/EXAM/SRC/Peripheral/src\ch32h417_sdio.c **** /*********************************************************************
 487:c:/Users/User/Documents/GitHub/ch32h417/EVT/EXAM/SRC/Peripheral/src\ch32h417_sdio.c ****  * @fn      SDIO_CEATAITCmd
 488:c:/Users/User/Documents/GitHub/ch32h417/EVT/EXAM/SRC/Peripheral/src\ch32h417_sdio.c ****  *
 489:c:/Users/User/Documents/GitHub/ch32h417/EVT/EXAM/SRC/Peripheral/src\ch32h417_sdio.c ****  * @brief   Enables or disables the CE-ATA interrupt.
 490:c:/Users/User/Documents/GitHub/ch32h417/EVT/EXAM/SRC/Peripheral/src\ch32h417_sdio.c ****  *
 491:c:/Users/User/Documents/GitHub/ch32h417/EVT/EXAM/SRC/Peripheral/src\ch32h417_sdio.c ****  * @param   NewState - ENABLE or DISABLE.
 492:c:/Users/User/Documents/GitHub/ch32h417/EVT/EXAM/SRC/Peripheral/src\ch32h417_sdio.c ****  *
 493:c:/Users/User/Documents/GitHub/ch32h417/EVT/EXAM/SRC/Peripheral/src\ch32h417_sdio.c ****  * @return  none
 494:c:/Users/User/Documents/GitHub/ch32h417/EVT/EXAM/SRC/Peripheral/src\ch32h417_sdio.c ****  */
 495:c:/Users/User/Documents/GitHub/ch32h417/EVT/EXAM/SRC/Peripheral/src\ch32h417_sdio.c **** void SDIO_CEATAITCmd(FunctionalState NewState)
 496:c:/Users/User/Documents/GitHub/ch32h417/EVT/EXAM/SRC/Peripheral/src\ch32h417_sdio.c **** {
 750              		.loc 1 496 1 is_stmt 1
 751              		.cfi_startproc
 752              	.LVL33:
 497:c:/Users/User/Documents/GitHub/ch32h417/EVT/EXAM/SRC/Peripheral/src\ch32h417_sdio.c ****     if(NewState)
 753              		.loc 1 497 5
 498:c:/Users/User/Documents/GitHub/ch32h417/EVT/EXAM/SRC/Peripheral/src\ch32h417_sdio.c ****         SDIO->CMD |= (1 << 13);
 754              		.loc 1 498 13 is_stmt 0
 755 0000 37870140 		li	a4,1073840128
 756 0004 5C47     		lw	a5,12(a4)
 497:c:/Users/User/Documents/GitHub/ch32h417/EVT/EXAM/SRC/Peripheral/src\ch32h417_sdio.c ****     if(NewState)
 757              		.loc 1 497 7
 758 0006 09C5     		beq	a0,zero,.L53
 759              		.loc 1 498 9 is_stmt 1
 760              		.loc 1 498 19 is_stmt 0
 761 0008 9397D728 		bseti	a5,a5,13
 762              	.L55:
 499:c:/Users/User/Documents/GitHub/ch32h417/EVT/EXAM/SRC/Peripheral/src\ch32h417_sdio.c ****     else
 500:c:/Users/User/Documents/GitHub/ch32h417/EVT/EXAM/SRC/Peripheral/src\ch32h417_sdio.c ****         SDIO->CMD &= ~(1 << 13);
 763              		.loc 1 500 19
 764 000c 5CC7     		sw	a5,12(a4)
 501:c:/Users/User/Documents/GitHub/ch32h417/EVT/EXAM/SRC/Peripheral/src\ch32h417_sdio.c **** }
 765              		.loc 1 501 1
 766 000e 8280     		ret
 767              	.L53:
 500:c:/Users/User/Documents/GitHub/ch32h417/EVT/EXAM/SRC/Peripheral/src\ch32h417_sdio.c **** }
 768              		.loc 1 500 9 is_stmt 1
 500:c:/Users/User/Documents/GitHub/ch32h417/EVT/EXAM/SRC/Peripheral/src\ch32h417_sdio.c **** }
 769              		.loc 1 500 19 is_stmt 0
 770 0010 9397D748 		bclri	a5,a5,13
 771 0014 E5BF     		j	.L55
 772              		.cfi_endproc
 773              	.LFE64:
 775              		.section	.text.SDIO_SendCEATACmd,"ax",@progbits
 776              		.align	1
 777              		.globl	SDIO_SendCEATACmd
 779              	SDIO_SendCEATACmd:
 780              	.LFB65:
 502:c:/Users/User/Documents/GitHub/ch32h417/EVT/EXAM/SRC/Peripheral/src\ch32h417_sdio.c **** 
 503:c:/Users/User/Documents/GitHub/ch32h417/EVT/EXAM/SRC/Peripheral/src\ch32h417_sdio.c **** /*********************************************************************
 504:c:/Users/User/Documents/GitHub/ch32h417/EVT/EXAM/SRC/Peripheral/src\ch32h417_sdio.c ****  * @fn      SDIO_SendCEATACmd
 505:c:/Users/User/Documents/GitHub/ch32h417/EVT/EXAM/SRC/Peripheral/src\ch32h417_sdio.c ****  *
 506:c:/Users/User/Documents/GitHub/ch32h417/EVT/EXAM/SRC/Peripheral/src\ch32h417_sdio.c ****  * @brief   Sends CE-ATA command (CMD61).
 507:c:/Users/User/Documents/GitHub/ch32h417/EVT/EXAM/SRC/Peripheral/src\ch32h417_sdio.c ****  *
 508:c:/Users/User/Documents/GitHub/ch32h417/EVT/EXAM/SRC/Peripheral/src\ch32h417_sdio.c ****  * @param   NewState - ENABLE or DISABLE.
 509:c:/Users/User/Documents/GitHub/ch32h417/EVT/EXAM/SRC/Peripheral/src\ch32h417_sdio.c ****  *
 510:c:/Users/User/Documents/GitHub/ch32h417/EVT/EXAM/SRC/Peripheral/src\ch32h417_sdio.c ****  * @return  RTC counter value
 511:c:/Users/User/Documents/GitHub/ch32h417/EVT/EXAM/SRC/Peripheral/src\ch32h417_sdio.c ****  */
 512:c:/Users/User/Documents/GitHub/ch32h417/EVT/EXAM/SRC/Peripheral/src\ch32h417_sdio.c **** void SDIO_SendCEATACmd(FunctionalState NewState)
 513:c:/Users/User/Documents/GitHub/ch32h417/EVT/EXAM/SRC/Peripheral/src\ch32h417_sdio.c **** {
 781              		.loc 1 513 1 is_stmt 1
 782              		.cfi_startproc
 783              	.LVL34:
 514:c:/Users/User/Documents/GitHub/ch32h417/EVT/EXAM/SRC/Peripheral/src\ch32h417_sdio.c ****     if(NewState)
 784              		.loc 1 514 5
 515:c:/Users/User/Documents/GitHub/ch32h417/EVT/EXAM/SRC/Peripheral/src\ch32h417_sdio.c ****         SDIO->CMD |= (1 << 14);
 785              		.loc 1 515 13 is_stmt 0
 786 0000 37870140 		li	a4,1073840128
 787 0004 5C47     		lw	a5,12(a4)
 514:c:/Users/User/Documents/GitHub/ch32h417/EVT/EXAM/SRC/Peripheral/src\ch32h417_sdio.c ****     if(NewState)
 788              		.loc 1 514 7
 789 0006 09C5     		beq	a0,zero,.L57
 790              		.loc 1 515 9 is_stmt 1
 791              		.loc 1 515 19 is_stmt 0
 792 0008 9397E728 		bseti	a5,a5,14
 793              	.L59:
 516:c:/Users/User/Documents/GitHub/ch32h417/EVT/EXAM/SRC/Peripheral/src\ch32h417_sdio.c ****     else
 517:c:/Users/User/Documents/GitHub/ch32h417/EVT/EXAM/SRC/Peripheral/src\ch32h417_sdio.c ****         SDIO->CMD &= ~(1 << 14);
 794              		.loc 1 517 19
 795 000c 5CC7     		sw	a5,12(a4)
 518:c:/Users/User/Documents/GitHub/ch32h417/EVT/EXAM/SRC/Peripheral/src\ch32h417_sdio.c **** }
 796              		.loc 1 518 1
 797 000e 8280     		ret
 798              	.L57:
 517:c:/Users/User/Documents/GitHub/ch32h417/EVT/EXAM/SRC/Peripheral/src\ch32h417_sdio.c **** }
 799              		.loc 1 517 9 is_stmt 1
 517:c:/Users/User/Documents/GitHub/ch32h417/EVT/EXAM/SRC/Peripheral/src\ch32h417_sdio.c **** }
 800              		.loc 1 517 19 is_stmt 0
 801 0010 9397E748 		bclri	a5,a5,14
 802 0014 E5BF     		j	.L59
 803              		.cfi_endproc
 804              	.LFE65:
 806              		.section	.text.SDIO_GetFlagStatus,"ax",@progbits
 807              		.align	1
 808              		.globl	SDIO_GetFlagStatus
 810              	SDIO_GetFlagStatus:
 811              	.LFB66:
 519:c:/Users/User/Documents/GitHub/ch32h417/EVT/EXAM/SRC/Peripheral/src\ch32h417_sdio.c **** 
 520:c:/Users/User/Documents/GitHub/ch32h417/EVT/EXAM/SRC/Peripheral/src\ch32h417_sdio.c **** /*********************************************************************
 521:c:/Users/User/Documents/GitHub/ch32h417/EVT/EXAM/SRC/Peripheral/src\ch32h417_sdio.c ****  * @fn      SDIO_GetFlagStatus
 522:c:/Users/User/Documents/GitHub/ch32h417/EVT/EXAM/SRC/Peripheral/src\ch32h417_sdio.c ****  *
 523:c:/Users/User/Documents/GitHub/ch32h417/EVT/EXAM/SRC/Peripheral/src\ch32h417_sdio.c ****  * @brief   Checks whether the specified SDIO flag is set or not.
 524:c:/Users/User/Documents/GitHub/ch32h417/EVT/EXAM/SRC/Peripheral/src\ch32h417_sdio.c ****  *
 525:c:/Users/User/Documents/GitHub/ch32h417/EVT/EXAM/SRC/Peripheral/src\ch32h417_sdio.c ****  * @param   SDIO_FLAG - specifies the flag to check.
 526:c:/Users/User/Documents/GitHub/ch32h417/EVT/EXAM/SRC/Peripheral/src\ch32h417_sdio.c ****  *            SDIO_FLAG_CCRCFAIL - Command response received (CRC check failed)
 527:c:/Users/User/Documents/GitHub/ch32h417/EVT/EXAM/SRC/Peripheral/src\ch32h417_sdio.c ****  *            SDIO_FLAG_DCRCFAIL - Data block sent/received (CRC check failed)
 528:c:/Users/User/Documents/GitHub/ch32h417/EVT/EXAM/SRC/Peripheral/src\ch32h417_sdio.c ****  *            SDIO_FLAG_CTIMEOUT - Command response timeout
 529:c:/Users/User/Documents/GitHub/ch32h417/EVT/EXAM/SRC/Peripheral/src\ch32h417_sdio.c ****  *            SDIO_FLAG_DTIMEOUT - Data timeout
 530:c:/Users/User/Documents/GitHub/ch32h417/EVT/EXAM/SRC/Peripheral/src\ch32h417_sdio.c ****  *            SDIO_FLAG_TXUNDERR - Transmit FIFO underrun error
 531:c:/Users/User/Documents/GitHub/ch32h417/EVT/EXAM/SRC/Peripheral/src\ch32h417_sdio.c ****  *            SDIO_FLAG_RXOVERR - Received FIFO overrun error
 532:c:/Users/User/Documents/GitHub/ch32h417/EVT/EXAM/SRC/Peripheral/src\ch32h417_sdio.c ****  *            SDIO_FLAG_CMDREND - Command response received (CRC check passed)
 533:c:/Users/User/Documents/GitHub/ch32h417/EVT/EXAM/SRC/Peripheral/src\ch32h417_sdio.c ****  *            SDIO_FLAG_CMDSENT - Command sent (no response required)
 534:c:/Users/User/Documents/GitHub/ch32h417/EVT/EXAM/SRC/Peripheral/src\ch32h417_sdio.c ****  *            SDIO_FLAG_DATAEND - Data end (data counter, SDIDCOUNT, is zero)
 535:c:/Users/User/Documents/GitHub/ch32h417/EVT/EXAM/SRC/Peripheral/src\ch32h417_sdio.c ****  *            SDIO_FLAG_STBITERR - Start bit not detected on all data signals
 536:c:/Users/User/Documents/GitHub/ch32h417/EVT/EXAM/SRC/Peripheral/src\ch32h417_sdio.c ****  *          in wide bus mode.
 537:c:/Users/User/Documents/GitHub/ch32h417/EVT/EXAM/SRC/Peripheral/src\ch32h417_sdio.c ****  *            SDIO_FLAG_DBCKEND - Data block sent/received (CRC check passed)
 538:c:/Users/User/Documents/GitHub/ch32h417/EVT/EXAM/SRC/Peripheral/src\ch32h417_sdio.c ****  *            SDIO_FLAG_CMDACT - Command transfer in progress
 539:c:/Users/User/Documents/GitHub/ch32h417/EVT/EXAM/SRC/Peripheral/src\ch32h417_sdio.c ****  *            SDIO_FLAG_TXACT - Data transmit in progress
 540:c:/Users/User/Documents/GitHub/ch32h417/EVT/EXAM/SRC/Peripheral/src\ch32h417_sdio.c ****  *            SDIO_FLAG_RXACT - Data receive in progress
 541:c:/Users/User/Documents/GitHub/ch32h417/EVT/EXAM/SRC/Peripheral/src\ch32h417_sdio.c ****  *            SDIO_FLAG_TXFIFOHE - Transmit FIFO Half Empty
 542:c:/Users/User/Documents/GitHub/ch32h417/EVT/EXAM/SRC/Peripheral/src\ch32h417_sdio.c ****  *            SDIO_FLAG_RXFIFOHF - Receive FIFO Half Full
 543:c:/Users/User/Documents/GitHub/ch32h417/EVT/EXAM/SRC/Peripheral/src\ch32h417_sdio.c ****  *            SDIO_FLAG_TXFIFOF - Transmit FIFO full
 544:c:/Users/User/Documents/GitHub/ch32h417/EVT/EXAM/SRC/Peripheral/src\ch32h417_sdio.c ****  *            SDIO_FLAG_RXFIFOF - Receive FIFO full
 545:c:/Users/User/Documents/GitHub/ch32h417/EVT/EXAM/SRC/Peripheral/src\ch32h417_sdio.c ****  *            SDIO_FLAG_TXFIFOE - Transmit FIFO empty
 546:c:/Users/User/Documents/GitHub/ch32h417/EVT/EXAM/SRC/Peripheral/src\ch32h417_sdio.c ****  *            SDIO_FLAG_RXFIFOE - Receive FIFO empty
 547:c:/Users/User/Documents/GitHub/ch32h417/EVT/EXAM/SRC/Peripheral/src\ch32h417_sdio.c ****  *            SDIO_FLAG_TXDAVL - Data available in transmit FIFO
 548:c:/Users/User/Documents/GitHub/ch32h417/EVT/EXAM/SRC/Peripheral/src\ch32h417_sdio.c ****  *            SDIO_FLAG_RXDAVL - Data available in receive FIFO
 549:c:/Users/User/Documents/GitHub/ch32h417/EVT/EXAM/SRC/Peripheral/src\ch32h417_sdio.c ****  *            SDIO_FLAG_SDIOIT - SD I/O interrupt received
 550:c:/Users/User/Documents/GitHub/ch32h417/EVT/EXAM/SRC/Peripheral/src\ch32h417_sdio.c ****  *            SDIO_FLAG_CEATAEND - CE-ATA command completion signal received
 551:c:/Users/User/Documents/GitHub/ch32h417/EVT/EXAM/SRC/Peripheral/src\ch32h417_sdio.c ****  *          for CMD61
 552:c:/Users/User/Documents/GitHub/ch32h417/EVT/EXAM/SRC/Peripheral/src\ch32h417_sdio.c ****  *
 553:c:/Users/User/Documents/GitHub/ch32h417/EVT/EXAM/SRC/Peripheral/src\ch32h417_sdio.c ****  * @return  ITStatus - SET or RESET
 554:c:/Users/User/Documents/GitHub/ch32h417/EVT/EXAM/SRC/Peripheral/src\ch32h417_sdio.c ****  */
 555:c:/Users/User/Documents/GitHub/ch32h417/EVT/EXAM/SRC/Peripheral/src\ch32h417_sdio.c **** FlagStatus SDIO_GetFlagStatus(uint32_t SDIO_FLAG)
 556:c:/Users/User/Documents/GitHub/ch32h417/EVT/EXAM/SRC/Peripheral/src\ch32h417_sdio.c **** {
 812              		.loc 1 556 1 is_stmt 1
 813              		.cfi_startproc
 814              	.LVL35:
 557:c:/Users/User/Documents/GitHub/ch32h417/EVT/EXAM/SRC/Peripheral/src\ch32h417_sdio.c ****     FlagStatus bitstatus = RESET;
 815              		.loc 1 557 5
 558:c:/Users/User/Documents/GitHub/ch32h417/EVT/EXAM/SRC/Peripheral/src\ch32h417_sdio.c **** 
 559:c:/Users/User/Documents/GitHub/ch32h417/EVT/EXAM/SRC/Peripheral/src\ch32h417_sdio.c ****     if((SDIO->STA & SDIO_FLAG) != (uint32_t)RESET)
 816              		.loc 1 559 5
 817              		.loc 1 559 13 is_stmt 0
 818 0000 B7870140 		li	a5,1073840128
 819 0004 DC5B     		lw	a5,52(a5)
 820              	.LVL36:
 560:c:/Users/User/Documents/GitHub/ch32h417/EVT/EXAM/SRC/Peripheral/src\ch32h417_sdio.c ****     {
 561:c:/Users/User/Documents/GitHub/ch32h417/EVT/EXAM/SRC/Peripheral/src\ch32h417_sdio.c ****         bitstatus = SET;
 562:c:/Users/User/Documents/GitHub/ch32h417/EVT/EXAM/SRC/Peripheral/src\ch32h417_sdio.c ****     }
 563:c:/Users/User/Documents/GitHub/ch32h417/EVT/EXAM/SRC/Peripheral/src\ch32h417_sdio.c ****     else
 564:c:/Users/User/Documents/GitHub/ch32h417/EVT/EXAM/SRC/Peripheral/src\ch32h417_sdio.c ****     {
 565:c:/Users/User/Documents/GitHub/ch32h417/EVT/EXAM/SRC/Peripheral/src\ch32h417_sdio.c ****         bitstatus = RESET;
 566:c:/Users/User/Documents/GitHub/ch32h417/EVT/EXAM/SRC/Peripheral/src\ch32h417_sdio.c ****     }
 567:c:/Users/User/Documents/GitHub/ch32h417/EVT/EXAM/SRC/Peripheral/src\ch32h417_sdio.c ****     return bitstatus;
 821              		.loc 1 567 5 is_stmt 1
 559:c:/Users/User/Documents/GitHub/ch32h417/EVT/EXAM/SRC/Peripheral/src\ch32h417_sdio.c ****     {
 822              		.loc 1 559 19 is_stmt 0
 823 0006 7D8D     		and	a0,a5,a0
 824              	.LVL37:
 568:c:/Users/User/Documents/GitHub/ch32h417/EVT/EXAM/SRC/Peripheral/src\ch32h417_sdio.c **** }
 825              		.loc 1 568 1
 826 0008 3335A000 		snez	a0,a0
 827 000c 8280     		ret
 828              		.cfi_endproc
 829              	.LFE66:
 831              		.section	.text.SDIO_ClearFlag,"ax",@progbits
 832              		.align	1
 833              		.globl	SDIO_ClearFlag
 835              	SDIO_ClearFlag:
 836              	.LFB67:
 569:c:/Users/User/Documents/GitHub/ch32h417/EVT/EXAM/SRC/Peripheral/src\ch32h417_sdio.c **** 
 570:c:/Users/User/Documents/GitHub/ch32h417/EVT/EXAM/SRC/Peripheral/src\ch32h417_sdio.c **** /*********************************************************************
 571:c:/Users/User/Documents/GitHub/ch32h417/EVT/EXAM/SRC/Peripheral/src\ch32h417_sdio.c ****  * @fn      SDIO_ClearFlag
 572:c:/Users/User/Documents/GitHub/ch32h417/EVT/EXAM/SRC/Peripheral/src\ch32h417_sdio.c ****  *
 573:c:/Users/User/Documents/GitHub/ch32h417/EVT/EXAM/SRC/Peripheral/src\ch32h417_sdio.c ****  * @brief   Clears the SDIO's pending flags.
 574:c:/Users/User/Documents/GitHub/ch32h417/EVT/EXAM/SRC/Peripheral/src\ch32h417_sdio.c ****  *
 575:c:/Users/User/Documents/GitHub/ch32h417/EVT/EXAM/SRC/Peripheral/src\ch32h417_sdio.c ****  * @param   SDIO_FLAG - specifies the flag to clear.
 576:c:/Users/User/Documents/GitHub/ch32h417/EVT/EXAM/SRC/Peripheral/src\ch32h417_sdio.c ****  *            SDIO_FLAG_CCRCFAIL - Command response received (CRC check failed)
 577:c:/Users/User/Documents/GitHub/ch32h417/EVT/EXAM/SRC/Peripheral/src\ch32h417_sdio.c ****  *            SDIO_FLAG_DCRCFAIL - Data block sent/received (CRC check failed)
 578:c:/Users/User/Documents/GitHub/ch32h417/EVT/EXAM/SRC/Peripheral/src\ch32h417_sdio.c ****  *            SDIO_FLAG_CTIMEOUT - Command response timeout
 579:c:/Users/User/Documents/GitHub/ch32h417/EVT/EXAM/SRC/Peripheral/src\ch32h417_sdio.c ****  *            SDIO_FLAG_DTIMEOUT - Data timeout
 580:c:/Users/User/Documents/GitHub/ch32h417/EVT/EXAM/SRC/Peripheral/src\ch32h417_sdio.c ****  *            SDIO_FLAG_TXUNDERR - Transmit FIFO underrun error
 581:c:/Users/User/Documents/GitHub/ch32h417/EVT/EXAM/SRC/Peripheral/src\ch32h417_sdio.c ****  *            SDIO_FLAG_RXOVERR - Received FIFO overrun error
 582:c:/Users/User/Documents/GitHub/ch32h417/EVT/EXAM/SRC/Peripheral/src\ch32h417_sdio.c ****  *            SDIO_FLAG_CMDREND - Command response received (CRC check passed)
 583:c:/Users/User/Documents/GitHub/ch32h417/EVT/EXAM/SRC/Peripheral/src\ch32h417_sdio.c ****  *            SDIO_FLAG_CMDSENT - Command sent (no response required)
 584:c:/Users/User/Documents/GitHub/ch32h417/EVT/EXAM/SRC/Peripheral/src\ch32h417_sdio.c ****  *            SDIO_FLAG_DATAEND - Data end (data counter, SDIDCOUNT, is zero)
 585:c:/Users/User/Documents/GitHub/ch32h417/EVT/EXAM/SRC/Peripheral/src\ch32h417_sdio.c ****  *            SDIO_FLAG_STBITERR - Start bit not detected on all data signals
 586:c:/Users/User/Documents/GitHub/ch32h417/EVT/EXAM/SRC/Peripheral/src\ch32h417_sdio.c ****  *          in wide bus mode
 587:c:/Users/User/Documents/GitHub/ch32h417/EVT/EXAM/SRC/Peripheral/src\ch32h417_sdio.c ****  *            SDIO_FLAG_DBCKEND - Data block sent/received (CRC check passed)
 588:c:/Users/User/Documents/GitHub/ch32h417/EVT/EXAM/SRC/Peripheral/src\ch32h417_sdio.c ****  *            SDIO_FLAG_SDIOIT - SD I/O interrupt received
 589:c:/Users/User/Documents/GitHub/ch32h417/EVT/EXAM/SRC/Peripheral/src\ch32h417_sdio.c ****  *            SDIO_FLAG_CEATAEND - CE-ATA command completion signal received for CMD61
 590:c:/Users/User/Documents/GitHub/ch32h417/EVT/EXAM/SRC/Peripheral/src\ch32h417_sdio.c ****  *
 591:c:/Users/User/Documents/GitHub/ch32h417/EVT/EXAM/SRC/Peripheral/src\ch32h417_sdio.c ****  * @return  none
 592:c:/Users/User/Documents/GitHub/ch32h417/EVT/EXAM/SRC/Peripheral/src\ch32h417_sdio.c ****  */
 593:c:/Users/User/Documents/GitHub/ch32h417/EVT/EXAM/SRC/Peripheral/src\ch32h417_sdio.c **** void SDIO_ClearFlag(uint32_t SDIO_FLAG)
 594:c:/Users/User/Documents/GitHub/ch32h417/EVT/EXAM/SRC/Peripheral/src\ch32h417_sdio.c **** {
 837              		.loc 1 594 1 is_stmt 1
 838              		.cfi_startproc
 839              	.LVL38:
 595:c:/Users/User/Documents/GitHub/ch32h417/EVT/EXAM/SRC/Peripheral/src\ch32h417_sdio.c ****     SDIO->ICR = SDIO_FLAG;
 840              		.loc 1 595 5
 841              		.loc 1 595 15 is_stmt 0
 842 0000 B7870140 		li	a5,1073840128
 843 0004 88DF     		sw	a0,56(a5)
 596:c:/Users/User/Documents/GitHub/ch32h417/EVT/EXAM/SRC/Peripheral/src\ch32h417_sdio.c **** }
 844              		.loc 1 596 1
 845 0006 8280     		ret
 846              		.cfi_endproc
 847              	.LFE67:
 849              		.section	.text.SDIO_GetITStatus,"ax",@progbits
 850              		.align	1
 851              		.globl	SDIO_GetITStatus
 853              	SDIO_GetITStatus:
 854              	.LFB71:
 855              		.cfi_startproc
 597:c:/Users/User/Documents/GitHub/ch32h417/EVT/EXAM/SRC/Peripheral/src\ch32h417_sdio.c **** 
 598:c:/Users/User/Documents/GitHub/ch32h417/EVT/EXAM/SRC/Peripheral/src\ch32h417_sdio.c **** /*********************************************************************
 599:c:/Users/User/Documents/GitHub/ch32h417/EVT/EXAM/SRC/Peripheral/src\ch32h417_sdio.c ****  * @fn      SDIO_GetITStatus
 600:c:/Users/User/Documents/GitHub/ch32h417/EVT/EXAM/SRC/Peripheral/src\ch32h417_sdio.c ****  *
 601:c:/Users/User/Documents/GitHub/ch32h417/EVT/EXAM/SRC/Peripheral/src\ch32h417_sdio.c ****  * @brief   Checks whether the specified SDIO interrupt has occurred or not.
 602:c:/Users/User/Documents/GitHub/ch32h417/EVT/EXAM/SRC/Peripheral/src\ch32h417_sdio.c ****  *
 603:c:/Users/User/Documents/GitHub/ch32h417/EVT/EXAM/SRC/Peripheral/src\ch32h417_sdio.c ****  * @param   SDIO_IT: specifies the SDIO interrupt source to check.
 604:c:/Users/User/Documents/GitHub/ch32h417/EVT/EXAM/SRC/Peripheral/src\ch32h417_sdio.c ****  *            SDIO_IT_CCRCFAIL - Command response received (CRC check failed) interrupt
 605:c:/Users/User/Documents/GitHub/ch32h417/EVT/EXAM/SRC/Peripheral/src\ch32h417_sdio.c ****  *            SDIO_IT_DCRCFAIL - Data block sent/received (CRC check failed) interrupt
 606:c:/Users/User/Documents/GitHub/ch32h417/EVT/EXAM/SRC/Peripheral/src\ch32h417_sdio.c ****  *            SDIO_IT_CTIMEOUT - Command response timeout interrupt
 607:c:/Users/User/Documents/GitHub/ch32h417/EVT/EXAM/SRC/Peripheral/src\ch32h417_sdio.c ****  *            SDIO_IT_DTIMEOUT - Data timeout interrupt
 608:c:/Users/User/Documents/GitHub/ch32h417/EVT/EXAM/SRC/Peripheral/src\ch32h417_sdio.c ****  *            SDIO_IT_TXUNDERR - Transmit FIFO underrun error interrupt
 609:c:/Users/User/Documents/GitHub/ch32h417/EVT/EXAM/SRC/Peripheral/src\ch32h417_sdio.c ****  *            SDIO_IT_RXOVERR - Received FIFO overrun error interrupt
 610:c:/Users/User/Documents/GitHub/ch32h417/EVT/EXAM/SRC/Peripheral/src\ch32h417_sdio.c ****  *            SDIO_IT_CMDREND - Command response received (CRC check passed) interrupt
 611:c:/Users/User/Documents/GitHub/ch32h417/EVT/EXAM/SRC/Peripheral/src\ch32h417_sdio.c ****  *            SDIO_IT_CMDSENT - Command sent (no response required) interrupt
 612:c:/Users/User/Documents/GitHub/ch32h417/EVT/EXAM/SRC/Peripheral/src\ch32h417_sdio.c ****  *            SDIO_IT_DATAEND -  Data end (data counter, SDIDCOUNT, is zero) interrupt
 613:c:/Users/User/Documents/GitHub/ch32h417/EVT/EXAM/SRC/Peripheral/src\ch32h417_sdio.c ****  *            SDIO_IT_STBITERR - Start bit not detected on all data signals in wide
 614:c:/Users/User/Documents/GitHub/ch32h417/EVT/EXAM/SRC/Peripheral/src\ch32h417_sdio.c ****  *          bus mode interrupt
 615:c:/Users/User/Documents/GitHub/ch32h417/EVT/EXAM/SRC/Peripheral/src\ch32h417_sdio.c ****  *            SDIO_IT_DBCKEND - Data block sent/received (CRC check passed) interrupt
 616:c:/Users/User/Documents/GitHub/ch32h417/EVT/EXAM/SRC/Peripheral/src\ch32h417_sdio.c ****  *            SDIO_IT_CMDACT - Command transfer in progress interrupt
 617:c:/Users/User/Documents/GitHub/ch32h417/EVT/EXAM/SRC/Peripheral/src\ch32h417_sdio.c ****  *            SDIO_IT_TXACT - Data transmit in progress interrupt
 618:c:/Users/User/Documents/GitHub/ch32h417/EVT/EXAM/SRC/Peripheral/src\ch32h417_sdio.c ****  *            SDIO_IT_RXACT - Data receive in progress interrupt
 619:c:/Users/User/Documents/GitHub/ch32h417/EVT/EXAM/SRC/Peripheral/src\ch32h417_sdio.c ****  *            SDIO_IT_TXFIFOHE - Transmit FIFO Half Empty interrupt
 620:c:/Users/User/Documents/GitHub/ch32h417/EVT/EXAM/SRC/Peripheral/src\ch32h417_sdio.c ****  *            SDIO_IT_RXFIFOHF - Receive FIFO Half Full interrupt
 621:c:/Users/User/Documents/GitHub/ch32h417/EVT/EXAM/SRC/Peripheral/src\ch32h417_sdio.c ****  *            SDIO_IT_TXFIFOF - Transmit FIFO full interrupt
 622:c:/Users/User/Documents/GitHub/ch32h417/EVT/EXAM/SRC/Peripheral/src\ch32h417_sdio.c ****  *            SDIO_IT_RXFIFOF - Receive FIFO full interrupt
 623:c:/Users/User/Documents/GitHub/ch32h417/EVT/EXAM/SRC/Peripheral/src\ch32h417_sdio.c ****  *            SDIO_IT_TXFIFOE - Transmit FIFO empty interrupt
 624:c:/Users/User/Documents/GitHub/ch32h417/EVT/EXAM/SRC/Peripheral/src\ch32h417_sdio.c ****  *            SDIO_IT_RXFIFOE - Receive FIFO empty interrupt
 625:c:/Users/User/Documents/GitHub/ch32h417/EVT/EXAM/SRC/Peripheral/src\ch32h417_sdio.c ****  *            SDIO_IT_TXDAVL - Data available in transmit FIFO interrupt
 626:c:/Users/User/Documents/GitHub/ch32h417/EVT/EXAM/SRC/Peripheral/src\ch32h417_sdio.c ****  *            SDIO_IT_RXDAVL - Data available in receive FIFO interrupt
 627:c:/Users/User/Documents/GitHub/ch32h417/EVT/EXAM/SRC/Peripheral/src\ch32h417_sdio.c ****  *            SDIO_IT_SDIOIT - SD I/O interrupt received interrupt
 628:c:/Users/User/Documents/GitHub/ch32h417/EVT/EXAM/SRC/Peripheral/src\ch32h417_sdio.c ****  *            SDIO_IT_CEATAEND - CE-ATA command completion signal received for CMD61 interrupt
 629:c:/Users/User/Documents/GitHub/ch32h417/EVT/EXAM/SRC/Peripheral/src\ch32h417_sdio.c ****  *
 630:c:/Users/User/Documents/GitHub/ch32h417/EVT/EXAM/SRC/Peripheral/src\ch32h417_sdio.c ****  * @return  ITStatus:SET or RESET
 631:c:/Users/User/Documents/GitHub/ch32h417/EVT/EXAM/SRC/Peripheral/src\ch32h417_sdio.c ****  */
 632:c:/Users/User/Documents/GitHub/ch32h417/EVT/EXAM/SRC/Peripheral/src\ch32h417_sdio.c **** ITStatus SDIO_GetITStatus(uint32_t SDIO_IT)
 856              		.loc 1 632 10 is_stmt 1
 857 0000 17030000 		tail	SDIO_GetFlagStatus
 857      67000300 
 858              		.cfi_endproc
 859              	.LFE71:
 861              		.section	.text.SDIO_ClearITPendingBit,"ax",@progbits
 862              		.align	1
 863              		.globl	SDIO_ClearITPendingBit
 865              	SDIO_ClearITPendingBit:
 866              	.LFB73:
 867              		.cfi_startproc
 633:c:/Users/User/Documents/GitHub/ch32h417/EVT/EXAM/SRC/Peripheral/src\ch32h417_sdio.c **** {
 634:c:/Users/User/Documents/GitHub/ch32h417/EVT/EXAM/SRC/Peripheral/src\ch32h417_sdio.c ****     ITStatus bitstatus = RESET;
 635:c:/Users/User/Documents/GitHub/ch32h417/EVT/EXAM/SRC/Peripheral/src\ch32h417_sdio.c **** 
 636:c:/Users/User/Documents/GitHub/ch32h417/EVT/EXAM/SRC/Peripheral/src\ch32h417_sdio.c ****     if((SDIO->STA & SDIO_IT) != (uint32_t)RESET)
 637:c:/Users/User/Documents/GitHub/ch32h417/EVT/EXAM/SRC/Peripheral/src\ch32h417_sdio.c ****     {
 638:c:/Users/User/Documents/GitHub/ch32h417/EVT/EXAM/SRC/Peripheral/src\ch32h417_sdio.c ****         bitstatus = SET;
 639:c:/Users/User/Documents/GitHub/ch32h417/EVT/EXAM/SRC/Peripheral/src\ch32h417_sdio.c ****     }
 640:c:/Users/User/Documents/GitHub/ch32h417/EVT/EXAM/SRC/Peripheral/src\ch32h417_sdio.c ****     else
 641:c:/Users/User/Documents/GitHub/ch32h417/EVT/EXAM/SRC/Peripheral/src\ch32h417_sdio.c ****     {
 642:c:/Users/User/Documents/GitHub/ch32h417/EVT/EXAM/SRC/Peripheral/src\ch32h417_sdio.c ****         bitstatus = RESET;
 643:c:/Users/User/Documents/GitHub/ch32h417/EVT/EXAM/SRC/Peripheral/src\ch32h417_sdio.c ****     }
 644:c:/Users/User/Documents/GitHub/ch32h417/EVT/EXAM/SRC/Peripheral/src\ch32h417_sdio.c ****     return bitstatus;
 645:c:/Users/User/Documents/GitHub/ch32h417/EVT/EXAM/SRC/Peripheral/src\ch32h417_sdio.c **** }
 646:c:/Users/User/Documents/GitHub/ch32h417/EVT/EXAM/SRC/Peripheral/src\ch32h417_sdio.c **** 
 647:c:/Users/User/Documents/GitHub/ch32h417/EVT/EXAM/SRC/Peripheral/src\ch32h417_sdio.c **** /*********************************************************************
 648:c:/Users/User/Documents/GitHub/ch32h417/EVT/EXAM/SRC/Peripheral/src\ch32h417_sdio.c ****  * @fn      SDIO_ClearITPendingBit
 649:c:/Users/User/Documents/GitHub/ch32h417/EVT/EXAM/SRC/Peripheral/src\ch32h417_sdio.c ****  *
 650:c:/Users/User/Documents/GitHub/ch32h417/EVT/EXAM/SRC/Peripheral/src\ch32h417_sdio.c ****  * @brief   Clears the SDIO's interrupt pending bits.
 651:c:/Users/User/Documents/GitHub/ch32h417/EVT/EXAM/SRC/Peripheral/src\ch32h417_sdio.c ****  *
 652:c:/Users/User/Documents/GitHub/ch32h417/EVT/EXAM/SRC/Peripheral/src\ch32h417_sdio.c ****  * @param   SDIO_IT - specifies the interrupt pending bit to clear.
 653:c:/Users/User/Documents/GitHub/ch32h417/EVT/EXAM/SRC/Peripheral/src\ch32h417_sdio.c ****  *            SDIO_IT_CCRCFAIL - Command response received (CRC check failed) interrupt
 654:c:/Users/User/Documents/GitHub/ch32h417/EVT/EXAM/SRC/Peripheral/src\ch32h417_sdio.c ****  *            SDIO_IT_DCRCFAIL - Data block sent/received (CRC check failed) interrupt
 655:c:/Users/User/Documents/GitHub/ch32h417/EVT/EXAM/SRC/Peripheral/src\ch32h417_sdio.c ****  *            SDIO_IT_CTIMEOUT - Command response timeout interrupt
 656:c:/Users/User/Documents/GitHub/ch32h417/EVT/EXAM/SRC/Peripheral/src\ch32h417_sdio.c ****  *            SDIO_IT_DTIMEOUT - Data timeout interrupt
 657:c:/Users/User/Documents/GitHub/ch32h417/EVT/EXAM/SRC/Peripheral/src\ch32h417_sdio.c ****  *            SDIO_IT_TXUNDERR - Transmit FIFO underrun error interrupt
 658:c:/Users/User/Documents/GitHub/ch32h417/EVT/EXAM/SRC/Peripheral/src\ch32h417_sdio.c ****  *            SDIO_IT_RXOVERR - Received FIFO overrun error interrupt
 659:c:/Users/User/Documents/GitHub/ch32h417/EVT/EXAM/SRC/Peripheral/src\ch32h417_sdio.c ****  *            SDIO_IT_CMDREND - Command response received (CRC check passed) interrupt
 660:c:/Users/User/Documents/GitHub/ch32h417/EVT/EXAM/SRC/Peripheral/src\ch32h417_sdio.c ****  *            SDIO_IT_CMDSENT - Command sent (no response required) interrupt
 661:c:/Users/User/Documents/GitHub/ch32h417/EVT/EXAM/SRC/Peripheral/src\ch32h417_sdio.c ****  *            SDIO_IT_DATAEND - Data end (data counter, SDIDCOUNT, is zero) interrupt
 662:c:/Users/User/Documents/GitHub/ch32h417/EVT/EXAM/SRC/Peripheral/src\ch32h417_sdio.c ****  *            SDIO_IT_STBITERR - Start bit not detected on all data signals in wide
 663:c:/Users/User/Documents/GitHub/ch32h417/EVT/EXAM/SRC/Peripheral/src\ch32h417_sdio.c ****  *          bus mode interrupt
 664:c:/Users/User/Documents/GitHub/ch32h417/EVT/EXAM/SRC/Peripheral/src\ch32h417_sdio.c ****  *            SDIO_IT_SDIOIT - SD I/O interrupt received interrupt
 665:c:/Users/User/Documents/GitHub/ch32h417/EVT/EXAM/SRC/Peripheral/src\ch32h417_sdio.c ****  *            SDIO_IT_CEATAEND - CE-ATA command completion signal received for CMD61
 666:c:/Users/User/Documents/GitHub/ch32h417/EVT/EXAM/SRC/Peripheral/src\ch32h417_sdio.c ****  *
 667:c:/Users/User/Documents/GitHub/ch32h417/EVT/EXAM/SRC/Peripheral/src\ch32h417_sdio.c ****  * @return  RTC counter value
 668:c:/Users/User/Documents/GitHub/ch32h417/EVT/EXAM/SRC/Peripheral/src\ch32h417_sdio.c ****  */
 669:c:/Users/User/Documents/GitHub/ch32h417/EVT/EXAM/SRC/Peripheral/src\ch32h417_sdio.c **** void SDIO_ClearITPendingBit(uint32_t SDIO_IT)
 868              		.loc 1 669 6
 869 0000 B7870140 		li	a5,1073840128
 870 0004 88DF     		sw	a0,56(a5)
 871 0006 8280     		ret
 872              		.cfi_endproc
 873              	.LFE73:
 875              		.text
 876              	.Letext0:
 877              		.file 2 "d:\\mounriver\\mounriver_studio2\\resources\\app\\resources\\win32\\components\\wch\\tool
 878              		.file 3 "d:\\mounriver\\mounriver_studio2\\resources\\app\\resources\\win32\\components\\wch\\tool
 879              		.file 4 "c:/Users/User/Documents/GitHub/ch32h417/EVT/EXAM/SRC/Core/core_riscv.h"
 880              		.file 5 "c:/Users/User/Documents/GitHub/ch32h417/EVT/EXAM/SRC/Peripheral/inc/ch32h417.h"
 881              		.file 6 "c:/Users/User/Documents/GitHub/ch32h417/EVT/EXAM/SRC/Peripheral/inc/ch32h417_sdio.h"
DEFINED SYMBOLS
                            *ABS*:0000000000000000 ch32h417_sdio.c
C:\Users\User\AppData\Local\Temp\ccSXRmFW.s:14     .text.SDIO_DeInit:0000000000000000 SDIO_DeInit
C:\Users\User\AppData\Local\Temp\ccSXRmFW.s:18     .text.SDIO_DeInit:0000000000000000 .L0 
C:\Users\User\AppData\Local\Temp\ccSXRmFW.s:19     .text.SDIO_DeInit:0000000000000000 .L0 
C:\Users\User\AppData\Local\Temp\ccSXRmFW.s:20     .text.SDIO_DeInit:0000000000000000 .L0 
C:\Users\User\AppData\Local\Temp\ccSXRmFW.s:21     .text.SDIO_DeInit:0000000000000000 $x
C:\Users\User\AppData\Local\Temp\ccSXRmFW.s:21     .text.SDIO_DeInit:0000000000000000 .L0 
C:\Users\User\AppData\Local\Temp\ccSXRmFW.s:24     .text.SDIO_DeInit:0000000000000008 .L0 
C:\Users\User\AppData\Local\Temp\ccSXRmFW.s:25     .text.SDIO_DeInit:0000000000000008 .L0 
C:\Users\User\AppData\Local\Temp\ccSXRmFW.s:27     .text.SDIO_DeInit:000000000000000c .L0 
C:\Users\User\AppData\Local\Temp\ccSXRmFW.s:28     .text.SDIO_DeInit:000000000000000c .L0 
C:\Users\User\AppData\Local\Temp\ccSXRmFW.s:30     .text.SDIO_DeInit:0000000000000010 .L0 
C:\Users\User\AppData\Local\Temp\ccSXRmFW.s:31     .text.SDIO_DeInit:0000000000000010 .L0 
C:\Users\User\AppData\Local\Temp\ccSXRmFW.s:33     .text.SDIO_DeInit:0000000000000014 .L0 
C:\Users\User\AppData\Local\Temp\ccSXRmFW.s:34     .text.SDIO_DeInit:0000000000000014 .L0 
C:\Users\User\AppData\Local\Temp\ccSXRmFW.s:36     .text.SDIO_DeInit:0000000000000018 .L0 
C:\Users\User\AppData\Local\Temp\ccSXRmFW.s:37     .text.SDIO_DeInit:0000000000000018 .L0 
C:\Users\User\AppData\Local\Temp\ccSXRmFW.s:39     .text.SDIO_DeInit:000000000000001c .L0 
C:\Users\User\AppData\Local\Temp\ccSXRmFW.s:40     .text.SDIO_DeInit:000000000000001c .L0 
C:\Users\User\AppData\Local\Temp\ccSXRmFW.s:42     .text.SDIO_DeInit:0000000000000020 .L0 
C:\Users\User\AppData\Local\Temp\ccSXRmFW.s:44     .text.SDIO_DeInit:0000000000000024 .L0 
C:\Users\User\AppData\Local\Temp\ccSXRmFW.s:45     .text.SDIO_DeInit:0000000000000024 .L0 
C:\Users\User\AppData\Local\Temp\ccSXRmFW.s:48     .text.SDIO_DeInit:000000000000002a .L0 
C:\Users\User\AppData\Local\Temp\ccSXRmFW.s:49     .text.SDIO_DeInit:000000000000002a .L0 
C:\Users\User\AppData\Local\Temp\ccSXRmFW.s:51     .text.SDIO_DeInit:000000000000002e .L0 
C:\Users\User\AppData\Local\Temp\ccSXRmFW.s:52     .text.SDIO_DeInit:0000000000000030 .L0 
C:\Users\User\AppData\Local\Temp\ccSXRmFW.s:59     .text.SDIO_Init:0000000000000000 SDIO_Init
C:\Users\User\AppData\Local\Temp\ccSXRmFW.s:62     .text.SDIO_Init:0000000000000000 .L0 
C:\Users\User\AppData\Local\Temp\ccSXRmFW.s:64     .text.SDIO_Init:0000000000000000 .L0 
C:\Users\User\AppData\Local\Temp\ccSXRmFW.s:65     .text.SDIO_Init:0000000000000000 .L0 
C:\Users\User\AppData\Local\Temp\ccSXRmFW.s:66     .text.SDIO_Init:0000000000000000 $x
C:\Users\User\AppData\Local\Temp\ccSXRmFW.s:66     .text.SDIO_Init:0000000000000000 .L0 
C:\Users\User\AppData\Local\Temp\ccSXRmFW.s:69     .text.SDIO_Init:0000000000000004 .L0 
C:\Users\User\AppData\Local\Temp\ccSXRmFW.s:73     .text.SDIO_Init:000000000000000a .L0 
C:\Users\User\AppData\Local\Temp\ccSXRmFW.s:74     .text.SDIO_Init:000000000000000a .L0 
C:\Users\User\AppData\Local\Temp\ccSXRmFW.s:76     .text.SDIO_Init:000000000000000c .L0 
C:\Users\User\AppData\Local\Temp\ccSXRmFW.s:88     .text.SDIO_Init:0000000000000022 .L0 
C:\Users\User\AppData\Local\Temp\ccSXRmFW.s:90     .text.SDIO_Init:0000000000000024 .L0 
C:\Users\User\AppData\Local\Temp\ccSXRmFW.s:93     .text.SDIO_Init:0000000000000026 .L0 
C:\Users\User\AppData\Local\Temp\ccSXRmFW.s:94     .text.SDIO_Init:0000000000000026 .L0 
C:\Users\User\AppData\Local\Temp\ccSXRmFW.s:96     .text.SDIO_Init:0000000000000028 .L0 
C:\Users\User\AppData\Local\Temp\ccSXRmFW.s:97     .text.SDIO_Init:000000000000002a .L0 
C:\Users\User\AppData\Local\Temp\ccSXRmFW.s:104    .text.SDIO_StructInit:0000000000000000 SDIO_StructInit
C:\Users\User\AppData\Local\Temp\ccSXRmFW.s:107    .text.SDIO_StructInit:0000000000000000 .L0 
C:\Users\User\AppData\Local\Temp\ccSXRmFW.s:109    .text.SDIO_StructInit:0000000000000000 .L0 
C:\Users\User\AppData\Local\Temp\ccSXRmFW.s:110    .text.SDIO_StructInit:0000000000000000 .L0 
C:\Users\User\AppData\Local\Temp\ccSXRmFW.s:111    .text.SDIO_StructInit:0000000000000000 $x
C:\Users\User\AppData\Local\Temp\ccSXRmFW.s:111    .text.SDIO_StructInit:0000000000000000 .L0 
C:\Users\User\AppData\Local\Temp\ccSXRmFW.s:113    .text.SDIO_StructInit:0000000000000004 .L0 
C:\Users\User\AppData\Local\Temp\ccSXRmFW.s:114    .text.SDIO_StructInit:0000000000000004 .L0 
C:\Users\User\AppData\Local\Temp\ccSXRmFW.s:116    .text.SDIO_StructInit:0000000000000008 .L0 
C:\Users\User\AppData\Local\Temp\ccSXRmFW.s:117    .text.SDIO_StructInit:0000000000000008 .L0 
C:\Users\User\AppData\Local\Temp\ccSXRmFW.s:119    .text.SDIO_StructInit:000000000000000c .L0 
C:\Users\User\AppData\Local\Temp\ccSXRmFW.s:120    .text.SDIO_StructInit:000000000000000c .L0 
C:\Users\User\AppData\Local\Temp\ccSXRmFW.s:122    .text.SDIO_StructInit:0000000000000010 .L0 
C:\Users\User\AppData\Local\Temp\ccSXRmFW.s:123    .text.SDIO_StructInit:0000000000000010 .L0 
C:\Users\User\AppData\Local\Temp\ccSXRmFW.s:125    .text.SDIO_StructInit:0000000000000014 .L0 
C:\Users\User\AppData\Local\Temp\ccSXRmFW.s:126    .text.SDIO_StructInit:0000000000000014 .L0 
C:\Users\User\AppData\Local\Temp\ccSXRmFW.s:128    .text.SDIO_StructInit:0000000000000018 .L0 
C:\Users\User\AppData\Local\Temp\ccSXRmFW.s:129    .text.SDIO_StructInit:000000000000001a .L0 
C:\Users\User\AppData\Local\Temp\ccSXRmFW.s:136    .text.SDIO_ClockCmd:0000000000000000 SDIO_ClockCmd
C:\Users\User\AppData\Local\Temp\ccSXRmFW.s:139    .text.SDIO_ClockCmd:0000000000000000 .L0 
C:\Users\User\AppData\Local\Temp\ccSXRmFW.s:141    .text.SDIO_ClockCmd:0000000000000000 .L0 
C:\Users\User\AppData\Local\Temp\ccSXRmFW.s:142    .text.SDIO_ClockCmd:0000000000000000 .L0 
C:\Users\User\AppData\Local\Temp\ccSXRmFW.s:143    .text.SDIO_ClockCmd:0000000000000000 $x
C:\Users\User\AppData\Local\Temp\ccSXRmFW.s:143    .text.SDIO_ClockCmd:0000000000000000 .L0 
C:\Users\User\AppData\Local\Temp\ccSXRmFW.s:146    .text.SDIO_ClockCmd:0000000000000006 .L0 
C:\Users\User\AppData\Local\Temp\ccSXRmFW.s:148    .text.SDIO_ClockCmd:0000000000000008 .L0 
C:\Users\User\AppData\Local\Temp\ccSXRmFW.s:149    .text.SDIO_ClockCmd:0000000000000008 .L0 
C:\Users\User\AppData\Local\Temp\ccSXRmFW.s:152    .text.SDIO_ClockCmd:000000000000000c .L0 
C:\Users\User\AppData\Local\Temp\ccSXRmFW.s:154    .text.SDIO_ClockCmd:000000000000000e .L0 
C:\Users\User\AppData\Local\Temp\ccSXRmFW.s:157    .text.SDIO_ClockCmd:0000000000000010 .L0 
C:\Users\User\AppData\Local\Temp\ccSXRmFW.s:158    .text.SDIO_ClockCmd:0000000000000010 .L0 
C:\Users\User\AppData\Local\Temp\ccSXRmFW.s:160    .text.SDIO_ClockCmd:0000000000000016 .L0 
C:\Users\User\AppData\Local\Temp\ccSXRmFW.s:167    .text.SDIO_SetPowerState:0000000000000000 SDIO_SetPowerState
C:\Users\User\AppData\Local\Temp\ccSXRmFW.s:170    .text.SDIO_SetPowerState:0000000000000000 .L0 
C:\Users\User\AppData\Local\Temp\ccSXRmFW.s:172    .text.SDIO_SetPowerState:0000000000000000 .L0 
C:\Users\User\AppData\Local\Temp\ccSXRmFW.s:173    .text.SDIO_SetPowerState:0000000000000000 .L0 
C:\Users\User\AppData\Local\Temp\ccSXRmFW.s:174    .text.SDIO_SetPowerState:0000000000000000 $x
C:\Users\User\AppData\Local\Temp\ccSXRmFW.s:174    .text.SDIO_SetPowerState:0000000000000000 .L0 
C:\Users\User\AppData\Local\Temp\ccSXRmFW.s:177    .text.SDIO_SetPowerState:0000000000000006 .L0 
C:\Users\User\AppData\Local\Temp\ccSXRmFW.s:180    .text.SDIO_SetPowerState:000000000000000a .L0 
C:\Users\User\AppData\Local\Temp\ccSXRmFW.s:181    .text.SDIO_SetPowerState:000000000000000a .L0 
C:\Users\User\AppData\Local\Temp\ccSXRmFW.s:183    .text.SDIO_SetPowerState:000000000000000c .L0 
C:\Users\User\AppData\Local\Temp\ccSXRmFW.s:186    .text.SDIO_SetPowerState:0000000000000010 .L0 
C:\Users\User\AppData\Local\Temp\ccSXRmFW.s:187    .text.SDIO_SetPowerState:0000000000000012 .L0 
C:\Users\User\AppData\Local\Temp\ccSXRmFW.s:194    .text.SDIO_GetPowerState:0000000000000000 SDIO_GetPowerState
C:\Users\User\AppData\Local\Temp\ccSXRmFW.s:197    .text.SDIO_GetPowerState:0000000000000000 .L0 
C:\Users\User\AppData\Local\Temp\ccSXRmFW.s:198    .text.SDIO_GetPowerState:0000000000000000 .L0 
C:\Users\User\AppData\Local\Temp\ccSXRmFW.s:199    .text.SDIO_GetPowerState:0000000000000000 .L0 
C:\Users\User\AppData\Local\Temp\ccSXRmFW.s:200    .text.SDIO_GetPowerState:0000000000000000 $x
C:\Users\User\AppData\Local\Temp\ccSXRmFW.s:200    .text.SDIO_GetPowerState:0000000000000000 .L0 
C:\Users\User\AppData\Local\Temp\ccSXRmFW.s:203    .text.SDIO_GetPowerState:0000000000000006 .L0 
C:\Users\User\AppData\Local\Temp\ccSXRmFW.s:205    .text.SDIO_GetPowerState:000000000000000a .L0 
C:\Users\User\AppData\Local\Temp\ccSXRmFW.s:212    .text.SDIO_ITConfig:0000000000000000 SDIO_ITConfig
C:\Users\User\AppData\Local\Temp\ccSXRmFW.s:215    .text.SDIO_ITConfig:0000000000000000 .L0 
C:\Users\User\AppData\Local\Temp\ccSXRmFW.s:217    .text.SDIO_ITConfig:0000000000000000 .L0 
C:\Users\User\AppData\Local\Temp\ccSXRmFW.s:218    .text.SDIO_ITConfig:0000000000000000 .L0 
C:\Users\User\AppData\Local\Temp\ccSXRmFW.s:219    .text.SDIO_ITConfig:0000000000000000 $x
C:\Users\User\AppData\Local\Temp\ccSXRmFW.s:219    .text.SDIO_ITConfig:0000000000000000 .L0 
C:\Users\User\AppData\Local\Temp\ccSXRmFW.s:221    .text.SDIO_ITConfig:0000000000000002 .L0 
C:\Users\User\AppData\Local\Temp\ccSXRmFW.s:222    .text.SDIO_ITConfig:0000000000000002 .L0 
C:\Users\User\AppData\Local\Temp\ccSXRmFW.s:225    .text.SDIO_ITConfig:0000000000000008 .L0 
C:\Users\User\AppData\Local\Temp\ccSXRmFW.s:230    .text.SDIO_ITConfig:000000000000000e .L0 
C:\Users\User\AppData\Local\Temp\ccSXRmFW.s:231    .text.SDIO_ITConfig:000000000000000e .L0 
C:\Users\User\AppData\Local\Temp\ccSXRmFW.s:234    .text.SDIO_ITConfig:0000000000000014 .L0 
C:\Users\User\AppData\Local\Temp\ccSXRmFW.s:238    .text.SDIO_ITConfig:000000000000001a .L0 
C:\Users\User\AppData\Local\Temp\ccSXRmFW.s:239    .text.SDIO_ITConfig:000000000000001c .L0 
C:\Users\User\AppData\Local\Temp\ccSXRmFW.s:246    .text.SDIO_DMACmd:0000000000000000 SDIO_DMACmd
C:\Users\User\AppData\Local\Temp\ccSXRmFW.s:249    .text.SDIO_DMACmd:0000000000000000 .L0 
C:\Users\User\AppData\Local\Temp\ccSXRmFW.s:251    .text.SDIO_DMACmd:0000000000000000 .L0 
C:\Users\User\AppData\Local\Temp\ccSXRmFW.s:252    .text.SDIO_DMACmd:0000000000000000 .L0 
C:\Users\User\AppData\Local\Temp\ccSXRmFW.s:253    .text.SDIO_DMACmd:0000000000000000 $x
C:\Users\User\AppData\Local\Temp\ccSXRmFW.s:253    .text.SDIO_DMACmd:0000000000000000 .L0 
C:\Users\User\AppData\Local\Temp\ccSXRmFW.s:256    .text.SDIO_DMACmd:0000000000000006 .L0 
C:\Users\User\AppData\Local\Temp\ccSXRmFW.s:258    .text.SDIO_DMACmd:0000000000000008 .L0 
C:\Users\User\AppData\Local\Temp\ccSXRmFW.s:259    .text.SDIO_DMACmd:0000000000000008 .L0 
C:\Users\User\AppData\Local\Temp\ccSXRmFW.s:262    .text.SDIO_DMACmd:000000000000000c .L0 
C:\Users\User\AppData\Local\Temp\ccSXRmFW.s:264    .text.SDIO_DMACmd:000000000000000e .L0 
C:\Users\User\AppData\Local\Temp\ccSXRmFW.s:267    .text.SDIO_DMACmd:0000000000000010 .L0 
C:\Users\User\AppData\Local\Temp\ccSXRmFW.s:268    .text.SDIO_DMACmd:0000000000000010 .L0 
C:\Users\User\AppData\Local\Temp\ccSXRmFW.s:270    .text.SDIO_DMACmd:0000000000000014 .L0 
C:\Users\User\AppData\Local\Temp\ccSXRmFW.s:277    .text.SDIO_SendCommand:0000000000000000 SDIO_SendCommand
C:\Users\User\AppData\Local\Temp\ccSXRmFW.s:280    .text.SDIO_SendCommand:0000000000000000 .L0 
C:\Users\User\AppData\Local\Temp\ccSXRmFW.s:282    .text.SDIO_SendCommand:0000000000000000 .L0 
C:\Users\User\AppData\Local\Temp\ccSXRmFW.s:283    .text.SDIO_SendCommand:0000000000000000 .L0 
C:\Users\User\AppData\Local\Temp\ccSXRmFW.s:284    .text.SDIO_SendCommand:0000000000000000 .L0 
C:\Users\User\AppData\Local\Temp\ccSXRmFW.s:285    .text.SDIO_SendCommand:0000000000000000 $x
C:\Users\User\AppData\Local\Temp\ccSXRmFW.s:285    .text.SDIO_SendCommand:0000000000000000 .L0 
C:\Users\User\AppData\Local\Temp\ccSXRmFW.s:287    .text.SDIO_SendCommand:0000000000000002 .L0 
C:\Users\User\AppData\Local\Temp\ccSXRmFW.s:290    .text.SDIO_SendCommand:0000000000000008 .L0 
C:\Users\User\AppData\Local\Temp\ccSXRmFW.s:291    .text.SDIO_SendCommand:0000000000000008 .L0 
C:\Users\User\AppData\Local\Temp\ccSXRmFW.s:294    .text.SDIO_SendCommand:000000000000000a .L0 
C:\Users\User\AppData\Local\Temp\ccSXRmFW.s:295    .text.SDIO_SendCommand:000000000000000a .L0 
C:\Users\User\AppData\Local\Temp\ccSXRmFW.s:296    .text.SDIO_SendCommand:000000000000000a .L0 
C:\Users\User\AppData\Local\Temp\ccSXRmFW.s:299    .text.SDIO_SendCommand:000000000000000e .L0 
C:\Users\User\AppData\Local\Temp\ccSXRmFW.s:302    .text.SDIO_SendCommand:0000000000000012 .L0 
C:\Users\User\AppData\Local\Temp\ccSXRmFW.s:308    .text.SDIO_SendCommand:000000000000001a .L0 
C:\Users\User\AppData\Local\Temp\ccSXRmFW.s:312    .text.SDIO_SendCommand:000000000000001e .L0 
C:\Users\User\AppData\Local\Temp\ccSXRmFW.s:313    .text.SDIO_SendCommand:000000000000001e .L0 
C:\Users\User\AppData\Local\Temp\ccSXRmFW.s:315    .text.SDIO_SendCommand:0000000000000020 .L0 
C:\Users\User\AppData\Local\Temp\ccSXRmFW.s:316    .text.SDIO_SendCommand:0000000000000022 .L0 
C:\Users\User\AppData\Local\Temp\ccSXRmFW.s:323    .text.SDIO_CmdStructInit:0000000000000000 SDIO_CmdStructInit
C:\Users\User\AppData\Local\Temp\ccSXRmFW.s:326    .text.SDIO_CmdStructInit:0000000000000000 .L0 
C:\Users\User\AppData\Local\Temp\ccSXRmFW.s:328    .text.SDIO_CmdStructInit:0000000000000000 .L0 
C:\Users\User\AppData\Local\Temp\ccSXRmFW.s:329    .text.SDIO_CmdStructInit:0000000000000000 .L0 
C:\Users\User\AppData\Local\Temp\ccSXRmFW.s:330    .text.SDIO_CmdStructInit:0000000000000000 $x
C:\Users\User\AppData\Local\Temp\ccSXRmFW.s:330    .text.SDIO_CmdStructInit:0000000000000000 .L0 
C:\Users\User\AppData\Local\Temp\ccSXRmFW.s:332    .text.SDIO_CmdStructInit:0000000000000004 .L0 
C:\Users\User\AppData\Local\Temp\ccSXRmFW.s:333    .text.SDIO_CmdStructInit:0000000000000004 .L0 
C:\Users\User\AppData\Local\Temp\ccSXRmFW.s:335    .text.SDIO_CmdStructInit:0000000000000008 .L0 
C:\Users\User\AppData\Local\Temp\ccSXRmFW.s:336    .text.SDIO_CmdStructInit:0000000000000008 .L0 
C:\Users\User\AppData\Local\Temp\ccSXRmFW.s:338    .text.SDIO_CmdStructInit:000000000000000c .L0 
C:\Users\User\AppData\Local\Temp\ccSXRmFW.s:339    .text.SDIO_CmdStructInit:000000000000000c .L0 
C:\Users\User\AppData\Local\Temp\ccSXRmFW.s:341    .text.SDIO_CmdStructInit:0000000000000010 .L0 
C:\Users\User\AppData\Local\Temp\ccSXRmFW.s:342    .text.SDIO_CmdStructInit:0000000000000010 .L0 
C:\Users\User\AppData\Local\Temp\ccSXRmFW.s:344    .text.SDIO_CmdStructInit:0000000000000014 .L0 
C:\Users\User\AppData\Local\Temp\ccSXRmFW.s:345    .text.SDIO_CmdStructInit:0000000000000016 .L0 
C:\Users\User\AppData\Local\Temp\ccSXRmFW.s:352    .text.SDIO_GetCommandResponse:0000000000000000 SDIO_GetCommandResponse
C:\Users\User\AppData\Local\Temp\ccSXRmFW.s:355    .text.SDIO_GetCommandResponse:0000000000000000 .L0 
C:\Users\User\AppData\Local\Temp\ccSXRmFW.s:356    .text.SDIO_GetCommandResponse:0000000000000000 .L0 
C:\Users\User\AppData\Local\Temp\ccSXRmFW.s:357    .text.SDIO_GetCommandResponse:0000000000000000 .L0 
C:\Users\User\AppData\Local\Temp\ccSXRmFW.s:358    .text.SDIO_GetCommandResponse:0000000000000000 $x
C:\Users\User\AppData\Local\Temp\ccSXRmFW.s:358    .text.SDIO_GetCommandResponse:0000000000000000 .L0 
C:\Users\User\AppData\Local\Temp\ccSXRmFW.s:361    .text.SDIO_GetCommandResponse:0000000000000006 .L0 
C:\Users\User\AppData\Local\Temp\ccSXRmFW.s:363    .text.SDIO_GetCommandResponse:000000000000000c .L0 
C:\Users\User\AppData\Local\Temp\ccSXRmFW.s:370    .text.SDIO_GetResponse:0000000000000000 SDIO_GetResponse
C:\Users\User\AppData\Local\Temp\ccSXRmFW.s:373    .text.SDIO_GetResponse:0000000000000000 .L0 
C:\Users\User\AppData\Local\Temp\ccSXRmFW.s:375    .text.SDIO_GetResponse:0000000000000000 .L0 
C:\Users\User\AppData\Local\Temp\ccSXRmFW.s:376    .text.SDIO_GetResponse:0000000000000000 .L0 
C:\Users\User\AppData\Local\Temp\ccSXRmFW.s:377    .text.SDIO_GetResponse:0000000000000000 $x
C:\Users\User\AppData\Local\Temp\ccSXRmFW.s:377    .text.SDIO_GetResponse:0000000000000000 .L0 
C:\Users\User\AppData\Local\Temp\ccSXRmFW.s:379    .text.SDIO_GetResponse:0000000000000004 .L0 
C:\Users\User\AppData\Local\Temp\ccSXRmFW.s:380    .text.SDIO_GetResponse:0000000000000006 .L0 
C:\Users\User\AppData\Local\Temp\ccSXRmFW.s:382    .text.SDIO_GetResponse:0000000000000006 .L0 
C:\Users\User\AppData\Local\Temp\ccSXRmFW.s:384    .text.SDIO_GetResponse:0000000000000008 .L0 
C:\Users\User\AppData\Local\Temp\ccSXRmFW.s:386    .text.SDIO_GetResponse:000000000000000a .L0 
C:\Users\User\AppData\Local\Temp\ccSXRmFW.s:387    .text.SDIO_GetResponse:000000000000000a .L0 
C:\Users\User\AppData\Local\Temp\ccSXRmFW.s:390    .text.SDIO_GetResponse:000000000000000c .L0 
C:\Users\User\AppData\Local\Temp\ccSXRmFW.s:392    .text.SDIO_GetResponse:000000000000000e .L0 
C:\Users\User\AppData\Local\Temp\ccSXRmFW.s:393    .text.SDIO_GetResponse:000000000000000e .L0 
C:\Users\User\AppData\Local\Temp\ccSXRmFW.s:395    .text.SDIO_GetResponse:0000000000000010 .L0 
C:\Users\User\AppData\Local\Temp\ccSXRmFW.s:398    .text.SDIO_GetResponse:0000000000000012 .L0 
C:\Users\User\AppData\Local\Temp\ccSXRmFW.s:399    .text.SDIO_GetResponse:0000000000000014 .L0 
C:\Users\User\AppData\Local\Temp\ccSXRmFW.s:402    .text.SDIO_GetResponse:0000000000000016 .L0 
C:\Users\User\AppData\Local\Temp\ccSXRmFW.s:409    .text.SDIO_DataConfig:0000000000000000 SDIO_DataConfig
C:\Users\User\AppData\Local\Temp\ccSXRmFW.s:412    .text.SDIO_DataConfig:0000000000000000 .L0 
C:\Users\User\AppData\Local\Temp\ccSXRmFW.s:414    .text.SDIO_DataConfig:0000000000000000 .L0 
C:\Users\User\AppData\Local\Temp\ccSXRmFW.s:415    .text.SDIO_DataConfig:0000000000000000 .L0 
C:\Users\User\AppData\Local\Temp\ccSXRmFW.s:416    .text.SDIO_DataConfig:0000000000000000 .L0 
C:\Users\User\AppData\Local\Temp\ccSXRmFW.s:417    .text.SDIO_DataConfig:0000000000000000 $x
C:\Users\User\AppData\Local\Temp\ccSXRmFW.s:417    .text.SDIO_DataConfig:0000000000000000 .L0 
C:\Users\User\AppData\Local\Temp\ccSXRmFW.s:419    .text.SDIO_DataConfig:0000000000000002 .L0 
C:\Users\User\AppData\Local\Temp\ccSXRmFW.s:422    .text.SDIO_DataConfig:0000000000000008 .L0 
C:\Users\User\AppData\Local\Temp\ccSXRmFW.s:423    .text.SDIO_DataConfig:0000000000000008 .L0 
C:\Users\User\AppData\Local\Temp\ccSXRmFW.s:425    .text.SDIO_DataConfig:000000000000000a .L0 
C:\Users\User\AppData\Local\Temp\ccSXRmFW.s:427    .text.SDIO_DataConfig:000000000000000c .L0 
C:\Users\User\AppData\Local\Temp\ccSXRmFW.s:428    .text.SDIO_DataConfig:000000000000000c .L0 
C:\Users\User\AppData\Local\Temp\ccSXRmFW.s:431    .text.SDIO_DataConfig:000000000000000e .L0 
C:\Users\User\AppData\Local\Temp\ccSXRmFW.s:432    .text.SDIO_DataConfig:000000000000000e .L0 
C:\Users\User\AppData\Local\Temp\ccSXRmFW.s:433    .text.SDIO_DataConfig:000000000000000e .L0 
C:\Users\User\AppData\Local\Temp\ccSXRmFW.s:436    .text.SDIO_DataConfig:0000000000000012 .L0 
C:\Users\User\AppData\Local\Temp\ccSXRmFW.s:439    .text.SDIO_DataConfig:0000000000000016 .L0 
C:\Users\User\AppData\Local\Temp\ccSXRmFW.s:445    .text.SDIO_DataConfig:000000000000001e .L0 
C:\Users\User\AppData\Local\Temp\ccSXRmFW.s:449    .text.SDIO_DataConfig:0000000000000022 .L0 
C:\Users\User\AppData\Local\Temp\ccSXRmFW.s:450    .text.SDIO_DataConfig:0000000000000022 .L0 
C:\Users\User\AppData\Local\Temp\ccSXRmFW.s:452    .text.SDIO_DataConfig:0000000000000024 .L0 
C:\Users\User\AppData\Local\Temp\ccSXRmFW.s:453    .text.SDIO_DataConfig:0000000000000026 .L0 
C:\Users\User\AppData\Local\Temp\ccSXRmFW.s:460    .text.SDIO_DataStructInit:0000000000000000 SDIO_DataStructInit
C:\Users\User\AppData\Local\Temp\ccSXRmFW.s:463    .text.SDIO_DataStructInit:0000000000000000 .L0 
C:\Users\User\AppData\Local\Temp\ccSXRmFW.s:465    .text.SDIO_DataStructInit:0000000000000000 .L0 
C:\Users\User\AppData\Local\Temp\ccSXRmFW.s:466    .text.SDIO_DataStructInit:0000000000000000 .L0 
C:\Users\User\AppData\Local\Temp\ccSXRmFW.s:467    .text.SDIO_DataStructInit:0000000000000000 $x
C:\Users\User\AppData\Local\Temp\ccSXRmFW.s:467    .text.SDIO_DataStructInit:0000000000000000 .L0 
C:\Users\User\AppData\Local\Temp\ccSXRmFW.s:470    .text.SDIO_DataStructInit:0000000000000004 .L0 
C:\Users\User\AppData\Local\Temp\ccSXRmFW.s:471    .text.SDIO_DataStructInit:0000000000000004 .L0 
C:\Users\User\AppData\Local\Temp\ccSXRmFW.s:473    .text.SDIO_DataStructInit:0000000000000008 .L0 
C:\Users\User\AppData\Local\Temp\ccSXRmFW.s:474    .text.SDIO_DataStructInit:0000000000000008 .L0 
C:\Users\User\AppData\Local\Temp\ccSXRmFW.s:476    .text.SDIO_DataStructInit:000000000000000c .L0 
C:\Users\User\AppData\Local\Temp\ccSXRmFW.s:477    .text.SDIO_DataStructInit:000000000000000c .L0 
C:\Users\User\AppData\Local\Temp\ccSXRmFW.s:479    .text.SDIO_DataStructInit:0000000000000010 .L0 
C:\Users\User\AppData\Local\Temp\ccSXRmFW.s:480    .text.SDIO_DataStructInit:0000000000000010 .L0 
C:\Users\User\AppData\Local\Temp\ccSXRmFW.s:482    .text.SDIO_DataStructInit:0000000000000014 .L0 
C:\Users\User\AppData\Local\Temp\ccSXRmFW.s:483    .text.SDIO_DataStructInit:0000000000000014 .L0 
C:\Users\User\AppData\Local\Temp\ccSXRmFW.s:485    .text.SDIO_DataStructInit:0000000000000018 .L0 
C:\Users\User\AppData\Local\Temp\ccSXRmFW.s:486    .text.SDIO_DataStructInit:000000000000001a .L0 
C:\Users\User\AppData\Local\Temp\ccSXRmFW.s:493    .text.SDIO_GetDataCounter:0000000000000000 SDIO_GetDataCounter
C:\Users\User\AppData\Local\Temp\ccSXRmFW.s:496    .text.SDIO_GetDataCounter:0000000000000000 .L0 
C:\Users\User\AppData\Local\Temp\ccSXRmFW.s:497    .text.SDIO_GetDataCounter:0000000000000000 .L0 
C:\Users\User\AppData\Local\Temp\ccSXRmFW.s:498    .text.SDIO_GetDataCounter:0000000000000000 .L0 
C:\Users\User\AppData\Local\Temp\ccSXRmFW.s:499    .text.SDIO_GetDataCounter:0000000000000000 $x
C:\Users\User\AppData\Local\Temp\ccSXRmFW.s:499    .text.SDIO_GetDataCounter:0000000000000000 .L0 
C:\Users\User\AppData\Local\Temp\ccSXRmFW.s:502    .text.SDIO_GetDataCounter:0000000000000006 .L0 
C:\Users\User\AppData\Local\Temp\ccSXRmFW.s:503    .text.SDIO_GetDataCounter:0000000000000008 .L0 
C:\Users\User\AppData\Local\Temp\ccSXRmFW.s:510    .text.SDIO_ReadData:0000000000000000 SDIO_ReadData
C:\Users\User\AppData\Local\Temp\ccSXRmFW.s:513    .text.SDIO_ReadData:0000000000000000 .L0 
C:\Users\User\AppData\Local\Temp\ccSXRmFW.s:514    .text.SDIO_ReadData:0000000000000000 .L0 
C:\Users\User\AppData\Local\Temp\ccSXRmFW.s:515    .text.SDIO_ReadData:0000000000000000 .L0 
C:\Users\User\AppData\Local\Temp\ccSXRmFW.s:516    .text.SDIO_ReadData:0000000000000000 $x
C:\Users\User\AppData\Local\Temp\ccSXRmFW.s:516    .text.SDIO_ReadData:0000000000000000 .L0 
C:\Users\User\AppData\Local\Temp\ccSXRmFW.s:519    .text.SDIO_ReadData:0000000000000008 .L0 
C:\Users\User\AppData\Local\Temp\ccSXRmFW.s:520    .text.SDIO_ReadData:000000000000000a .L0 
C:\Users\User\AppData\Local\Temp\ccSXRmFW.s:527    .text.SDIO_WriteData:0000000000000000 SDIO_WriteData
C:\Users\User\AppData\Local\Temp\ccSXRmFW.s:530    .text.SDIO_WriteData:0000000000000000 .L0 
C:\Users\User\AppData\Local\Temp\ccSXRmFW.s:532    .text.SDIO_WriteData:0000000000000000 .L0 
C:\Users\User\AppData\Local\Temp\ccSXRmFW.s:533    .text.SDIO_WriteData:0000000000000000 .L0 
C:\Users\User\AppData\Local\Temp\ccSXRmFW.s:534    .text.SDIO_WriteData:0000000000000000 $x
C:\Users\User\AppData\Local\Temp\ccSXRmFW.s:534    .text.SDIO_WriteData:0000000000000000 .L0 
C:\Users\User\AppData\Local\Temp\ccSXRmFW.s:537    .text.SDIO_WriteData:0000000000000008 .L0 
C:\Users\User\AppData\Local\Temp\ccSXRmFW.s:538    .text.SDIO_WriteData:000000000000000a .L0 
C:\Users\User\AppData\Local\Temp\ccSXRmFW.s:545    .text.SDIO_GetFIFOCount:0000000000000000 SDIO_GetFIFOCount
C:\Users\User\AppData\Local\Temp\ccSXRmFW.s:548    .text.SDIO_GetFIFOCount:0000000000000000 .L0 
C:\Users\User\AppData\Local\Temp\ccSXRmFW.s:549    .text.SDIO_GetFIFOCount:0000000000000000 .L0 
C:\Users\User\AppData\Local\Temp\ccSXRmFW.s:550    .text.SDIO_GetFIFOCount:0000000000000000 .L0 
C:\Users\User\AppData\Local\Temp\ccSXRmFW.s:551    .text.SDIO_GetFIFOCount:0000000000000000 $x
C:\Users\User\AppData\Local\Temp\ccSXRmFW.s:551    .text.SDIO_GetFIFOCount:0000000000000000 .L0 
C:\Users\User\AppData\Local\Temp\ccSXRmFW.s:554    .text.SDIO_GetFIFOCount:0000000000000006 .L0 
C:\Users\User\AppData\Local\Temp\ccSXRmFW.s:555    .text.SDIO_GetFIFOCount:0000000000000008 .L0 
C:\Users\User\AppData\Local\Temp\ccSXRmFW.s:562    .text.SDIO_StartSDIOReadWait:0000000000000000 SDIO_StartSDIOReadWait
C:\Users\User\AppData\Local\Temp\ccSXRmFW.s:565    .text.SDIO_StartSDIOReadWait:0000000000000000 .L0 
C:\Users\User\AppData\Local\Temp\ccSXRmFW.s:567    .text.SDIO_StartSDIOReadWait:0000000000000000 .L0 
C:\Users\User\AppData\Local\Temp\ccSXRmFW.s:568    .text.SDIO_StartSDIOReadWait:0000000000000000 .L0 
C:\Users\User\AppData\Local\Temp\ccSXRmFW.s:569    .text.SDIO_StartSDIOReadWait:0000000000000000 $x
C:\Users\User\AppData\Local\Temp\ccSXRmFW.s:569    .text.SDIO_StartSDIOReadWait:0000000000000000 .L0 
C:\Users\User\AppData\Local\Temp\ccSXRmFW.s:572    .text.SDIO_StartSDIOReadWait:0000000000000006 .L0 
C:\Users\User\AppData\Local\Temp\ccSXRmFW.s:574    .text.SDIO_StartSDIOReadWait:0000000000000008 .L0 
C:\Users\User\AppData\Local\Temp\ccSXRmFW.s:575    .text.SDIO_StartSDIOReadWait:0000000000000008 .L0 
C:\Users\User\AppData\Local\Temp\ccSXRmFW.s:578    .text.SDIO_StartSDIOReadWait:000000000000000c .L0 
C:\Users\User\AppData\Local\Temp\ccSXRmFW.s:580    .text.SDIO_StartSDIOReadWait:000000000000000e .L0 
C:\Users\User\AppData\Local\Temp\ccSXRmFW.s:583    .text.SDIO_StartSDIOReadWait:0000000000000010 .L0 
C:\Users\User\AppData\Local\Temp\ccSXRmFW.s:584    .text.SDIO_StartSDIOReadWait:0000000000000010 .L0 
C:\Users\User\AppData\Local\Temp\ccSXRmFW.s:586    .text.SDIO_StartSDIOReadWait:0000000000000016 .L0 
C:\Users\User\AppData\Local\Temp\ccSXRmFW.s:593    .text.SDIO_StopSDIOReadWait:0000000000000000 SDIO_StopSDIOReadWait
C:\Users\User\AppData\Local\Temp\ccSXRmFW.s:596    .text.SDIO_StopSDIOReadWait:0000000000000000 .L0 
C:\Users\User\AppData\Local\Temp\ccSXRmFW.s:598    .text.SDIO_StopSDIOReadWait:0000000000000000 .L0 
C:\Users\User\AppData\Local\Temp\ccSXRmFW.s:599    .text.SDIO_StopSDIOReadWait:0000000000000000 .L0 
C:\Users\User\AppData\Local\Temp\ccSXRmFW.s:600    .text.SDIO_StopSDIOReadWait:0000000000000000 $x
C:\Users\User\AppData\Local\Temp\ccSXRmFW.s:600    .text.SDIO_StopSDIOReadWait:0000000000000000 .L0 
C:\Users\User\AppData\Local\Temp\ccSXRmFW.s:603    .text.SDIO_StopSDIOReadWait:0000000000000006 .L0 
C:\Users\User\AppData\Local\Temp\ccSXRmFW.s:605    .text.SDIO_StopSDIOReadWait:0000000000000008 .L0 
C:\Users\User\AppData\Local\Temp\ccSXRmFW.s:606    .text.SDIO_StopSDIOReadWait:0000000000000008 .L0 
C:\Users\User\AppData\Local\Temp\ccSXRmFW.s:609    .text.SDIO_StopSDIOReadWait:000000000000000c .L0 
C:\Users\User\AppData\Local\Temp\ccSXRmFW.s:611    .text.SDIO_StopSDIOReadWait:000000000000000e .L0 
C:\Users\User\AppData\Local\Temp\ccSXRmFW.s:614    .text.SDIO_StopSDIOReadWait:0000000000000010 .L0 
C:\Users\User\AppData\Local\Temp\ccSXRmFW.s:615    .text.SDIO_StopSDIOReadWait:0000000000000010 .L0 
C:\Users\User\AppData\Local\Temp\ccSXRmFW.s:617    .text.SDIO_StopSDIOReadWait:0000000000000016 .L0 
C:\Users\User\AppData\Local\Temp\ccSXRmFW.s:624    .text.SDIO_SetSDIOReadWaitMode:0000000000000000 SDIO_SetSDIOReadWaitMode
C:\Users\User\AppData\Local\Temp\ccSXRmFW.s:627    .text.SDIO_SetSDIOReadWaitMode:0000000000000000 .L0 
C:\Users\User\AppData\Local\Temp\ccSXRmFW.s:629    .text.SDIO_SetSDIOReadWaitMode:0000000000000000 .L0 
C:\Users\User\AppData\Local\Temp\ccSXRmFW.s:630    .text.SDIO_SetSDIOReadWaitMode:0000000000000000 .L0 
C:\Users\User\AppData\Local\Temp\ccSXRmFW.s:631    .text.SDIO_SetSDIOReadWaitMode:0000000000000000 $x
C:\Users\User\AppData\Local\Temp\ccSXRmFW.s:631    .text.SDIO_SetSDIOReadWaitMode:0000000000000000 .L0 
C:\Users\User\AppData\Local\Temp\ccSXRmFW.s:634    .text.SDIO_SetSDIOReadWaitMode:0000000000000006 .L0 
C:\Users\User\AppData\Local\Temp\ccSXRmFW.s:636    .text.SDIO_SetSDIOReadWaitMode:0000000000000008 .L0 
C:\Users\User\AppData\Local\Temp\ccSXRmFW.s:637    .text.SDIO_SetSDIOReadWaitMode:0000000000000008 .L0 
C:\Users\User\AppData\Local\Temp\ccSXRmFW.s:640    .text.SDIO_SetSDIOReadWaitMode:000000000000000c .L0 
C:\Users\User\AppData\Local\Temp\ccSXRmFW.s:642    .text.SDIO_SetSDIOReadWaitMode:000000000000000e .L0 
C:\Users\User\AppData\Local\Temp\ccSXRmFW.s:645    .text.SDIO_SetSDIOReadWaitMode:0000000000000010 .L0 
C:\Users\User\AppData\Local\Temp\ccSXRmFW.s:646    .text.SDIO_SetSDIOReadWaitMode:0000000000000010 .L0 
C:\Users\User\AppData\Local\Temp\ccSXRmFW.s:648    .text.SDIO_SetSDIOReadWaitMode:0000000000000016 .L0 
C:\Users\User\AppData\Local\Temp\ccSXRmFW.s:655    .text.SDIO_SetSDIOOperation:0000000000000000 SDIO_SetSDIOOperation
C:\Users\User\AppData\Local\Temp\ccSXRmFW.s:658    .text.SDIO_SetSDIOOperation:0000000000000000 .L0 
C:\Users\User\AppData\Local\Temp\ccSXRmFW.s:660    .text.SDIO_SetSDIOOperation:0000000000000000 .L0 
C:\Users\User\AppData\Local\Temp\ccSXRmFW.s:661    .text.SDIO_SetSDIOOperation:0000000000000000 .L0 
C:\Users\User\AppData\Local\Temp\ccSXRmFW.s:662    .text.SDIO_SetSDIOOperation:0000000000000000 $x
C:\Users\User\AppData\Local\Temp\ccSXRmFW.s:662    .text.SDIO_SetSDIOOperation:0000000000000000 .L0 
C:\Users\User\AppData\Local\Temp\ccSXRmFW.s:665    .text.SDIO_SetSDIOOperation:0000000000000006 .L0 
C:\Users\User\AppData\Local\Temp\ccSXRmFW.s:667    .text.SDIO_SetSDIOOperation:0000000000000008 .L0 
C:\Users\User\AppData\Local\Temp\ccSXRmFW.s:668    .text.SDIO_SetSDIOOperation:0000000000000008 .L0 
C:\Users\User\AppData\Local\Temp\ccSXRmFW.s:671    .text.SDIO_SetSDIOOperation:000000000000000c .L0 
C:\Users\User\AppData\Local\Temp\ccSXRmFW.s:673    .text.SDIO_SetSDIOOperation:000000000000000e .L0 
C:\Users\User\AppData\Local\Temp\ccSXRmFW.s:676    .text.SDIO_SetSDIOOperation:0000000000000010 .L0 
C:\Users\User\AppData\Local\Temp\ccSXRmFW.s:677    .text.SDIO_SetSDIOOperation:0000000000000010 .L0 
C:\Users\User\AppData\Local\Temp\ccSXRmFW.s:679    .text.SDIO_SetSDIOOperation:0000000000000016 .L0 
C:\Users\User\AppData\Local\Temp\ccSXRmFW.s:686    .text.SDIO_SendSDIOSuspendCmd:0000000000000000 SDIO_SendSDIOSuspendCmd
C:\Users\User\AppData\Local\Temp\ccSXRmFW.s:689    .text.SDIO_SendSDIOSuspendCmd:0000000000000000 .L0 
C:\Users\User\AppData\Local\Temp\ccSXRmFW.s:691    .text.SDIO_SendSDIOSuspendCmd:0000000000000000 .L0 
C:\Users\User\AppData\Local\Temp\ccSXRmFW.s:692    .text.SDIO_SendSDIOSuspendCmd:0000000000000000 .L0 
C:\Users\User\AppData\Local\Temp\ccSXRmFW.s:693    .text.SDIO_SendSDIOSuspendCmd:0000000000000000 $x
C:\Users\User\AppData\Local\Temp\ccSXRmFW.s:693    .text.SDIO_SendSDIOSuspendCmd:0000000000000000 .L0 
C:\Users\User\AppData\Local\Temp\ccSXRmFW.s:696    .text.SDIO_SendSDIOSuspendCmd:0000000000000006 .L0 
C:\Users\User\AppData\Local\Temp\ccSXRmFW.s:698    .text.SDIO_SendSDIOSuspendCmd:0000000000000008 .L0 
C:\Users\User\AppData\Local\Temp\ccSXRmFW.s:699    .text.SDIO_SendSDIOSuspendCmd:0000000000000008 .L0 
C:\Users\User\AppData\Local\Temp\ccSXRmFW.s:702    .text.SDIO_SendSDIOSuspendCmd:000000000000000c .L0 
C:\Users\User\AppData\Local\Temp\ccSXRmFW.s:704    .text.SDIO_SendSDIOSuspendCmd:000000000000000e .L0 
C:\Users\User\AppData\Local\Temp\ccSXRmFW.s:707    .text.SDIO_SendSDIOSuspendCmd:0000000000000010 .L0 
C:\Users\User\AppData\Local\Temp\ccSXRmFW.s:708    .text.SDIO_SendSDIOSuspendCmd:0000000000000010 .L0 
C:\Users\User\AppData\Local\Temp\ccSXRmFW.s:710    .text.SDIO_SendSDIOSuspendCmd:0000000000000016 .L0 
C:\Users\User\AppData\Local\Temp\ccSXRmFW.s:717    .text.SDIO_CommandCompletionCmd:0000000000000000 SDIO_CommandCompletionCmd
C:\Users\User\AppData\Local\Temp\ccSXRmFW.s:720    .text.SDIO_CommandCompletionCmd:0000000000000000 .L0 
C:\Users\User\AppData\Local\Temp\ccSXRmFW.s:722    .text.SDIO_CommandCompletionCmd:0000000000000000 .L0 
C:\Users\User\AppData\Local\Temp\ccSXRmFW.s:723    .text.SDIO_CommandCompletionCmd:0000000000000000 .L0 
C:\Users\User\AppData\Local\Temp\ccSXRmFW.s:724    .text.SDIO_CommandCompletionCmd:0000000000000000 $x
C:\Users\User\AppData\Local\Temp\ccSXRmFW.s:724    .text.SDIO_CommandCompletionCmd:0000000000000000 .L0 
C:\Users\User\AppData\Local\Temp\ccSXRmFW.s:727    .text.SDIO_CommandCompletionCmd:0000000000000006 .L0 
C:\Users\User\AppData\Local\Temp\ccSXRmFW.s:729    .text.SDIO_CommandCompletionCmd:0000000000000008 .L0 
C:\Users\User\AppData\Local\Temp\ccSXRmFW.s:730    .text.SDIO_CommandCompletionCmd:0000000000000008 .L0 
C:\Users\User\AppData\Local\Temp\ccSXRmFW.s:733    .text.SDIO_CommandCompletionCmd:000000000000000c .L0 
C:\Users\User\AppData\Local\Temp\ccSXRmFW.s:735    .text.SDIO_CommandCompletionCmd:000000000000000e .L0 
C:\Users\User\AppData\Local\Temp\ccSXRmFW.s:738    .text.SDIO_CommandCompletionCmd:0000000000000010 .L0 
C:\Users\User\AppData\Local\Temp\ccSXRmFW.s:739    .text.SDIO_CommandCompletionCmd:0000000000000010 .L0 
C:\Users\User\AppData\Local\Temp\ccSXRmFW.s:741    .text.SDIO_CommandCompletionCmd:0000000000000016 .L0 
C:\Users\User\AppData\Local\Temp\ccSXRmFW.s:748    .text.SDIO_CEATAITCmd:0000000000000000 SDIO_CEATAITCmd
C:\Users\User\AppData\Local\Temp\ccSXRmFW.s:751    .text.SDIO_CEATAITCmd:0000000000000000 .L0 
C:\Users\User\AppData\Local\Temp\ccSXRmFW.s:753    .text.SDIO_CEATAITCmd:0000000000000000 .L0 
C:\Users\User\AppData\Local\Temp\ccSXRmFW.s:754    .text.SDIO_CEATAITCmd:0000000000000000 .L0 
C:\Users\User\AppData\Local\Temp\ccSXRmFW.s:755    .text.SDIO_CEATAITCmd:0000000000000000 $x
C:\Users\User\AppData\Local\Temp\ccSXRmFW.s:755    .text.SDIO_CEATAITCmd:0000000000000000 .L0 
C:\Users\User\AppData\Local\Temp\ccSXRmFW.s:758    .text.SDIO_CEATAITCmd:0000000000000006 .L0 
C:\Users\User\AppData\Local\Temp\ccSXRmFW.s:760    .text.SDIO_CEATAITCmd:0000000000000008 .L0 
C:\Users\User\AppData\Local\Temp\ccSXRmFW.s:761    .text.SDIO_CEATAITCmd:0000000000000008 .L0 
C:\Users\User\AppData\Local\Temp\ccSXRmFW.s:764    .text.SDIO_CEATAITCmd:000000000000000c .L0 
C:\Users\User\AppData\Local\Temp\ccSXRmFW.s:766    .text.SDIO_CEATAITCmd:000000000000000e .L0 
C:\Users\User\AppData\Local\Temp\ccSXRmFW.s:769    .text.SDIO_CEATAITCmd:0000000000000010 .L0 
C:\Users\User\AppData\Local\Temp\ccSXRmFW.s:770    .text.SDIO_CEATAITCmd:0000000000000010 .L0 
C:\Users\User\AppData\Local\Temp\ccSXRmFW.s:772    .text.SDIO_CEATAITCmd:0000000000000016 .L0 
C:\Users\User\AppData\Local\Temp\ccSXRmFW.s:779    .text.SDIO_SendCEATACmd:0000000000000000 SDIO_SendCEATACmd
C:\Users\User\AppData\Local\Temp\ccSXRmFW.s:782    .text.SDIO_SendCEATACmd:0000000000000000 .L0 
C:\Users\User\AppData\Local\Temp\ccSXRmFW.s:784    .text.SDIO_SendCEATACmd:0000000000000000 .L0 
C:\Users\User\AppData\Local\Temp\ccSXRmFW.s:785    .text.SDIO_SendCEATACmd:0000000000000000 .L0 
C:\Users\User\AppData\Local\Temp\ccSXRmFW.s:786    .text.SDIO_SendCEATACmd:0000000000000000 $x
C:\Users\User\AppData\Local\Temp\ccSXRmFW.s:786    .text.SDIO_SendCEATACmd:0000000000000000 .L0 
C:\Users\User\AppData\Local\Temp\ccSXRmFW.s:789    .text.SDIO_SendCEATACmd:0000000000000006 .L0 
C:\Users\User\AppData\Local\Temp\ccSXRmFW.s:791    .text.SDIO_SendCEATACmd:0000000000000008 .L0 
C:\Users\User\AppData\Local\Temp\ccSXRmFW.s:792    .text.SDIO_SendCEATACmd:0000000000000008 .L0 
C:\Users\User\AppData\Local\Temp\ccSXRmFW.s:795    .text.SDIO_SendCEATACmd:000000000000000c .L0 
C:\Users\User\AppData\Local\Temp\ccSXRmFW.s:797    .text.SDIO_SendCEATACmd:000000000000000e .L0 
C:\Users\User\AppData\Local\Temp\ccSXRmFW.s:800    .text.SDIO_SendCEATACmd:0000000000000010 .L0 
C:\Users\User\AppData\Local\Temp\ccSXRmFW.s:801    .text.SDIO_SendCEATACmd:0000000000000010 .L0 
C:\Users\User\AppData\Local\Temp\ccSXRmFW.s:803    .text.SDIO_SendCEATACmd:0000000000000016 .L0 
C:\Users\User\AppData\Local\Temp\ccSXRmFW.s:810    .text.SDIO_GetFlagStatus:0000000000000000 SDIO_GetFlagStatus
C:\Users\User\AppData\Local\Temp\ccSXRmFW.s:813    .text.SDIO_GetFlagStatus:0000000000000000 .L0 
C:\Users\User\AppData\Local\Temp\ccSXRmFW.s:815    .text.SDIO_GetFlagStatus:0000000000000000 .L0 
C:\Users\User\AppData\Local\Temp\ccSXRmFW.s:816    .text.SDIO_GetFlagStatus:0000000000000000 .L0 
C:\Users\User\AppData\Local\Temp\ccSXRmFW.s:817    .text.SDIO_GetFlagStatus:0000000000000000 .L0 
C:\Users\User\AppData\Local\Temp\ccSXRmFW.s:818    .text.SDIO_GetFlagStatus:0000000000000000 $x
C:\Users\User\AppData\Local\Temp\ccSXRmFW.s:818    .text.SDIO_GetFlagStatus:0000000000000000 .L0 
C:\Users\User\AppData\Local\Temp\ccSXRmFW.s:822    .text.SDIO_GetFlagStatus:0000000000000006 .L0 
C:\Users\User\AppData\Local\Temp\ccSXRmFW.s:823    .text.SDIO_GetFlagStatus:0000000000000006 .L0 
C:\Users\User\AppData\Local\Temp\ccSXRmFW.s:826    .text.SDIO_GetFlagStatus:0000000000000008 .L0 
C:\Users\User\AppData\Local\Temp\ccSXRmFW.s:828    .text.SDIO_GetFlagStatus:000000000000000e .L0 
C:\Users\User\AppData\Local\Temp\ccSXRmFW.s:835    .text.SDIO_ClearFlag:0000000000000000 SDIO_ClearFlag
C:\Users\User\AppData\Local\Temp\ccSXRmFW.s:838    .text.SDIO_ClearFlag:0000000000000000 .L0 
C:\Users\User\AppData\Local\Temp\ccSXRmFW.s:840    .text.SDIO_ClearFlag:0000000000000000 .L0 
C:\Users\User\AppData\Local\Temp\ccSXRmFW.s:841    .text.SDIO_ClearFlag:0000000000000000 .L0 
C:\Users\User\AppData\Local\Temp\ccSXRmFW.s:842    .text.SDIO_ClearFlag:0000000000000000 $x
C:\Users\User\AppData\Local\Temp\ccSXRmFW.s:842    .text.SDIO_ClearFlag:0000000000000000 .L0 
C:\Users\User\AppData\Local\Temp\ccSXRmFW.s:845    .text.SDIO_ClearFlag:0000000000000006 .L0 
C:\Users\User\AppData\Local\Temp\ccSXRmFW.s:846    .text.SDIO_ClearFlag:0000000000000008 .L0 
C:\Users\User\AppData\Local\Temp\ccSXRmFW.s:853    .text.SDIO_GetITStatus:0000000000000000 SDIO_GetITStatus
C:\Users\User\AppData\Local\Temp\ccSXRmFW.s:855    .text.SDIO_GetITStatus:0000000000000000 .L0 
C:\Users\User\AppData\Local\Temp\ccSXRmFW.s:857    .text.SDIO_GetITStatus:0000000000000000 $x
C:\Users\User\AppData\Local\Temp\ccSXRmFW.s:857    .text.SDIO_GetITStatus:0000000000000000 .L0 
C:\Users\User\AppData\Local\Temp\ccSXRmFW.s:858    .text.SDIO_GetITStatus:0000000000000008 .L0 
C:\Users\User\AppData\Local\Temp\ccSXRmFW.s:865    .text.SDIO_ClearITPendingBit:0000000000000000 SDIO_ClearITPendingBit
C:\Users\User\AppData\Local\Temp\ccSXRmFW.s:867    .text.SDIO_ClearITPendingBit:0000000000000000 .L0 
C:\Users\User\AppData\Local\Temp\ccSXRmFW.s:869    .text.SDIO_ClearITPendingBit:0000000000000000 $x
C:\Users\User\AppData\Local\Temp\ccSXRmFW.s:869    .text.SDIO_ClearITPendingBit:0000000000000000 .L0 
C:\Users\User\AppData\Local\Temp\ccSXRmFW.s:872    .text.SDIO_ClearITPendingBit:0000000000000008 .L0 
C:\Users\User\AppData\Local\Temp\ccSXRmFW.s:3033   .debug_line_str:00000000000000a6 .L0 
C:\Users\User\AppData\Local\Temp\ccSXRmFW.s:3033   .debug_line_str:00000000000000f8 .L0 
C:\Users\User\AppData\Local\Temp\ccSXRmFW.s:3033   .debug_line_str:000000000000013c .L0 
C:\Users\User\AppData\Local\Temp\ccSXRmFW.s:3033   .debug_line_str:00000000000001c6 .L0 
C:\Users\User\AppData\Local\Temp\ccSXRmFW.s:3033   .debug_line_str:000000000000024c .L0 
C:\Users\User\AppData\Local\Temp\ccSXRmFW.s:3033   .debug_line_str:0000000000000286 .L0 
C:\Users\User\AppData\Local\Temp\ccSXRmFW.s:3033   .debug_line_str:00000000000002ca .L0 
C:\Users\User\AppData\Local\Temp\ccSXRmFW.s:3033   .debug_line_str:00000000000002da .L0 
C:\Users\User\AppData\Local\Temp\ccSXRmFW.s:3033   .debug_line_str:00000000000002ea .L0 
C:\Users\User\AppData\Local\Temp\ccSXRmFW.s:3033   .debug_line_str:00000000000002fb .L0 
C:\Users\User\AppData\Local\Temp\ccSXRmFW.s:3033   .debug_line_str:0000000000000305 .L0 
C:\Users\User\AppData\Local\Temp\ccSXRmFW.s:3033   .debug_line_str:0000000000000312 .L0 
C:\Users\User\AppData\Local\Temp\ccSXRmFW.s:3033   .debug_line_str:000000000000031d .L0 
C:\Users\User\AppData\Local\Temp\ccSXRmFW.s:55     .text.SDIO_DeInit:0000000000000030 .L0 
C:\Users\User\AppData\Local\Temp\ccSXRmFW.s:100    .text.SDIO_Init:000000000000002a .L0 
C:\Users\User\AppData\Local\Temp\ccSXRmFW.s:132    .text.SDIO_StructInit:000000000000001a .L0 
C:\Users\User\AppData\Local\Temp\ccSXRmFW.s:163    .text.SDIO_ClockCmd:0000000000000016 .L0 
C:\Users\User\AppData\Local\Temp\ccSXRmFW.s:190    .text.SDIO_SetPowerState:0000000000000012 .L0 
C:\Users\User\AppData\Local\Temp\ccSXRmFW.s:208    .text.SDIO_GetPowerState:000000000000000a .L0 
C:\Users\User\AppData\Local\Temp\ccSXRmFW.s:242    .text.SDIO_ITConfig:000000000000001c .L0 
C:\Users\User\AppData\Local\Temp\ccSXRmFW.s:273    .text.SDIO_DMACmd:0000000000000014 .L0 
C:\Users\User\AppData\Local\Temp\ccSXRmFW.s:319    .text.SDIO_SendCommand:0000000000000022 .L0 
C:\Users\User\AppData\Local\Temp\ccSXRmFW.s:348    .text.SDIO_CmdStructInit:0000000000000016 .L0 
C:\Users\User\AppData\Local\Temp\ccSXRmFW.s:366    .text.SDIO_GetCommandResponse:000000000000000c .L0 
C:\Users\User\AppData\Local\Temp\ccSXRmFW.s:405    .text.SDIO_GetResponse:0000000000000016 .L0 
C:\Users\User\AppData\Local\Temp\ccSXRmFW.s:456    .text.SDIO_DataConfig:0000000000000026 .L0 
C:\Users\User\AppData\Local\Temp\ccSXRmFW.s:489    .text.SDIO_DataStructInit:000000000000001a .L0 
C:\Users\User\AppData\Local\Temp\ccSXRmFW.s:506    .text.SDIO_GetDataCounter:0000000000000008 .L0 
C:\Users\User\AppData\Local\Temp\ccSXRmFW.s:523    .text.SDIO_ReadData:000000000000000a .L0 
C:\Users\User\AppData\Local\Temp\ccSXRmFW.s:541    .text.SDIO_WriteData:000000000000000a .L0 
C:\Users\User\AppData\Local\Temp\ccSXRmFW.s:558    .text.SDIO_GetFIFOCount:0000000000000008 .L0 
C:\Users\User\AppData\Local\Temp\ccSXRmFW.s:589    .text.SDIO_StartSDIOReadWait:0000000000000016 .L0 
C:\Users\User\AppData\Local\Temp\ccSXRmFW.s:620    .text.SDIO_StopSDIOReadWait:0000000000000016 .L0 
C:\Users\User\AppData\Local\Temp\ccSXRmFW.s:651    .text.SDIO_SetSDIOReadWaitMode:0000000000000016 .L0 
C:\Users\User\AppData\Local\Temp\ccSXRmFW.s:682    .text.SDIO_SetSDIOOperation:0000000000000016 .L0 
C:\Users\User\AppData\Local\Temp\ccSXRmFW.s:713    .text.SDIO_SendSDIOSuspendCmd:0000000000000016 .L0 
C:\Users\User\AppData\Local\Temp\ccSXRmFW.s:744    .text.SDIO_CommandCompletionCmd:0000000000000016 .L0 
C:\Users\User\AppData\Local\Temp\ccSXRmFW.s:775    .text.SDIO_CEATAITCmd:0000000000000016 .L0 
C:\Users\User\AppData\Local\Temp\ccSXRmFW.s:806    .text.SDIO_SendCEATACmd:0000000000000016 .L0 
C:\Users\User\AppData\Local\Temp\ccSXRmFW.s:831    .text.SDIO_GetFlagStatus:000000000000000e .L0 
C:\Users\User\AppData\Local\Temp\ccSXRmFW.s:849    .text.SDIO_ClearFlag:0000000000000008 .L0 
C:\Users\User\AppData\Local\Temp\ccSXRmFW.s:861    .text.SDIO_GetITStatus:0000000000000008 .L0 
C:\Users\User\AppData\Local\Temp\ccSXRmFW.s:875    .text.SDIO_ClearITPendingBit:0000000000000008 .L0 
                     .debug_frame:0000000000000000 .L0 
C:\Users\User\AppData\Local\Temp\ccSXRmFW.s:155    .text.SDIO_ClockCmd:0000000000000010 .L5
C:\Users\User\AppData\Local\Temp\ccSXRmFW.s:150    .text.SDIO_ClockCmd:000000000000000c .L7
C:\Users\User\AppData\Local\Temp\ccSXRmFW.s:228    .text.SDIO_ITConfig:000000000000000e .L11
C:\Users\User\AppData\Local\Temp\ccSXRmFW.s:265    .text.SDIO_DMACmd:0000000000000010 .L14
C:\Users\User\AppData\Local\Temp\ccSXRmFW.s:260    .text.SDIO_DMACmd:000000000000000c .L16
C:\Users\User\AppData\Local\Temp\ccSXRmFW.s:581    .text.SDIO_StartSDIOReadWait:0000000000000010 .L29
C:\Users\User\AppData\Local\Temp\ccSXRmFW.s:576    .text.SDIO_StartSDIOReadWait:000000000000000c .L31
C:\Users\User\AppData\Local\Temp\ccSXRmFW.s:612    .text.SDIO_StopSDIOReadWait:0000000000000010 .L33
C:\Users\User\AppData\Local\Temp\ccSXRmFW.s:607    .text.SDIO_StopSDIOReadWait:000000000000000c .L35
C:\Users\User\AppData\Local\Temp\ccSXRmFW.s:643    .text.SDIO_SetSDIOReadWaitMode:0000000000000010 .L37
C:\Users\User\AppData\Local\Temp\ccSXRmFW.s:638    .text.SDIO_SetSDIOReadWaitMode:000000000000000c .L39
C:\Users\User\AppData\Local\Temp\ccSXRmFW.s:674    .text.SDIO_SetSDIOOperation:0000000000000010 .L41
C:\Users\User\AppData\Local\Temp\ccSXRmFW.s:669    .text.SDIO_SetSDIOOperation:000000000000000c .L43
C:\Users\User\AppData\Local\Temp\ccSXRmFW.s:705    .text.SDIO_SendSDIOSuspendCmd:0000000000000010 .L45
C:\Users\User\AppData\Local\Temp\ccSXRmFW.s:700    .text.SDIO_SendSDIOSuspendCmd:000000000000000c .L47
C:\Users\User\AppData\Local\Temp\ccSXRmFW.s:736    .text.SDIO_CommandCompletionCmd:0000000000000010 .L49
C:\Users\User\AppData\Local\Temp\ccSXRmFW.s:731    .text.SDIO_CommandCompletionCmd:000000000000000c .L51
C:\Users\User\AppData\Local\Temp\ccSXRmFW.s:767    .text.SDIO_CEATAITCmd:0000000000000010 .L53
C:\Users\User\AppData\Local\Temp\ccSXRmFW.s:762    .text.SDIO_CEATAITCmd:000000000000000c .L55
C:\Users\User\AppData\Local\Temp\ccSXRmFW.s:798    .text.SDIO_SendCEATACmd:0000000000000010 .L57
C:\Users\User\AppData\Local\Temp\ccSXRmFW.s:793    .text.SDIO_SendCEATACmd:000000000000000c .L59
C:\Users\User\AppData\Local\Temp\ccSXRmFW.s:1806   .debug_abbrev:0000000000000000 .Ldebug_abbrev0
C:\Users\User\AppData\Local\Temp\ccSXRmFW.s:2922   .debug_str:00000000000002a1 .LASF101
C:\Users\User\AppData\Local\Temp\ccSXRmFW.s:3031   .debug_line_str:0000000000000052 .LASF0
C:\Users\User\AppData\Local\Temp\ccSXRmFW.s:3029   .debug_line_str:0000000000000000 .LASF1
C:\Users\User\AppData\Local\Temp\ccSXRmFW.s:2728   .debug_rnglists:000000000000000c .LLRL7
C:\Users\User\AppData\Local\Temp\ccSXRmFW.s:2822   .debug_line:0000000000000000 .Ldebug_line0
C:\Users\User\AppData\Local\Temp\ccSXRmFW.s:2944   .debug_str:0000000000000423 .LASF2
C:\Users\User\AppData\Local\Temp\ccSXRmFW.s:2892   .debug_str:00000000000001e0 .LASF3
C:\Users\User\AppData\Local\Temp\ccSXRmFW.s:2918   .debug_str:0000000000000292 .LASF8
C:\Users\User\AppData\Local\Temp\ccSXRmFW.s:2932   .debug_str:00000000000003b9 .LASF4
C:\Users\User\AppData\Local\Temp\ccSXRmFW.s:2968   .debug_str:00000000000004a1 .LASF5
C:\Users\User\AppData\Local\Temp\ccSXRmFW.s:2950   .debug_str:0000000000000448 .LASF6
C:\Users\User\AppData\Local\Temp\ccSXRmFW.s:2908   .debug_str:000000000000024d .LASF7
C:\Users\User\AppData\Local\Temp\ccSXRmFW.s:2988   .debug_str:0000000000000529 .LASF9
C:\Users\User\AppData\Local\Temp\ccSXRmFW.s:2978   .debug_str:00000000000004d9 .LASF10
C:\Users\User\AppData\Local\Temp\ccSXRmFW.s:2856   .debug_str:00000000000000e8 .LASF11
C:\Users\User\AppData\Local\Temp\ccSXRmFW.s:2938   .debug_str:00000000000003ef .LASF12
C:\Users\User\AppData\Local\Temp\ccSXRmFW.s:2878   .debug_str:0000000000000194 .LASF13
C:\Users\User\AppData\Local\Temp\ccSXRmFW.s:2940   .debug_str:0000000000000406 .LASF14
C:\Users\User\AppData\Local\Temp\ccSXRmFW.s:2890   .debug_str:00000000000001d8 .LASF15
C:\Users\User\AppData\Local\Temp\ccSXRmFW.s:3022   .debug_str:0000000000000626 .LASF16
C:\Users\User\AppData\Local\Temp\ccSXRmFW.s:2900   .debug_str:000000000000021c .LASF17
C:\Users\User\AppData\Local\Temp\ccSXRmFW.s:2998   .debug_str:000000000000058b .LASF18
C:\Users\User\AppData\Local\Temp\ccSXRmFW.s:3020   .debug_str:000000000000061b .LASF19
C:\Users\User\AppData\Local\Temp\ccSXRmFW.s:2914   .debug_str:0000000000000279 .LASF20
C:\Users\User\AppData\Local\Temp\ccSXRmFW.s:2962   .debug_str:0000000000000483 .LASF21
C:\Users\User\AppData\Local\Temp\ccSXRmFW.s:2984   .debug_str:0000000000000511 .LASF22
C:\Users\User\AppData\Local\Temp\ccSXRmFW.s:3016   .debug_str:0000000000000600 .LASF23
C:\Users\User\AppData\Local\Temp\ccSXRmFW.s:2952   .debug_str:000000000000045b .LASF24
C:\Users\User\AppData\Local\Temp\ccSXRmFW.s:2954   .debug_str:0000000000000461 .LASF25
C:\Users\User\AppData\Local\Temp\ccSXRmFW.s:2956   .debug_str:0000000000000467 .LASF26
C:\Users\User\AppData\Local\Temp\ccSXRmFW.s:2958   .debug_str:000000000000046d .LASF27
C:\Users\User\AppData\Local\Temp\ccSXRmFW.s:2830   .debug_str:000000000000002a .LASF28
C:\Users\User\AppData\Local\Temp\ccSXRmFW.s:2876   .debug_str:000000000000018f .LASF29
C:\Users\User\AppData\Local\Temp\ccSXRmFW.s:2880   .debug_str:000000000000019c .LASF30
C:\Users\User\AppData\Local\Temp\ccSXRmFW.s:2852   .debug_str:00000000000000d0 .LASF31
C:\Users\User\AppData\Local\Temp\ccSXRmFW.s:2946   .debug_str:0000000000000430 .LASF32
C:\Users\User\AppData\Local\Temp\ccSXRmFW.s:2972   .debug_str:00000000000004bb .LASF33
C:\Users\User\AppData\Local\Temp\ccSXRmFW.s:3010   .debug_str:00000000000005de .LASF34
C:\Users\User\AppData\Local\Temp\ccSXRmFW.s:2974   .debug_str:00000000000004c5 .LASF35
C:\Users\User\AppData\Local\Temp\ccSXRmFW.s:2844   .debug_str:0000000000000093 .LASF36
C:\Users\User\AppData\Local\Temp\ccSXRmFW.s:2976   .debug_str:00000000000004cf .LASF37
C:\Users\User\AppData\Local\Temp\ccSXRmFW.s:2906   .debug_str:0000000000000248 .LASF38
C:\Users\User\AppData\Local\Temp\ccSXRmFW.s:2848   .debug_str:00000000000000b0 .LASF39
C:\Users\User\AppData\Local\Temp\ccSXRmFW.s:2902   .debug_str:000000000000022c .LASF40
C:\Users\User\AppData\Local\Temp\ccSXRmFW.s:2824   .debug_str:0000000000000000 .LASF41
C:\Users\User\AppData\Local\Temp\ccSXRmFW.s:2826   .debug_str:000000000000000f .LASF42
C:\Users\User\AppData\Local\Temp\ccSXRmFW.s:2924   .debug_str:0000000000000386 .LASF43
C:\Users\User\AppData\Local\Temp\ccSXRmFW.s:2872   .debug_str:0000000000000170 .LASF44
C:\Users\User\AppData\Local\Temp\ccSXRmFW.s:2868   .debug_str:000000000000014d .LASF45
C:\Users\User\AppData\Local\Temp\ccSXRmFW.s:2888   .debug_str:00000000000001ca .LASF46
C:\Users\User\AppData\Local\Temp\ccSXRmFW.s:2832   .debug_str:0000000000000031 .LASF47
C:\Users\User\AppData\Local\Temp\ccSXRmFW.s:2964   .debug_str:0000000000000489 .LASF48
C:\Users\User\AppData\Local\Temp\ccSXRmFW.s:2834   .debug_str:0000000000000042 .LASF49
C:\Users\User\AppData\Local\Temp\ccSXRmFW.s:2896   .debug_str:00000000000001fd .LASF50
C:\Users\User\AppData\Local\Temp\ccSXRmFW.s:2860   .debug_str:0000000000000108 .LASF51
C:\Users\User\AppData\Local\Temp\ccSXRmFW.s:3012   .debug_str:00000000000005e6 .LASF52
C:\Users\User\AppData\Local\Temp\ccSXRmFW.s:2996   .debug_str:0000000000000577 .LASF53
C:\Users\User\AppData\Local\Temp\ccSXRmFW.s:2894   .debug_str:00000000000001ec .LASF54
C:\Users\User\AppData\Local\Temp\ccSXRmFW.s:2970   .debug_str:00000000000004ab .LASF55
C:\Users\User\AppData\Local\Temp\ccSXRmFW.s:2850   .debug_str:00000000000000bd .LASF56
C:\Users\User\AppData\Local\Temp\ccSXRmFW.s:2898   .debug_str:000000000000020b .LASF57
C:\Users\User\AppData\Local\Temp\ccSXRmFW.s:3026   .debug_str:000000000000063b .LASF58
C:\Users\User\AppData\Local\Temp\ccSXRmFW.s:2866   .debug_str:0000000000000143 .LASF59
C:\Users\User\AppData\Local\Temp\ccSXRmFW.s:3004   .debug_str:00000000000005ae .LASF60
C:\Users\User\AppData\Local\Temp\ccSXRmFW.s:2910   .debug_str:0000000000000256 .LASF102
C:\Users\User\AppData\Local\Temp\ccSXRmFW.s:2930   .debug_str:00000000000003b1 .LASF61
C:\Users\User\AppData\Local\Temp\ccSXRmFW.s:2854   .debug_str:00000000000000d7 .LASF62
C:\Users\User\AppData\Local\Temp\ccSXRmFW.s:2870   .debug_str:0000000000000166 .LASF83
C:\Users\User\AppData\Local\Temp\ccSXRmFW.s:3006   .debug_str:00000000000005c3 .LASF63
C:\Users\User\AppData\Local\Temp\ccSXRmFW.s:2966   .debug_str:0000000000000497 .LASF64
C:\Users\User\AppData\Local\Temp\ccSXRmFW.s:3018   .debug_str:0000000000000608 .LASF85
C:\Users\User\AppData\Local\Temp\ccSXRmFW.s:811    .text.SDIO_GetFlagStatus:0000000000000000 .LFB66
C:\Users\User\AppData\Local\Temp\ccSXRmFW.s:829    .text.SDIO_GetFlagStatus:000000000000000e .LFE66
C:\Users\User\AppData\Local\Temp\ccSXRmFW.s:2465   .debug_loclists:000000000000000c .LLST5
C:\Users\User\AppData\Local\Temp\ccSXRmFW.s:2480   .debug_loclists:0000000000000026 .LLST6
C:\Users\User\AppData\Local\Temp\ccSXRmFW.s:2986   .debug_str:0000000000000517 .LASF66
C:\Users\User\AppData\Local\Temp\ccSXRmFW.s:780    .text.SDIO_SendCEATACmd:0000000000000000 .LFB65
C:\Users\User\AppData\Local\Temp\ccSXRmFW.s:804    .text.SDIO_SendCEATACmd:0000000000000016 .LFE65
C:\Users\User\AppData\Local\Temp\ccSXRmFW.s:2886   .debug_str:00000000000001c1 .LASF65
C:\Users\User\AppData\Local\Temp\ccSXRmFW.s:2960   .debug_str:0000000000000473 .LASF67
C:\Users\User\AppData\Local\Temp\ccSXRmFW.s:749    .text.SDIO_CEATAITCmd:0000000000000000 .LFB64
C:\Users\User\AppData\Local\Temp\ccSXRmFW.s:773    .text.SDIO_CEATAITCmd:0000000000000016 .LFE64
C:\Users\User\AppData\Local\Temp\ccSXRmFW.s:2994   .debug_str:000000000000055d .LASF68
C:\Users\User\AppData\Local\Temp\ccSXRmFW.s:718    .text.SDIO_CommandCompletionCmd:0000000000000000 .LFB63
C:\Users\User\AppData\Local\Temp\ccSXRmFW.s:742    .text.SDIO_CommandCompletionCmd:0000000000000016 .LFE63
C:\Users\User\AppData\Local\Temp\ccSXRmFW.s:2840   .debug_str:000000000000006b .LASF69
C:\Users\User\AppData\Local\Temp\ccSXRmFW.s:687    .text.SDIO_SendSDIOSuspendCmd:0000000000000000 .LFB62
C:\Users\User\AppData\Local\Temp\ccSXRmFW.s:711    .text.SDIO_SendSDIOSuspendCmd:0000000000000016 .LFE62
C:\Users\User\AppData\Local\Temp\ccSXRmFW.s:2846   .debug_str:000000000000009a .LASF70
C:\Users\User\AppData\Local\Temp\ccSXRmFW.s:656    .text.SDIO_SetSDIOOperation:0000000000000000 .LFB61
C:\Users\User\AppData\Local\Temp\ccSXRmFW.s:680    .text.SDIO_SetSDIOOperation:0000000000000016 .LFE61
C:\Users\User\AppData\Local\Temp\ccSXRmFW.s:2862   .debug_str:0000000000000112 .LASF71
C:\Users\User\AppData\Local\Temp\ccSXRmFW.s:625    .text.SDIO_SetSDIOReadWaitMode:0000000000000000 .LFB60
C:\Users\User\AppData\Local\Temp\ccSXRmFW.s:649    .text.SDIO_SetSDIOReadWaitMode:0000000000000016 .LFE60
C:\Users\User\AppData\Local\Temp\ccSXRmFW.s:2858   .debug_str:00000000000000f6 .LASF72
C:\Users\User\AppData\Local\Temp\ccSXRmFW.s:2990   .debug_str:0000000000000534 .LASF73
C:\Users\User\AppData\Local\Temp\ccSXRmFW.s:594    .text.SDIO_StopSDIOReadWait:0000000000000000 .LFB59
C:\Users\User\AppData\Local\Temp\ccSXRmFW.s:618    .text.SDIO_StopSDIOReadWait:0000000000000016 .LFE59
C:\Users\User\AppData\Local\Temp\ccSXRmFW.s:2904   .debug_str:0000000000000231 .LASF74
C:\Users\User\AppData\Local\Temp\ccSXRmFW.s:563    .text.SDIO_StartSDIOReadWait:0000000000000000 .LFB58
C:\Users\User\AppData\Local\Temp\ccSXRmFW.s:587    .text.SDIO_StartSDIOReadWait:0000000000000016 .LFE58
C:\Users\User\AppData\Local\Temp\ccSXRmFW.s:2874   .debug_str:000000000000017d .LASF77
C:\Users\User\AppData\Local\Temp\ccSXRmFW.s:546    .text.SDIO_GetFIFOCount:0000000000000000 .LFB57
C:\Users\User\AppData\Local\Temp\ccSXRmFW.s:556    .text.SDIO_GetFIFOCount:0000000000000008 .LFE57
C:\Users\User\AppData\Local\Temp\ccSXRmFW.s:3000   .debug_str:0000000000000591 .LASF75
C:\Users\User\AppData\Local\Temp\ccSXRmFW.s:528    .text.SDIO_WriteData:0000000000000000 .LFB56
C:\Users\User\AppData\Local\Temp\ccSXRmFW.s:539    .text.SDIO_WriteData:000000000000000a .LFE56
C:\Users\User\AppData\Local\Temp\ccSXRmFW.s:2920   .debug_str:000000000000029c .LASF76
C:\Users\User\AppData\Local\Temp\ccSXRmFW.s:3002   .debug_str:00000000000005a0 .LASF78
C:\Users\User\AppData\Local\Temp\ccSXRmFW.s:511    .text.SDIO_ReadData:0000000000000000 .LFB55
C:\Users\User\AppData\Local\Temp\ccSXRmFW.s:521    .text.SDIO_ReadData:000000000000000a .LFE55
C:\Users\User\AppData\Local\Temp\ccSXRmFW.s:2936   .debug_str:00000000000003db .LASF79
C:\Users\User\AppData\Local\Temp\ccSXRmFW.s:494    .text.SDIO_GetDataCounter:0000000000000000 .LFB54
C:\Users\User\AppData\Local\Temp\ccSXRmFW.s:504    .text.SDIO_GetDataCounter:0000000000000008 .LFE54
C:\Users\User\AppData\Local\Temp\ccSXRmFW.s:2942   .debug_str:000000000000040f .LASF80
C:\Users\User\AppData\Local\Temp\ccSXRmFW.s:461    .text.SDIO_DataStructInit:0000000000000000 .LFB53
C:\Users\User\AppData\Local\Temp\ccSXRmFW.s:487    .text.SDIO_DataStructInit:000000000000001a .LFE53
C:\Users\User\AppData\Local\Temp\ccSXRmFW.s:2934   .debug_str:00000000000003c7 .LASF81
C:\Users\User\AppData\Local\Temp\ccSXRmFW.s:2928   .debug_str:00000000000003a1 .LASF82
C:\Users\User\AppData\Local\Temp\ccSXRmFW.s:410    .text.SDIO_DataConfig:0000000000000000 .LFB52
C:\Users\User\AppData\Local\Temp\ccSXRmFW.s:454    .text.SDIO_DataConfig:0000000000000026 .LFE52
C:\Users\User\AppData\Local\Temp\ccSXRmFW.s:2926   .debug_str:000000000000039a .LASF84
C:\Users\User\AppData\Local\Temp\ccSXRmFW.s:2519   .debug_loclists:000000000000005e .LLST4
C:\Users\User\AppData\Local\Temp\ccSXRmFW.s:2882   .debug_str:00000000000001a2 .LASF86
C:\Users\User\AppData\Local\Temp\ccSXRmFW.s:371    .text.SDIO_GetResponse:0000000000000000 .LFB51
C:\Users\User\AppData\Local\Temp\ccSXRmFW.s:403    .text.SDIO_GetResponse:0000000000000016 .LFE51
C:\Users\User\AppData\Local\Temp\ccSXRmFW.s:2838   .debug_str:0000000000000061 .LASF87
C:\Users\User\AppData\Local\Temp\ccSXRmFW.s:2547   .debug_loclists:0000000000000092 .LLST3
C:\Users\User\AppData\Local\Temp\ccSXRmFW.s:2864   .debug_str:000000000000012b .LASF88
C:\Users\User\AppData\Local\Temp\ccSXRmFW.s:353    .text.SDIO_GetCommandResponse:0000000000000000 .LFB50
C:\Users\User\AppData\Local\Temp\ccSXRmFW.s:364    .text.SDIO_GetCommandResponse:000000000000000c .LFE50
C:\Users\User\AppData\Local\Temp\ccSXRmFW.s:2992   .debug_str:000000000000054a .LASF89
C:\Users\User\AppData\Local\Temp\ccSXRmFW.s:324    .text.SDIO_CmdStructInit:0000000000000000 .LFB49
C:\Users\User\AppData\Local\Temp\ccSXRmFW.s:346    .text.SDIO_CmdStructInit:0000000000000016 .LFE49
C:\Users\User\AppData\Local\Temp\ccSXRmFW.s:2982   .debug_str:00000000000004fe .LASF90
C:\Users\User\AppData\Local\Temp\ccSXRmFW.s:2836   .debug_str:0000000000000050 .LASF91
C:\Users\User\AppData\Local\Temp\ccSXRmFW.s:278    .text.SDIO_SendCommand:0000000000000000 .LFB48
C:\Users\User\AppData\Local\Temp\ccSXRmFW.s:317    .text.SDIO_SendCommand:0000000000000022 .LFE48
C:\Users\User\AppData\Local\Temp\ccSXRmFW.s:2583   .debug_loclists:00000000000000d7 .LLST2
C:\Users\User\AppData\Local\Temp\ccSXRmFW.s:2912   .debug_str:000000000000026d .LASF92
C:\Users\User\AppData\Local\Temp\ccSXRmFW.s:247    .text.SDIO_DMACmd:0000000000000000 .LFB47
C:\Users\User\AppData\Local\Temp\ccSXRmFW.s:271    .text.SDIO_DMACmd:0000000000000014 .LFE47
C:\Users\User\AppData\Local\Temp\ccSXRmFW.s:3024   .debug_str:000000000000062d .LASF93
C:\Users\User\AppData\Local\Temp\ccSXRmFW.s:213    .text.SDIO_ITConfig:0000000000000000 .LFB46
C:\Users\User\AppData\Local\Temp\ccSXRmFW.s:240    .text.SDIO_ITConfig:000000000000001c .LFE46
C:\Users\User\AppData\Local\Temp\ccSXRmFW.s:2611   .debug_loclists:000000000000010b .LLST1
C:\Users\User\AppData\Local\Temp\ccSXRmFW.s:2948   .debug_str:0000000000000435 .LASF94
C:\Users\User\AppData\Local\Temp\ccSXRmFW.s:195    .text.SDIO_GetPowerState:0000000000000000 .LFB45
C:\Users\User\AppData\Local\Temp\ccSXRmFW.s:206    .text.SDIO_GetPowerState:000000000000000a .LFE45
C:\Users\User\AppData\Local\Temp\ccSXRmFW.s:2980   .debug_str:00000000000004eb .LASF95
C:\Users\User\AppData\Local\Temp\ccSXRmFW.s:168    .text.SDIO_SetPowerState:0000000000000000 .LFB44
C:\Users\User\AppData\Local\Temp\ccSXRmFW.s:188    .text.SDIO_SetPowerState:0000000000000012 .LFE44
C:\Users\User\AppData\Local\Temp\ccSXRmFW.s:2916   .debug_str:0000000000000282 .LASF96
C:\Users\User\AppData\Local\Temp\ccSXRmFW.s:2884   .debug_str:00000000000001b3 .LASF97
C:\Users\User\AppData\Local\Temp\ccSXRmFW.s:137    .text.SDIO_ClockCmd:0000000000000000 .LFB43
C:\Users\User\AppData\Local\Temp\ccSXRmFW.s:161    .text.SDIO_ClockCmd:0000000000000016 .LFE43
C:\Users\User\AppData\Local\Temp\ccSXRmFW.s:3014   .debug_str:00000000000005f0 .LASF98
C:\Users\User\AppData\Local\Temp\ccSXRmFW.s:105    .text.SDIO_StructInit:0000000000000000 .LFB42
C:\Users\User\AppData\Local\Temp\ccSXRmFW.s:130    .text.SDIO_StructInit:000000000000001a .LFE42
C:\Users\User\AppData\Local\Temp\ccSXRmFW.s:2842   .debug_str:0000000000000083 .LASF99
C:\Users\User\AppData\Local\Temp\ccSXRmFW.s:2828   .debug_str:0000000000000020 .LASF100
C:\Users\User\AppData\Local\Temp\ccSXRmFW.s:60     .text.SDIO_Init:0000000000000000 .LFB41
C:\Users\User\AppData\Local\Temp\ccSXRmFW.s:98     .text.SDIO_Init:000000000000002a .LFE41
C:\Users\User\AppData\Local\Temp\ccSXRmFW.s:2626   .debug_loclists:0000000000000125 .LLST0
C:\Users\User\AppData\Local\Temp\ccSXRmFW.s:3008   .debug_str:00000000000005d2 .LASF103
C:\Users\User\AppData\Local\Temp\ccSXRmFW.s:15     .text.SDIO_DeInit:0000000000000000 .LFB40
C:\Users\User\AppData\Local\Temp\ccSXRmFW.s:53     .text.SDIO_DeInit:0000000000000030 .LFE40
C:\Users\User\AppData\Local\Temp\ccSXRmFW.s:836    .text.SDIO_ClearFlag:0000000000000000 .LFB67
C:\Users\User\AppData\Local\Temp\ccSXRmFW.s:847    .text.SDIO_ClearFlag:0000000000000008 .LFE67
C:\Users\User\AppData\Local\Temp\ccSXRmFW.s:814    .text.SDIO_GetFlagStatus:0000000000000000 .LVL35
C:\Users\User\AppData\Local\Temp\ccSXRmFW.s:824    .text.SDIO_GetFlagStatus:0000000000000008 .LVL37
C:\Users\User\AppData\Local\Temp\ccSXRmFW.s:820    .text.SDIO_GetFlagStatus:0000000000000006 .LVL36
C:\Users\User\AppData\Local\Temp\ccSXRmFW.s:413    .text.SDIO_DataConfig:0000000000000000 .LVL20
C:\Users\User\AppData\Local\Temp\ccSXRmFW.s:429    .text.SDIO_DataConfig:000000000000000e .LVL21
C:\Users\User\AppData\Local\Temp\ccSXRmFW.s:437    .text.SDIO_DataConfig:0000000000000016 .LVL22
C:\Users\User\AppData\Local\Temp\ccSXRmFW.s:442    .text.SDIO_DataConfig:000000000000001c .LVL23
C:\Users\User\AppData\Local\Temp\ccSXRmFW.s:447    .text.SDIO_DataConfig:0000000000000022 .LVL24
C:\Users\User\AppData\Local\Temp\ccSXRmFW.s:374    .text.SDIO_GetResponse:0000000000000000 .LVL16
C:\Users\User\AppData\Local\Temp\ccSXRmFW.s:388    .text.SDIO_GetResponse:000000000000000c .LVL17
C:\Users\User\AppData\Local\Temp\ccSXRmFW.s:396    .text.SDIO_GetResponse:0000000000000012 .LVL18
C:\Users\User\AppData\Local\Temp\ccSXRmFW.s:400    .text.SDIO_GetResponse:0000000000000014 .LVL19
C:\Users\User\AppData\Local\Temp\ccSXRmFW.s:281    .text.SDIO_SendCommand:0000000000000000 .LVL10
C:\Users\User\AppData\Local\Temp\ccSXRmFW.s:292    .text.SDIO_SendCommand:000000000000000a .LVL11
C:\Users\User\AppData\Local\Temp\ccSXRmFW.s:300    .text.SDIO_SendCommand:0000000000000012 .LVL12
C:\Users\User\AppData\Local\Temp\ccSXRmFW.s:305    .text.SDIO_SendCommand:0000000000000018 .LVL13
C:\Users\User\AppData\Local\Temp\ccSXRmFW.s:310    .text.SDIO_SendCommand:000000000000001e .LVL14
C:\Users\User\AppData\Local\Temp\ccSXRmFW.s:216    .text.SDIO_ITConfig:0000000000000000 .LVL7
C:\Users\User\AppData\Local\Temp\ccSXRmFW.s:235    .text.SDIO_ITConfig:0000000000000018 .LVL8
C:\Users\User\AppData\Local\Temp\ccSXRmFW.s:63     .text.SDIO_Init:0000000000000000 .LVL0
C:\Users\User\AppData\Local\Temp\ccSXRmFW.s:71     .text.SDIO_Init:000000000000000a .LVL1
C:\Users\User\AppData\Local\Temp\ccSXRmFW.s:79     .text.SDIO_Init:0000000000000014 .LVL2
C:\Users\User\AppData\Local\Temp\ccSXRmFW.s:91     .text.SDIO_Init:0000000000000026 .LVL3
C:\Users\User\AppData\Local\Temp\ccSXRmFW.s:883    .debug_info:0000000000000000 .Ldebug_info0
C:\Users\User\AppData\Local\Temp\ccSXRmFW.s:854    .text.SDIO_GetITStatus:0000000000000000 .LFB71
C:\Users\User\AppData\Local\Temp\ccSXRmFW.s:859    .text.SDIO_GetITStatus:0000000000000008 .LFE71
C:\Users\User\AppData\Local\Temp\ccSXRmFW.s:866    .text.SDIO_ClearITPendingBit:0000000000000000 .LFB73
C:\Users\User\AppData\Local\Temp\ccSXRmFW.s:873    .text.SDIO_ClearITPendingBit:0000000000000008 .LFE73

NO UNDEFINED SYMBOLS
