   1              		.file	"ch32h417_gpio.c"
   2              		.option nopic
   3              		.attribute arch, "rv32i2p0_m2p0_a2p0_c2p0_zba1p0_zbb1p0_zbc1p0_zbs1p0_xw"
   4              		.attribute unaligned_access, 0
   5              		.attribute stack_align, 16
   6              		.text
   7              	.Ltext0:
   8              		.cfi_sections	.debug_frame
   9              		.file 0 "c:\\Users\\User\\Documents\\GitHub\\ch32h417\\EVT\\EXAM\\USBFS\\DEVICE\\SimulateCDC\\V3F\
  10              		.section	.text.GPIO_DeInit,"ax",@progbits
  11              		.align	1
  12              		.globl	GPIO_DeInit
  14              	GPIO_DeInit:
  15              	.LFB40:
  16              		.file 1 "c:/Users/User/Documents/GitHub/ch32h417/EVT/EXAM/SRC/Peripheral/src/ch32h417_gpio.c"
   1:c:/Users/User/Documents/GitHub/ch32h417/EVT/EXAM/SRC/Peripheral/src\ch32h417_gpio.c **** /********************************** (C) COPYRIGHT  *******************************
   2:c:/Users/User/Documents/GitHub/ch32h417/EVT/EXAM/SRC/Peripheral/src\ch32h417_gpio.c **** * File Name          : ch32h417_gpio.c
   3:c:/Users/User/Documents/GitHub/ch32h417/EVT/EXAM/SRC/Peripheral/src\ch32h417_gpio.c **** * Author             : WCH
   4:c:/Users/User/Documents/GitHub/ch32h417/EVT/EXAM/SRC/Peripheral/src\ch32h417_gpio.c **** * Version            : V1.0.1
   5:c:/Users/User/Documents/GitHub/ch32h417/EVT/EXAM/SRC/Peripheral/src\ch32h417_gpio.c **** * Date               : 2025/09/05
   6:c:/Users/User/Documents/GitHub/ch32h417/EVT/EXAM/SRC/Peripheral/src\ch32h417_gpio.c **** * Description        : This file provides all the GPIO firmware functions.
   7:c:/Users/User/Documents/GitHub/ch32h417/EVT/EXAM/SRC/Peripheral/src\ch32h417_gpio.c **** *********************************************************************************
   8:c:/Users/User/Documents/GitHub/ch32h417/EVT/EXAM/SRC/Peripheral/src\ch32h417_gpio.c **** * Copyright (c) 2025 Nanjing Qinheng Microelectronics Co., Ltd.
   9:c:/Users/User/Documents/GitHub/ch32h417/EVT/EXAM/SRC/Peripheral/src\ch32h417_gpio.c **** * Attention: This software (modified or not) and binary are used for 
  10:c:/Users/User/Documents/GitHub/ch32h417/EVT/EXAM/SRC/Peripheral/src\ch32h417_gpio.c **** * microcontroller manufactured by Nanjing Qinheng Microelectronics.
  11:c:/Users/User/Documents/GitHub/ch32h417/EVT/EXAM/SRC/Peripheral/src\ch32h417_gpio.c **** *******************************************************************************/
  12:c:/Users/User/Documents/GitHub/ch32h417/EVT/EXAM/SRC/Peripheral/src\ch32h417_gpio.c **** #include "ch32h417_gpio.h"
  13:c:/Users/User/Documents/GitHub/ch32h417/EVT/EXAM/SRC/Peripheral/src\ch32h417_gpio.c **** #include "ch32h417_rcc.h"
  14:c:/Users/User/Documents/GitHub/ch32h417/EVT/EXAM/SRC/Peripheral/src\ch32h417_gpio.c **** #include "ch32h417_flash.h"
  15:c:/Users/User/Documents/GitHub/ch32h417/EVT/EXAM/SRC/Peripheral/src\ch32h417_gpio.c **** 
  16:c:/Users/User/Documents/GitHub/ch32h417/EVT/EXAM/SRC/Peripheral/src\ch32h417_gpio.c **** /* MASK */
  17:c:/Users/User/Documents/GitHub/ch32h417/EVT/EXAM/SRC/Peripheral/src\ch32h417_gpio.c **** #define ECR_PORTPINCONFIG_MASK    ((uint16_t)0xFF80)
  18:c:/Users/User/Documents/GitHub/ch32h417/EVT/EXAM/SRC/Peripheral/src\ch32h417_gpio.c **** #define LSB_MASK                  ((uint16_t)0xFFFF)
  19:c:/Users/User/Documents/GitHub/ch32h417/EVT/EXAM/SRC/Peripheral/src\ch32h417_gpio.c **** #define DBGAFR_POSITION_MASK      ((uint32_t)0x000F0000)
  20:c:/Users/User/Documents/GitHub/ch32h417/EVT/EXAM/SRC/Peripheral/src\ch32h417_gpio.c **** #define DBGAFR_SWJCFG_MASK        ((uint32_t)0xF0FFFFFF)
  21:c:/Users/User/Documents/GitHub/ch32h417/EVT/EXAM/SRC/Peripheral/src\ch32h417_gpio.c **** #define DBGAFR_LOCATION_MASK      ((uint32_t)0x00200000)
  22:c:/Users/User/Documents/GitHub/ch32h417/EVT/EXAM/SRC/Peripheral/src\ch32h417_gpio.c **** #define DBGAFR_NUMBITS_MASK       ((uint32_t)0x00100000)
  23:c:/Users/User/Documents/GitHub/ch32h417/EVT/EXAM/SRC/Peripheral/src\ch32h417_gpio.c **** 
  24:c:/Users/User/Documents/GitHub/ch32h417/EVT/EXAM/SRC/Peripheral/src\ch32h417_gpio.c **** /*********************************************************************
  25:c:/Users/User/Documents/GitHub/ch32h417/EVT/EXAM/SRC/Peripheral/src\ch32h417_gpio.c ****  * @fn      GPIO_DeInit
  26:c:/Users/User/Documents/GitHub/ch32h417/EVT/EXAM/SRC/Peripheral/src\ch32h417_gpio.c ****  *
  27:c:/Users/User/Documents/GitHub/ch32h417/EVT/EXAM/SRC/Peripheral/src\ch32h417_gpio.c ****  * @brief   Deinitializes the GPIOx peripheral registers to their default
  28:c:/Users/User/Documents/GitHub/ch32h417/EVT/EXAM/SRC/Peripheral/src\ch32h417_gpio.c ****  *        reset values.
  29:c:/Users/User/Documents/GitHub/ch32h417/EVT/EXAM/SRC/Peripheral/src\ch32h417_gpio.c ****  *
  30:c:/Users/User/Documents/GitHub/ch32h417/EVT/EXAM/SRC/Peripheral/src\ch32h417_gpio.c ****  * @param   GPIOx - where x can be (A..F) to select the GPIO peripheral.
  31:c:/Users/User/Documents/GitHub/ch32h417/EVT/EXAM/SRC/Peripheral/src\ch32h417_gpio.c ****  *
  32:c:/Users/User/Documents/GitHub/ch32h417/EVT/EXAM/SRC/Peripheral/src\ch32h417_gpio.c ****  * @return  none
  33:c:/Users/User/Documents/GitHub/ch32h417/EVT/EXAM/SRC/Peripheral/src\ch32h417_gpio.c ****  */
  34:c:/Users/User/Documents/GitHub/ch32h417/EVT/EXAM/SRC/Peripheral/src\ch32h417_gpio.c **** void GPIO_DeInit(GPIO_TypeDef *GPIOx)
  35:c:/Users/User/Documents/GitHub/ch32h417/EVT/EXAM/SRC/Peripheral/src\ch32h417_gpio.c **** {
  17              		.loc 1 35 1
  18              		.cfi_startproc
  19              	.LVL0:
  20 0000 17030000 		call	t0,__riscv_save_0
  20      E7020300 
  21              		.cfi_offset 1, -4
  22              		.cfi_def_cfa_offset 16
  36:c:/Users/User/Documents/GitHub/ch32h417/EVT/EXAM/SRC/Peripheral/src\ch32h417_gpio.c ****     if(GPIOx == GPIOA)
  23              		.loc 1 36 5
  24              		.loc 1 36 7 is_stmt 0
  25 0008 B7170140 		li	a5,1073811456
  26 000c 13870780 		addi	a4,a5,-2048
  27 0010 6312E502 		bne	a0,a4,.L2
  37:c:/Users/User/Documents/GitHub/ch32h417/EVT/EXAM/SRC/Peripheral/src\ch32h417_gpio.c ****     {
  38:c:/Users/User/Documents/GitHub/ch32h417/EVT/EXAM/SRC/Peripheral/src\ch32h417_gpio.c ****         RCC_HB2PeriphResetCmd(RCC_HB2Periph_GPIOA, ENABLE);
  28              		.loc 1 38 9 is_stmt 1
  29 0014 8545     		li	a1,1
  30 0016 1145     		li	a0,4
  31              	.LVL1:
  32 0018 97000000 		call	RCC_HB2PeriphResetCmd
  32      E7800000 
  33              	.LVL2:
  39:c:/Users/User/Documents/GitHub/ch32h417/EVT/EXAM/SRC/Peripheral/src\ch32h417_gpio.c ****         RCC_HB2PeriphResetCmd(RCC_HB2Periph_GPIOA, DISABLE);
  34              		.loc 1 39 9
  35 0020 8145     		li	a1,0
  36 0022 1145     		li	a0,4
  37              	.L9:
  40:c:/Users/User/Documents/GitHub/ch32h417/EVT/EXAM/SRC/Peripheral/src\ch32h417_gpio.c ****     }
  41:c:/Users/User/Documents/GitHub/ch32h417/EVT/EXAM/SRC/Peripheral/src\ch32h417_gpio.c ****     else if(GPIOx == GPIOB)
  42:c:/Users/User/Documents/GitHub/ch32h417/EVT/EXAM/SRC/Peripheral/src\ch32h417_gpio.c ****     {
  43:c:/Users/User/Documents/GitHub/ch32h417/EVT/EXAM/SRC/Peripheral/src\ch32h417_gpio.c ****         RCC_HB2PeriphResetCmd(RCC_HB2Periph_GPIOB, ENABLE);
  44:c:/Users/User/Documents/GitHub/ch32h417/EVT/EXAM/SRC/Peripheral/src\ch32h417_gpio.c ****         RCC_HB2PeriphResetCmd(RCC_HB2Periph_GPIOB, DISABLE);
  45:c:/Users/User/Documents/GitHub/ch32h417/EVT/EXAM/SRC/Peripheral/src\ch32h417_gpio.c ****     }
  46:c:/Users/User/Documents/GitHub/ch32h417/EVT/EXAM/SRC/Peripheral/src\ch32h417_gpio.c ****     else if(GPIOx == GPIOC)
  47:c:/Users/User/Documents/GitHub/ch32h417/EVT/EXAM/SRC/Peripheral/src\ch32h417_gpio.c ****     {
  48:c:/Users/User/Documents/GitHub/ch32h417/EVT/EXAM/SRC/Peripheral/src\ch32h417_gpio.c ****         RCC_HB2PeriphResetCmd(RCC_HB2Periph_GPIOC, ENABLE);
  49:c:/Users/User/Documents/GitHub/ch32h417/EVT/EXAM/SRC/Peripheral/src\ch32h417_gpio.c ****         RCC_HB2PeriphResetCmd(RCC_HB2Periph_GPIOC, DISABLE);
  50:c:/Users/User/Documents/GitHub/ch32h417/EVT/EXAM/SRC/Peripheral/src\ch32h417_gpio.c ****     }
  51:c:/Users/User/Documents/GitHub/ch32h417/EVT/EXAM/SRC/Peripheral/src\ch32h417_gpio.c ****     else if(GPIOx == GPIOD)
  52:c:/Users/User/Documents/GitHub/ch32h417/EVT/EXAM/SRC/Peripheral/src\ch32h417_gpio.c ****     {
  53:c:/Users/User/Documents/GitHub/ch32h417/EVT/EXAM/SRC/Peripheral/src\ch32h417_gpio.c ****         RCC_HB2PeriphResetCmd(RCC_HB2Periph_GPIOD, ENABLE);
  54:c:/Users/User/Documents/GitHub/ch32h417/EVT/EXAM/SRC/Peripheral/src\ch32h417_gpio.c ****         RCC_HB2PeriphResetCmd(RCC_HB2Periph_GPIOD, DISABLE);
  55:c:/Users/User/Documents/GitHub/ch32h417/EVT/EXAM/SRC/Peripheral/src\ch32h417_gpio.c ****     }
  56:c:/Users/User/Documents/GitHub/ch32h417/EVT/EXAM/SRC/Peripheral/src\ch32h417_gpio.c ****     else if(GPIOx == GPIOE)
  57:c:/Users/User/Documents/GitHub/ch32h417/EVT/EXAM/SRC/Peripheral/src\ch32h417_gpio.c ****     {
  58:c:/Users/User/Documents/GitHub/ch32h417/EVT/EXAM/SRC/Peripheral/src\ch32h417_gpio.c ****         RCC_HB2PeriphResetCmd(RCC_HB2Periph_GPIOE, ENABLE);
  59:c:/Users/User/Documents/GitHub/ch32h417/EVT/EXAM/SRC/Peripheral/src\ch32h417_gpio.c ****         RCC_HB2PeriphResetCmd(RCC_HB2Periph_GPIOE, DISABLE);
  60:c:/Users/User/Documents/GitHub/ch32h417/EVT/EXAM/SRC/Peripheral/src\ch32h417_gpio.c ****     }
  61:c:/Users/User/Documents/GitHub/ch32h417/EVT/EXAM/SRC/Peripheral/src\ch32h417_gpio.c ****     else if(GPIOx == GPIOF)
  62:c:/Users/User/Documents/GitHub/ch32h417/EVT/EXAM/SRC/Peripheral/src\ch32h417_gpio.c ****     {
  63:c:/Users/User/Documents/GitHub/ch32h417/EVT/EXAM/SRC/Peripheral/src\ch32h417_gpio.c ****         RCC_HB2PeriphResetCmd(RCC_HB2Periph_GPIOF, ENABLE);
  64:c:/Users/User/Documents/GitHub/ch32h417/EVT/EXAM/SRC/Peripheral/src\ch32h417_gpio.c ****         RCC_HB2PeriphResetCmd(RCC_HB2Periph_GPIOF, DISABLE);
  38              		.loc 1 64 9 is_stmt 0
  39 0024 97000000 		call	RCC_HB2PeriphResetCmd
  39      E7800000 
  40              	.LVL3:
  41              	.L1:
  65:c:/Users/User/Documents/GitHub/ch32h417/EVT/EXAM/SRC/Peripheral/src\ch32h417_gpio.c ****     }
  66:c:/Users/User/Documents/GitHub/ch32h417/EVT/EXAM/SRC/Peripheral/src\ch32h417_gpio.c **** }
  42              		.loc 1 66 1
  43 002c 17030000 		tail	__riscv_restore_0
  43      67000300 
  44              		.cfi_remember_state
  45              		.cfi_restore 1
  46              		.cfi_def_cfa_offset 0
  47              	.LVL4:
  48              	.L2:
  49              		.cfi_restore_state
  41:c:/Users/User/Documents/GitHub/ch32h417/EVT/EXAM/SRC/Peripheral/src\ch32h417_gpio.c ****     {
  50              		.loc 1 41 10 is_stmt 1
  41:c:/Users/User/Documents/GitHub/ch32h417/EVT/EXAM/SRC/Peripheral/src\ch32h417_gpio.c ****     {
  51              		.loc 1 41 12 is_stmt 0
  52 0034 138707C0 		addi	a4,a5,-1024
  53 0038 631BE500 		bne	a0,a4,.L4
  43:c:/Users/User/Documents/GitHub/ch32h417/EVT/EXAM/SRC/Peripheral/src\ch32h417_gpio.c ****         RCC_HB2PeriphResetCmd(RCC_HB2Periph_GPIOB, DISABLE);
  54              		.loc 1 43 9 is_stmt 1
  55 003c 8545     		li	a1,1
  56 003e 2145     		li	a0,8
  57              	.LVL5:
  58 0040 97000000 		call	RCC_HB2PeriphResetCmd
  58      E7800000 
  59              	.LVL6:
  44:c:/Users/User/Documents/GitHub/ch32h417/EVT/EXAM/SRC/Peripheral/src\ch32h417_gpio.c ****     }
  60              		.loc 1 44 9
  61 0048 8145     		li	a1,0
  62 004a 2145     		li	a0,8
  63 004c E1BF     		j	.L9
  64              	.LVL7:
  65              	.L4:
  46:c:/Users/User/Documents/GitHub/ch32h417/EVT/EXAM/SRC/Peripheral/src\ch32h417_gpio.c ****     {
  66              		.loc 1 46 10
  46:c:/Users/User/Documents/GitHub/ch32h417/EVT/EXAM/SRC/Peripheral/src\ch32h417_gpio.c ****     {
  67              		.loc 1 46 12 is_stmt 0
  68 004e 631BF500 		bne	a0,a5,.L5
  48:c:/Users/User/Documents/GitHub/ch32h417/EVT/EXAM/SRC/Peripheral/src\ch32h417_gpio.c ****         RCC_HB2PeriphResetCmd(RCC_HB2Periph_GPIOC, DISABLE);
  69              		.loc 1 48 9 is_stmt 1
  70 0052 8545     		li	a1,1
  71 0054 4145     		li	a0,16
  72              	.LVL8:
  73 0056 97000000 		call	RCC_HB2PeriphResetCmd
  73      E7800000 
  74              	.LVL9:
  49:c:/Users/User/Documents/GitHub/ch32h417/EVT/EXAM/SRC/Peripheral/src\ch32h417_gpio.c ****     }
  75              		.loc 1 49 9
  76 005e 8145     		li	a1,0
  77 0060 4145     		li	a0,16
  78 0062 C9B7     		j	.L9
  79              	.LVL10:
  80              	.L5:
  51:c:/Users/User/Documents/GitHub/ch32h417/EVT/EXAM/SRC/Peripheral/src\ch32h417_gpio.c ****     {
  81              		.loc 1 51 10
  51:c:/Users/User/Documents/GitHub/ch32h417/EVT/EXAM/SRC/Peripheral/src\ch32h417_gpio.c ****     {
  82              		.loc 1 51 12 is_stmt 0
  83 0064 93870740 		addi	a5,a5,1024
  84 0068 631DF500 		bne	a0,a5,.L6
  53:c:/Users/User/Documents/GitHub/ch32h417/EVT/EXAM/SRC/Peripheral/src\ch32h417_gpio.c ****         RCC_HB2PeriphResetCmd(RCC_HB2Periph_GPIOD, DISABLE);
  85              		.loc 1 53 9 is_stmt 1
  86 006c 8545     		li	a1,1
  87 006e 13050002 		li	a0,32
  88              	.LVL11:
  89 0072 97000000 		call	RCC_HB2PeriphResetCmd
  89      E7800000 
  90              	.LVL12:
  54:c:/Users/User/Documents/GitHub/ch32h417/EVT/EXAM/SRC/Peripheral/src\ch32h417_gpio.c ****     }
  91              		.loc 1 54 9
  92 007a 8145     		li	a1,0
  93 007c 13050002 		li	a0,32
  94 0080 55B7     		j	.L9
  95              	.LVL13:
  96              	.L6:
  56:c:/Users/User/Documents/GitHub/ch32h417/EVT/EXAM/SRC/Peripheral/src\ch32h417_gpio.c ****     {
  97              		.loc 1 56 10
  56:c:/Users/User/Documents/GitHub/ch32h417/EVT/EXAM/SRC/Peripheral/src\ch32h417_gpio.c ****     {
  98              		.loc 1 56 12 is_stmt 0
  99 0082 B7270140 		li	a5,1073815552
 100 0086 13870780 		addi	a4,a5,-2048
 101 008a 631DE500 		bne	a0,a4,.L7
  58:c:/Users/User/Documents/GitHub/ch32h417/EVT/EXAM/SRC/Peripheral/src\ch32h417_gpio.c ****         RCC_HB2PeriphResetCmd(RCC_HB2Periph_GPIOE, DISABLE);
 102              		.loc 1 58 9 is_stmt 1
 103 008e 8545     		li	a1,1
 104 0090 13050004 		li	a0,64
 105              	.LVL14:
 106 0094 97000000 		call	RCC_HB2PeriphResetCmd
 106      E7800000 
 107              	.LVL15:
  59:c:/Users/User/Documents/GitHub/ch32h417/EVT/EXAM/SRC/Peripheral/src\ch32h417_gpio.c ****     }
 108              		.loc 1 59 9
 109 009c 8145     		li	a1,0
 110 009e 13050004 		li	a0,64
 111 00a2 49B7     		j	.L9
 112              	.LVL16:
 113              	.L7:
  61:c:/Users/User/Documents/GitHub/ch32h417/EVT/EXAM/SRC/Peripheral/src\ch32h417_gpio.c ****     {
 114              		.loc 1 61 10
  61:c:/Users/User/Documents/GitHub/ch32h417/EVT/EXAM/SRC/Peripheral/src\ch32h417_gpio.c ****     {
 115              		.loc 1 61 12 is_stmt 0
 116 00a4 938707C0 		addi	a5,a5,-1024
 117 00a8 E312F5F8 		bne	a0,a5,.L1
  63:c:/Users/User/Documents/GitHub/ch32h417/EVT/EXAM/SRC/Peripheral/src\ch32h417_gpio.c ****         RCC_HB2PeriphResetCmd(RCC_HB2Periph_GPIOF, DISABLE);
 118              		.loc 1 63 9 is_stmt 1
 119 00ac 8545     		li	a1,1
 120 00ae 13050008 		li	a0,128
 121              	.LVL17:
 122 00b2 97000000 		call	RCC_HB2PeriphResetCmd
 122      E7800000 
 123              	.LVL18:
  64:c:/Users/User/Documents/GitHub/ch32h417/EVT/EXAM/SRC/Peripheral/src\ch32h417_gpio.c ****     }
 124              		.loc 1 64 9
 125 00ba 8145     		li	a1,0
 126 00bc 13050008 		li	a0,128
 127 00c0 95B7     		j	.L9
 128              		.cfi_endproc
 129              	.LFE40:
 131              		.section	.text.GPIO_AFIODeInit,"ax",@progbits
 132              		.align	1
 133              		.globl	GPIO_AFIODeInit
 135              	GPIO_AFIODeInit:
 136              	.LFB41:
  67:c:/Users/User/Documents/GitHub/ch32h417/EVT/EXAM/SRC/Peripheral/src\ch32h417_gpio.c **** 
  68:c:/Users/User/Documents/GitHub/ch32h417/EVT/EXAM/SRC/Peripheral/src\ch32h417_gpio.c **** /*********************************************************************
  69:c:/Users/User/Documents/GitHub/ch32h417/EVT/EXAM/SRC/Peripheral/src\ch32h417_gpio.c ****  * @fn      GPIO_AFIODeInit
  70:c:/Users/User/Documents/GitHub/ch32h417/EVT/EXAM/SRC/Peripheral/src\ch32h417_gpio.c ****  *
  71:c:/Users/User/Documents/GitHub/ch32h417/EVT/EXAM/SRC/Peripheral/src\ch32h417_gpio.c ****  * @brief   Deinitializes the Alternate Functions (remap, event control
  72:c:/Users/User/Documents/GitHub/ch32h417/EVT/EXAM/SRC/Peripheral/src\ch32h417_gpio.c ****  *        and EXTI configuration) registers to their default reset values.
  73:c:/Users/User/Documents/GitHub/ch32h417/EVT/EXAM/SRC/Peripheral/src\ch32h417_gpio.c ****  *
  74:c:/Users/User/Documents/GitHub/ch32h417/EVT/EXAM/SRC/Peripheral/src\ch32h417_gpio.c ****  * @return  none
  75:c:/Users/User/Documents/GitHub/ch32h417/EVT/EXAM/SRC/Peripheral/src\ch32h417_gpio.c ****  */
  76:c:/Users/User/Documents/GitHub/ch32h417/EVT/EXAM/SRC/Peripheral/src\ch32h417_gpio.c **** void GPIO_AFIODeInit(void)
  77:c:/Users/User/Documents/GitHub/ch32h417/EVT/EXAM/SRC/Peripheral/src\ch32h417_gpio.c **** {
 137              		.loc 1 77 1
 138              		.cfi_startproc
 139 0000 17030000 		call	t0,__riscv_save_0
 139      E7020300 
 140              		.cfi_offset 1, -4
 141              		.cfi_def_cfa_offset 16
  78:c:/Users/User/Documents/GitHub/ch32h417/EVT/EXAM/SRC/Peripheral/src\ch32h417_gpio.c ****     RCC_HB2PeriphResetCmd(RCC_HB2Periph_AFIO, ENABLE);
 142              		.loc 1 78 5
 143 0008 8545     		li	a1,1
 144 000a 0545     		li	a0,1
 145 000c 97000000 		call	RCC_HB2PeriphResetCmd
 145      E7800000 
 146              	.LVL19:
  79:c:/Users/User/Documents/GitHub/ch32h417/EVT/EXAM/SRC/Peripheral/src\ch32h417_gpio.c ****     RCC_HB2PeriphResetCmd(RCC_HB2Periph_AFIO, DISABLE);
 147              		.loc 1 79 5
 148 0014 8145     		li	a1,0
 149 0016 0545     		li	a0,1
 150 0018 97000000 		call	RCC_HB2PeriphResetCmd
 150      E7800000 
 151              	.LVL20:
  80:c:/Users/User/Documents/GitHub/ch32h417/EVT/EXAM/SRC/Peripheral/src\ch32h417_gpio.c **** }
 152              		.loc 1 80 1 is_stmt 0
 153 0020 17030000 		tail	__riscv_restore_0
 153      67000300 
 154              		.cfi_restore 1
 155              		.cfi_def_cfa_offset 0
 156              		.cfi_endproc
 157              	.LFE41:
 159              		.section	.text.GPIO_Init,"ax",@progbits
 160              		.align	1
 161              		.globl	GPIO_Init
 163              	GPIO_Init:
 164              	.LFB42:
  81:c:/Users/User/Documents/GitHub/ch32h417/EVT/EXAM/SRC/Peripheral/src\ch32h417_gpio.c **** 
  82:c:/Users/User/Documents/GitHub/ch32h417/EVT/EXAM/SRC/Peripheral/src\ch32h417_gpio.c **** /*********************************************************************
  83:c:/Users/User/Documents/GitHub/ch32h417/EVT/EXAM/SRC/Peripheral/src\ch32h417_gpio.c ****  * @fn      GPIO_Init
  84:c:/Users/User/Documents/GitHub/ch32h417/EVT/EXAM/SRC/Peripheral/src\ch32h417_gpio.c ****  *
  85:c:/Users/User/Documents/GitHub/ch32h417/EVT/EXAM/SRC/Peripheral/src\ch32h417_gpio.c ****  * @brief   GPIOx - where x can be (A..F) to select the GPIO peripheral.
  86:c:/Users/User/Documents/GitHub/ch32h417/EVT/EXAM/SRC/Peripheral/src\ch32h417_gpio.c ****  *
  87:c:/Users/User/Documents/GitHub/ch32h417/EVT/EXAM/SRC/Peripheral/src\ch32h417_gpio.c ****  * @param   GPIO_InitStruct - pointer to a GPIO_InitTypeDef structure that
  88:c:/Users/User/Documents/GitHub/ch32h417/EVT/EXAM/SRC/Peripheral/src\ch32h417_gpio.c ****  *        contains the configuration information for the specified GPIO peripheral.
  89:c:/Users/User/Documents/GitHub/ch32h417/EVT/EXAM/SRC/Peripheral/src\ch32h417_gpio.c ****  *
  90:c:/Users/User/Documents/GitHub/ch32h417/EVT/EXAM/SRC/Peripheral/src\ch32h417_gpio.c ****  * @return  none
  91:c:/Users/User/Documents/GitHub/ch32h417/EVT/EXAM/SRC/Peripheral/src\ch32h417_gpio.c ****  */
  92:c:/Users/User/Documents/GitHub/ch32h417/EVT/EXAM/SRC/Peripheral/src\ch32h417_gpio.c **** void GPIO_Init(GPIO_TypeDef *GPIOx, GPIO_InitTypeDef *GPIO_InitStruct)
  93:c:/Users/User/Documents/GitHub/ch32h417/EVT/EXAM/SRC/Peripheral/src\ch32h417_gpio.c **** {
 165              		.loc 1 93 1 is_stmt 1
 166              		.cfi_startproc
 167              	.LVL21:
  94:c:/Users/User/Documents/GitHub/ch32h417/EVT/EXAM/SRC/Peripheral/src\ch32h417_gpio.c ****     uint32_t currentmode = 0x00, currentpin = 0x00, pinpos = 0x00, pos = 0x00;
 168              		.loc 1 94 5
  95:c:/Users/User/Documents/GitHub/ch32h417/EVT/EXAM/SRC/Peripheral/src\ch32h417_gpio.c ****     uint32_t tmpreg = 0x00, pinmask = 0x00;
 169              		.loc 1 95 5
  96:c:/Users/User/Documents/GitHub/ch32h417/EVT/EXAM/SRC/Peripheral/src\ch32h417_gpio.c **** 
  97:c:/Users/User/Documents/GitHub/ch32h417/EVT/EXAM/SRC/Peripheral/src\ch32h417_gpio.c ****     currentmode = ((uint32_t)GPIO_InitStruct->GPIO_Mode) & ((uint32_t)0x0F);
 170              		.loc 1 97 5
 171              		.loc 1 97 45 is_stmt 0
 172 0000 9C45     		lw	a5,8(a1)
  98:c:/Users/User/Documents/GitHub/ch32h417/EVT/EXAM/SRC/Peripheral/src\ch32h417_gpio.c **** 
  99:c:/Users/User/Documents/GitHub/ch32h417/EVT/EXAM/SRC/Peripheral/src\ch32h417_gpio.c ****     if((((uint32_t)GPIO_InitStruct->GPIO_Mode) & ((uint32_t)0x10)) != 0x00)
 100:c:/Users/User/Documents/GitHub/ch32h417/EVT/EXAM/SRC/Peripheral/src\ch32h417_gpio.c ****     {
 101:c:/Users/User/Documents/GitHub/ch32h417/EVT/EXAM/SRC/Peripheral/src\ch32h417_gpio.c ****         currentmode |= (uint32_t)0x01;
 102:c:/Users/User/Documents/GitHub/ch32h417/EVT/EXAM/SRC/Peripheral/src\ch32h417_gpio.c ****         
 103:c:/Users/User/Documents/GitHub/ch32h417/EVT/EXAM/SRC/Peripheral/src\ch32h417_gpio.c ****         tmpreg = GPIOx->SPEED;
 104:c:/Users/User/Documents/GitHub/ch32h417/EVT/EXAM/SRC/Peripheral/src\ch32h417_gpio.c ****         for(pinpos = 0x00; pinpos < 0x10; pinpos++)
 105:c:/Users/User/Documents/GitHub/ch32h417/EVT/EXAM/SRC/Peripheral/src\ch32h417_gpio.c ****         {
 106:c:/Users/User/Documents/GitHub/ch32h417/EVT/EXAM/SRC/Peripheral/src\ch32h417_gpio.c ****             pos = ((uint32_t)0x01) << pinpos;
 107:c:/Users/User/Documents/GitHub/ch32h417/EVT/EXAM/SRC/Peripheral/src\ch32h417_gpio.c ****             currentpin = (GPIO_InitStruct->GPIO_Pin) & pos;
 173              		.loc 1 107 42
 174 0002 03D80500 		lhu	a6,0(a1)
  99:c:/Users/User/Documents/GitHub/ch32h417/EVT/EXAM/SRC/Peripheral/src\ch32h417_gpio.c ****     {
 175              		.loc 1 99 48
 176 0006 13F70701 		andi	a4,a5,16
  97:c:/Users/User/Documents/GitHub/ch32h417/EVT/EXAM/SRC/Peripheral/src\ch32h417_gpio.c **** 
 177              		.loc 1 97 17
 178 000a 93F8F700 		andi	a7,a5,15
 179              	.LVL22:
  99:c:/Users/User/Documents/GitHub/ch32h417/EVT/EXAM/SRC/Peripheral/src\ch32h417_gpio.c ****     {
 180              		.loc 1 99 5 is_stmt 1
  99:c:/Users/User/Documents/GitHub/ch32h417/EVT/EXAM/SRC/Peripheral/src\ch32h417_gpio.c ****     {
 181              		.loc 1 99 7 is_stmt 0
 182 000e 1DCB     		beq	a4,zero,.L13
 101:c:/Users/User/Documents/GitHub/ch32h417/EVT/EXAM/SRC/Peripheral/src\ch32h417_gpio.c ****         
 183              		.loc 1 101 9 is_stmt 1
 103:c:/Users/User/Documents/GitHub/ch32h417/EVT/EXAM/SRC/Peripheral/src\ch32h417_gpio.c ****         for(pinpos = 0x00; pinpos < 0x10; pinpos++)
 184              		.loc 1 103 16 is_stmt 0
 185 0010 584D     		lw	a4,28(a0)
 186              	.LVL23:
 101:c:/Users/User/Documents/GitHub/ch32h417/EVT/EXAM/SRC/Peripheral/src\ch32h417_gpio.c ****         
 187              		.loc 1 101 21
 188 0012 93E81800 		ori	a7,a7,1
 189              	.LVL24:
 103:c:/Users/User/Documents/GitHub/ch32h417/EVT/EXAM/SRC/Peripheral/src\ch32h417_gpio.c ****         for(pinpos = 0x00; pinpos < 0x10; pinpos++)
 190              		.loc 1 103 9 is_stmt 1
 104:c:/Users/User/Documents/GitHub/ch32h417/EVT/EXAM/SRC/Peripheral/src\ch32h417_gpio.c ****         {
 191              		.loc 1 104 9
 104:c:/Users/User/Documents/GitHub/ch32h417/EVT/EXAM/SRC/Peripheral/src\ch32h417_gpio.c ****         {
 192              		.loc 1 104 35
 104:c:/Users/User/Documents/GitHub/ch32h417/EVT/EXAM/SRC/Peripheral/src\ch32h417_gpio.c ****         {
 193              		.loc 1 104 20 is_stmt 0
 194 0016 8146     		li	a3,0
 108:c:/Users/User/Documents/GitHub/ch32h417/EVT/EXAM/SRC/Peripheral/src\ch32h417_gpio.c **** 
 109:c:/Users/User/Documents/GitHub/ch32h417/EVT/EXAM/SRC/Peripheral/src\ch32h417_gpio.c ****             if(currentpin == pos)
 110:c:/Users/User/Documents/GitHub/ch32h417/EVT/EXAM/SRC/Peripheral/src\ch32h417_gpio.c ****             {
 111:c:/Users/User/Documents/GitHub/ch32h417/EVT/EXAM/SRC/Peripheral/src\ch32h417_gpio.c ****                 pos = pinpos << 1;
 112:c:/Users/User/Documents/GitHub/ch32h417/EVT/EXAM/SRC/Peripheral/src\ch32h417_gpio.c ****                 pinmask = ((uint32_t)0x03) << pos;
 195              		.loc 1 112 25
 196 0018 8D4E     		li	t4,3
 104:c:/Users/User/Documents/GitHub/ch32h417/EVT/EXAM/SRC/Peripheral/src\ch32h417_gpio.c ****         {
 197              		.loc 1 104 35
 198 001a 414E     		li	t3,16
 199              	.LVL25:
 200              	.L15:
 106:c:/Users/User/Documents/GitHub/ch32h417/EVT/EXAM/SRC/Peripheral/src\ch32h417_gpio.c ****             currentpin = (GPIO_InitStruct->GPIO_Pin) & pos;
 201              		.loc 1 106 13 is_stmt 1
 106:c:/Users/User/Documents/GitHub/ch32h417/EVT/EXAM/SRC/Peripheral/src\ch32h417_gpio.c ****             currentpin = (GPIO_InitStruct->GPIO_Pin) & pos;
 202              		.loc 1 106 17 is_stmt 0
 203 001c 3316D028 		bset	a2,x0,a3
 204              	.LVL26:
 107:c:/Users/User/Documents/GitHub/ch32h417/EVT/EXAM/SRC/Peripheral/src\ch32h417_gpio.c **** 
 205              		.loc 1 107 13 is_stmt 1
 109:c:/Users/User/Documents/GitHub/ch32h417/EVT/EXAM/SRC/Peripheral/src\ch32h417_gpio.c ****             {
 206              		.loc 1 109 13
 107:c:/Users/User/Documents/GitHub/ch32h417/EVT/EXAM/SRC/Peripheral/src\ch32h417_gpio.c **** 
 207              		.loc 1 107 24 is_stmt 0
 208 0020 3373C800 		and	t1,a6,a2
 209              	.LVL27:
 109:c:/Users/User/Documents/GitHub/ch32h417/EVT/EXAM/SRC/Peripheral/src\ch32h417_gpio.c ****             {
 210              		.loc 1 109 15
 211 0024 631C6600 		bne	a2,t1,.L14
 111:c:/Users/User/Documents/GitHub/ch32h417/EVT/EXAM/SRC/Peripheral/src\ch32h417_gpio.c ****                 pinmask = ((uint32_t)0x03) << pos;
 212              		.loc 1 111 17 is_stmt 1
 213 0028 13931600 		slli	t1,a3,1
 214              	.LVL28:
 215              		.loc 1 112 17
 113:c:/Users/User/Documents/GitHub/ch32h417/EVT/EXAM/SRC/Peripheral/src\ch32h417_gpio.c ****                 tmpreg &= ~pinmask;
 216              		.loc 1 113 17
 112:c:/Users/User/Documents/GitHub/ch32h417/EVT/EXAM/SRC/Peripheral/src\ch32h417_gpio.c ****                 tmpreg &= ~pinmask;
 217              		.loc 1 112 25 is_stmt 0
 218 002c 33966E00 		sll	a2,t4,t1
 219              	.LVL29:
 220              		.loc 1 113 24
 221 0030 3377C740 		andn	a4,a4,a2
 222              	.LVL30:
 114:c:/Users/User/Documents/GitHub/ch32h417/EVT/EXAM/SRC/Peripheral/src\ch32h417_gpio.c ****                 tmpreg |= (((uint32_t)GPIO_InitStruct->GPIO_Speed) << pos);
 223              		.loc 1 114 17 is_stmt 1
 224              		.loc 1 114 68 is_stmt 0
 225 0034 D041     		lw	a2,4(a1)
 226 0036 33166600 		sll	a2,a2,t1
 227              		.loc 1 114 24
 228 003a 518F     		or	a4,a2,a4
 229              	.LVL31:
 230              	.L14:
 104:c:/Users/User/Documents/GitHub/ch32h417/EVT/EXAM/SRC/Peripheral/src\ch32h417_gpio.c ****         {
 231              		.loc 1 104 49 is_stmt 1 discriminator 2
 232 003c 8506     		addi	a3,a3,1
 233              	.LVL32:
 104:c:/Users/User/Documents/GitHub/ch32h417/EVT/EXAM/SRC/Peripheral/src\ch32h417_gpio.c ****         {
 234              		.loc 1 104 35 discriminator 2
 235 003e E39FC6FD 		bne	a3,t3,.L15
 115:c:/Users/User/Documents/GitHub/ch32h417/EVT/EXAM/SRC/Peripheral/src\ch32h417_gpio.c ****             }
 116:c:/Users/User/Documents/GitHub/ch32h417/EVT/EXAM/SRC/Peripheral/src\ch32h417_gpio.c ****         }
 117:c:/Users/User/Documents/GitHub/ch32h417/EVT/EXAM/SRC/Peripheral/src\ch32h417_gpio.c ****         GPIOx->SPEED = tmpreg;
 236              		.loc 1 117 9
 237              		.loc 1 117 22 is_stmt 0
 238 0042 58CD     		sw	a4,28(a0)
 239              	.LVL33:
 240              	.L13:
 118:c:/Users/User/Documents/GitHub/ch32h417/EVT/EXAM/SRC/Peripheral/src\ch32h417_gpio.c ****     }
 119:c:/Users/User/Documents/GitHub/ch32h417/EVT/EXAM/SRC/Peripheral/src\ch32h417_gpio.c **** 
 120:c:/Users/User/Documents/GitHub/ch32h417/EVT/EXAM/SRC/Peripheral/src\ch32h417_gpio.c ****     if(((uint32_t)GPIO_InitStruct->GPIO_Pin & ((uint32_t)0x00FF)) != 0x00)
 241              		.loc 1 120 5 is_stmt 1
 242              		.loc 1 120 7 is_stmt 0
 243 0044 1377F80F 		andi	a4,a6,0xff
 244 0048 1DCF     		beq	a4,zero,.L16
 121:c:/Users/User/Documents/GitHub/ch32h417/EVT/EXAM/SRC/Peripheral/src\ch32h417_gpio.c ****     {
 122:c:/Users/User/Documents/GitHub/ch32h417/EVT/EXAM/SRC/Peripheral/src\ch32h417_gpio.c ****         tmpreg = GPIOx->CFGLR;
 245              		.loc 1 122 9 is_stmt 1
 246              		.loc 1 122 16 is_stmt 0
 247 004a 1841     		lw	a4,0(a0)
 248              	.LVL34:
 123:c:/Users/User/Documents/GitHub/ch32h417/EVT/EXAM/SRC/Peripheral/src\ch32h417_gpio.c **** 
 124:c:/Users/User/Documents/GitHub/ch32h417/EVT/EXAM/SRC/Peripheral/src\ch32h417_gpio.c ****         for(pinpos = 0x00; pinpos < 0x08; pinpos++)
 249              		.loc 1 124 9 is_stmt 1
 250              		.loc 1 124 35
 251              		.loc 1 124 20 is_stmt 0
 252 004c 8146     		li	a3,0
 125:c:/Users/User/Documents/GitHub/ch32h417/EVT/EXAM/SRC/Peripheral/src\ch32h417_gpio.c ****         {
 126:c:/Users/User/Documents/GitHub/ch32h417/EVT/EXAM/SRC/Peripheral/src\ch32h417_gpio.c ****             pos = ((uint32_t)0x01) << pinpos;
 127:c:/Users/User/Documents/GitHub/ch32h417/EVT/EXAM/SRC/Peripheral/src\ch32h417_gpio.c ****             currentpin = (GPIO_InitStruct->GPIO_Pin) & pos;
 128:c:/Users/User/Documents/GitHub/ch32h417/EVT/EXAM/SRC/Peripheral/src\ch32h417_gpio.c **** 
 129:c:/Users/User/Documents/GitHub/ch32h417/EVT/EXAM/SRC/Peripheral/src\ch32h417_gpio.c ****             if(currentpin == pos)
 130:c:/Users/User/Documents/GitHub/ch32h417/EVT/EXAM/SRC/Peripheral/src\ch32h417_gpio.c ****             {
 131:c:/Users/User/Documents/GitHub/ch32h417/EVT/EXAM/SRC/Peripheral/src\ch32h417_gpio.c ****                 pos = pinpos << 2;
 132:c:/Users/User/Documents/GitHub/ch32h417/EVT/EXAM/SRC/Peripheral/src\ch32h417_gpio.c ****                 pinmask = ((uint32_t)0x0F) << pos;
 133:c:/Users/User/Documents/GitHub/ch32h417/EVT/EXAM/SRC/Peripheral/src\ch32h417_gpio.c ****                 tmpreg &= ~pinmask;
 134:c:/Users/User/Documents/GitHub/ch32h417/EVT/EXAM/SRC/Peripheral/src\ch32h417_gpio.c ****                 tmpreg |= (currentmode << pos);
 135:c:/Users/User/Documents/GitHub/ch32h417/EVT/EXAM/SRC/Peripheral/src\ch32h417_gpio.c **** 
 136:c:/Users/User/Documents/GitHub/ch32h417/EVT/EXAM/SRC/Peripheral/src\ch32h417_gpio.c ****                 if(GPIO_InitStruct->GPIO_Mode == GPIO_Mode_IPD)
 253              		.loc 1 136 19
 254 004e 13038002 		li	t1,40
 132:c:/Users/User/Documents/GitHub/ch32h417/EVT/EXAM/SRC/Peripheral/src\ch32h417_gpio.c ****                 tmpreg &= ~pinmask;
 255              		.loc 1 132 25
 256 0052 3D4E     		li	t3,15
 137:c:/Users/User/Documents/GitHub/ch32h417/EVT/EXAM/SRC/Peripheral/src\ch32h417_gpio.c ****                 {
 138:c:/Users/User/Documents/GitHub/ch32h417/EVT/EXAM/SRC/Peripheral/src\ch32h417_gpio.c ****                     GPIOx->BCR = (((uint32_t)0x01) << pinpos);
 139:c:/Users/User/Documents/GitHub/ch32h417/EVT/EXAM/SRC/Peripheral/src\ch32h417_gpio.c ****                 }
 140:c:/Users/User/Documents/GitHub/ch32h417/EVT/EXAM/SRC/Peripheral/src\ch32h417_gpio.c ****                 else
 141:c:/Users/User/Documents/GitHub/ch32h417/EVT/EXAM/SRC/Peripheral/src\ch32h417_gpio.c ****                 {
 142:c:/Users/User/Documents/GitHub/ch32h417/EVT/EXAM/SRC/Peripheral/src\ch32h417_gpio.c ****                     if(GPIO_InitStruct->GPIO_Mode == GPIO_Mode_IPU)
 257              		.loc 1 142 23
 258 0054 930E8004 		li	t4,72
 124:c:/Users/User/Documents/GitHub/ch32h417/EVT/EXAM/SRC/Peripheral/src\ch32h417_gpio.c ****         {
 259              		.loc 1 124 35
 260 0058 A145     		li	a1,8
 261              	.LVL35:
 262              	.L21:
 126:c:/Users/User/Documents/GitHub/ch32h417/EVT/EXAM/SRC/Peripheral/src\ch32h417_gpio.c ****             currentpin = (GPIO_InitStruct->GPIO_Pin) & pos;
 263              		.loc 1 126 13 is_stmt 1
 126:c:/Users/User/Documents/GitHub/ch32h417/EVT/EXAM/SRC/Peripheral/src\ch32h417_gpio.c ****             currentpin = (GPIO_InitStruct->GPIO_Pin) & pos;
 264              		.loc 1 126 17 is_stmt 0
 265 005a 3316D028 		bset	a2,x0,a3
 266              	.LVL36:
 127:c:/Users/User/Documents/GitHub/ch32h417/EVT/EXAM/SRC/Peripheral/src\ch32h417_gpio.c **** 
 267              		.loc 1 127 13 is_stmt 1
 129:c:/Users/User/Documents/GitHub/ch32h417/EVT/EXAM/SRC/Peripheral/src\ch32h417_gpio.c ****             {
 268              		.loc 1 129 13
 127:c:/Users/User/Documents/GitHub/ch32h417/EVT/EXAM/SRC/Peripheral/src\ch32h417_gpio.c **** 
 269              		.loc 1 127 24 is_stmt 0
 270 005e 337FC800 		and	t5,a6,a2
 271              	.LVL37:
 129:c:/Users/User/Documents/GitHub/ch32h417/EVT/EXAM/SRC/Peripheral/src\ch32h417_gpio.c ****             {
 272              		.loc 1 129 15
 273 0062 631EE601 		bne	a2,t5,.L17
 131:c:/Users/User/Documents/GitHub/ch32h417/EVT/EXAM/SRC/Peripheral/src\ch32h417_gpio.c ****                 pinmask = ((uint32_t)0x0F) << pos;
 274              		.loc 1 131 17 is_stmt 1
 275              	.LVL38:
 132:c:/Users/User/Documents/GitHub/ch32h417/EVT/EXAM/SRC/Peripheral/src\ch32h417_gpio.c ****                 tmpreg &= ~pinmask;
 276              		.loc 1 132 17
 133:c:/Users/User/Documents/GitHub/ch32h417/EVT/EXAM/SRC/Peripheral/src\ch32h417_gpio.c ****                 tmpreg |= (currentmode << pos);
 277              		.loc 1 133 17
 134:c:/Users/User/Documents/GitHub/ch32h417/EVT/EXAM/SRC/Peripheral/src\ch32h417_gpio.c **** 
 278              		.loc 1 134 17
 136:c:/Users/User/Documents/GitHub/ch32h417/EVT/EXAM/SRC/Peripheral/src\ch32h417_gpio.c ****                 {
 279              		.loc 1 136 17
 136:c:/Users/User/Documents/GitHub/ch32h417/EVT/EXAM/SRC/Peripheral/src\ch32h417_gpio.c ****                 {
 280              		.loc 1 136 19 is_stmt 0
 281 0066 63956706 		bne	a5,t1,.L18
 138:c:/Users/User/Documents/GitHub/ch32h417/EVT/EXAM/SRC/Peripheral/src\ch32h417_gpio.c ****                 }
 282              		.loc 1 138 21 is_stmt 1
 138:c:/Users/User/Documents/GitHub/ch32h417/EVT/EXAM/SRC/Peripheral/src\ch32h417_gpio.c ****                 }
 283              		.loc 1 138 32 is_stmt 0
 284 006a 50C9     		sw	a2,20(a0)
 285              	.L19:
 286 006c 13962600 		slli	a2,a3,2
 132:c:/Users/User/Documents/GitHub/ch32h417/EVT/EXAM/SRC/Peripheral/src\ch32h417_gpio.c ****                 tmpreg &= ~pinmask;
 287              		.loc 1 132 25
 288 0070 331FCE00 		sll	t5,t3,a2
 289              	.LVL39:
 134:c:/Users/User/Documents/GitHub/ch32h417/EVT/EXAM/SRC/Peripheral/src\ch32h417_gpio.c **** 
 290              		.loc 1 134 40
 291 0074 3396C800 		sll	a2,a7,a2
 133:c:/Users/User/Documents/GitHub/ch32h417/EVT/EXAM/SRC/Peripheral/src\ch32h417_gpio.c ****                 tmpreg |= (currentmode << pos);
 292              		.loc 1 133 24
 293 0078 3377E741 		andn	a4,a4,t5
 294              	.LVL40:
 134:c:/Users/User/Documents/GitHub/ch32h417/EVT/EXAM/SRC/Peripheral/src\ch32h417_gpio.c **** 
 295              		.loc 1 134 24
 296 007c 518F     		or	a4,a2,a4
 297              	.LVL41:
 298              	.L17:
 124:c:/Users/User/Documents/GitHub/ch32h417/EVT/EXAM/SRC/Peripheral/src\ch32h417_gpio.c ****         {
 299              		.loc 1 124 49 is_stmt 1 discriminator 2
 300 007e 8506     		addi	a3,a3,1
 301              	.LVL42:
 124:c:/Users/User/Documents/GitHub/ch32h417/EVT/EXAM/SRC/Peripheral/src\ch32h417_gpio.c ****         {
 302              		.loc 1 124 35 discriminator 2
 303 0080 E39DB6FC 		bne	a3,a1,.L21
 143:c:/Users/User/Documents/GitHub/ch32h417/EVT/EXAM/SRC/Peripheral/src\ch32h417_gpio.c ****                     {
 144:c:/Users/User/Documents/GitHub/ch32h417/EVT/EXAM/SRC/Peripheral/src\ch32h417_gpio.c ****                         GPIOx->BSHR = (((uint32_t)0x01) << pinpos);
 145:c:/Users/User/Documents/GitHub/ch32h417/EVT/EXAM/SRC/Peripheral/src\ch32h417_gpio.c ****                     }
 146:c:/Users/User/Documents/GitHub/ch32h417/EVT/EXAM/SRC/Peripheral/src\ch32h417_gpio.c ****                 }
 147:c:/Users/User/Documents/GitHub/ch32h417/EVT/EXAM/SRC/Peripheral/src\ch32h417_gpio.c ****             }
 148:c:/Users/User/Documents/GitHub/ch32h417/EVT/EXAM/SRC/Peripheral/src\ch32h417_gpio.c ****         }
 149:c:/Users/User/Documents/GitHub/ch32h417/EVT/EXAM/SRC/Peripheral/src\ch32h417_gpio.c ****         GPIOx->CFGLR = tmpreg;
 304              		.loc 1 149 9
 305              		.loc 1 149 22 is_stmt 0
 306 0084 18C1     		sw	a4,0(a0)
 307              	.LVL43:
 308              	.L16:
 150:c:/Users/User/Documents/GitHub/ch32h417/EVT/EXAM/SRC/Peripheral/src\ch32h417_gpio.c ****     }
 151:c:/Users/User/Documents/GitHub/ch32h417/EVT/EXAM/SRC/Peripheral/src\ch32h417_gpio.c **** 
 152:c:/Users/User/Documents/GitHub/ch32h417/EVT/EXAM/SRC/Peripheral/src\ch32h417_gpio.c ****     if(GPIO_InitStruct->GPIO_Pin > 0x00FF)
 309              		.loc 1 152 5 is_stmt 1
 310              		.loc 1 152 7 is_stmt 0
 311 0086 1307F00F 		li	a4,255
 312 008a 63720705 		bleu	a6,a4,.L12
 153:c:/Users/User/Documents/GitHub/ch32h417/EVT/EXAM/SRC/Peripheral/src\ch32h417_gpio.c ****     {
 154:c:/Users/User/Documents/GitHub/ch32h417/EVT/EXAM/SRC/Peripheral/src\ch32h417_gpio.c ****         tmpreg = GPIOx->CFGHR;
 313              		.loc 1 154 9 is_stmt 1
 314              		.loc 1 154 16 is_stmt 0
 315 008e 5441     		lw	a3,4(a0)
 316              	.LVL44:
 155:c:/Users/User/Documents/GitHub/ch32h417/EVT/EXAM/SRC/Peripheral/src\ch32h417_gpio.c **** 
 156:c:/Users/User/Documents/GitHub/ch32h417/EVT/EXAM/SRC/Peripheral/src\ch32h417_gpio.c ****         for(pinpos = 0x00; pinpos < 0x08; pinpos++)
 317              		.loc 1 156 9 is_stmt 1
 318              		.loc 1 156 35
 319              		.loc 1 156 20 is_stmt 0
 320 0090 0146     		li	a2,0
 157:c:/Users/User/Documents/GitHub/ch32h417/EVT/EXAM/SRC/Peripheral/src\ch32h417_gpio.c ****         {
 158:c:/Users/User/Documents/GitHub/ch32h417/EVT/EXAM/SRC/Peripheral/src\ch32h417_gpio.c ****             pos = (((uint32_t)0x01) << (pinpos + 0x08));
 159:c:/Users/User/Documents/GitHub/ch32h417/EVT/EXAM/SRC/Peripheral/src\ch32h417_gpio.c ****             currentpin = ((GPIO_InitStruct->GPIO_Pin) & pos);
 160:c:/Users/User/Documents/GitHub/ch32h417/EVT/EXAM/SRC/Peripheral/src\ch32h417_gpio.c **** 
 161:c:/Users/User/Documents/GitHub/ch32h417/EVT/EXAM/SRC/Peripheral/src\ch32h417_gpio.c ****             if(currentpin == pos)
 162:c:/Users/User/Documents/GitHub/ch32h417/EVT/EXAM/SRC/Peripheral/src\ch32h417_gpio.c ****             {
 163:c:/Users/User/Documents/GitHub/ch32h417/EVT/EXAM/SRC/Peripheral/src\ch32h417_gpio.c ****                 pos = pinpos << 2;
 164:c:/Users/User/Documents/GitHub/ch32h417/EVT/EXAM/SRC/Peripheral/src\ch32h417_gpio.c ****                 pinmask = ((uint32_t)0x0F) << pos;
 165:c:/Users/User/Documents/GitHub/ch32h417/EVT/EXAM/SRC/Peripheral/src\ch32h417_gpio.c ****                 tmpreg &= ~pinmask;
 166:c:/Users/User/Documents/GitHub/ch32h417/EVT/EXAM/SRC/Peripheral/src\ch32h417_gpio.c ****                 tmpreg |= (currentmode << pos);
 167:c:/Users/User/Documents/GitHub/ch32h417/EVT/EXAM/SRC/Peripheral/src\ch32h417_gpio.c **** 
 168:c:/Users/User/Documents/GitHub/ch32h417/EVT/EXAM/SRC/Peripheral/src\ch32h417_gpio.c ****                 if(GPIO_InitStruct->GPIO_Mode == GPIO_Mode_IPD)
 321              		.loc 1 168 19
 322 0092 130E8002 		li	t3,40
 169:c:/Users/User/Documents/GitHub/ch32h417/EVT/EXAM/SRC/Peripheral/src\ch32h417_gpio.c ****                 {
 170:c:/Users/User/Documents/GitHub/ch32h417/EVT/EXAM/SRC/Peripheral/src\ch32h417_gpio.c ****                     GPIOx->BCR = (((uint32_t)0x01) << (pinpos + 0x08));
 171:c:/Users/User/Documents/GitHub/ch32h417/EVT/EXAM/SRC/Peripheral/src\ch32h417_gpio.c ****                 }
 172:c:/Users/User/Documents/GitHub/ch32h417/EVT/EXAM/SRC/Peripheral/src\ch32h417_gpio.c **** 
 173:c:/Users/User/Documents/GitHub/ch32h417/EVT/EXAM/SRC/Peripheral/src\ch32h417_gpio.c ****                 if(GPIO_InitStruct->GPIO_Mode == GPIO_Mode_IPU)
 323              		.loc 1 173 19
 324 0096 930E8004 		li	t4,72
 156:c:/Users/User/Documents/GitHub/ch32h417/EVT/EXAM/SRC/Peripheral/src\ch32h417_gpio.c ****         {
 325              		.loc 1 156 35
 326 009a 2143     		li	t1,8
 327              	.LVL45:
 328              	.L26:
 158:c:/Users/User/Documents/GitHub/ch32h417/EVT/EXAM/SRC/Peripheral/src\ch32h417_gpio.c ****             currentpin = ((GPIO_InitStruct->GPIO_Pin) & pos);
 329              		.loc 1 158 13 is_stmt 1
 158:c:/Users/User/Documents/GitHub/ch32h417/EVT/EXAM/SRC/Peripheral/src\ch32h417_gpio.c ****             currentpin = ((GPIO_InitStruct->GPIO_Pin) & pos);
 330              		.loc 1 158 48 is_stmt 0
 331 009c 13078600 		addi	a4,a2,8
 158:c:/Users/User/Documents/GitHub/ch32h417/EVT/EXAM/SRC/Peripheral/src\ch32h417_gpio.c ****             currentpin = ((GPIO_InitStruct->GPIO_Pin) & pos);
 332              		.loc 1 158 17
 333 00a0 3317E028 		bset	a4,x0,a4
 334              	.LVL46:
 159:c:/Users/User/Documents/GitHub/ch32h417/EVT/EXAM/SRC/Peripheral/src\ch32h417_gpio.c **** 
 335              		.loc 1 159 13 is_stmt 1
 161:c:/Users/User/Documents/GitHub/ch32h417/EVT/EXAM/SRC/Peripheral/src\ch32h417_gpio.c ****             {
 336              		.loc 1 161 13
 159:c:/Users/User/Documents/GitHub/ch32h417/EVT/EXAM/SRC/Peripheral/src\ch32h417_gpio.c **** 
 337              		.loc 1 159 24 is_stmt 0
 338 00a4 B375E800 		and	a1,a6,a4
 339              	.LVL47:
 161:c:/Users/User/Documents/GitHub/ch32h417/EVT/EXAM/SRC/Peripheral/src\ch32h417_gpio.c ****             {
 340              		.loc 1 161 15
 341 00a8 631FB700 		bne	a4,a1,.L23
 163:c:/Users/User/Documents/GitHub/ch32h417/EVT/EXAM/SRC/Peripheral/src\ch32h417_gpio.c ****                 pinmask = ((uint32_t)0x0F) << pos;
 342              		.loc 1 163 17 is_stmt 1
 343              	.LVL48:
 164:c:/Users/User/Documents/GitHub/ch32h417/EVT/EXAM/SRC/Peripheral/src\ch32h417_gpio.c ****                 tmpreg &= ~pinmask;
 344              		.loc 1 164 17
 165:c:/Users/User/Documents/GitHub/ch32h417/EVT/EXAM/SRC/Peripheral/src\ch32h417_gpio.c ****                 tmpreg |= (currentmode << pos);
 345              		.loc 1 165 17
 166:c:/Users/User/Documents/GitHub/ch32h417/EVT/EXAM/SRC/Peripheral/src\ch32h417_gpio.c **** 
 346              		.loc 1 166 17
 168:c:/Users/User/Documents/GitHub/ch32h417/EVT/EXAM/SRC/Peripheral/src\ch32h417_gpio.c ****                 {
 347              		.loc 1 168 17
 168:c:/Users/User/Documents/GitHub/ch32h417/EVT/EXAM/SRC/Peripheral/src\ch32h417_gpio.c ****                 {
 348              		.loc 1 168 19 is_stmt 0
 349 00ac 6396C703 		bne	a5,t3,.L24
 170:c:/Users/User/Documents/GitHub/ch32h417/EVT/EXAM/SRC/Peripheral/src\ch32h417_gpio.c ****                 }
 350              		.loc 1 170 21 is_stmt 1
 170:c:/Users/User/Documents/GitHub/ch32h417/EVT/EXAM/SRC/Peripheral/src\ch32h417_gpio.c ****                 }
 351              		.loc 1 170 32 is_stmt 0
 352 00b0 58C9     		sw	a4,20(a0)
 353              		.loc 1 173 17 is_stmt 1
 354              	.L25:
 355 00b2 13172600 		slli	a4,a2,2
 164:c:/Users/User/Documents/GitHub/ch32h417/EVT/EXAM/SRC/Peripheral/src\ch32h417_gpio.c ****                 tmpreg &= ~pinmask;
 356              		.loc 1 164 25 is_stmt 0
 357 00b6 BD45     		li	a1,15
 358              	.LVL49:
 359 00b8 B395E500 		sll	a1,a1,a4
 166:c:/Users/User/Documents/GitHub/ch32h417/EVT/EXAM/SRC/Peripheral/src\ch32h417_gpio.c **** 
 360              		.loc 1 166 40
 361 00bc 3397E800 		sll	a4,a7,a4
 165:c:/Users/User/Documents/GitHub/ch32h417/EVT/EXAM/SRC/Peripheral/src\ch32h417_gpio.c ****                 tmpreg |= (currentmode << pos);
 362              		.loc 1 165 24
 363 00c0 B3F6B640 		andn	a3,a3,a1
 364              	.LVL50:
 166:c:/Users/User/Documents/GitHub/ch32h417/EVT/EXAM/SRC/Peripheral/src\ch32h417_gpio.c **** 
 365              		.loc 1 166 24
 366 00c4 D98E     		or	a3,a4,a3
 367              	.LVL51:
 368              	.L23:
 156:c:/Users/User/Documents/GitHub/ch32h417/EVT/EXAM/SRC/Peripheral/src\ch32h417_gpio.c ****         {
 369              		.loc 1 156 49 is_stmt 1 discriminator 2
 370 00c6 0506     		addi	a2,a2,1
 371              	.LVL52:
 156:c:/Users/User/Documents/GitHub/ch32h417/EVT/EXAM/SRC/Peripheral/src\ch32h417_gpio.c ****         {
 372              		.loc 1 156 35 discriminator 2
 373 00c8 E31A66FC 		bne	a2,t1,.L26
 174:c:/Users/User/Documents/GitHub/ch32h417/EVT/EXAM/SRC/Peripheral/src\ch32h417_gpio.c ****                 {
 175:c:/Users/User/Documents/GitHub/ch32h417/EVT/EXAM/SRC/Peripheral/src\ch32h417_gpio.c ****                     GPIOx->BSHR = (((uint32_t)0x01) << (pinpos + 0x08));
 176:c:/Users/User/Documents/GitHub/ch32h417/EVT/EXAM/SRC/Peripheral/src\ch32h417_gpio.c ****                 }
 177:c:/Users/User/Documents/GitHub/ch32h417/EVT/EXAM/SRC/Peripheral/src\ch32h417_gpio.c ****             }
 178:c:/Users/User/Documents/GitHub/ch32h417/EVT/EXAM/SRC/Peripheral/src\ch32h417_gpio.c ****         }
 179:c:/Users/User/Documents/GitHub/ch32h417/EVT/EXAM/SRC/Peripheral/src\ch32h417_gpio.c ****         GPIOx->CFGHR = tmpreg;
 374              		.loc 1 179 9
 375              		.loc 1 179 22 is_stmt 0
 376 00cc 54C1     		sw	a3,4(a0)
 377              	.LVL53:
 378              	.L12:
 180:c:/Users/User/Documents/GitHub/ch32h417/EVT/EXAM/SRC/Peripheral/src\ch32h417_gpio.c ****     }
 181:c:/Users/User/Documents/GitHub/ch32h417/EVT/EXAM/SRC/Peripheral/src\ch32h417_gpio.c **** }
 379              		.loc 1 181 1
 380 00ce 8280     		ret
 381              	.LVL54:
 382              	.L18:
 142:c:/Users/User/Documents/GitHub/ch32h417/EVT/EXAM/SRC/Peripheral/src\ch32h417_gpio.c ****                     {
 383              		.loc 1 142 21 is_stmt 1
 142:c:/Users/User/Documents/GitHub/ch32h417/EVT/EXAM/SRC/Peripheral/src\ch32h417_gpio.c ****                     {
 384              		.loc 1 142 23 is_stmt 0
 385 00d0 E39ED7F9 		bne	a5,t4,.L19
 144:c:/Users/User/Documents/GitHub/ch32h417/EVT/EXAM/SRC/Peripheral/src\ch32h417_gpio.c ****                     }
 386              		.loc 1 144 25 is_stmt 1
 144:c:/Users/User/Documents/GitHub/ch32h417/EVT/EXAM/SRC/Peripheral/src\ch32h417_gpio.c ****                     }
 387              		.loc 1 144 37 is_stmt 0
 388 00d4 10C9     		sw	a2,16(a0)
 389 00d6 59BF     		j	.L19
 390              	.LVL55:
 391              	.L24:
 173:c:/Users/User/Documents/GitHub/ch32h417/EVT/EXAM/SRC/Peripheral/src\ch32h417_gpio.c ****                 {
 392              		.loc 1 173 17 is_stmt 1
 173:c:/Users/User/Documents/GitHub/ch32h417/EVT/EXAM/SRC/Peripheral/src\ch32h417_gpio.c ****                 {
 393              		.loc 1 173 19 is_stmt 0
 394 00d8 E39DD7FD 		bne	a5,t4,.L25
 175:c:/Users/User/Documents/GitHub/ch32h417/EVT/EXAM/SRC/Peripheral/src\ch32h417_gpio.c ****                 }
 395              		.loc 1 175 21 is_stmt 1
 175:c:/Users/User/Documents/GitHub/ch32h417/EVT/EXAM/SRC/Peripheral/src\ch32h417_gpio.c ****                 }
 396              		.loc 1 175 33 is_stmt 0
 397 00dc 18C9     		sw	a4,16(a0)
 398 00de D1BF     		j	.L25
 399              		.cfi_endproc
 400              	.LFE42:
 402              		.section	.text.GPIO_StructInit,"ax",@progbits
 403              		.align	1
 404              		.globl	GPIO_StructInit
 406              	GPIO_StructInit:
 407              	.LFB43:
 182:c:/Users/User/Documents/GitHub/ch32h417/EVT/EXAM/SRC/Peripheral/src\ch32h417_gpio.c **** 
 183:c:/Users/User/Documents/GitHub/ch32h417/EVT/EXAM/SRC/Peripheral/src\ch32h417_gpio.c **** /*********************************************************************
 184:c:/Users/User/Documents/GitHub/ch32h417/EVT/EXAM/SRC/Peripheral/src\ch32h417_gpio.c ****  * @fn      GPIO_StructInit
 185:c:/Users/User/Documents/GitHub/ch32h417/EVT/EXAM/SRC/Peripheral/src\ch32h417_gpio.c ****  *
 186:c:/Users/User/Documents/GitHub/ch32h417/EVT/EXAM/SRC/Peripheral/src\ch32h417_gpio.c ****  * @brief   Fills each GPIO_InitStruct member with its default
 187:c:/Users/User/Documents/GitHub/ch32h417/EVT/EXAM/SRC/Peripheral/src\ch32h417_gpio.c ****  *
 188:c:/Users/User/Documents/GitHub/ch32h417/EVT/EXAM/SRC/Peripheral/src\ch32h417_gpio.c ****  * @param   GPIO_InitStruct - pointer to a GPIO_InitTypeDef structure
 189:c:/Users/User/Documents/GitHub/ch32h417/EVT/EXAM/SRC/Peripheral/src\ch32h417_gpio.c ****  *      which will be initialized.
 190:c:/Users/User/Documents/GitHub/ch32h417/EVT/EXAM/SRC/Peripheral/src\ch32h417_gpio.c ****  *
 191:c:/Users/User/Documents/GitHub/ch32h417/EVT/EXAM/SRC/Peripheral/src\ch32h417_gpio.c ****  * @return  none
 192:c:/Users/User/Documents/GitHub/ch32h417/EVT/EXAM/SRC/Peripheral/src\ch32h417_gpio.c ****  */
 193:c:/Users/User/Documents/GitHub/ch32h417/EVT/EXAM/SRC/Peripheral/src\ch32h417_gpio.c **** void GPIO_StructInit(GPIO_InitTypeDef *GPIO_InitStruct)
 194:c:/Users/User/Documents/GitHub/ch32h417/EVT/EXAM/SRC/Peripheral/src\ch32h417_gpio.c **** {
 408              		.loc 1 194 1 is_stmt 1
 409              		.cfi_startproc
 410              	.LVL56:
 195:c:/Users/User/Documents/GitHub/ch32h417/EVT/EXAM/SRC/Peripheral/src\ch32h417_gpio.c ****     GPIO_InitStruct->GPIO_Pin = GPIO_Pin_All;
 411              		.loc 1 195 5
 412              		.loc 1 195 31 is_stmt 0
 413 0000 FD57     		li	a5,-1
 414 0002 1EA1     		sh	a5,0(a0)
 196:c:/Users/User/Documents/GitHub/ch32h417/EVT/EXAM/SRC/Peripheral/src\ch32h417_gpio.c ****     GPIO_InitStruct->GPIO_Speed = GPIO_Speed_Very_High;
 415              		.loc 1 196 5 is_stmt 1
 416              		.loc 1 196 33 is_stmt 0
 417 0004 8D47     		li	a5,3
 418 0006 5CC1     		sw	a5,4(a0)
 197:c:/Users/User/Documents/GitHub/ch32h417/EVT/EXAM/SRC/Peripheral/src\ch32h417_gpio.c ****     GPIO_InitStruct->GPIO_Mode = GPIO_Mode_IN_FLOATING;
 419              		.loc 1 197 5 is_stmt 1
 420              		.loc 1 197 32 is_stmt 0
 421 0008 9147     		li	a5,4
 422 000a 1CC5     		sw	a5,8(a0)
 198:c:/Users/User/Documents/GitHub/ch32h417/EVT/EXAM/SRC/Peripheral/src\ch32h417_gpio.c **** }
 423              		.loc 1 198 1
 424 000c 8280     		ret
 425              		.cfi_endproc
 426              	.LFE43:
 428              		.section	.text.GPIO_ReadInputDataBit,"ax",@progbits
 429              		.align	1
 430              		.globl	GPIO_ReadInputDataBit
 432              	GPIO_ReadInputDataBit:
 433              	.LFB44:
 199:c:/Users/User/Documents/GitHub/ch32h417/EVT/EXAM/SRC/Peripheral/src\ch32h417_gpio.c **** 
 200:c:/Users/User/Documents/GitHub/ch32h417/EVT/EXAM/SRC/Peripheral/src\ch32h417_gpio.c **** /*********************************************************************
 201:c:/Users/User/Documents/GitHub/ch32h417/EVT/EXAM/SRC/Peripheral/src\ch32h417_gpio.c ****  * @fn      GPIO_ReadInputDataBit
 202:c:/Users/User/Documents/GitHub/ch32h417/EVT/EXAM/SRC/Peripheral/src\ch32h417_gpio.c ****  *
 203:c:/Users/User/Documents/GitHub/ch32h417/EVT/EXAM/SRC/Peripheral/src\ch32h417_gpio.c ****  * @brief   GPIOx - where x can be (A..F) to select the GPIO peripheral.
 204:c:/Users/User/Documents/GitHub/ch32h417/EVT/EXAM/SRC/Peripheral/src\ch32h417_gpio.c ****  *
 205:c:/Users/User/Documents/GitHub/ch32h417/EVT/EXAM/SRC/Peripheral/src\ch32h417_gpio.c ****  * @param   GPIO_Pin - specifies the port bit to read.
 206:c:/Users/User/Documents/GitHub/ch32h417/EVT/EXAM/SRC/Peripheral/src\ch32h417_gpio.c ****  *            This parameter can be GPIO_Pin_x where x can be (0..15).
 207:c:/Users/User/Documents/GitHub/ch32h417/EVT/EXAM/SRC/Peripheral/src\ch32h417_gpio.c ****  *
 208:c:/Users/User/Documents/GitHub/ch32h417/EVT/EXAM/SRC/Peripheral/src\ch32h417_gpio.c ****  * @return  The input port pin value.
 209:c:/Users/User/Documents/GitHub/ch32h417/EVT/EXAM/SRC/Peripheral/src\ch32h417_gpio.c ****  */
 210:c:/Users/User/Documents/GitHub/ch32h417/EVT/EXAM/SRC/Peripheral/src\ch32h417_gpio.c **** uint8_t GPIO_ReadInputDataBit(GPIO_TypeDef *GPIOx, uint16_t GPIO_Pin)
 211:c:/Users/User/Documents/GitHub/ch32h417/EVT/EXAM/SRC/Peripheral/src\ch32h417_gpio.c **** {
 434              		.loc 1 211 1 is_stmt 1
 435              		.cfi_startproc
 436              	.LVL57:
 212:c:/Users/User/Documents/GitHub/ch32h417/EVT/EXAM/SRC/Peripheral/src\ch32h417_gpio.c ****     uint8_t bitstatus = 0x00;
 437              		.loc 1 212 5
 213:c:/Users/User/Documents/GitHub/ch32h417/EVT/EXAM/SRC/Peripheral/src\ch32h417_gpio.c **** 
 214:c:/Users/User/Documents/GitHub/ch32h417/EVT/EXAM/SRC/Peripheral/src\ch32h417_gpio.c ****     if((GPIOx->INDR & GPIO_Pin) != (uint32_t)Bit_RESET)
 438              		.loc 1 214 5
 439              		.loc 1 214 14 is_stmt 0
 440 0000 1C45     		lw	a5,8(a0)
 441              	.LVL58:
 215:c:/Users/User/Documents/GitHub/ch32h417/EVT/EXAM/SRC/Peripheral/src\ch32h417_gpio.c ****     {
 216:c:/Users/User/Documents/GitHub/ch32h417/EVT/EXAM/SRC/Peripheral/src\ch32h417_gpio.c ****         bitstatus = (uint8_t)Bit_SET;
 217:c:/Users/User/Documents/GitHub/ch32h417/EVT/EXAM/SRC/Peripheral/src\ch32h417_gpio.c ****     }
 218:c:/Users/User/Documents/GitHub/ch32h417/EVT/EXAM/SRC/Peripheral/src\ch32h417_gpio.c ****     else
 219:c:/Users/User/Documents/GitHub/ch32h417/EVT/EXAM/SRC/Peripheral/src\ch32h417_gpio.c ****     {
 220:c:/Users/User/Documents/GitHub/ch32h417/EVT/EXAM/SRC/Peripheral/src\ch32h417_gpio.c ****         bitstatus = (uint8_t)Bit_RESET;
 221:c:/Users/User/Documents/GitHub/ch32h417/EVT/EXAM/SRC/Peripheral/src\ch32h417_gpio.c ****     }
 222:c:/Users/User/Documents/GitHub/ch32h417/EVT/EXAM/SRC/Peripheral/src\ch32h417_gpio.c **** 
 223:c:/Users/User/Documents/GitHub/ch32h417/EVT/EXAM/SRC/Peripheral/src\ch32h417_gpio.c ****     return bitstatus;
 442              		.loc 1 223 5 is_stmt 1
 214:c:/Users/User/Documents/GitHub/ch32h417/EVT/EXAM/SRC/Peripheral/src\ch32h417_gpio.c ****     {
 443              		.loc 1 214 21 is_stmt 0
 444 0002 33F5F500 		and	a0,a1,a5
 445              	.LVL59:
 224:c:/Users/User/Documents/GitHub/ch32h417/EVT/EXAM/SRC/Peripheral/src\ch32h417_gpio.c **** }
 446              		.loc 1 224 1
 447 0006 3335A000 		snez	a0,a0
 448 000a 8280     		ret
 449              		.cfi_endproc
 450              	.LFE44:
 452              		.section	.text.GPIO_ReadInputData,"ax",@progbits
 453              		.align	1
 454              		.globl	GPIO_ReadInputData
 456              	GPIO_ReadInputData:
 457              	.LFB45:
 225:c:/Users/User/Documents/GitHub/ch32h417/EVT/EXAM/SRC/Peripheral/src\ch32h417_gpio.c **** 
 226:c:/Users/User/Documents/GitHub/ch32h417/EVT/EXAM/SRC/Peripheral/src\ch32h417_gpio.c **** /*********************************************************************
 227:c:/Users/User/Documents/GitHub/ch32h417/EVT/EXAM/SRC/Peripheral/src\ch32h417_gpio.c ****  * @fn      GPIO_ReadInputData
 228:c:/Users/User/Documents/GitHub/ch32h417/EVT/EXAM/SRC/Peripheral/src\ch32h417_gpio.c ****  *
 229:c:/Users/User/Documents/GitHub/ch32h417/EVT/EXAM/SRC/Peripheral/src\ch32h417_gpio.c ****  * @brief   Reads the specified GPIO input data port.
 230:c:/Users/User/Documents/GitHub/ch32h417/EVT/EXAM/SRC/Peripheral/src\ch32h417_gpio.c ****  *
 231:c:/Users/User/Documents/GitHub/ch32h417/EVT/EXAM/SRC/Peripheral/src\ch32h417_gpio.c ****  * @param   GPIOx - where x can be (A..F) to select the GPIO peripheral.
 232:c:/Users/User/Documents/GitHub/ch32h417/EVT/EXAM/SRC/Peripheral/src\ch32h417_gpio.c ****  *
 233:c:/Users/User/Documents/GitHub/ch32h417/EVT/EXAM/SRC/Peripheral/src\ch32h417_gpio.c ****  * @return  The output port pin value.
 234:c:/Users/User/Documents/GitHub/ch32h417/EVT/EXAM/SRC/Peripheral/src\ch32h417_gpio.c ****  */
 235:c:/Users/User/Documents/GitHub/ch32h417/EVT/EXAM/SRC/Peripheral/src\ch32h417_gpio.c **** uint16_t GPIO_ReadInputData(GPIO_TypeDef *GPIOx)
 236:c:/Users/User/Documents/GitHub/ch32h417/EVT/EXAM/SRC/Peripheral/src\ch32h417_gpio.c **** {
 458              		.loc 1 236 1 is_stmt 1
 459              		.cfi_startproc
 460              	.LVL60:
 237:c:/Users/User/Documents/GitHub/ch32h417/EVT/EXAM/SRC/Peripheral/src\ch32h417_gpio.c ****     return ((uint16_t)GPIOx->INDR);
 461              		.loc 1 237 5
 462              		.loc 1 237 28 is_stmt 0
 463 0000 0845     		lw	a0,8(a0)
 464              	.LVL61:
 238:c:/Users/User/Documents/GitHub/ch32h417/EVT/EXAM/SRC/Peripheral/src\ch32h417_gpio.c **** }
 465              		.loc 1 238 1
 466 0002 33450508 		zext.h	a0,a0
 467 0006 8280     		ret
 468              		.cfi_endproc
 469              	.LFE45:
 471              		.section	.text.GPIO_ReadOutputDataBit,"ax",@progbits
 472              		.align	1
 473              		.globl	GPIO_ReadOutputDataBit
 475              	GPIO_ReadOutputDataBit:
 476              	.LFB46:
 239:c:/Users/User/Documents/GitHub/ch32h417/EVT/EXAM/SRC/Peripheral/src\ch32h417_gpio.c **** 
 240:c:/Users/User/Documents/GitHub/ch32h417/EVT/EXAM/SRC/Peripheral/src\ch32h417_gpio.c **** /*********************************************************************
 241:c:/Users/User/Documents/GitHub/ch32h417/EVT/EXAM/SRC/Peripheral/src\ch32h417_gpio.c ****  * @fn      GPIO_ReadOutputDataBit
 242:c:/Users/User/Documents/GitHub/ch32h417/EVT/EXAM/SRC/Peripheral/src\ch32h417_gpio.c ****  *
 243:c:/Users/User/Documents/GitHub/ch32h417/EVT/EXAM/SRC/Peripheral/src\ch32h417_gpio.c ****  * @brief   Reads the specified output data port bit.
 244:c:/Users/User/Documents/GitHub/ch32h417/EVT/EXAM/SRC/Peripheral/src\ch32h417_gpio.c ****  *
 245:c:/Users/User/Documents/GitHub/ch32h417/EVT/EXAM/SRC/Peripheral/src\ch32h417_gpio.c ****  * @param   GPIOx - where x can be (A..F) to select the GPIO peripheral.
 246:c:/Users/User/Documents/GitHub/ch32h417/EVT/EXAM/SRC/Peripheral/src\ch32h417_gpio.c ****  *          GPIO_Pin - specifies the port bit to read.
 247:c:/Users/User/Documents/GitHub/ch32h417/EVT/EXAM/SRC/Peripheral/src\ch32h417_gpio.c ****  *            This parameter can be GPIO_Pin_x where x can be (0..15).
 248:c:/Users/User/Documents/GitHub/ch32h417/EVT/EXAM/SRC/Peripheral/src\ch32h417_gpio.c ****  *
 249:c:/Users/User/Documents/GitHub/ch32h417/EVT/EXAM/SRC/Peripheral/src\ch32h417_gpio.c ****  * @return  none
 250:c:/Users/User/Documents/GitHub/ch32h417/EVT/EXAM/SRC/Peripheral/src\ch32h417_gpio.c ****  */
 251:c:/Users/User/Documents/GitHub/ch32h417/EVT/EXAM/SRC/Peripheral/src\ch32h417_gpio.c **** uint8_t GPIO_ReadOutputDataBit(GPIO_TypeDef *GPIOx, uint16_t GPIO_Pin)
 252:c:/Users/User/Documents/GitHub/ch32h417/EVT/EXAM/SRC/Peripheral/src\ch32h417_gpio.c **** {
 477              		.loc 1 252 1 is_stmt 1
 478              		.cfi_startproc
 479              	.LVL62:
 253:c:/Users/User/Documents/GitHub/ch32h417/EVT/EXAM/SRC/Peripheral/src\ch32h417_gpio.c ****     uint8_t bitstatus = 0x00;
 480              		.loc 1 253 5
 254:c:/Users/User/Documents/GitHub/ch32h417/EVT/EXAM/SRC/Peripheral/src\ch32h417_gpio.c **** 
 255:c:/Users/User/Documents/GitHub/ch32h417/EVT/EXAM/SRC/Peripheral/src\ch32h417_gpio.c ****     if((GPIOx->OUTDR & GPIO_Pin) != (uint32_t)Bit_RESET)
 481              		.loc 1 255 5
 482              		.loc 1 255 14 is_stmt 0
 483 0000 5C45     		lw	a5,12(a0)
 484              	.LVL63:
 256:c:/Users/User/Documents/GitHub/ch32h417/EVT/EXAM/SRC/Peripheral/src\ch32h417_gpio.c ****     {
 257:c:/Users/User/Documents/GitHub/ch32h417/EVT/EXAM/SRC/Peripheral/src\ch32h417_gpio.c ****         bitstatus = (uint8_t)Bit_SET;
 258:c:/Users/User/Documents/GitHub/ch32h417/EVT/EXAM/SRC/Peripheral/src\ch32h417_gpio.c ****     }
 259:c:/Users/User/Documents/GitHub/ch32h417/EVT/EXAM/SRC/Peripheral/src\ch32h417_gpio.c ****     else
 260:c:/Users/User/Documents/GitHub/ch32h417/EVT/EXAM/SRC/Peripheral/src\ch32h417_gpio.c ****     {
 261:c:/Users/User/Documents/GitHub/ch32h417/EVT/EXAM/SRC/Peripheral/src\ch32h417_gpio.c ****         bitstatus = (uint8_t)Bit_RESET;
 262:c:/Users/User/Documents/GitHub/ch32h417/EVT/EXAM/SRC/Peripheral/src\ch32h417_gpio.c ****     }
 263:c:/Users/User/Documents/GitHub/ch32h417/EVT/EXAM/SRC/Peripheral/src\ch32h417_gpio.c **** 
 264:c:/Users/User/Documents/GitHub/ch32h417/EVT/EXAM/SRC/Peripheral/src\ch32h417_gpio.c ****     return bitstatus;
 485              		.loc 1 264 5 is_stmt 1
 255:c:/Users/User/Documents/GitHub/ch32h417/EVT/EXAM/SRC/Peripheral/src\ch32h417_gpio.c ****     {
 486              		.loc 1 255 22 is_stmt 0
 487 0002 33F5F500 		and	a0,a1,a5
 488              	.LVL64:
 265:c:/Users/User/Documents/GitHub/ch32h417/EVT/EXAM/SRC/Peripheral/src\ch32h417_gpio.c **** }
 489              		.loc 1 265 1
 490 0006 3335A000 		snez	a0,a0
 491 000a 8280     		ret
 492              		.cfi_endproc
 493              	.LFE46:
 495              		.section	.text.GPIO_ReadOutputData,"ax",@progbits
 496              		.align	1
 497              		.globl	GPIO_ReadOutputData
 499              	GPIO_ReadOutputData:
 500              	.LFB47:
 266:c:/Users/User/Documents/GitHub/ch32h417/EVT/EXAM/SRC/Peripheral/src\ch32h417_gpio.c **** 
 267:c:/Users/User/Documents/GitHub/ch32h417/EVT/EXAM/SRC/Peripheral/src\ch32h417_gpio.c **** /*********************************************************************
 268:c:/Users/User/Documents/GitHub/ch32h417/EVT/EXAM/SRC/Peripheral/src\ch32h417_gpio.c ****  * @fn      GPIO_ReadOutputData
 269:c:/Users/User/Documents/GitHub/ch32h417/EVT/EXAM/SRC/Peripheral/src\ch32h417_gpio.c ****  *
 270:c:/Users/User/Documents/GitHub/ch32h417/EVT/EXAM/SRC/Peripheral/src\ch32h417_gpio.c ****  * @brief   Reads the specified GPIO output data port.
 271:c:/Users/User/Documents/GitHub/ch32h417/EVT/EXAM/SRC/Peripheral/src\ch32h417_gpio.c ****  *
 272:c:/Users/User/Documents/GitHub/ch32h417/EVT/EXAM/SRC/Peripheral/src\ch32h417_gpio.c ****  * @param   GPIOx - where x can be (A..F) to select the GPIO peripheral.
 273:c:/Users/User/Documents/GitHub/ch32h417/EVT/EXAM/SRC/Peripheral/src\ch32h417_gpio.c ****  *
 274:c:/Users/User/Documents/GitHub/ch32h417/EVT/EXAM/SRC/Peripheral/src\ch32h417_gpio.c ****  * @return  GPIO output port pin value.
 275:c:/Users/User/Documents/GitHub/ch32h417/EVT/EXAM/SRC/Peripheral/src\ch32h417_gpio.c ****  */
 276:c:/Users/User/Documents/GitHub/ch32h417/EVT/EXAM/SRC/Peripheral/src\ch32h417_gpio.c **** uint16_t GPIO_ReadOutputData(GPIO_TypeDef *GPIOx)
 277:c:/Users/User/Documents/GitHub/ch32h417/EVT/EXAM/SRC/Peripheral/src\ch32h417_gpio.c **** {
 501              		.loc 1 277 1 is_stmt 1
 502              		.cfi_startproc
 503              	.LVL65:
 278:c:/Users/User/Documents/GitHub/ch32h417/EVT/EXAM/SRC/Peripheral/src\ch32h417_gpio.c ****     return ((uint16_t)GPIOx->OUTDR);
 504              		.loc 1 278 5
 505              		.loc 1 278 28 is_stmt 0
 506 0000 4845     		lw	a0,12(a0)
 507              	.LVL66:
 279:c:/Users/User/Documents/GitHub/ch32h417/EVT/EXAM/SRC/Peripheral/src\ch32h417_gpio.c **** }
 508              		.loc 1 279 1
 509 0002 33450508 		zext.h	a0,a0
 510 0006 8280     		ret
 511              		.cfi_endproc
 512              	.LFE47:
 514              		.section	.text.GPIO_SetBits,"ax",@progbits
 515              		.align	1
 516              		.globl	GPIO_SetBits
 518              	GPIO_SetBits:
 519              	.LFB48:
 280:c:/Users/User/Documents/GitHub/ch32h417/EVT/EXAM/SRC/Peripheral/src\ch32h417_gpio.c **** 
 281:c:/Users/User/Documents/GitHub/ch32h417/EVT/EXAM/SRC/Peripheral/src\ch32h417_gpio.c **** /*********************************************************************
 282:c:/Users/User/Documents/GitHub/ch32h417/EVT/EXAM/SRC/Peripheral/src\ch32h417_gpio.c ****  * @fn      GPIO_SetBits
 283:c:/Users/User/Documents/GitHub/ch32h417/EVT/EXAM/SRC/Peripheral/src\ch32h417_gpio.c ****  *
 284:c:/Users/User/Documents/GitHub/ch32h417/EVT/EXAM/SRC/Peripheral/src\ch32h417_gpio.c ****  * @brief   Sets the selected data port bits.
 285:c:/Users/User/Documents/GitHub/ch32h417/EVT/EXAM/SRC/Peripheral/src\ch32h417_gpio.c ****  *
 286:c:/Users/User/Documents/GitHub/ch32h417/EVT/EXAM/SRC/Peripheral/src\ch32h417_gpio.c ****  * @param   GPIOx - where x can be (A..F) to select the GPIO peripheral.
 287:c:/Users/User/Documents/GitHub/ch32h417/EVT/EXAM/SRC/Peripheral/src\ch32h417_gpio.c ****  *          GPIO_Pin - specifies the port bits to be written.
 288:c:/Users/User/Documents/GitHub/ch32h417/EVT/EXAM/SRC/Peripheral/src\ch32h417_gpio.c ****  *            This parameter can be any combination of GPIO_Pin_x where x can be (0..15).
 289:c:/Users/User/Documents/GitHub/ch32h417/EVT/EXAM/SRC/Peripheral/src\ch32h417_gpio.c ****  *
 290:c:/Users/User/Documents/GitHub/ch32h417/EVT/EXAM/SRC/Peripheral/src\ch32h417_gpio.c ****  * @return  none
 291:c:/Users/User/Documents/GitHub/ch32h417/EVT/EXAM/SRC/Peripheral/src\ch32h417_gpio.c ****  */
 292:c:/Users/User/Documents/GitHub/ch32h417/EVT/EXAM/SRC/Peripheral/src\ch32h417_gpio.c **** void GPIO_SetBits(GPIO_TypeDef *GPIOx, uint16_t GPIO_Pin)
 293:c:/Users/User/Documents/GitHub/ch32h417/EVT/EXAM/SRC/Peripheral/src\ch32h417_gpio.c **** {
 520              		.loc 1 293 1 is_stmt 1
 521              		.cfi_startproc
 522              	.LVL67:
 294:c:/Users/User/Documents/GitHub/ch32h417/EVT/EXAM/SRC/Peripheral/src\ch32h417_gpio.c ****     GPIOx->BSHR = GPIO_Pin;
 523              		.loc 1 294 5
 524              		.loc 1 294 17 is_stmt 0
 525 0000 0CC9     		sw	a1,16(a0)
 295:c:/Users/User/Documents/GitHub/ch32h417/EVT/EXAM/SRC/Peripheral/src\ch32h417_gpio.c **** }
 526              		.loc 1 295 1
 527 0002 8280     		ret
 528              		.cfi_endproc
 529              	.LFE48:
 531              		.section	.text.GPIO_ResetBits,"ax",@progbits
 532              		.align	1
 533              		.globl	GPIO_ResetBits
 535              	GPIO_ResetBits:
 536              	.LFB49:
 296:c:/Users/User/Documents/GitHub/ch32h417/EVT/EXAM/SRC/Peripheral/src\ch32h417_gpio.c **** 
 297:c:/Users/User/Documents/GitHub/ch32h417/EVT/EXAM/SRC/Peripheral/src\ch32h417_gpio.c **** /*********************************************************************
 298:c:/Users/User/Documents/GitHub/ch32h417/EVT/EXAM/SRC/Peripheral/src\ch32h417_gpio.c ****  * @fn      GPIO_ResetBits
 299:c:/Users/User/Documents/GitHub/ch32h417/EVT/EXAM/SRC/Peripheral/src\ch32h417_gpio.c ****  *
 300:c:/Users/User/Documents/GitHub/ch32h417/EVT/EXAM/SRC/Peripheral/src\ch32h417_gpio.c ****  * @brief   Clears the selected data port bits.
 301:c:/Users/User/Documents/GitHub/ch32h417/EVT/EXAM/SRC/Peripheral/src\ch32h417_gpio.c ****  *
 302:c:/Users/User/Documents/GitHub/ch32h417/EVT/EXAM/SRC/Peripheral/src\ch32h417_gpio.c ****  * @param   GPIOx - where x can be (A..F) to select the GPIO peripheral.
 303:c:/Users/User/Documents/GitHub/ch32h417/EVT/EXAM/SRC/Peripheral/src\ch32h417_gpio.c ****  *          GPIO_Pin - specifies the port bits to be written.
 304:c:/Users/User/Documents/GitHub/ch32h417/EVT/EXAM/SRC/Peripheral/src\ch32h417_gpio.c ****  *            This parameter can be any combination of GPIO_Pin_x where x can be (0..15).
 305:c:/Users/User/Documents/GitHub/ch32h417/EVT/EXAM/SRC/Peripheral/src\ch32h417_gpio.c ****  *
 306:c:/Users/User/Documents/GitHub/ch32h417/EVT/EXAM/SRC/Peripheral/src\ch32h417_gpio.c ****  * @return  none
 307:c:/Users/User/Documents/GitHub/ch32h417/EVT/EXAM/SRC/Peripheral/src\ch32h417_gpio.c ****  */
 308:c:/Users/User/Documents/GitHub/ch32h417/EVT/EXAM/SRC/Peripheral/src\ch32h417_gpio.c **** void GPIO_ResetBits(GPIO_TypeDef *GPIOx, uint16_t GPIO_Pin)
 309:c:/Users/User/Documents/GitHub/ch32h417/EVT/EXAM/SRC/Peripheral/src\ch32h417_gpio.c **** {
 537              		.loc 1 309 1 is_stmt 1
 538              		.cfi_startproc
 539              	.LVL68:
 310:c:/Users/User/Documents/GitHub/ch32h417/EVT/EXAM/SRC/Peripheral/src\ch32h417_gpio.c ****     GPIOx->BCR = GPIO_Pin;
 540              		.loc 1 310 5
 541              		.loc 1 310 16 is_stmt 0
 542 0000 4CC9     		sw	a1,20(a0)
 311:c:/Users/User/Documents/GitHub/ch32h417/EVT/EXAM/SRC/Peripheral/src\ch32h417_gpio.c **** }
 543              		.loc 1 311 1
 544 0002 8280     		ret
 545              		.cfi_endproc
 546              	.LFE49:
 548              		.section	.text.GPIO_WriteBit,"ax",@progbits
 549              		.align	1
 550              		.globl	GPIO_WriteBit
 552              	GPIO_WriteBit:
 553              	.LFB50:
 312:c:/Users/User/Documents/GitHub/ch32h417/EVT/EXAM/SRC/Peripheral/src\ch32h417_gpio.c **** 
 313:c:/Users/User/Documents/GitHub/ch32h417/EVT/EXAM/SRC/Peripheral/src\ch32h417_gpio.c **** /*********************************************************************
 314:c:/Users/User/Documents/GitHub/ch32h417/EVT/EXAM/SRC/Peripheral/src\ch32h417_gpio.c ****  * @fn      GPIO_WriteBit
 315:c:/Users/User/Documents/GitHub/ch32h417/EVT/EXAM/SRC/Peripheral/src\ch32h417_gpio.c ****  *
 316:c:/Users/User/Documents/GitHub/ch32h417/EVT/EXAM/SRC/Peripheral/src\ch32h417_gpio.c ****  * @brief   Sets or clears the selected data port bit.
 317:c:/Users/User/Documents/GitHub/ch32h417/EVT/EXAM/SRC/Peripheral/src\ch32h417_gpio.c ****  *
 318:c:/Users/User/Documents/GitHub/ch32h417/EVT/EXAM/SRC/Peripheral/src\ch32h417_gpio.c ****  * @param   GPIO_Pin - specifies the port bit to be written.
 319:c:/Users/User/Documents/GitHub/ch32h417/EVT/EXAM/SRC/Peripheral/src\ch32h417_gpio.c ****  *            This parameter can be one of GPIO_Pin_x where x can be (0..15).
 320:c:/Users/User/Documents/GitHub/ch32h417/EVT/EXAM/SRC/Peripheral/src\ch32h417_gpio.c ****  *          BitVal - specifies the value to be written to the selected bit.
 321:c:/Users/User/Documents/GitHub/ch32h417/EVT/EXAM/SRC/Peripheral/src\ch32h417_gpio.c ****  *            Bit_RESET - to clear the port pin.
 322:c:/Users/User/Documents/GitHub/ch32h417/EVT/EXAM/SRC/Peripheral/src\ch32h417_gpio.c ****  *            Bit_SET - to set the port pin.
 323:c:/Users/User/Documents/GitHub/ch32h417/EVT/EXAM/SRC/Peripheral/src\ch32h417_gpio.c ****  *
 324:c:/Users/User/Documents/GitHub/ch32h417/EVT/EXAM/SRC/Peripheral/src\ch32h417_gpio.c ****  * @return  none
 325:c:/Users/User/Documents/GitHub/ch32h417/EVT/EXAM/SRC/Peripheral/src\ch32h417_gpio.c ****  */
 326:c:/Users/User/Documents/GitHub/ch32h417/EVT/EXAM/SRC/Peripheral/src\ch32h417_gpio.c **** void GPIO_WriteBit(GPIO_TypeDef *GPIOx, uint16_t GPIO_Pin, BitAction BitVal)
 327:c:/Users/User/Documents/GitHub/ch32h417/EVT/EXAM/SRC/Peripheral/src\ch32h417_gpio.c **** {
 554              		.loc 1 327 1 is_stmt 1
 555              		.cfi_startproc
 556              	.LVL69:
 328:c:/Users/User/Documents/GitHub/ch32h417/EVT/EXAM/SRC/Peripheral/src\ch32h417_gpio.c ****     if(BitVal != Bit_RESET)
 557              		.loc 1 328 5
 558              		.loc 1 328 7 is_stmt 0
 559 0000 19C2     		beq	a2,zero,.L44
 329:c:/Users/User/Documents/GitHub/ch32h417/EVT/EXAM/SRC/Peripheral/src\ch32h417_gpio.c ****     {
 330:c:/Users/User/Documents/GitHub/ch32h417/EVT/EXAM/SRC/Peripheral/src\ch32h417_gpio.c ****         GPIOx->BSHR = GPIO_Pin;
 560              		.loc 1 330 9 is_stmt 1
 561              		.loc 1 330 21 is_stmt 0
 562 0002 0CC9     		sw	a1,16(a0)
 563 0004 8280     		ret
 564              	.L44:
 331:c:/Users/User/Documents/GitHub/ch32h417/EVT/EXAM/SRC/Peripheral/src\ch32h417_gpio.c ****     }
 332:c:/Users/User/Documents/GitHub/ch32h417/EVT/EXAM/SRC/Peripheral/src\ch32h417_gpio.c ****     else
 333:c:/Users/User/Documents/GitHub/ch32h417/EVT/EXAM/SRC/Peripheral/src\ch32h417_gpio.c ****     {
 334:c:/Users/User/Documents/GitHub/ch32h417/EVT/EXAM/SRC/Peripheral/src\ch32h417_gpio.c ****         GPIOx->BCR = GPIO_Pin;
 565              		.loc 1 334 9 is_stmt 1
 566              		.loc 1 334 20 is_stmt 0
 567 0006 4CC9     		sw	a1,20(a0)
 335:c:/Users/User/Documents/GitHub/ch32h417/EVT/EXAM/SRC/Peripheral/src\ch32h417_gpio.c ****     }
 336:c:/Users/User/Documents/GitHub/ch32h417/EVT/EXAM/SRC/Peripheral/src\ch32h417_gpio.c **** }
 568              		.loc 1 336 1
 569 0008 8280     		ret
 570              		.cfi_endproc
 571              	.LFE50:
 573              		.section	.text.GPIO_Write,"ax",@progbits
 574              		.align	1
 575              		.globl	GPIO_Write
 577              	GPIO_Write:
 578              	.LFB51:
 337:c:/Users/User/Documents/GitHub/ch32h417/EVT/EXAM/SRC/Peripheral/src\ch32h417_gpio.c **** 
 338:c:/Users/User/Documents/GitHub/ch32h417/EVT/EXAM/SRC/Peripheral/src\ch32h417_gpio.c **** /*********************************************************************
 339:c:/Users/User/Documents/GitHub/ch32h417/EVT/EXAM/SRC/Peripheral/src\ch32h417_gpio.c ****  * @fn      GPIO_Write
 340:c:/Users/User/Documents/GitHub/ch32h417/EVT/EXAM/SRC/Peripheral/src\ch32h417_gpio.c ****  *
 341:c:/Users/User/Documents/GitHub/ch32h417/EVT/EXAM/SRC/Peripheral/src\ch32h417_gpio.c ****  * @brief   Writes data to the specified GPIO data port.
 342:c:/Users/User/Documents/GitHub/ch32h417/EVT/EXAM/SRC/Peripheral/src\ch32h417_gpio.c ****  *
 343:c:/Users/User/Documents/GitHub/ch32h417/EVT/EXAM/SRC/Peripheral/src\ch32h417_gpio.c ****  * @param   GPIOx - where x can be (A..F) to select the GPIO peripheral.
 344:c:/Users/User/Documents/GitHub/ch32h417/EVT/EXAM/SRC/Peripheral/src\ch32h417_gpio.c ****  *          PortVal - specifies the value to be written to the port output data register.
 345:c:/Users/User/Documents/GitHub/ch32h417/EVT/EXAM/SRC/Peripheral/src\ch32h417_gpio.c ****  *
 346:c:/Users/User/Documents/GitHub/ch32h417/EVT/EXAM/SRC/Peripheral/src\ch32h417_gpio.c ****  * @return  none
 347:c:/Users/User/Documents/GitHub/ch32h417/EVT/EXAM/SRC/Peripheral/src\ch32h417_gpio.c ****  */
 348:c:/Users/User/Documents/GitHub/ch32h417/EVT/EXAM/SRC/Peripheral/src\ch32h417_gpio.c **** void GPIO_Write(GPIO_TypeDef *GPIOx, uint16_t PortVal)
 349:c:/Users/User/Documents/GitHub/ch32h417/EVT/EXAM/SRC/Peripheral/src\ch32h417_gpio.c **** {
 579              		.loc 1 349 1 is_stmt 1
 580              		.cfi_startproc
 581              	.LVL70:
 350:c:/Users/User/Documents/GitHub/ch32h417/EVT/EXAM/SRC/Peripheral/src\ch32h417_gpio.c ****     GPIOx->OUTDR = PortVal;
 582              		.loc 1 350 5
 583              		.loc 1 350 18 is_stmt 0
 584 0000 4CC5     		sw	a1,12(a0)
 351:c:/Users/User/Documents/GitHub/ch32h417/EVT/EXAM/SRC/Peripheral/src\ch32h417_gpio.c **** }
 585              		.loc 1 351 1
 586 0002 8280     		ret
 587              		.cfi_endproc
 588              	.LFE51:
 590              		.section	.text.GPIO_PinLockConfig,"ax",@progbits
 591              		.align	1
 592              		.globl	GPIO_PinLockConfig
 594              	GPIO_PinLockConfig:
 595              	.LFB52:
 352:c:/Users/User/Documents/GitHub/ch32h417/EVT/EXAM/SRC/Peripheral/src\ch32h417_gpio.c **** 
 353:c:/Users/User/Documents/GitHub/ch32h417/EVT/EXAM/SRC/Peripheral/src\ch32h417_gpio.c **** /*********************************************************************
 354:c:/Users/User/Documents/GitHub/ch32h417/EVT/EXAM/SRC/Peripheral/src\ch32h417_gpio.c ****  * @fn      GPIO_PinLockConfig
 355:c:/Users/User/Documents/GitHub/ch32h417/EVT/EXAM/SRC/Peripheral/src\ch32h417_gpio.c ****  *
 356:c:/Users/User/Documents/GitHub/ch32h417/EVT/EXAM/SRC/Peripheral/src\ch32h417_gpio.c ****  * @brief   Locks GPIO Pins configuration registers.
 357:c:/Users/User/Documents/GitHub/ch32h417/EVT/EXAM/SRC/Peripheral/src\ch32h417_gpio.c ****  *
 358:c:/Users/User/Documents/GitHub/ch32h417/EVT/EXAM/SRC/Peripheral/src\ch32h417_gpio.c ****  * @param   GPIOx - where x can be (A..F) to select the GPIO peripheral.
 359:c:/Users/User/Documents/GitHub/ch32h417/EVT/EXAM/SRC/Peripheral/src\ch32h417_gpio.c ****  *          GPIO_Pin - specifies the port bit to be written.
 360:c:/Users/User/Documents/GitHub/ch32h417/EVT/EXAM/SRC/Peripheral/src\ch32h417_gpio.c ****  *            This parameter can be any combination of GPIO_Pin_x where x can be (0..15).
 361:c:/Users/User/Documents/GitHub/ch32h417/EVT/EXAM/SRC/Peripheral/src\ch32h417_gpio.c ****  *
 362:c:/Users/User/Documents/GitHub/ch32h417/EVT/EXAM/SRC/Peripheral/src\ch32h417_gpio.c ****  * @return  none
 363:c:/Users/User/Documents/GitHub/ch32h417/EVT/EXAM/SRC/Peripheral/src\ch32h417_gpio.c ****  */
 364:c:/Users/User/Documents/GitHub/ch32h417/EVT/EXAM/SRC/Peripheral/src\ch32h417_gpio.c **** void GPIO_PinLockConfig(GPIO_TypeDef *GPIOx, uint16_t GPIO_Pin)
 365:c:/Users/User/Documents/GitHub/ch32h417/EVT/EXAM/SRC/Peripheral/src\ch32h417_gpio.c **** {
 596              		.loc 1 365 1 is_stmt 1
 597              		.cfi_startproc
 598              	.LVL71:
 366:c:/Users/User/Documents/GitHub/ch32h417/EVT/EXAM/SRC/Peripheral/src\ch32h417_gpio.c ****     uint32_t tmp = 0x00010000;
 599              		.loc 1 366 5
 367:c:/Users/User/Documents/GitHub/ch32h417/EVT/EXAM/SRC/Peripheral/src\ch32h417_gpio.c **** 
 368:c:/Users/User/Documents/GitHub/ch32h417/EVT/EXAM/SRC/Peripheral/src\ch32h417_gpio.c ****     tmp |= GPIO_Pin;
 600              		.loc 1 368 5
 601              		.loc 1 368 9 is_stmt 0
 602 0000 93970529 		bseti	a5,a1,16
 603              	.LVL72:
 369:c:/Users/User/Documents/GitHub/ch32h417/EVT/EXAM/SRC/Peripheral/src\ch32h417_gpio.c ****     GPIOx->LCKR = tmp;
 604              		.loc 1 369 5 is_stmt 1
 605              		.loc 1 369 17 is_stmt 0
 606 0004 1CCD     		sw	a5,24(a0)
 370:c:/Users/User/Documents/GitHub/ch32h417/EVT/EXAM/SRC/Peripheral/src\ch32h417_gpio.c ****     GPIOx->LCKR = GPIO_Pin;
 607              		.loc 1 370 5 is_stmt 1
 608              		.loc 1 370 17 is_stmt 0
 609 0006 0CCD     		sw	a1,24(a0)
 371:c:/Users/User/Documents/GitHub/ch32h417/EVT/EXAM/SRC/Peripheral/src\ch32h417_gpio.c ****     GPIOx->LCKR = tmp;
 610              		.loc 1 371 5 is_stmt 1
 611              		.loc 1 371 17 is_stmt 0
 612 0008 1CCD     		sw	a5,24(a0)
 372:c:/Users/User/Documents/GitHub/ch32h417/EVT/EXAM/SRC/Peripheral/src\ch32h417_gpio.c ****     tmp = GPIOx->LCKR;
 613              		.loc 1 372 5 is_stmt 1
 614              		.loc 1 372 9 is_stmt 0
 615 000a 1C4D     		lw	a5,24(a0)
 616              	.LVL73:
 373:c:/Users/User/Documents/GitHub/ch32h417/EVT/EXAM/SRC/Peripheral/src\ch32h417_gpio.c ****     tmp = GPIOx->LCKR;
 617              		.loc 1 373 5 is_stmt 1
 618              		.loc 1 373 9 is_stmt 0
 619 000c 1C4D     		lw	a5,24(a0)
 374:c:/Users/User/Documents/GitHub/ch32h417/EVT/EXAM/SRC/Peripheral/src\ch32h417_gpio.c **** }
 620              		.loc 1 374 1
 621 000e 8280     		ret
 622              		.cfi_endproc
 623              	.LFE52:
 625              		.section	.text.GPIO_PinRemapConfig,"ax",@progbits
 626              		.align	1
 627              		.globl	GPIO_PinRemapConfig
 629              	GPIO_PinRemapConfig:
 630              	.LFB53:
 375:c:/Users/User/Documents/GitHub/ch32h417/EVT/EXAM/SRC/Peripheral/src\ch32h417_gpio.c **** 
 376:c:/Users/User/Documents/GitHub/ch32h417/EVT/EXAM/SRC/Peripheral/src\ch32h417_gpio.c **** /*********************************************************************
 377:c:/Users/User/Documents/GitHub/ch32h417/EVT/EXAM/SRC/Peripheral/src\ch32h417_gpio.c ****  * @fn      GPIO_PinRemapConfig
 378:c:/Users/User/Documents/GitHub/ch32h417/EVT/EXAM/SRC/Peripheral/src\ch32h417_gpio.c ****  *
 379:c:/Users/User/Documents/GitHub/ch32h417/EVT/EXAM/SRC/Peripheral/src\ch32h417_gpio.c ****  * @brief   Changes the mapping of the specified pin.
 380:c:/Users/User/Documents/GitHub/ch32h417/EVT/EXAM/SRC/Peripheral/src\ch32h417_gpio.c ****  *
 381:c:/Users/User/Documents/GitHub/ch32h417/EVT/EXAM/SRC/Peripheral/src\ch32h417_gpio.c ****  * @param   GPIO_Remap - selects the pin to remap.
 382:c:/Users/User/Documents/GitHub/ch32h417/EVT/EXAM/SRC/Peripheral/src\ch32h417_gpio.c ****  *            GPIO_Remap_PD0PD1 - PD0 and PD1 Alternate Function mapping
 383:c:/Users/User/Documents/GitHub/ch32h417/EVT/EXAM/SRC/Peripheral/src\ch32h417_gpio.c ****  *            GPIO_Remap_ADC1_ETRGINJ - ADC1 external trigger injection conversion mapping
 384:c:/Users/User/Documents/GitHub/ch32h417/EVT/EXAM/SRC/Peripheral/src\ch32h417_gpio.c ****  *            GPIO_Remap_ADC1_ETRGREG - ADC1 external trigger regular conversion mapping
 385:c:/Users/User/Documents/GitHub/ch32h417/EVT/EXAM/SRC/Peripheral/src\ch32h417_gpio.c ****  *            GPIO_Remap_ADC2_ETRGINJ - ADC1 external trigger injection conversion mapping
 386:c:/Users/User/Documents/GitHub/ch32h417/EVT/EXAM/SRC/Peripheral/src\ch32h417_gpio.c ****  *            GPIO_Remap_ADC2_ETRGREG - ADC1 external trigger regular conversion mapping
 387:c:/Users/User/Documents/GitHub/ch32h417/EVT/EXAM/SRC/Peripheral/src\ch32h417_gpio.c ****  *            GPIO_PartialRemap_UHSIF_CLK - UHSIF CLK Partial Alternate Function mapping
 388:c:/Users/User/Documents/GitHub/ch32h417/EVT/EXAM/SRC/Peripheral/src\ch32h417_gpio.c ****  *            GPIO_PartialRemap1_UHSIF_CLK - UHSIF CLK Partial1 Alternate Function mapping
 389:c:/Users/User/Documents/GitHub/ch32h417/EVT/EXAM/SRC/Peripheral/src\ch32h417_gpio.c ****  *            GPIO_FullRemap_UHSIF_CLK - UHSIF CLK Full Alternate Function mapping
 390:c:/Users/User/Documents/GitHub/ch32h417/EVT/EXAM/SRC/Peripheral/src\ch32h417_gpio.c ****  *            GPIO_PartialRemap_UHSIF_PORT - UHSIF Port Partial Alternate Function mapping
 391:c:/Users/User/Documents/GitHub/ch32h417/EVT/EXAM/SRC/Peripheral/src\ch32h417_gpio.c ****  *            GPIO_FullRemap_UHSIF_PORT - UHSIF Port Full Alternate Function mapping
 392:c:/Users/User/Documents/GitHub/ch32h417/EVT/EXAM/SRC/Peripheral/src\ch32h417_gpio.c ****  *            GPIO_PartialRemap_SDMMC - SDMMC Partial Alternate Function mapping
 393:c:/Users/User/Documents/GitHub/ch32h417/EVT/EXAM/SRC/Peripheral/src\ch32h417_gpio.c ****  *            GPIO_FullRemap_SDMMC - SDMMC Full Alternate Function mapping
 394:c:/Users/User/Documents/GitHub/ch32h417/EVT/EXAM/SRC/Peripheral/src\ch32h417_gpio.c ****  *            GPIO_Remap_TIM2ITR1 - TIM2 TRIG Partial2 Alternate Function mapping
 395:c:/Users/User/Documents/GitHub/ch32h417/EVT/EXAM/SRC/Peripheral/src\ch32h417_gpio.c ****  *            GPIO_Remap_VIO1V8_IO_HSLV - VIO(1.8V) GPIO speed configration Function mapping
 396:c:/Users/User/Documents/GitHub/ch32h417/EVT/EXAM/SRC/Peripheral/src\ch32h417_gpio.c ****  *            GPIO_Remap_VIO3V3_IO_HSLV - VIO(3.3V) GPIO speed configration Function mapping
 397:c:/Users/User/Documents/GitHub/ch32h417/EVT/EXAM/SRC/Peripheral/src\ch32h417_gpio.c ****  *            GPIO_Remap_VDD3V3_IO_HSLV - VDD(3.3V) GPIO speed configration Function mapping
 398:c:/Users/User/Documents/GitHub/ch32h417/EVT/EXAM/SRC/Peripheral/src\ch32h417_gpio.c ****  *            GPIO_Remap_SWJ_Disable - SWJ Disable Function mapping
 399:c:/Users/User/Documents/GitHub/ch32h417/EVT/EXAM/SRC/Peripheral/src\ch32h417_gpio.c ****  *          NewState - ENABLE or DISABLE.
 400:c:/Users/User/Documents/GitHub/ch32h417/EVT/EXAM/SRC/Peripheral/src\ch32h417_gpio.c ****  *
 401:c:/Users/User/Documents/GitHub/ch32h417/EVT/EXAM/SRC/Peripheral/src\ch32h417_gpio.c ****  * @return  none
 402:c:/Users/User/Documents/GitHub/ch32h417/EVT/EXAM/SRC/Peripheral/src\ch32h417_gpio.c ****  */
 403:c:/Users/User/Documents/GitHub/ch32h417/EVT/EXAM/SRC/Peripheral/src\ch32h417_gpio.c **** void GPIO_PinRemapConfig(uint32_t GPIO_Remap, FunctionalState NewState)
 404:c:/Users/User/Documents/GitHub/ch32h417/EVT/EXAM/SRC/Peripheral/src\ch32h417_gpio.c **** {
 631              		.loc 1 404 1 is_stmt 1
 632              		.cfi_startproc
 633              	.LVL74:
 405:c:/Users/User/Documents/GitHub/ch32h417/EVT/EXAM/SRC/Peripheral/src\ch32h417_gpio.c ****     uint32_t tmp = 0x00, tmp1 = 0x00, tmpreg = 0x00, tmpmask = 0x00;
 634              		.loc 1 405 5
 406:c:/Users/User/Documents/GitHub/ch32h417/EVT/EXAM/SRC/Peripheral/src\ch32h417_gpio.c **** 
 407:c:/Users/User/Documents/GitHub/ch32h417/EVT/EXAM/SRC/Peripheral/src\ch32h417_gpio.c ****     tmpreg = AFIO->PCFR1;
 635              		.loc 1 407 5
 636              		.loc 1 407 12 is_stmt 0
 637 0000 37080140 		li	a6,1073807360
 408:c:/Users/User/Documents/GitHub/ch32h417/EVT/EXAM/SRC/Peripheral/src\ch32h417_gpio.c ****     tmpmask = (GPIO_Remap & DBGAFR_POSITION_MASK) >> 0x10;
 409:c:/Users/User/Documents/GitHub/ch32h417/EVT/EXAM/SRC/Peripheral/src\ch32h417_gpio.c ****     tmp = GPIO_Remap & LSB_MASK;
 410:c:/Users/User/Documents/GitHub/ch32h417/EVT/EXAM/SRC/Peripheral/src\ch32h417_gpio.c **** 
 411:c:/Users/User/Documents/GitHub/ch32h417/EVT/EXAM/SRC/Peripheral/src\ch32h417_gpio.c ****     if((GPIO_Remap & (DBGAFR_LOCATION_MASK | DBGAFR_NUMBITS_MASK)) == (DBGAFR_LOCATION_MASK | DBGAF
 638              		.loc 1 411 20
 639 0004 B7073000 		li	a5,3145728
 407:c:/Users/User/Documents/GitHub/ch32h417/EVT/EXAM/SRC/Peripheral/src\ch32h417_gpio.c ****     tmpmask = (GPIO_Remap & DBGAFR_POSITION_MASK) >> 0x10;
 640              		.loc 1 407 12
 641 0008 03260800 		lw	a2,0(a6)
 642              	.LVL75:
 408:c:/Users/User/Documents/GitHub/ch32h417/EVT/EXAM/SRC/Peripheral/src\ch32h417_gpio.c ****     tmpmask = (GPIO_Remap & DBGAFR_POSITION_MASK) >> 0x10;
 643              		.loc 1 408 5 is_stmt 1
 409:c:/Users/User/Documents/GitHub/ch32h417/EVT/EXAM/SRC/Peripheral/src\ch32h417_gpio.c **** 
 644              		.loc 1 409 5
 645              		.loc 1 411 20 is_stmt 0
 646 000c B376F500 		and	a3,a0,a5
 409:c:/Users/User/Documents/GitHub/ch32h417/EVT/EXAM/SRC/Peripheral/src\ch32h417_gpio.c **** 
 647              		.loc 1 409 9
 648 0010 33470508 		zext.h	a4,a0
 649              	.LVL76:
 650              		.loc 1 411 5 is_stmt 1
 651              		.loc 1 411 7 is_stmt 0
 652 0014 6397F602 		bne	a3,a5,.L49
 412:c:/Users/User/Documents/GitHub/ch32h417/EVT/EXAM/SRC/Peripheral/src\ch32h417_gpio.c ****     {
 413:c:/Users/User/Documents/GitHub/ch32h417/EVT/EXAM/SRC/Peripheral/src\ch32h417_gpio.c ****         tmpreg &= DBGAFR_SWJCFG_MASK;
 653              		.loc 1 413 9 is_stmt 1
 654              		.loc 1 413 16 is_stmt 0
 655 0018 B70600F1 		li	a3,-251658240
 656 001c FD16     		addi	a3,a3,-1
 657 001e B377D600 		and	a5,a2,a3
 658              	.LVL77:
 414:c:/Users/User/Documents/GitHub/ch32h417/EVT/EXAM/SRC/Peripheral/src\ch32h417_gpio.c ****         AFIO->PCFR1 &= DBGAFR_SWJCFG_MASK;
 659              		.loc 1 414 9 is_stmt 1
 660              		.loc 1 414 13 is_stmt 0
 661 0022 03260800 		lw	a2,0(a6)
 662              		.loc 1 414 21
 663 0026 F18E     		and	a3,a2,a3
 664 0028 2320D800 		sw	a3,0(a6)
 665              	.LVL78:
 666              	.L50:
 415:c:/Users/User/Documents/GitHub/ch32h417/EVT/EXAM/SRC/Peripheral/src\ch32h417_gpio.c ****     }
 416:c:/Users/User/Documents/GitHub/ch32h417/EVT/EXAM/SRC/Peripheral/src\ch32h417_gpio.c ****     else if((GPIO_Remap & DBGAFR_NUMBITS_MASK) == DBGAFR_NUMBITS_MASK) /* [15:0] 2bit */
 417:c:/Users/User/Documents/GitHub/ch32h417/EVT/EXAM/SRC/Peripheral/src\ch32h417_gpio.c ****     {
 418:c:/Users/User/Documents/GitHub/ch32h417/EVT/EXAM/SRC/Peripheral/src\ch32h417_gpio.c ****         tmp1 = ((uint32_t)0x03) << tmpmask;
 419:c:/Users/User/Documents/GitHub/ch32h417/EVT/EXAM/SRC/Peripheral/src\ch32h417_gpio.c ****         tmpreg &= ~tmp1;
 420:c:/Users/User/Documents/GitHub/ch32h417/EVT/EXAM/SRC/Peripheral/src\ch32h417_gpio.c ****         tmpreg |= ~DBGAFR_SWJCFG_MASK;
 421:c:/Users/User/Documents/GitHub/ch32h417/EVT/EXAM/SRC/Peripheral/src\ch32h417_gpio.c ****     }
 422:c:/Users/User/Documents/GitHub/ch32h417/EVT/EXAM/SRC/Peripheral/src\ch32h417_gpio.c ****     else /* [31:0] 1bit */
 423:c:/Users/User/Documents/GitHub/ch32h417/EVT/EXAM/SRC/Peripheral/src\ch32h417_gpio.c ****     {
 424:c:/Users/User/Documents/GitHub/ch32h417/EVT/EXAM/SRC/Peripheral/src\ch32h417_gpio.c ****         tmpreg &= ~(tmp << ((GPIO_Remap >> 0x15) * 0x10));
 425:c:/Users/User/Documents/GitHub/ch32h417/EVT/EXAM/SRC/Peripheral/src\ch32h417_gpio.c ****         tmpreg |= ~DBGAFR_SWJCFG_MASK;
 426:c:/Users/User/Documents/GitHub/ch32h417/EVT/EXAM/SRC/Peripheral/src\ch32h417_gpio.c ****     }
 427:c:/Users/User/Documents/GitHub/ch32h417/EVT/EXAM/SRC/Peripheral/src\ch32h417_gpio.c **** 
 428:c:/Users/User/Documents/GitHub/ch32h417/EVT/EXAM/SRC/Peripheral/src\ch32h417_gpio.c ****     /* Set bit */
 429:c:/Users/User/Documents/GitHub/ch32h417/EVT/EXAM/SRC/Peripheral/src\ch32h417_gpio.c ****     if(NewState != DISABLE)
 667              		.loc 1 429 5 is_stmt 1
 668              		.loc 1 429 7 is_stmt 0
 669 002c 99C5     		beq	a1,zero,.L52
 430:c:/Users/User/Documents/GitHub/ch32h417/EVT/EXAM/SRC/Peripheral/src\ch32h417_gpio.c ****     {
 431:c:/Users/User/Documents/GitHub/ch32h417/EVT/EXAM/SRC/Peripheral/src\ch32h417_gpio.c ****         tmpreg |= (tmp << (((GPIO_Remap & 0x00FFFFFF) >> 0x15) * 0x10));
 670              		.loc 1 431 9 is_stmt 1
 671              		.loc 1 431 55 is_stmt 0
 672 002e 4581     		srli	a0,a0,17
 673              	.LVL79:
 674              		.loc 1 431 64
 675 0030 13750507 		andi	a0,a0,112
 676              		.loc 1 431 24
 677 0034 3317A700 		sll	a4,a4,a0
 678              	.LVL80:
 679              		.loc 1 431 16
 680 0038 D98F     		or	a5,a5,a4
 681              	.LVL81:
 682              	.L52:
 432:c:/Users/User/Documents/GitHub/ch32h417/EVT/EXAM/SRC/Peripheral/src\ch32h417_gpio.c ****     }
 433:c:/Users/User/Documents/GitHub/ch32h417/EVT/EXAM/SRC/Peripheral/src\ch32h417_gpio.c **** 
 434:c:/Users/User/Documents/GitHub/ch32h417/EVT/EXAM/SRC/Peripheral/src\ch32h417_gpio.c ****     AFIO->PCFR1 = tmpreg;
 683              		.loc 1 434 5 is_stmt 1
 684              		.loc 1 434 17 is_stmt 0
 685 003a 37070140 		li	a4,1073807360
 686 003e 1CC3     		sw	a5,0(a4)
 435:c:/Users/User/Documents/GitHub/ch32h417/EVT/EXAM/SRC/Peripheral/src\ch32h417_gpio.c **** }
 687              		.loc 1 435 1
 688 0040 8280     		ret
 689              	.LVL82:
 690              	.L49:
 416:c:/Users/User/Documents/GitHub/ch32h417/EVT/EXAM/SRC/Peripheral/src\ch32h417_gpio.c ****     {
 691              		.loc 1 416 10 is_stmt 1
 416:c:/Users/User/Documents/GitHub/ch32h417/EVT/EXAM/SRC/Peripheral/src\ch32h417_gpio.c ****     {
 692              		.loc 1 416 25 is_stmt 0
 693 0042 B7071000 		li	a5,1048576
 694 0046 E98F     		and	a5,a0,a5
 416:c:/Users/User/Documents/GitHub/ch32h417/EVT/EXAM/SRC/Peripheral/src\ch32h417_gpio.c ****     {
 695              		.loc 1 416 12
 696 0048 89CF     		beq	a5,zero,.L51
 418:c:/Users/User/Documents/GitHub/ch32h417/EVT/EXAM/SRC/Peripheral/src\ch32h417_gpio.c ****         tmpreg &= ~tmp1;
 697              		.loc 1 418 9 is_stmt 1
 698              	.LVL83:
 419:c:/Users/User/Documents/GitHub/ch32h417/EVT/EXAM/SRC/Peripheral/src\ch32h417_gpio.c ****         tmpreg |= ~DBGAFR_SWJCFG_MASK;
 699              		.loc 1 419 9
 408:c:/Users/User/Documents/GitHub/ch32h417/EVT/EXAM/SRC/Peripheral/src\ch32h417_gpio.c ****     tmp = GPIO_Remap & LSB_MASK;
 700              		.loc 1 408 51 is_stmt 0
 701 004a 93560501 		srli	a3,a0,16
 408:c:/Users/User/Documents/GitHub/ch32h417/EVT/EXAM/SRC/Peripheral/src\ch32h417_gpio.c ****     tmp = GPIO_Remap & LSB_MASK;
 702              		.loc 1 408 13
 703 004e BD8A     		andi	a3,a3,15
 418:c:/Users/User/Documents/GitHub/ch32h417/EVT/EXAM/SRC/Peripheral/src\ch32h417_gpio.c ****         tmpreg &= ~tmp1;
 704              		.loc 1 418 14
 705 0050 8D47     		li	a5,3
 706 0052 B397D700 		sll	a5,a5,a3
 707              	.LVL84:
 708              	.L56:
 425:c:/Users/User/Documents/GitHub/ch32h417/EVT/EXAM/SRC/Peripheral/src\ch32h417_gpio.c ****     }
 709              		.loc 1 425 16
 710 0056 B706000F 		li	a3,251658240
 424:c:/Users/User/Documents/GitHub/ch32h417/EVT/EXAM/SRC/Peripheral/src\ch32h417_gpio.c ****         tmpreg |= ~DBGAFR_SWJCFG_MASK;
 711              		.loc 1 424 16
 712 005a B377F640 		andn	a5,a2,a5
 713              	.LVL85:
 425:c:/Users/User/Documents/GitHub/ch32h417/EVT/EXAM/SRC/Peripheral/src\ch32h417_gpio.c ****     }
 714              		.loc 1 425 9 is_stmt 1
 425:c:/Users/User/Documents/GitHub/ch32h417/EVT/EXAM/SRC/Peripheral/src\ch32h417_gpio.c ****     }
 715              		.loc 1 425 16 is_stmt 0
 716 005e D58F     		or	a5,a5,a3
 717              	.LVL86:
 718 0060 F1B7     		j	.L50
 719              	.LVL87:
 720              	.L51:
 424:c:/Users/User/Documents/GitHub/ch32h417/EVT/EXAM/SRC/Peripheral/src\ch32h417_gpio.c ****         tmpreg |= ~DBGAFR_SWJCFG_MASK;
 721              		.loc 1 424 9 is_stmt 1
 424:c:/Users/User/Documents/GitHub/ch32h417/EVT/EXAM/SRC/Peripheral/src\ch32h417_gpio.c ****         tmpreg |= ~DBGAFR_SWJCFG_MASK;
 722              		.loc 1 424 41 is_stmt 0
 723 0062 93575501 		srli	a5,a0,21
 424:c:/Users/User/Documents/GitHub/ch32h417/EVT/EXAM/SRC/Peripheral/src\ch32h417_gpio.c ****         tmpreg |= ~DBGAFR_SWJCFG_MASK;
 724              		.loc 1 424 50
 725 0066 9207     		slli	a5,a5,4
 424:c:/Users/User/Documents/GitHub/ch32h417/EVT/EXAM/SRC/Peripheral/src\ch32h417_gpio.c ****         tmpreg |= ~DBGAFR_SWJCFG_MASK;
 726              		.loc 1 424 25
 727 0068 B317F700 		sll	a5,a4,a5
 728 006c EDB7     		j	.L56
 729              		.cfi_endproc
 730              	.LFE53:
 732              		.section	.text.GPIO_PinAFConfig,"ax",@progbits
 733              		.align	1
 734              		.globl	GPIO_PinAFConfig
 736              	GPIO_PinAFConfig:
 737              	.LFB54:
 436:c:/Users/User/Documents/GitHub/ch32h417/EVT/EXAM/SRC/Peripheral/src\ch32h417_gpio.c **** 
 437:c:/Users/User/Documents/GitHub/ch32h417/EVT/EXAM/SRC/Peripheral/src\ch32h417_gpio.c **** /*********************************************************************
 438:c:/Users/User/Documents/GitHub/ch32h417/EVT/EXAM/SRC/Peripheral/src\ch32h417_gpio.c ****  * @fn      GPIO_PinAFConfig
 439:c:/Users/User/Documents/GitHub/ch32h417/EVT/EXAM/SRC/Peripheral/src\ch32h417_gpio.c ****  *
 440:c:/Users/User/Documents/GitHub/ch32h417/EVT/EXAM/SRC/Peripheral/src\ch32h417_gpio.c ****  * @brief   Port multiplexing function.
 441:c:/Users/User/Documents/GitHub/ch32h417/EVT/EXAM/SRC/Peripheral/src\ch32h417_gpio.c ****  *
 442:c:/Users/User/Documents/GitHub/ch32h417/EVT/EXAM/SRC/Peripheral/src\ch32h417_gpio.c ****  * @param   GPIOx where x can be (A..F).
 443:c:/Users/User/Documents/GitHub/ch32h417/EVT/EXAM/SRC/Peripheral/src\ch32h417_gpio.c ****  *          GPIO_PinSource - specifies the pin to be configured.
 444:c:/Users/User/Documents/GitHub/ch32h417/EVT/EXAM/SRC/Peripheral/src\ch32h417_gpio.c ****  *            This parameter can be GPIO_PinSourcex where x can be (0..15).
 445:c:/Users/User/Documents/GitHub/ch32h417/EVT/EXAM/SRC/Peripheral/src\ch32h417_gpio.c ****  *          GPIO_AF - The number of the multiplexed function.
 446:c:/Users/User/Documents/GitHub/ch32h417/EVT/EXAM/SRC/Peripheral/src\ch32h417_gpio.c ****  *            This parameter can refer:CH32V417DS0.pdf.
 447:c:/Users/User/Documents/GitHub/ch32h417/EVT/EXAM/SRC/Peripheral/src\ch32h417_gpio.c ****  *
 448:c:/Users/User/Documents/GitHub/ch32h417/EVT/EXAM/SRC/Peripheral/src\ch32h417_gpio.c ****  * @return  none
 449:c:/Users/User/Documents/GitHub/ch32h417/EVT/EXAM/SRC/Peripheral/src\ch32h417_gpio.c ****  */
 450:c:/Users/User/Documents/GitHub/ch32h417/EVT/EXAM/SRC/Peripheral/src\ch32h417_gpio.c **** void GPIO_PinAFConfig(GPIO_TypeDef *GPIOx, uint8_t GPIO_PinSource, uint8_t GPIO_AF)
 451:c:/Users/User/Documents/GitHub/ch32h417/EVT/EXAM/SRC/Peripheral/src\ch32h417_gpio.c **** {
 738              		.loc 1 451 1 is_stmt 1
 739              		.cfi_startproc
 740              	.LVL88:
 452:c:/Users/User/Documents/GitHub/ch32h417/EVT/EXAM/SRC/Peripheral/src\ch32h417_gpio.c ****     uint8_t tmp;
 741              		.loc 1 452 5
 453:c:/Users/User/Documents/GitHub/ch32h417/EVT/EXAM/SRC/Peripheral/src\ch32h417_gpio.c **** 
 454:c:/Users/User/Documents/GitHub/ch32h417/EVT/EXAM/SRC/Peripheral/src\ch32h417_gpio.c ****     if(GPIO_PinSource >= 0x08)
 742              		.loc 1 454 5
 743 0000 37170140 		li	a4,1073811456
 744              		.loc 1 454 7 is_stmt 0
 745 0004 9D47     		li	a5,7
 746 0006 93060780 		addi	a3,a4,-2048
 747 000a 63F8B702 		bleu	a1,a5,.L58
 455:c:/Users/User/Documents/GitHub/ch32h417/EVT/EXAM/SRC/Peripheral/src\ch32h417_gpio.c ****     {
 456:c:/Users/User/Documents/GitHub/ch32h417/EVT/EXAM/SRC/Peripheral/src\ch32h417_gpio.c ****         tmp = GPIO_PinSource - 0x08;
 748              		.loc 1 456 9 is_stmt 1
 749              		.loc 1 456 13 is_stmt 0
 750 000e 938785FF 		addi	a5,a1,-8
 751 0012 93F7F70F 		andi	a5,a5,0xff
 752              	.LVL89:
 457:c:/Users/User/Documents/GitHub/ch32h417/EVT/EXAM/SRC/Peripheral/src\ch32h417_gpio.c ****     }
 458:c:/Users/User/Documents/GitHub/ch32h417/EVT/EXAM/SRC/Peripheral/src\ch32h417_gpio.c ****     else
 459:c:/Users/User/Documents/GitHub/ch32h417/EVT/EXAM/SRC/Peripheral/src\ch32h417_gpio.c ****     {
 460:c:/Users/User/Documents/GitHub/ch32h417/EVT/EXAM/SRC/Peripheral/src\ch32h417_gpio.c ****         tmp = GPIO_PinSource;
 461:c:/Users/User/Documents/GitHub/ch32h417/EVT/EXAM/SRC/Peripheral/src\ch32h417_gpio.c ****     }
 462:c:/Users/User/Documents/GitHub/ch32h417/EVT/EXAM/SRC/Peripheral/src\ch32h417_gpio.c **** 
 463:c:/Users/User/Documents/GitHub/ch32h417/EVT/EXAM/SRC/Peripheral/src\ch32h417_gpio.c ****     if(GPIOx == GPIOA)
 753              		.loc 1 463 5 is_stmt 1
 754              		.loc 1 463 7 is_stmt 0
 755 0016 631AD506 		bne	a0,a3,.L76
 464:c:/Users/User/Documents/GitHub/ch32h417/EVT/EXAM/SRC/Peripheral/src\ch32h417_gpio.c ****     {
 465:c:/Users/User/Documents/GitHub/ch32h417/EVT/EXAM/SRC/Peripheral/src\ch32h417_gpio.c ****         if(GPIO_PinSource >= 0x08)
 756              		.loc 1 465 9 is_stmt 1
 466:c:/Users/User/Documents/GitHub/ch32h417/EVT/EXAM/SRC/Peripheral/src\ch32h417_gpio.c ****         {
 467:c:/Users/User/Documents/GitHub/ch32h417/EVT/EXAM/SRC/Peripheral/src\ch32h417_gpio.c ****             AFIO->GPIOA_AFHR &= ~(0xF << (tmp << 2));
 757              		.loc 1 467 13
 758              		.loc 1 467 17 is_stmt 0
 759 001a B7060140 		li	a3,1073807360
 760 001e 8C46     		lw	a1,8(a3)
 761              	.LVL90:
 762              		.loc 1 467 47
 763 0020 8A07     		slli	a5,a5,2
 764              	.LVL91:
 765              		.loc 1 467 39
 766 0022 3D47     		li	a4,15
 767 0024 3317F700 		sll	a4,a4,a5
 768              		.loc 1 467 30
 769 0028 33F7E540 		andn	a4,a1,a4
 770 002c 98C6     		sw	a4,8(a3)
 468:c:/Users/User/Documents/GitHub/ch32h417/EVT/EXAM/SRC/Peripheral/src\ch32h417_gpio.c ****             AFIO->GPIOA_AFHR |= (GPIO_AF << (tmp << 2));
 771              		.loc 1 468 13 is_stmt 1
 772              		.loc 1 468 17 is_stmt 0
 773 002e 9846     		lw	a4,8(a3)
 774              		.loc 1 468 42
 775 0030 B317F600 		sll	a5,a2,a5
 776              		.loc 1 468 30
 777 0034 D98F     		or	a5,a5,a4
 778 0036 9CC6     		sw	a5,8(a3)
 779 0038 8280     		ret
 780              	.LVL92:
 781              	.L58:
 463:c:/Users/User/Documents/GitHub/ch32h417/EVT/EXAM/SRC/Peripheral/src\ch32h417_gpio.c ****     {
 782              		.loc 1 463 5 is_stmt 1
 463:c:/Users/User/Documents/GitHub/ch32h417/EVT/EXAM/SRC/Peripheral/src\ch32h417_gpio.c ****     {
 783              		.loc 1 463 7 is_stmt 0
 784 003a 6308D502 		beq	a0,a3,.L61
 469:c:/Users/User/Documents/GitHub/ch32h417/EVT/EXAM/SRC/Peripheral/src\ch32h417_gpio.c ****         }
 470:c:/Users/User/Documents/GitHub/ch32h417/EVT/EXAM/SRC/Peripheral/src\ch32h417_gpio.c ****         else
 471:c:/Users/User/Documents/GitHub/ch32h417/EVT/EXAM/SRC/Peripheral/src\ch32h417_gpio.c ****         {
 472:c:/Users/User/Documents/GitHub/ch32h417/EVT/EXAM/SRC/Peripheral/src\ch32h417_gpio.c ****             AFIO->GPIOA_AFLR &= ~(0xF << (tmp << 2));
 473:c:/Users/User/Documents/GitHub/ch32h417/EVT/EXAM/SRC/Peripheral/src\ch32h417_gpio.c ****             AFIO->GPIOA_AFLR |= (GPIO_AF << (tmp << 2));
 474:c:/Users/User/Documents/GitHub/ch32h417/EVT/EXAM/SRC/Peripheral/src\ch32h417_gpio.c ****         }
 475:c:/Users/User/Documents/GitHub/ch32h417/EVT/EXAM/SRC/Peripheral/src\ch32h417_gpio.c ****     }
 476:c:/Users/User/Documents/GitHub/ch32h417/EVT/EXAM/SRC/Peripheral/src\ch32h417_gpio.c ****     else if(GPIOx == GPIOB)
 785              		.loc 1 476 10 is_stmt 1
 786              		.loc 1 476 12 is_stmt 0
 787 003e 930707C0 		addi	a5,a4,-1024
 788 0042 630AF508 		beq	a0,a5,.L62
 477:c:/Users/User/Documents/GitHub/ch32h417/EVT/EXAM/SRC/Peripheral/src\ch32h417_gpio.c ****     {
 478:c:/Users/User/Documents/GitHub/ch32h417/EVT/EXAM/SRC/Peripheral/src\ch32h417_gpio.c ****         if(GPIO_PinSource >= 0x08)
 479:c:/Users/User/Documents/GitHub/ch32h417/EVT/EXAM/SRC/Peripheral/src\ch32h417_gpio.c ****         {
 480:c:/Users/User/Documents/GitHub/ch32h417/EVT/EXAM/SRC/Peripheral/src\ch32h417_gpio.c ****             AFIO->GPIOB_AFHR &= ~(0xF << (tmp << 2));
 481:c:/Users/User/Documents/GitHub/ch32h417/EVT/EXAM/SRC/Peripheral/src\ch32h417_gpio.c ****             AFIO->GPIOB_AFHR |= (GPIO_AF << (tmp << 2));
 482:c:/Users/User/Documents/GitHub/ch32h417/EVT/EXAM/SRC/Peripheral/src\ch32h417_gpio.c ****         }
 483:c:/Users/User/Documents/GitHub/ch32h417/EVT/EXAM/SRC/Peripheral/src\ch32h417_gpio.c ****         else
 484:c:/Users/User/Documents/GitHub/ch32h417/EVT/EXAM/SRC/Peripheral/src\ch32h417_gpio.c ****         {
 485:c:/Users/User/Documents/GitHub/ch32h417/EVT/EXAM/SRC/Peripheral/src\ch32h417_gpio.c ****             AFIO->GPIOB_AFLR &= ~(0xF << (tmp << 2));
 486:c:/Users/User/Documents/GitHub/ch32h417/EVT/EXAM/SRC/Peripheral/src\ch32h417_gpio.c ****             AFIO->GPIOB_AFLR |= (GPIO_AF << (tmp << 2));
 487:c:/Users/User/Documents/GitHub/ch32h417/EVT/EXAM/SRC/Peripheral/src\ch32h417_gpio.c ****         }
 488:c:/Users/User/Documents/GitHub/ch32h417/EVT/EXAM/SRC/Peripheral/src\ch32h417_gpio.c ****     }
 489:c:/Users/User/Documents/GitHub/ch32h417/EVT/EXAM/SRC/Peripheral/src\ch32h417_gpio.c ****     else if(GPIOx == GPIOC)
 789              		.loc 1 489 10 is_stmt 1
 790              		.loc 1 489 12 is_stmt 0
 791 0046 631CE516 		bne	a0,a4,.L77
 490:c:/Users/User/Documents/GitHub/ch32h417/EVT/EXAM/SRC/Peripheral/src\ch32h417_gpio.c ****     {
 491:c:/Users/User/Documents/GitHub/ch32h417/EVT/EXAM/SRC/Peripheral/src\ch32h417_gpio.c ****         if(GPIO_PinSource >= 0x08)
 792              		.loc 1 491 9 is_stmt 1
 492:c:/Users/User/Documents/GitHub/ch32h417/EVT/EXAM/SRC/Peripheral/src\ch32h417_gpio.c ****         {
 493:c:/Users/User/Documents/GitHub/ch32h417/EVT/EXAM/SRC/Peripheral/src\ch32h417_gpio.c ****             AFIO->GPIOC_AFHR &= ~(0xF << (tmp << 2));
 494:c:/Users/User/Documents/GitHub/ch32h417/EVT/EXAM/SRC/Peripheral/src\ch32h417_gpio.c ****             AFIO->GPIOC_AFHR |= (GPIO_AF << (tmp << 2));
 495:c:/Users/User/Documents/GitHub/ch32h417/EVT/EXAM/SRC/Peripheral/src\ch32h417_gpio.c ****         }
 496:c:/Users/User/Documents/GitHub/ch32h417/EVT/EXAM/SRC/Peripheral/src\ch32h417_gpio.c ****         else
 497:c:/Users/User/Documents/GitHub/ch32h417/EVT/EXAM/SRC/Peripheral/src\ch32h417_gpio.c ****         {
 498:c:/Users/User/Documents/GitHub/ch32h417/EVT/EXAM/SRC/Peripheral/src\ch32h417_gpio.c ****             AFIO->GPIOC_AFLR &= ~(0xF << (tmp << 2));
 793              		.loc 1 498 13
 794              		.loc 1 498 17 is_stmt 0
 795 004a 37070140 		li	a4,1073807360
 796 004e 544B     		lw	a3,20(a4)
 797              		.loc 1 498 47
 798 0050 8A05     		slli	a1,a1,2
 799              	.LVL93:
 800              		.loc 1 498 39
 801 0052 BD47     		li	a5,15
 802 0054 B397B700 		sll	a5,a5,a1
 803              		.loc 1 498 30
 804 0058 B3F7F640 		andn	a5,a3,a5
 805 005c 5CCB     		sw	a5,20(a4)
 499:c:/Users/User/Documents/GitHub/ch32h417/EVT/EXAM/SRC/Peripheral/src\ch32h417_gpio.c ****             AFIO->GPIOC_AFLR |= (GPIO_AF << (tmp << 2));
 806              		.loc 1 499 13 is_stmt 1
 807              		.loc 1 499 17 is_stmt 0
 808 005e 5C4B     		lw	a5,20(a4)
 809              		.loc 1 499 42
 810 0060 B315B600 		sll	a1,a2,a1
 811              		.loc 1 499 30
 812 0064 DD8D     		or	a1,a1,a5
 813 0066 4CCB     		sw	a1,20(a4)
 814 0068 8280     		ret
 815              	.LVL94:
 816              	.L61:
 465:c:/Users/User/Documents/GitHub/ch32h417/EVT/EXAM/SRC/Peripheral/src\ch32h417_gpio.c ****         {
 817              		.loc 1 465 9 is_stmt 1
 472:c:/Users/User/Documents/GitHub/ch32h417/EVT/EXAM/SRC/Peripheral/src\ch32h417_gpio.c ****             AFIO->GPIOA_AFLR |= (GPIO_AF << (tmp << 2));
 818              		.loc 1 472 13
 472:c:/Users/User/Documents/GitHub/ch32h417/EVT/EXAM/SRC/Peripheral/src\ch32h417_gpio.c ****             AFIO->GPIOA_AFLR |= (GPIO_AF << (tmp << 2));
 819              		.loc 1 472 17 is_stmt 0
 820 006a 37070140 		li	a4,1073807360
 821 006e 5443     		lw	a3,4(a4)
 472:c:/Users/User/Documents/GitHub/ch32h417/EVT/EXAM/SRC/Peripheral/src\ch32h417_gpio.c ****             AFIO->GPIOA_AFLR |= (GPIO_AF << (tmp << 2));
 822              		.loc 1 472 47
 823 0070 8A05     		slli	a1,a1,2
 824              	.LVL95:
 472:c:/Users/User/Documents/GitHub/ch32h417/EVT/EXAM/SRC/Peripheral/src\ch32h417_gpio.c ****             AFIO->GPIOA_AFLR |= (GPIO_AF << (tmp << 2));
 825              		.loc 1 472 39
 826 0072 BD47     		li	a5,15
 827 0074 B397B700 		sll	a5,a5,a1
 472:c:/Users/User/Documents/GitHub/ch32h417/EVT/EXAM/SRC/Peripheral/src\ch32h417_gpio.c ****             AFIO->GPIOA_AFLR |= (GPIO_AF << (tmp << 2));
 828              		.loc 1 472 30
 829 0078 B3F7F640 		andn	a5,a3,a5
 830 007c 5CC3     		sw	a5,4(a4)
 473:c:/Users/User/Documents/GitHub/ch32h417/EVT/EXAM/SRC/Peripheral/src\ch32h417_gpio.c ****         }
 831              		.loc 1 473 13 is_stmt 1
 473:c:/Users/User/Documents/GitHub/ch32h417/EVT/EXAM/SRC/Peripheral/src\ch32h417_gpio.c ****         }
 832              		.loc 1 473 17 is_stmt 0
 833 007e 5C43     		lw	a5,4(a4)
 473:c:/Users/User/Documents/GitHub/ch32h417/EVT/EXAM/SRC/Peripheral/src\ch32h417_gpio.c ****         }
 834              		.loc 1 473 42
 835 0080 B315B600 		sll	a1,a2,a1
 473:c:/Users/User/Documents/GitHub/ch32h417/EVT/EXAM/SRC/Peripheral/src\ch32h417_gpio.c ****         }
 836              		.loc 1 473 30
 837 0084 DD8D     		or	a1,a1,a5
 838 0086 4CC3     		sw	a1,4(a4)
 839 0088 8280     		ret
 840              	.LVL96:
 841              	.L76:
 476:c:/Users/User/Documents/GitHub/ch32h417/EVT/EXAM/SRC/Peripheral/src\ch32h417_gpio.c ****     {
 842              		.loc 1 476 10 is_stmt 1
 476:c:/Users/User/Documents/GitHub/ch32h417/EVT/EXAM/SRC/Peripheral/src\ch32h417_gpio.c ****     {
 843              		.loc 1 476 12 is_stmt 0
 844 008a 930607C0 		addi	a3,a4,-1024
 845 008e 6304D502 		beq	a0,a3,.L66
 489:c:/Users/User/Documents/GitHub/ch32h417/EVT/EXAM/SRC/Peripheral/src\ch32h417_gpio.c ****     {
 846              		.loc 1 489 10 is_stmt 1
 489:c:/Users/User/Documents/GitHub/ch32h417/EVT/EXAM/SRC/Peripheral/src\ch32h417_gpio.c ****     {
 847              		.loc 1 489 12 is_stmt 0
 848 0092 6312E510 		bne	a0,a4,.L78
 491:c:/Users/User/Documents/GitHub/ch32h417/EVT/EXAM/SRC/Peripheral/src\ch32h417_gpio.c ****         {
 849              		.loc 1 491 9 is_stmt 1
 493:c:/Users/User/Documents/GitHub/ch32h417/EVT/EXAM/SRC/Peripheral/src\ch32h417_gpio.c ****             AFIO->GPIOC_AFHR |= (GPIO_AF << (tmp << 2));
 850              		.loc 1 493 13
 493:c:/Users/User/Documents/GitHub/ch32h417/EVT/EXAM/SRC/Peripheral/src\ch32h417_gpio.c ****             AFIO->GPIOC_AFHR |= (GPIO_AF << (tmp << 2));
 851              		.loc 1 493 17 is_stmt 0
 852 0096 B7060140 		li	a3,1073807360
 853 009a 8C4E     		lw	a1,24(a3)
 854              	.LVL97:
 493:c:/Users/User/Documents/GitHub/ch32h417/EVT/EXAM/SRC/Peripheral/src\ch32h417_gpio.c ****             AFIO->GPIOC_AFHR |= (GPIO_AF << (tmp << 2));
 855              		.loc 1 493 47
 856 009c 8A07     		slli	a5,a5,2
 857              	.LVL98:
 493:c:/Users/User/Documents/GitHub/ch32h417/EVT/EXAM/SRC/Peripheral/src\ch32h417_gpio.c ****             AFIO->GPIOC_AFHR |= (GPIO_AF << (tmp << 2));
 858              		.loc 1 493 39
 859 009e 3D47     		li	a4,15
 860 00a0 3317F700 		sll	a4,a4,a5
 493:c:/Users/User/Documents/GitHub/ch32h417/EVT/EXAM/SRC/Peripheral/src\ch32h417_gpio.c ****             AFIO->GPIOC_AFHR |= (GPIO_AF << (tmp << 2));
 861              		.loc 1 493 30
 862 00a4 33F7E540 		andn	a4,a1,a4
 863 00a8 98CE     		sw	a4,24(a3)
 494:c:/Users/User/Documents/GitHub/ch32h417/EVT/EXAM/SRC/Peripheral/src\ch32h417_gpio.c ****         }
 864              		.loc 1 494 13 is_stmt 1
 494:c:/Users/User/Documents/GitHub/ch32h417/EVT/EXAM/SRC/Peripheral/src\ch32h417_gpio.c ****         }
 865              		.loc 1 494 17 is_stmt 0
 866 00aa 984E     		lw	a4,24(a3)
 494:c:/Users/User/Documents/GitHub/ch32h417/EVT/EXAM/SRC/Peripheral/src\ch32h417_gpio.c ****         }
 867              		.loc 1 494 42
 868 00ac B317F600 		sll	a5,a2,a5
 494:c:/Users/User/Documents/GitHub/ch32h417/EVT/EXAM/SRC/Peripheral/src\ch32h417_gpio.c ****         }
 869              		.loc 1 494 30
 870 00b0 D98F     		or	a5,a5,a4
 871 00b2 9CCE     		sw	a5,24(a3)
 872 00b4 8280     		ret
 873              	.LVL99:
 874              	.L66:
 478:c:/Users/User/Documents/GitHub/ch32h417/EVT/EXAM/SRC/Peripheral/src\ch32h417_gpio.c ****         {
 875              		.loc 1 478 9 is_stmt 1
 480:c:/Users/User/Documents/GitHub/ch32h417/EVT/EXAM/SRC/Peripheral/src\ch32h417_gpio.c ****             AFIO->GPIOB_AFHR |= (GPIO_AF << (tmp << 2));
 876              		.loc 1 480 13
 480:c:/Users/User/Documents/GitHub/ch32h417/EVT/EXAM/SRC/Peripheral/src\ch32h417_gpio.c ****             AFIO->GPIOB_AFHR |= (GPIO_AF << (tmp << 2));
 877              		.loc 1 480 17 is_stmt 0
 878 00b6 B7060140 		li	a3,1073807360
 879 00ba 8C4A     		lw	a1,16(a3)
 880              	.LVL100:
 480:c:/Users/User/Documents/GitHub/ch32h417/EVT/EXAM/SRC/Peripheral/src\ch32h417_gpio.c ****             AFIO->GPIOB_AFHR |= (GPIO_AF << (tmp << 2));
 881              		.loc 1 480 47
 882 00bc 8A07     		slli	a5,a5,2
 883              	.LVL101:
 480:c:/Users/User/Documents/GitHub/ch32h417/EVT/EXAM/SRC/Peripheral/src\ch32h417_gpio.c ****             AFIO->GPIOB_AFHR |= (GPIO_AF << (tmp << 2));
 884              		.loc 1 480 39
 885 00be 3D47     		li	a4,15
 886 00c0 3317F700 		sll	a4,a4,a5
 480:c:/Users/User/Documents/GitHub/ch32h417/EVT/EXAM/SRC/Peripheral/src\ch32h417_gpio.c ****             AFIO->GPIOB_AFHR |= (GPIO_AF << (tmp << 2));
 887              		.loc 1 480 30
 888 00c4 33F7E540 		andn	a4,a1,a4
 889 00c8 98CA     		sw	a4,16(a3)
 481:c:/Users/User/Documents/GitHub/ch32h417/EVT/EXAM/SRC/Peripheral/src\ch32h417_gpio.c ****         }
 890              		.loc 1 481 13 is_stmt 1
 481:c:/Users/User/Documents/GitHub/ch32h417/EVT/EXAM/SRC/Peripheral/src\ch32h417_gpio.c ****         }
 891              		.loc 1 481 17 is_stmt 0
 892 00ca 984A     		lw	a4,16(a3)
 481:c:/Users/User/Documents/GitHub/ch32h417/EVT/EXAM/SRC/Peripheral/src\ch32h417_gpio.c ****         }
 893              		.loc 1 481 42
 894 00cc B317F600 		sll	a5,a2,a5
 481:c:/Users/User/Documents/GitHub/ch32h417/EVT/EXAM/SRC/Peripheral/src\ch32h417_gpio.c ****         }
 895              		.loc 1 481 30
 896 00d0 D98F     		or	a5,a5,a4
 897 00d2 9CCA     		sw	a5,16(a3)
 898 00d4 8280     		ret
 899              	.LVL102:
 900              	.L62:
 478:c:/Users/User/Documents/GitHub/ch32h417/EVT/EXAM/SRC/Peripheral/src\ch32h417_gpio.c ****         {
 901              		.loc 1 478 9 is_stmt 1
 485:c:/Users/User/Documents/GitHub/ch32h417/EVT/EXAM/SRC/Peripheral/src\ch32h417_gpio.c ****             AFIO->GPIOB_AFLR |= (GPIO_AF << (tmp << 2));
 902              		.loc 1 485 13
 485:c:/Users/User/Documents/GitHub/ch32h417/EVT/EXAM/SRC/Peripheral/src\ch32h417_gpio.c ****             AFIO->GPIOB_AFLR |= (GPIO_AF << (tmp << 2));
 903              		.loc 1 485 17 is_stmt 0
 904 00d6 37070140 		li	a4,1073807360
 905 00da 5447     		lw	a3,12(a4)
 485:c:/Users/User/Documents/GitHub/ch32h417/EVT/EXAM/SRC/Peripheral/src\ch32h417_gpio.c ****             AFIO->GPIOB_AFLR |= (GPIO_AF << (tmp << 2));
 906              		.loc 1 485 47
 907 00dc 8A05     		slli	a1,a1,2
 908              	.LVL103:
 485:c:/Users/User/Documents/GitHub/ch32h417/EVT/EXAM/SRC/Peripheral/src\ch32h417_gpio.c ****             AFIO->GPIOB_AFLR |= (GPIO_AF << (tmp << 2));
 909              		.loc 1 485 39
 910 00de BD47     		li	a5,15
 911 00e0 B397B700 		sll	a5,a5,a1
 485:c:/Users/User/Documents/GitHub/ch32h417/EVT/EXAM/SRC/Peripheral/src\ch32h417_gpio.c ****             AFIO->GPIOB_AFLR |= (GPIO_AF << (tmp << 2));
 912              		.loc 1 485 30
 913 00e4 B3F7F640 		andn	a5,a3,a5
 914 00e8 5CC7     		sw	a5,12(a4)
 486:c:/Users/User/Documents/GitHub/ch32h417/EVT/EXAM/SRC/Peripheral/src\ch32h417_gpio.c ****         }
 915              		.loc 1 486 13 is_stmt 1
 486:c:/Users/User/Documents/GitHub/ch32h417/EVT/EXAM/SRC/Peripheral/src\ch32h417_gpio.c ****         }
 916              		.loc 1 486 17 is_stmt 0
 917 00ea 5C47     		lw	a5,12(a4)
 486:c:/Users/User/Documents/GitHub/ch32h417/EVT/EXAM/SRC/Peripheral/src\ch32h417_gpio.c ****         }
 918              		.loc 1 486 42
 919 00ec B315B600 		sll	a1,a2,a1
 486:c:/Users/User/Documents/GitHub/ch32h417/EVT/EXAM/SRC/Peripheral/src\ch32h417_gpio.c ****         }
 920              		.loc 1 486 30
 921 00f0 DD8D     		or	a1,a1,a5
 922 00f2 4CC7     		sw	a1,12(a4)
 923 00f4 8280     		ret
 924              	.LVL104:
 925              	.L80:
 500:c:/Users/User/Documents/GitHub/ch32h417/EVT/EXAM/SRC/Peripheral/src\ch32h417_gpio.c ****         }
 501:c:/Users/User/Documents/GitHub/ch32h417/EVT/EXAM/SRC/Peripheral/src\ch32h417_gpio.c ****     }
 502:c:/Users/User/Documents/GitHub/ch32h417/EVT/EXAM/SRC/Peripheral/src\ch32h417_gpio.c ****     else if(GPIOx == GPIOD)
 503:c:/Users/User/Documents/GitHub/ch32h417/EVT/EXAM/SRC/Peripheral/src\ch32h417_gpio.c ****     {
 504:c:/Users/User/Documents/GitHub/ch32h417/EVT/EXAM/SRC/Peripheral/src\ch32h417_gpio.c ****         if(GPIO_PinSource >= 0x08)
 505:c:/Users/User/Documents/GitHub/ch32h417/EVT/EXAM/SRC/Peripheral/src\ch32h417_gpio.c ****         {
 506:c:/Users/User/Documents/GitHub/ch32h417/EVT/EXAM/SRC/Peripheral/src\ch32h417_gpio.c ****             AFIO->GPIOD_AFHR &= ~(0xF << (tmp << 2));
 507:c:/Users/User/Documents/GitHub/ch32h417/EVT/EXAM/SRC/Peripheral/src\ch32h417_gpio.c ****             AFIO->GPIOD_AFHR |= (GPIO_AF << (tmp << 2));
 508:c:/Users/User/Documents/GitHub/ch32h417/EVT/EXAM/SRC/Peripheral/src\ch32h417_gpio.c ****         }
 509:c:/Users/User/Documents/GitHub/ch32h417/EVT/EXAM/SRC/Peripheral/src\ch32h417_gpio.c ****         else
 510:c:/Users/User/Documents/GitHub/ch32h417/EVT/EXAM/SRC/Peripheral/src\ch32h417_gpio.c ****         {
 511:c:/Users/User/Documents/GitHub/ch32h417/EVT/EXAM/SRC/Peripheral/src\ch32h417_gpio.c ****             AFIO->GPIOD_AFLR &= ~(0xF << (tmp << 2));
 512:c:/Users/User/Documents/GitHub/ch32h417/EVT/EXAM/SRC/Peripheral/src\ch32h417_gpio.c ****             AFIO->GPIOD_AFLR |= (GPIO_AF << (tmp << 2));
 513:c:/Users/User/Documents/GitHub/ch32h417/EVT/EXAM/SRC/Peripheral/src\ch32h417_gpio.c ****         }
 514:c:/Users/User/Documents/GitHub/ch32h417/EVT/EXAM/SRC/Peripheral/src\ch32h417_gpio.c ****     }
 515:c:/Users/User/Documents/GitHub/ch32h417/EVT/EXAM/SRC/Peripheral/src\ch32h417_gpio.c ****     else if(GPIOx == GPIOE)
 926              		.loc 1 515 10 is_stmt 1
 927              		.loc 1 515 12 is_stmt 0
 928 00f6 37270140 		li	a4,1073815552
 929 00fa 13070780 		addi	a4,a4,-2048
 460:c:/Users/User/Documents/GitHub/ch32h417/EVT/EXAM/SRC/Peripheral/src\ch32h417_gpio.c ****     }
 930              		.loc 1 460 13
 931 00fe AE87     		mv	a5,a1
 932              		.loc 1 515 12
 933 0100 6318E504 		bne	a0,a4,.L69
 516:c:/Users/User/Documents/GitHub/ch32h417/EVT/EXAM/SRC/Peripheral/src\ch32h417_gpio.c ****     {
 517:c:/Users/User/Documents/GitHub/ch32h417/EVT/EXAM/SRC/Peripheral/src\ch32h417_gpio.c ****         if(GPIO_PinSource >= 0x08)
 934              		.loc 1 517 9 is_stmt 1
 518:c:/Users/User/Documents/GitHub/ch32h417/EVT/EXAM/SRC/Peripheral/src\ch32h417_gpio.c ****         {
 519:c:/Users/User/Documents/GitHub/ch32h417/EVT/EXAM/SRC/Peripheral/src\ch32h417_gpio.c ****             AFIO->GPIOE_AFHR &= ~(0xF << (tmp << 2));
 520:c:/Users/User/Documents/GitHub/ch32h417/EVT/EXAM/SRC/Peripheral/src\ch32h417_gpio.c ****             AFIO->GPIOE_AFHR |= (GPIO_AF << (tmp << 2));
 521:c:/Users/User/Documents/GitHub/ch32h417/EVT/EXAM/SRC/Peripheral/src\ch32h417_gpio.c ****         }
 522:c:/Users/User/Documents/GitHub/ch32h417/EVT/EXAM/SRC/Peripheral/src\ch32h417_gpio.c ****         else
 523:c:/Users/User/Documents/GitHub/ch32h417/EVT/EXAM/SRC/Peripheral/src\ch32h417_gpio.c ****         {
 524:c:/Users/User/Documents/GitHub/ch32h417/EVT/EXAM/SRC/Peripheral/src\ch32h417_gpio.c ****             AFIO->GPIOE_AFLR &= ~(0xF << (tmp << 2));
 935              		.loc 1 524 17 is_stmt 0
 936 0104 37070140 		li	a4,1073807360
 937 0108 5453     		lw	a3,36(a4)
 519:c:/Users/User/Documents/GitHub/ch32h417/EVT/EXAM/SRC/Peripheral/src\ch32h417_gpio.c ****             AFIO->GPIOE_AFHR |= (GPIO_AF << (tmp << 2));
 938              		.loc 1 519 47
 939 010a 8A05     		slli	a1,a1,2
 940              	.LVL105:
 941              		.loc 1 524 13 is_stmt 1
 519:c:/Users/User/Documents/GitHub/ch32h417/EVT/EXAM/SRC/Peripheral/src\ch32h417_gpio.c ****             AFIO->GPIOE_AFHR |= (GPIO_AF << (tmp << 2));
 942              		.loc 1 519 39 is_stmt 0
 943 010c BD47     		li	a5,15
 944 010e B397B700 		sll	a5,a5,a1
 945              		.loc 1 524 30
 946 0112 B3F7F640 		andn	a5,a3,a5
 947 0116 5CD3     		sw	a5,36(a4)
 525:c:/Users/User/Documents/GitHub/ch32h417/EVT/EXAM/SRC/Peripheral/src\ch32h417_gpio.c ****             AFIO->GPIOE_AFLR |= (GPIO_AF << (tmp << 2));
 948              		.loc 1 525 13 is_stmt 1
 949              		.loc 1 525 17 is_stmt 0
 950 0118 5C53     		lw	a5,36(a4)
 520:c:/Users/User/Documents/GitHub/ch32h417/EVT/EXAM/SRC/Peripheral/src\ch32h417_gpio.c ****         }
 951              		.loc 1 520 42
 952 011a B315B600 		sll	a1,a2,a1
 953              		.loc 1 525 30
 954 011e DD8D     		or	a1,a1,a5
 955 0120 4CD3     		sw	a1,36(a4)
 956 0122 8280     		ret
 957              	.LVL106:
 958              	.L79:
 515:c:/Users/User/Documents/GitHub/ch32h417/EVT/EXAM/SRC/Peripheral/src\ch32h417_gpio.c ****     {
 959              		.loc 1 515 10 is_stmt 1
 515:c:/Users/User/Documents/GitHub/ch32h417/EVT/EXAM/SRC/Peripheral/src\ch32h417_gpio.c ****     {
 960              		.loc 1 515 12 is_stmt 0
 961 0124 37270140 		li	a4,1073815552
 962 0128 13070780 		addi	a4,a4,-2048
 963 012c 6312E502 		bne	a0,a4,.L69
 517:c:/Users/User/Documents/GitHub/ch32h417/EVT/EXAM/SRC/Peripheral/src\ch32h417_gpio.c ****         {
 964              		.loc 1 517 9 is_stmt 1
 519:c:/Users/User/Documents/GitHub/ch32h417/EVT/EXAM/SRC/Peripheral/src\ch32h417_gpio.c ****             AFIO->GPIOE_AFHR |= (GPIO_AF << (tmp << 2));
 965              		.loc 1 519 17 is_stmt 0
 966 0130 B7060140 		li	a3,1073807360
 967 0134 8C56     		lw	a1,40(a3)
 968              	.LVL107:
 519:c:/Users/User/Documents/GitHub/ch32h417/EVT/EXAM/SRC/Peripheral/src\ch32h417_gpio.c ****             AFIO->GPIOE_AFHR |= (GPIO_AF << (tmp << 2));
 969              		.loc 1 519 47
 970 0136 8A07     		slli	a5,a5,2
 971              	.LVL108:
 519:c:/Users/User/Documents/GitHub/ch32h417/EVT/EXAM/SRC/Peripheral/src\ch32h417_gpio.c ****             AFIO->GPIOE_AFHR |= (GPIO_AF << (tmp << 2));
 972              		.loc 1 519 13 is_stmt 1
 519:c:/Users/User/Documents/GitHub/ch32h417/EVT/EXAM/SRC/Peripheral/src\ch32h417_gpio.c ****             AFIO->GPIOE_AFHR |= (GPIO_AF << (tmp << 2));
 973              		.loc 1 519 39 is_stmt 0
 974 0138 3D47     		li	a4,15
 975 013a 3317F700 		sll	a4,a4,a5
 519:c:/Users/User/Documents/GitHub/ch32h417/EVT/EXAM/SRC/Peripheral/src\ch32h417_gpio.c ****             AFIO->GPIOE_AFHR |= (GPIO_AF << (tmp << 2));
 976              		.loc 1 519 30
 977 013e 33F7E540 		andn	a4,a1,a4
 978 0142 98D6     		sw	a4,40(a3)
 520:c:/Users/User/Documents/GitHub/ch32h417/EVT/EXAM/SRC/Peripheral/src\ch32h417_gpio.c ****         }
 979              		.loc 1 520 13 is_stmt 1
 520:c:/Users/User/Documents/GitHub/ch32h417/EVT/EXAM/SRC/Peripheral/src\ch32h417_gpio.c ****         }
 980              		.loc 1 520 17 is_stmt 0
 981 0144 9856     		lw	a4,40(a3)
 520:c:/Users/User/Documents/GitHub/ch32h417/EVT/EXAM/SRC/Peripheral/src\ch32h417_gpio.c ****         }
 982              		.loc 1 520 42
 983 0146 B317F600 		sll	a5,a2,a5
 520:c:/Users/User/Documents/GitHub/ch32h417/EVT/EXAM/SRC/Peripheral/src\ch32h417_gpio.c ****         }
 984              		.loc 1 520 30
 985 014a D98F     		or	a5,a5,a4
 986 014c 9CD6     		sw	a5,40(a3)
 987 014e 8280     		ret
 988              	.LVL109:
 989              	.L69:
 526:c:/Users/User/Documents/GitHub/ch32h417/EVT/EXAM/SRC/Peripheral/src\ch32h417_gpio.c ****         }
 527:c:/Users/User/Documents/GitHub/ch32h417/EVT/EXAM/SRC/Peripheral/src\ch32h417_gpio.c ****     }
 528:c:/Users/User/Documents/GitHub/ch32h417/EVT/EXAM/SRC/Peripheral/src\ch32h417_gpio.c ****     else if(GPIOx == GPIOF)
 990              		.loc 1 528 10 is_stmt 1
 991              		.loc 1 528 12 is_stmt 0
 992 0150 37270140 		li	a4,1073815552
 993 0154 130707C0 		addi	a4,a4,-1024
 994 0158 6317E508 		bne	a0,a4,.L57
 529:c:/Users/User/Documents/GitHub/ch32h417/EVT/EXAM/SRC/Peripheral/src\ch32h417_gpio.c ****     {
 530:c:/Users/User/Documents/GitHub/ch32h417/EVT/EXAM/SRC/Peripheral/src\ch32h417_gpio.c ****         if(GPIO_PinSource >= 0x08)
 995              		.loc 1 530 9 is_stmt 1
 531:c:/Users/User/Documents/GitHub/ch32h417/EVT/EXAM/SRC/Peripheral/src\ch32h417_gpio.c ****         {
 532:c:/Users/User/Documents/GitHub/ch32h417/EVT/EXAM/SRC/Peripheral/src\ch32h417_gpio.c ****             AFIO->GPIOF_AFHR &= ~(0xF << (tmp << 2));
 996              		.loc 1 532 47 is_stmt 0
 997 015c 8A07     		slli	a5,a5,2
 998              		.loc 1 532 39
 999 015e 3D47     		li	a4,15
 1000 0160 3317F700 		sll	a4,a4,a5
 533:c:/Users/User/Documents/GitHub/ch32h417/EVT/EXAM/SRC/Peripheral/src\ch32h417_gpio.c ****             AFIO->GPIOF_AFHR |= (GPIO_AF << (tmp << 2));
 1001              		.loc 1 533 42
 1002 0164 3316F600 		sll	a2,a2,a5
 1003              	.LVL110:
 530:c:/Users/User/Documents/GitHub/ch32h417/EVT/EXAM/SRC/Peripheral/src\ch32h417_gpio.c ****         {
 1004              		.loc 1 530 11
 1005 0168 9D47     		li	a5,7
 532:c:/Users/User/Documents/GitHub/ch32h417/EVT/EXAM/SRC/Peripheral/src\ch32h417_gpio.c ****             AFIO->GPIOF_AFHR |= (GPIO_AF << (tmp << 2));
 1006              		.loc 1 532 33
 1007 016a 1347F7FF 		not	a4,a4
 530:c:/Users/User/Documents/GitHub/ch32h417/EVT/EXAM/SRC/Peripheral/src\ch32h417_gpio.c ****         {
 1008              		.loc 1 530 11
 1009 016e 63FBB700 		bleu	a1,a5,.L70
 532:c:/Users/User/Documents/GitHub/ch32h417/EVT/EXAM/SRC/Peripheral/src\ch32h417_gpio.c ****             AFIO->GPIOF_AFHR |= (GPIO_AF << (tmp << 2));
 1010              		.loc 1 532 13 is_stmt 1
 532:c:/Users/User/Documents/GitHub/ch32h417/EVT/EXAM/SRC/Peripheral/src\ch32h417_gpio.c ****             AFIO->GPIOF_AFHR |= (GPIO_AF << (tmp << 2));
 1011              		.loc 1 532 17 is_stmt 0
 1012 0172 B7070140 		li	a5,1073807360
 1013 0176 945B     		lw	a3,48(a5)
 532:c:/Users/User/Documents/GitHub/ch32h417/EVT/EXAM/SRC/Peripheral/src\ch32h417_gpio.c ****             AFIO->GPIOF_AFHR |= (GPIO_AF << (tmp << 2));
 1014              		.loc 1 532 30
 1015 0178 758F     		and	a4,a3,a4
 1016 017a 98DB     		sw	a4,48(a5)
 1017              		.loc 1 533 13 is_stmt 1
 1018              		.loc 1 533 17 is_stmt 0
 1019 017c 985B     		lw	a4,48(a5)
 1020              		.loc 1 533 30
 1021 017e 518F     		or	a4,a4,a2
 1022 0180 98DB     		sw	a4,48(a5)
 1023 0182 8280     		ret
 1024              	.L70:
 534:c:/Users/User/Documents/GitHub/ch32h417/EVT/EXAM/SRC/Peripheral/src\ch32h417_gpio.c ****         }
 535:c:/Users/User/Documents/GitHub/ch32h417/EVT/EXAM/SRC/Peripheral/src\ch32h417_gpio.c ****         else
 536:c:/Users/User/Documents/GitHub/ch32h417/EVT/EXAM/SRC/Peripheral/src\ch32h417_gpio.c ****         {
 537:c:/Users/User/Documents/GitHub/ch32h417/EVT/EXAM/SRC/Peripheral/src\ch32h417_gpio.c ****             AFIO->GPIOF_AFLR &= ~(0xF << (tmp << 2));
 1025              		.loc 1 537 13 is_stmt 1
 1026              		.loc 1 537 17 is_stmt 0
 1027 0184 B7070140 		li	a5,1073807360
 1028 0188 D457     		lw	a3,44(a5)
 1029              		.loc 1 537 30
 1030 018a 758F     		and	a4,a3,a4
 1031 018c D8D7     		sw	a4,44(a5)
 538:c:/Users/User/Documents/GitHub/ch32h417/EVT/EXAM/SRC/Peripheral/src\ch32h417_gpio.c ****             AFIO->GPIOF_AFLR |= (GPIO_AF << (tmp << 2));
 1032              		.loc 1 538 13 is_stmt 1
 1033              		.loc 1 538 17 is_stmt 0
 1034 018e D857     		lw	a4,44(a5)
 1035              		.loc 1 538 30
 1036 0190 518F     		or	a4,a4,a2
 1037 0192 D8D7     		sw	a4,44(a5)
 539:c:/Users/User/Documents/GitHub/ch32h417/EVT/EXAM/SRC/Peripheral/src\ch32h417_gpio.c ****         }
 540:c:/Users/User/Documents/GitHub/ch32h417/EVT/EXAM/SRC/Peripheral/src\ch32h417_gpio.c ****     }
 541:c:/Users/User/Documents/GitHub/ch32h417/EVT/EXAM/SRC/Peripheral/src\ch32h417_gpio.c **** }
 1038              		.loc 1 541 1
 1039 0194 8280     		ret
 1040              	.LVL111:
 1041              	.L78:
 502:c:/Users/User/Documents/GitHub/ch32h417/EVT/EXAM/SRC/Peripheral/src\ch32h417_gpio.c ****     {
 1042              		.loc 1 502 10 is_stmt 1
 502:c:/Users/User/Documents/GitHub/ch32h417/EVT/EXAM/SRC/Peripheral/src\ch32h417_gpio.c ****     {
 1043              		.loc 1 502 12 is_stmt 0
 1044 0196 13070740 		addi	a4,a4,1024
 1045 019a E315E5F8 		bne	a0,a4,.L79
 506:c:/Users/User/Documents/GitHub/ch32h417/EVT/EXAM/SRC/Peripheral/src\ch32h417_gpio.c ****             AFIO->GPIOD_AFHR |= (GPIO_AF << (tmp << 2));
 1046              		.loc 1 506 13 is_stmt 1
 506:c:/Users/User/Documents/GitHub/ch32h417/EVT/EXAM/SRC/Peripheral/src\ch32h417_gpio.c ****             AFIO->GPIOD_AFHR |= (GPIO_AF << (tmp << 2));
 1047              		.loc 1 506 17 is_stmt 0
 1048 019e B7060140 		li	a3,1073807360
 1049 01a2 8C52     		lw	a1,32(a3)
 1050              	.LVL112:
 506:c:/Users/User/Documents/GitHub/ch32h417/EVT/EXAM/SRC/Peripheral/src\ch32h417_gpio.c ****             AFIO->GPIOD_AFHR |= (GPIO_AF << (tmp << 2));
 1051              		.loc 1 506 47
 1052 01a4 8A07     		slli	a5,a5,2
 1053              	.LVL113:
 506:c:/Users/User/Documents/GitHub/ch32h417/EVT/EXAM/SRC/Peripheral/src\ch32h417_gpio.c ****             AFIO->GPIOD_AFHR |= (GPIO_AF << (tmp << 2));
 1054              		.loc 1 506 39
 1055 01a6 3D47     		li	a4,15
 1056 01a8 3317F700 		sll	a4,a4,a5
 506:c:/Users/User/Documents/GitHub/ch32h417/EVT/EXAM/SRC/Peripheral/src\ch32h417_gpio.c ****             AFIO->GPIOD_AFHR |= (GPIO_AF << (tmp << 2));
 1057              		.loc 1 506 30
 1058 01ac 33F7E540 		andn	a4,a1,a4
 1059 01b0 98D2     		sw	a4,32(a3)
 507:c:/Users/User/Documents/GitHub/ch32h417/EVT/EXAM/SRC/Peripheral/src\ch32h417_gpio.c ****         }
 1060              		.loc 1 507 13 is_stmt 1
 507:c:/Users/User/Documents/GitHub/ch32h417/EVT/EXAM/SRC/Peripheral/src\ch32h417_gpio.c ****         }
 1061              		.loc 1 507 17 is_stmt 0
 1062 01b2 9852     		lw	a4,32(a3)
 507:c:/Users/User/Documents/GitHub/ch32h417/EVT/EXAM/SRC/Peripheral/src\ch32h417_gpio.c ****         }
 1063              		.loc 1 507 42
 1064 01b4 B317F600 		sll	a5,a2,a5
 507:c:/Users/User/Documents/GitHub/ch32h417/EVT/EXAM/SRC/Peripheral/src\ch32h417_gpio.c ****         }
 1065              		.loc 1 507 30
 1066 01b8 D98F     		or	a5,a5,a4
 1067 01ba 9CD2     		sw	a5,32(a3)
 1068 01bc 8280     		ret
 1069              	.LVL114:
 1070              	.L77:
 502:c:/Users/User/Documents/GitHub/ch32h417/EVT/EXAM/SRC/Peripheral/src\ch32h417_gpio.c ****     {
 1071              		.loc 1 502 10 is_stmt 1
 502:c:/Users/User/Documents/GitHub/ch32h417/EVT/EXAM/SRC/Peripheral/src\ch32h417_gpio.c ****     {
 1072              		.loc 1 502 12 is_stmt 0
 1073 01be 13070740 		addi	a4,a4,1024
 1074 01c2 E31AE5F2 		bne	a0,a4,.L80
 511:c:/Users/User/Documents/GitHub/ch32h417/EVT/EXAM/SRC/Peripheral/src\ch32h417_gpio.c ****             AFIO->GPIOD_AFLR |= (GPIO_AF << (tmp << 2));
 1075              		.loc 1 511 13 is_stmt 1
 511:c:/Users/User/Documents/GitHub/ch32h417/EVT/EXAM/SRC/Peripheral/src\ch32h417_gpio.c ****             AFIO->GPIOD_AFLR |= (GPIO_AF << (tmp << 2));
 1076              		.loc 1 511 17 is_stmt 0
 1077 01c6 37070140 		li	a4,1073807360
 1078 01ca 544F     		lw	a3,28(a4)
 511:c:/Users/User/Documents/GitHub/ch32h417/EVT/EXAM/SRC/Peripheral/src\ch32h417_gpio.c ****             AFIO->GPIOD_AFLR |= (GPIO_AF << (tmp << 2));
 1079              		.loc 1 511 47
 1080 01cc 8A05     		slli	a1,a1,2
 1081              	.LVL115:
 511:c:/Users/User/Documents/GitHub/ch32h417/EVT/EXAM/SRC/Peripheral/src\ch32h417_gpio.c ****             AFIO->GPIOD_AFLR |= (GPIO_AF << (tmp << 2));
 1082              		.loc 1 511 39
 1083 01ce BD47     		li	a5,15
 1084 01d0 B397B700 		sll	a5,a5,a1
 511:c:/Users/User/Documents/GitHub/ch32h417/EVT/EXAM/SRC/Peripheral/src\ch32h417_gpio.c ****             AFIO->GPIOD_AFLR |= (GPIO_AF << (tmp << 2));
 1085              		.loc 1 511 30
 1086 01d4 B3F7F640 		andn	a5,a3,a5
 1087 01d8 5CCF     		sw	a5,28(a4)
 512:c:/Users/User/Documents/GitHub/ch32h417/EVT/EXAM/SRC/Peripheral/src\ch32h417_gpio.c ****         }
 1088              		.loc 1 512 13 is_stmt 1
 512:c:/Users/User/Documents/GitHub/ch32h417/EVT/EXAM/SRC/Peripheral/src\ch32h417_gpio.c ****         }
 1089              		.loc 1 512 17 is_stmt 0
 1090 01da 5C4F     		lw	a5,28(a4)
 512:c:/Users/User/Documents/GitHub/ch32h417/EVT/EXAM/SRC/Peripheral/src\ch32h417_gpio.c ****         }
 1091              		.loc 1 512 42
 1092 01dc B315B600 		sll	a1,a2,a1
 512:c:/Users/User/Documents/GitHub/ch32h417/EVT/EXAM/SRC/Peripheral/src\ch32h417_gpio.c ****         }
 1093              		.loc 1 512 30
 1094 01e0 DD8D     		or	a1,a1,a5
 1095 01e2 4CCF     		sw	a1,28(a4)
 1096 01e4 8280     		ret
 1097              	.LVL116:
 1098              	.L57:
 1099              		.loc 1 541 1
 1100 01e6 8280     		ret
 1101              		.cfi_endproc
 1102              	.LFE54:
 1104              		.section	.text.GPIO_EXTILineConfig,"ax",@progbits
 1105              		.align	1
 1106              		.globl	GPIO_EXTILineConfig
 1108              	GPIO_EXTILineConfig:
 1109              	.LFB55:
 542:c:/Users/User/Documents/GitHub/ch32h417/EVT/EXAM/SRC/Peripheral/src\ch32h417_gpio.c **** 
 543:c:/Users/User/Documents/GitHub/ch32h417/EVT/EXAM/SRC/Peripheral/src\ch32h417_gpio.c **** /*********************************************************************
 544:c:/Users/User/Documents/GitHub/ch32h417/EVT/EXAM/SRC/Peripheral/src\ch32h417_gpio.c ****  * @fn      GPIO_EXTILineConfig
 545:c:/Users/User/Documents/GitHub/ch32h417/EVT/EXAM/SRC/Peripheral/src\ch32h417_gpio.c ****  *
 546:c:/Users/User/Documents/GitHub/ch32h417/EVT/EXAM/SRC/Peripheral/src\ch32h417_gpio.c ****  * @brief   Selects the GPIO pin used as EXTI Line.
 547:c:/Users/User/Documents/GitHub/ch32h417/EVT/EXAM/SRC/Peripheral/src\ch32h417_gpio.c ****  *
 548:c:/Users/User/Documents/GitHub/ch32h417/EVT/EXAM/SRC/Peripheral/src\ch32h417_gpio.c ****  * @param   GPIO_PortSource - selects the GPIO port to be used as source for EXTI lines.
 549:c:/Users/User/Documents/GitHub/ch32h417/EVT/EXAM/SRC/Peripheral/src\ch32h417_gpio.c ****  *            This parameter can be GPIO_PortSourceGPIOx where x can be (A..F) and GPIO_PortSourceC
 550:c:/Users/User/Documents/GitHub/ch32h417/EVT/EXAM/SRC/Peripheral/src\ch32h417_gpio.c ****  *          GPIO_PinSource - specifies the EXTI line to be configured.
 551:c:/Users/User/Documents/GitHub/ch32h417/EVT/EXAM/SRC/Peripheral/src\ch32h417_gpio.c ****  *            This parameter can be GPIO_PinSourcex where x can be (0..15).
 552:c:/Users/User/Documents/GitHub/ch32h417/EVT/EXAM/SRC/Peripheral/src\ch32h417_gpio.c ****  *
 553:c:/Users/User/Documents/GitHub/ch32h417/EVT/EXAM/SRC/Peripheral/src\ch32h417_gpio.c ****  * @return  none
 554:c:/Users/User/Documents/GitHub/ch32h417/EVT/EXAM/SRC/Peripheral/src\ch32h417_gpio.c ****  */
 555:c:/Users/User/Documents/GitHub/ch32h417/EVT/EXAM/SRC/Peripheral/src\ch32h417_gpio.c **** void GPIO_EXTILineConfig(uint8_t GPIO_PortSource, uint8_t GPIO_PinSource)
 556:c:/Users/User/Documents/GitHub/ch32h417/EVT/EXAM/SRC/Peripheral/src\ch32h417_gpio.c **** {
 1110              		.loc 1 556 1 is_stmt 1
 1111              		.cfi_startproc
 1112              	.LVL117:
 557:c:/Users/User/Documents/GitHub/ch32h417/EVT/EXAM/SRC/Peripheral/src\ch32h417_gpio.c ****     uint8_t tmp;
 1113              		.loc 1 557 5
 558:c:/Users/User/Documents/GitHub/ch32h417/EVT/EXAM/SRC/Peripheral/src\ch32h417_gpio.c **** 
 559:c:/Users/User/Documents/GitHub/ch32h417/EVT/EXAM/SRC/Peripheral/src\ch32h417_gpio.c ****     if(GPIO_PinSource >= 0x8)
 1114              		.loc 1 559 5
 1115              		.loc 1 559 7 is_stmt 0
 1116 0000 9D47     		li	a5,7
 560:c:/Users/User/Documents/GitHub/ch32h417/EVT/EXAM/SRC/Peripheral/src\ch32h417_gpio.c ****     {
 561:c:/Users/User/Documents/GitHub/ch32h417/EVT/EXAM/SRC/Peripheral/src\ch32h417_gpio.c ****         tmp = GPIO_PinSource - 8;
 562:c:/Users/User/Documents/GitHub/ch32h417/EVT/EXAM/SRC/Peripheral/src\ch32h417_gpio.c ****         AFIO->EXTICR2 &= ~(0xF << (tmp << 2));
 1117              		.loc 1 562 13
 1118 0002 37070140 		li	a4,1073807360
 559:c:/Users/User/Documents/GitHub/ch32h417/EVT/EXAM/SRC/Peripheral/src\ch32h417_gpio.c ****     {
 1119              		.loc 1 559 7
 1120 0006 63F3B702 		bleu	a1,a5,.L82
 561:c:/Users/User/Documents/GitHub/ch32h417/EVT/EXAM/SRC/Peripheral/src\ch32h417_gpio.c ****         AFIO->EXTICR2 &= ~(0xF << (tmp << 2));
 1121              		.loc 1 561 9 is_stmt 1
 1122              	.LVL118:
 1123              		.loc 1 562 9
 561:c:/Users/User/Documents/GitHub/ch32h417/EVT/EXAM/SRC/Peripheral/src\ch32h417_gpio.c ****         AFIO->EXTICR2 &= ~(0xF << (tmp << 2));
 1124              		.loc 1 561 13 is_stmt 0
 1125 000a E115     		addi	a1,a1,-8
 1126              	.LVL119:
 1127              		.loc 1 562 13
 1128 000c 3443     		lw	a3,64(a4)
 1129              		.loc 1 562 40
 1130 000e 93F5F50F 		andi	a1,a1,0xff
 1131 0012 8A05     		slli	a1,a1,2
 1132              		.loc 1 562 32
 1133 0014 BD47     		li	a5,15
 1134 0016 B397B700 		sll	a5,a5,a1
 1135              		.loc 1 562 23
 1136 001a B3F7F640 		andn	a5,a3,a5
 1137 001e 3CC3     		sw	a5,64(a4)
 563:c:/Users/User/Documents/GitHub/ch32h417/EVT/EXAM/SRC/Peripheral/src\ch32h417_gpio.c ****         AFIO->EXTICR2 |= (GPIO_PortSource << (tmp << 2));
 1138              		.loc 1 563 9 is_stmt 1
 1139              		.loc 1 563 13 is_stmt 0
 1140 0020 3C43     		lw	a5,64(a4)
 1141              		.loc 1 563 43
 1142 0022 3315B500 		sll	a0,a0,a1
 1143              	.LVL120:
 1144              		.loc 1 563 23
 1145 0026 5D8D     		or	a0,a0,a5
 1146 0028 28C3     		sw	a0,64(a4)
 1147 002a 8280     		ret
 1148              	.LVL121:
 1149              	.L82:
 564:c:/Users/User/Documents/GitHub/ch32h417/EVT/EXAM/SRC/Peripheral/src\ch32h417_gpio.c ****     }
 565:c:/Users/User/Documents/GitHub/ch32h417/EVT/EXAM/SRC/Peripheral/src\ch32h417_gpio.c ****     else
 566:c:/Users/User/Documents/GitHub/ch32h417/EVT/EXAM/SRC/Peripheral/src\ch32h417_gpio.c ****     {
 567:c:/Users/User/Documents/GitHub/ch32h417/EVT/EXAM/SRC/Peripheral/src\ch32h417_gpio.c ****         tmp = GPIO_PinSource;
 1150              		.loc 1 567 9 is_stmt 1
 568:c:/Users/User/Documents/GitHub/ch32h417/EVT/EXAM/SRC/Peripheral/src\ch32h417_gpio.c ****         AFIO->EXTICR1 &= ~(0xF << (tmp << 2));
 1151              		.loc 1 568 9
 1152              		.loc 1 568 13 is_stmt 0
 1153 002c 545F     		lw	a3,60(a4)
 1154              		.loc 1 568 40
 1155 002e 8A05     		slli	a1,a1,2
 1156              	.LVL122:
 1157              		.loc 1 568 32
 1158 0030 BD47     		li	a5,15
 1159 0032 B397B700 		sll	a5,a5,a1
 1160              		.loc 1 568 23
 1161 0036 B3F7F640 		andn	a5,a3,a5
 1162 003a 5CDF     		sw	a5,60(a4)
 569:c:/Users/User/Documents/GitHub/ch32h417/EVT/EXAM/SRC/Peripheral/src\ch32h417_gpio.c ****         AFIO->EXTICR1 |= (GPIO_PortSource << (tmp << 2));
 1163              		.loc 1 569 9 is_stmt 1
 1164              		.loc 1 569 13 is_stmt 0
 1165 003c 5C5F     		lw	a5,60(a4)
 1166              		.loc 1 569 43
 1167 003e 3315B500 		sll	a0,a0,a1
 1168              	.LVL123:
 1169              		.loc 1 569 23
 1170 0042 5D8D     		or	a0,a0,a5
 1171 0044 48DF     		sw	a0,60(a4)
 570:c:/Users/User/Documents/GitHub/ch32h417/EVT/EXAM/SRC/Peripheral/src\ch32h417_gpio.c ****     }
 571:c:/Users/User/Documents/GitHub/ch32h417/EVT/EXAM/SRC/Peripheral/src\ch32h417_gpio.c **** }
 1172              		.loc 1 571 1
 1173 0046 8280     		ret
 1174              		.cfi_endproc
 1175              	.LFE55:
 1177              		.section	.text.GPIO_IPD_Unused,"ax",@progbits
 1178              		.align	1
 1179              		.globl	GPIO_IPD_Unused
 1181              	GPIO_IPD_Unused:
 1182              	.LFB56:
 572:c:/Users/User/Documents/GitHub/ch32h417/EVT/EXAM/SRC/Peripheral/src\ch32h417_gpio.c **** 
 573:c:/Users/User/Documents/GitHub/ch32h417/EVT/EXAM/SRC/Peripheral/src\ch32h417_gpio.c **** /*********************************************************************
 574:c:/Users/User/Documents/GitHub/ch32h417/EVT/EXAM/SRC/Peripheral/src\ch32h417_gpio.c ****  * @fn      GPIO_IPD_Unused
 575:c:/Users/User/Documents/GitHub/ch32h417/EVT/EXAM/SRC/Peripheral/src\ch32h417_gpio.c ****  *
 576:c:/Users/User/Documents/GitHub/ch32h417/EVT/EXAM/SRC/Peripheral/src\ch32h417_gpio.c ****  * @brief   Configure unused GPIO as input pull-down.
 577:c:/Users/User/Documents/GitHub/ch32h417/EVT/EXAM/SRC/Peripheral/src\ch32h417_gpio.c ****  *
 578:c:/Users/User/Documents/GitHub/ch32h417/EVT/EXAM/SRC/Peripheral/src\ch32h417_gpio.c ****  * @param   none
 579:c:/Users/User/Documents/GitHub/ch32h417/EVT/EXAM/SRC/Peripheral/src\ch32h417_gpio.c ****  *
 580:c:/Users/User/Documents/GitHub/ch32h417/EVT/EXAM/SRC/Peripheral/src\ch32h417_gpio.c ****  * @return  none
 581:c:/Users/User/Documents/GitHub/ch32h417/EVT/EXAM/SRC/Peripheral/src\ch32h417_gpio.c ****  */
 582:c:/Users/User/Documents/GitHub/ch32h417/EVT/EXAM/SRC/Peripheral/src\ch32h417_gpio.c **** void GPIO_IPD_Unused(void)
 583:c:/Users/User/Documents/GitHub/ch32h417/EVT/EXAM/SRC/Peripheral/src\ch32h417_gpio.c **** {
 1183              		.loc 1 583 1 is_stmt 1
 1184              		.cfi_startproc
 1185 0000 17030000 		call	t0,__riscv_save_2
 1185      E7020300 
 1186              		.cfi_offset 9, -12
 1187              		.cfi_offset 8, -8
 1188              		.cfi_offset 1, -4
 1189              		.cfi_def_cfa_offset 16
 584:c:/Users/User/Documents/GitHub/ch32h417/EVT/EXAM/SRC/Peripheral/src\ch32h417_gpio.c ****     GPIO_InitTypeDef GPIO_InitStructure = {0};
 1190              		.loc 1 584 5
 583:c:/Users/User/Documents/GitHub/ch32h417/EVT/EXAM/SRC/Peripheral/src\ch32h417_gpio.c ****     GPIO_InitTypeDef GPIO_InitStructure = {0};
 1191              		.loc 1 583 1 is_stmt 0
 1192 0008 4111     		addi	sp,sp,-16
 1193              		.cfi_def_cfa_offset 32
 585:c:/Users/User/Documents/GitHub/ch32h417/EVT/EXAM/SRC/Peripheral/src\ch32h417_gpio.c ****     uint32_t chip = 0;
 586:c:/Users/User/Documents/GitHub/ch32h417/EVT/EXAM/SRC/Peripheral/src\ch32h417_gpio.c ****     RCC_HB2PeriphClockCmd(RCC_HB2Periph_GPIOA | RCC_HB2Periph_GPIOB | RCC_HB2Periph_GPIOC|\
 1194              		.loc 1 586 5
 1195 000a 8545     		li	a1,1
 1196 000c 1305C00F 		li	a0,252
 584:c:/Users/User/Documents/GitHub/ch32h417/EVT/EXAM/SRC/Peripheral/src\ch32h417_gpio.c ****     uint32_t chip = 0;
 1197              		.loc 1 584 22
 1198 0010 02C2     		sw	zero,4(sp)
 1199 0012 02C4     		sw	zero,8(sp)
 1200 0014 02C6     		sw	zero,12(sp)
 585:c:/Users/User/Documents/GitHub/ch32h417/EVT/EXAM/SRC/Peripheral/src\ch32h417_gpio.c ****     uint32_t chip = 0;
 1201              		.loc 1 585 5 is_stmt 1
 1202              	.LVL124:
 1203              		.loc 1 586 5
 1204 0016 97000000 		call	RCC_HB2PeriphClockCmd
 1204      E7800000 
 1205              	.LVL125:
 587:c:/Users/User/Documents/GitHub/ch32h417/EVT/EXAM/SRC/Peripheral/src\ch32h417_gpio.c ****                            RCC_HB2Periph_GPIOD | RCC_HB2Periph_GPIOE | RCC_HB2Periph_GPIOF, ENABLE)
 588:c:/Users/User/Documents/GitHub/ch32h417/EVT/EXAM/SRC/Peripheral/src\ch32h417_gpio.c ****     
 589:c:/Users/User/Documents/GitHub/ch32h417/EVT/EXAM/SRC/Peripheral/src\ch32h417_gpio.c ****     volatile uint32_t tmp;
 1206              		.loc 1 589 5
 590:c:/Users/User/Documents/GitHub/ch32h417/EVT/EXAM/SRC/Peripheral/src\ch32h417_gpio.c ****     tmp = (*(volatile uint32_t*)0x4002a010) & (uint32_t) (~(0xFF));
 1207              		.loc 1 590 5
 1208              		.loc 1 590 12 is_stmt 0
 1209 001e B7A70240 		li	a5,1073913856
 1210 0022 984B     		lw	a4,16(a5)
 1211              		.loc 1 590 45
 1212 0024 137707F0 		andi	a4,a4,-256
 1213              		.loc 1 590 9
 1214 0028 3AC0     		sw	a4,0(sp)
 591:c:/Users/User/Documents/GitHub/ch32h417/EVT/EXAM/SRC/Peripheral/src\ch32h417_gpio.c ****     tmp |= (uint32_t)0x1B;
 1215              		.loc 1 591 5 is_stmt 1
 1216              		.loc 1 591 9 is_stmt 0
 1217 002a 0247     		lw	a4,0(sp)
 1218 002c 1367B701 		ori	a4,a4,27
 1219 0030 3AC0     		sw	a4,0(sp)
 592:c:/Users/User/Documents/GitHub/ch32h417/EVT/EXAM/SRC/Peripheral/src\ch32h417_gpio.c ****     *(volatile uint32_t*)0x4002a010 = tmp;
 1220              		.loc 1 592 5 is_stmt 1
 1221              		.loc 1 592 37 is_stmt 0
 1222 0032 0247     		lw	a4,0(sp)
 1223 0034 98CB     		sw	a4,16(a5)
 593:c:/Users/User/Documents/GitHub/ch32h417/EVT/EXAM/SRC/Peripheral/src\ch32h417_gpio.c **** 
 594:c:/Users/User/Documents/GitHub/ch32h417/EVT/EXAM/SRC/Peripheral/src\ch32h417_gpio.c ****     tmp = (*(volatile uint32_t*)0x4002a014) & (uint32_t) (~(0x3F));
 1224              		.loc 1 594 5 is_stmt 1
 1225              		.loc 1 594 12 is_stmt 0
 1226 0036 D84B     		lw	a4,20(a5)
 1227              		.loc 1 594 45
 1228 0038 137707FC 		andi	a4,a4,-64
 1229              		.loc 1 594 9
 1230 003c 3AC0     		sw	a4,0(sp)
 595:c:/Users/User/Documents/GitHub/ch32h417/EVT/EXAM/SRC/Peripheral/src\ch32h417_gpio.c ****     tmp |= (uint32_t)0x0E;
 1231              		.loc 1 595 5 is_stmt 1
 1232              		.loc 1 595 9 is_stmt 0
 1233 003e 0247     		lw	a4,0(sp)
 1234 0040 1367E700 		ori	a4,a4,14
 1235 0044 3AC0     		sw	a4,0(sp)
 596:c:/Users/User/Documents/GitHub/ch32h417/EVT/EXAM/SRC/Peripheral/src\ch32h417_gpio.c ****     *(volatile uint32_t*)0x4002a014 = tmp;
 1236              		.loc 1 596 5 is_stmt 1
 1237              		.loc 1 596 37 is_stmt 0
 1238 0046 0247     		lw	a4,0(sp)
 1239 0048 D8CB     		sw	a4,20(a5)
 597:c:/Users/User/Documents/GitHub/ch32h417/EVT/EXAM/SRC/Peripheral/src\ch32h417_gpio.c **** 
 598:c:/Users/User/Documents/GitHub/ch32h417/EVT/EXAM/SRC/Peripheral/src\ch32h417_gpio.c ****     FLASH_BOOT_GetMode();                       
 1240              		.loc 1 598 5 is_stmt 1
 1241 004a 97000000 		call	FLASH_BOOT_GetMode
 1241      E7800000 
 1242              	.LVL126:
 599:c:/Users/User/Documents/GitHub/ch32h417/EVT/EXAM/SRC/Peripheral/src\ch32h417_gpio.c ****     if( ((*(uint32_t *)0x1FFFF704) & (0x000000F0))  == 0 )
 1243              		.loc 1 599 5
 1244              		.loc 1 599 36 is_stmt 0
 1245 0052 B7F7FF1F 		li	a5,536866816
 1246 0056 83A74770 		lw	a5,1796(a5)
 1247 005a 93F7070F 		andi	a5,a5,240
 1248              		.loc 1 599 7
 1249 005e 9DE7     		bne	a5,zero,.L85
 600:c:/Users/User/Documents/GitHub/ch32h417/EVT/EXAM/SRC/Peripheral/src\ch32h417_gpio.c ****     {
 601:c:/Users/User/Documents/GitHub/ch32h417/EVT/EXAM/SRC/Peripheral/src\ch32h417_gpio.c ****         RCC_HB1PeriphClockCmd(RCC_HB1Periph_SWPMI,ENABLE);
 1250              		.loc 1 601 9 is_stmt 1
 1251 0060 8545     		li	a1,1
 1252 0062 37050080 		li	a0,-2147483648
 1253 0066 97000000 		call	RCC_HB1PeriphClockCmd
 1253      E7800000 
 1254              	.LVL127:
 602:c:/Users/User/Documents/GitHub/ch32h417/EVT/EXAM/SRC/Peripheral/src\ch32h417_gpio.c ****         SWPMI->OR |= 0x1;
 1255              		.loc 1 602 9
 1256              		.loc 1 602 14 is_stmt 0
 1257 006e B7870040 		li	a5,1073774592
 1258 0072 93870740 		addi	a5,a5,1024
 1259 0076 D853     		lw	a4,36(a5)
 603:c:/Users/User/Documents/GitHub/ch32h417/EVT/EXAM/SRC/Peripheral/src\ch32h417_gpio.c ****         RCC_HB1PeriphClockCmd(RCC_HB1Periph_SWPMI,DISABLE);
 1260              		.loc 1 603 9
 1261 0078 8145     		li	a1,0
 1262 007a 37050080 		li	a0,-2147483648
 602:c:/Users/User/Documents/GitHub/ch32h417/EVT/EXAM/SRC/Peripheral/src\ch32h417_gpio.c ****         SWPMI->OR |= 0x1;
 1263              		.loc 1 602 19
 1264 007e 13671700 		ori	a4,a4,1
 1265 0082 D8D3     		sw	a4,36(a5)
 1266              		.loc 1 603 9 is_stmt 1
 1267 0084 97000000 		call	RCC_HB1PeriphClockCmd
 1267      E7800000 
 1268              	.LVL128:
 1269              	.L85:
 604:c:/Users/User/Documents/GitHub/ch32h417/EVT/EXAM/SRC/Peripheral/src\ch32h417_gpio.c ****     }
 605:c:/Users/User/Documents/GitHub/ch32h417/EVT/EXAM/SRC/Peripheral/src\ch32h417_gpio.c ****     chip =  *(uint32_t *)0x1FFFF704 & (~0x000000F0);
 1270              		.loc 1 605 5
 1271              		.loc 1 605 10 is_stmt 0
 1272 008c B7F7FF1F 		li	a5,536866816
 1273 0090 83A74770 		lw	a5,1796(a5)
 606:c:/Users/User/Documents/GitHub/ch32h417/EVT/EXAM/SRC/Peripheral/src\ch32h417_gpio.c **** 
 607:c:/Users/User/Documents/GitHub/ch32h417/EVT/EXAM/SRC/Peripheral/src\ch32h417_gpio.c ****     switch(chip)
 1274              		.loc 1 607 5
 1275 0094 37077141 		li	a4,1097924608
 1276 0098 1307D750 		addi	a4,a4,1293
 605:c:/Users/User/Documents/GitHub/ch32h417/EVT/EXAM/SRC/Peripheral/src\ch32h417_gpio.c **** 
 1277              		.loc 1 605 10
 1278 009c 93F7F7F0 		andi	a5,a5,-241
 1279              	.LVL129:
 1280              		.loc 1 607 5 is_stmt 1
 1281 00a0 638EE708 		beq	a5,a4,.L86
 1282 00a4 6363F702 		bgtu	a5,a4,.L87
 1283 00a8 37075041 		li	a4,1095761920
 1284 00ac 1307D750 		addi	a4,a4,1293
 1285 00b0 638DE710 		beq	a5,a4,.L88
 1286 00b4 37076041 		li	a4,1096810496
 1287 00b8 1307D750 		addi	a4,a4,1293
 1288 00bc 6384E718 		beq	a5,a4,.L89
 1289              	.LVL130:
 1290              	.L84:
 608:c:/Users/User/Documents/GitHub/ch32h417/EVT/EXAM/SRC/Peripheral/src\ch32h417_gpio.c ****     {
 609:c:/Users/User/Documents/GitHub/ch32h417/EVT/EXAM/SRC/Peripheral/src\ch32h417_gpio.c ****         case 0x4171050D:     //CH32H417MEU
 610:c:/Users/User/Documents/GitHub/ch32h417/EVT/EXAM/SRC/Peripheral/src\ch32h417_gpio.c ****         {
 611:c:/Users/User/Documents/GitHub/ch32h417/EVT/EXAM/SRC/Peripheral/src\ch32h417_gpio.c ****             GPIO_InitStructure.GPIO_Pin = GPIO_Pin_1|GPIO_Pin_2|GPIO_Pin_3\
 612:c:/Users/User/Documents/GitHub/ch32h417/EVT/EXAM/SRC/Peripheral/src\ch32h417_gpio.c ****                                           |GPIO_Pin_6|GPIO_Pin_7|GPIO_Pin_8;
 613:c:/Users/User/Documents/GitHub/ch32h417/EVT/EXAM/SRC/Peripheral/src\ch32h417_gpio.c ****             GPIO_InitStructure.GPIO_Mode = GPIO_Mode_IPD;
 614:c:/Users/User/Documents/GitHub/ch32h417/EVT/EXAM/SRC/Peripheral/src\ch32h417_gpio.c ****             GPIO_Init(GPIOA, &GPIO_InitStructure);
 615:c:/Users/User/Documents/GitHub/ch32h417/EVT/EXAM/SRC/Peripheral/src\ch32h417_gpio.c ****             GPIO_InitStructure.GPIO_Pin = GPIO_Pin_2|GPIO_Pin_5|GPIO_Pin_6\
 616:c:/Users/User/Documents/GitHub/ch32h417/EVT/EXAM/SRC/Peripheral/src\ch32h417_gpio.c ****                                           |GPIO_Pin_7|GPIO_Pin_15;
 617:c:/Users/User/Documents/GitHub/ch32h417/EVT/EXAM/SRC/Peripheral/src\ch32h417_gpio.c ****             GPIO_InitStructure.GPIO_Mode = GPIO_Mode_IPD;
 618:c:/Users/User/Documents/GitHub/ch32h417/EVT/EXAM/SRC/Peripheral/src\ch32h417_gpio.c ****             GPIO_Init(GPIOB, &GPIO_InitStructure);
 619:c:/Users/User/Documents/GitHub/ch32h417/EVT/EXAM/SRC/Peripheral/src\ch32h417_gpio.c ****             GPIO_InitStructure.GPIO_Pin = GPIO_Pin_4|GPIO_Pin_5|GPIO_Pin_13\
 620:c:/Users/User/Documents/GitHub/ch32h417/EVT/EXAM/SRC/Peripheral/src\ch32h417_gpio.c ****                                           |GPIO_Pin_14|GPIO_Pin_15;
 621:c:/Users/User/Documents/GitHub/ch32h417/EVT/EXAM/SRC/Peripheral/src\ch32h417_gpio.c ****             GPIO_InitStructure.GPIO_Mode = GPIO_Mode_IPD;
 622:c:/Users/User/Documents/GitHub/ch32h417/EVT/EXAM/SRC/Peripheral/src\ch32h417_gpio.c ****             GPIO_Init(GPIOC, &GPIO_InitStructure);
 623:c:/Users/User/Documents/GitHub/ch32h417/EVT/EXAM/SRC/Peripheral/src\ch32h417_gpio.c ****             GPIO_InitStructure.GPIO_Pin = GPIO_Pin_8|GPIO_Pin_9;
 624:c:/Users/User/Documents/GitHub/ch32h417/EVT/EXAM/SRC/Peripheral/src\ch32h417_gpio.c ****             GPIO_InitStructure.GPIO_Mode = GPIO_Mode_IPD;
 625:c:/Users/User/Documents/GitHub/ch32h417/EVT/EXAM/SRC/Peripheral/src\ch32h417_gpio.c ****             GPIO_Init(GPIOD, &GPIO_InitStructure);
 626:c:/Users/User/Documents/GitHub/ch32h417/EVT/EXAM/SRC/Peripheral/src\ch32h417_gpio.c ****             GPIO_InitStructure.GPIO_Pin = GPIO_Pin_2|GPIO_Pin_7|GPIO_Pin_8\
 627:c:/Users/User/Documents/GitHub/ch32h417/EVT/EXAM/SRC/Peripheral/src\ch32h417_gpio.c ****                                           |GPIO_Pin_9;
 628:c:/Users/User/Documents/GitHub/ch32h417/EVT/EXAM/SRC/Peripheral/src\ch32h417_gpio.c ****             GPIO_InitStructure.GPIO_Mode = GPIO_Mode_IPD;
 629:c:/Users/User/Documents/GitHub/ch32h417/EVT/EXAM/SRC/Peripheral/src\ch32h417_gpio.c ****             GPIO_Init(GPIOE, &GPIO_InitStructure);
 630:c:/Users/User/Documents/GitHub/ch32h417/EVT/EXAM/SRC/Peripheral/src\ch32h417_gpio.c ****             GPIO_InitStructure.GPIO_Pin = GPIO_Pin_6|GPIO_Pin_7|GPIO_Pin_8\
 631:c:/Users/User/Documents/GitHub/ch32h417/EVT/EXAM/SRC/Peripheral/src\ch32h417_gpio.c ****                                           |GPIO_Pin_9|GPIO_Pin_10|GPIO_Pin_11\
 632:c:/Users/User/Documents/GitHub/ch32h417/EVT/EXAM/SRC/Peripheral/src\ch32h417_gpio.c ****                                           |GPIO_Pin_12|GPIO_Pin_13;
 633:c:/Users/User/Documents/GitHub/ch32h417/EVT/EXAM/SRC/Peripheral/src\ch32h417_gpio.c ****             GPIO_InitStructure.GPIO_Mode = GPIO_Mode_IPD;
 634:c:/Users/User/Documents/GitHub/ch32h417/EVT/EXAM/SRC/Peripheral/src\ch32h417_gpio.c ****             GPIO_Init(GPIOF, &GPIO_InitStructure);
 635:c:/Users/User/Documents/GitHub/ch32h417/EVT/EXAM/SRC/Peripheral/src\ch32h417_gpio.c ****             break;
 636:c:/Users/User/Documents/GitHub/ch32h417/EVT/EXAM/SRC/Peripheral/src\ch32h417_gpio.c ****         }
 637:c:/Users/User/Documents/GitHub/ch32h417/EVT/EXAM/SRC/Peripheral/src\ch32h417_gpio.c ****         case 0x4172050D:     //CH32H417WEU
 638:c:/Users/User/Documents/GitHub/ch32h417/EVT/EXAM/SRC/Peripheral/src\ch32h417_gpio.c ****         {
 639:c:/Users/User/Documents/GitHub/ch32h417/EVT/EXAM/SRC/Peripheral/src\ch32h417_gpio.c ****             GPIO_InitStructure.GPIO_Pin = GPIO_Pin_0|GPIO_Pin_1|GPIO_Pin_2\
 640:c:/Users/User/Documents/GitHub/ch32h417/EVT/EXAM/SRC/Peripheral/src\ch32h417_gpio.c ****                                           |GPIO_Pin_3|GPIO_Pin_4|GPIO_Pin_6\
 641:c:/Users/User/Documents/GitHub/ch32h417/EVT/EXAM/SRC/Peripheral/src\ch32h417_gpio.c ****                                           |GPIO_Pin_7|GPIO_Pin_8|GPIO_Pin_9\
 642:c:/Users/User/Documents/GitHub/ch32h417/EVT/EXAM/SRC/Peripheral/src\ch32h417_gpio.c ****                                           |GPIO_Pin_10|GPIO_Pin_11|GPIO_Pin_12;
 643:c:/Users/User/Documents/GitHub/ch32h417/EVT/EXAM/SRC/Peripheral/src\ch32h417_gpio.c ****             GPIO_InitStructure.GPIO_Mode = GPIO_Mode_IPD;
 644:c:/Users/User/Documents/GitHub/ch32h417/EVT/EXAM/SRC/Peripheral/src\ch32h417_gpio.c ****             GPIO_Init(GPIOA, &GPIO_InitStructure);
 645:c:/Users/User/Documents/GitHub/ch32h417/EVT/EXAM/SRC/Peripheral/src\ch32h417_gpio.c ****             GPIO_InitStructure.GPIO_Pin = GPIO_Pin_2|GPIO_Pin_3|GPIO_Pin_4\
 646:c:/Users/User/Documents/GitHub/ch32h417/EVT/EXAM/SRC/Peripheral/src\ch32h417_gpio.c ****                                           |GPIO_Pin_5|GPIO_Pin_6|GPIO_Pin_7\
 647:c:/Users/User/Documents/GitHub/ch32h417/EVT/EXAM/SRC/Peripheral/src\ch32h417_gpio.c ****                                           |GPIO_Pin_15;
 648:c:/Users/User/Documents/GitHub/ch32h417/EVT/EXAM/SRC/Peripheral/src\ch32h417_gpio.c ****             GPIO_InitStructure.GPIO_Mode = GPIO_Mode_IPD;
 649:c:/Users/User/Documents/GitHub/ch32h417/EVT/EXAM/SRC/Peripheral/src\ch32h417_gpio.c ****             GPIO_Init(GPIOB, &GPIO_InitStructure);
 650:c:/Users/User/Documents/GitHub/ch32h417/EVT/EXAM/SRC/Peripheral/src\ch32h417_gpio.c ****             GPIO_InitStructure.GPIO_Pin = GPIO_Pin_4|GPIO_Pin_5|GPIO_Pin_13\
 651:c:/Users/User/Documents/GitHub/ch32h417/EVT/EXAM/SRC/Peripheral/src\ch32h417_gpio.c ****                                           |GPIO_Pin_14|GPIO_Pin_15;
 652:c:/Users/User/Documents/GitHub/ch32h417/EVT/EXAM/SRC/Peripheral/src\ch32h417_gpio.c ****             GPIO_InitStructure.GPIO_Mode = GPIO_Mode_IPD;
 653:c:/Users/User/Documents/GitHub/ch32h417/EVT/EXAM/SRC/Peripheral/src\ch32h417_gpio.c ****             GPIO_Init(GPIOC, &GPIO_InitStructure);
 654:c:/Users/User/Documents/GitHub/ch32h417/EVT/EXAM/SRC/Peripheral/src\ch32h417_gpio.c ****             GPIO_InitStructure.GPIO_Pin = GPIO_Pin_8|GPIO_Pin_9;
 655:c:/Users/User/Documents/GitHub/ch32h417/EVT/EXAM/SRC/Peripheral/src\ch32h417_gpio.c ****             GPIO_InitStructure.GPIO_Mode = GPIO_Mode_IPD;
 656:c:/Users/User/Documents/GitHub/ch32h417/EVT/EXAM/SRC/Peripheral/src\ch32h417_gpio.c ****             GPIO_Init(GPIOD, &GPIO_InitStructure);
 657:c:/Users/User/Documents/GitHub/ch32h417/EVT/EXAM/SRC/Peripheral/src\ch32h417_gpio.c ****             GPIO_InitStructure.GPIO_Pin = GPIO_Pin_2|GPIO_Pin_3|GPIO_Pin_4\
 658:c:/Users/User/Documents/GitHub/ch32h417/EVT/EXAM/SRC/Peripheral/src\ch32h417_gpio.c ****                                           |GPIO_Pin_5|GPIO_Pin_6|GPIO_Pin_7\
 659:c:/Users/User/Documents/GitHub/ch32h417/EVT/EXAM/SRC/Peripheral/src\ch32h417_gpio.c ****                                           |GPIO_Pin_8|GPIO_Pin_9|GPIO_Pin_10\
 660:c:/Users/User/Documents/GitHub/ch32h417/EVT/EXAM/SRC/Peripheral/src\ch32h417_gpio.c ****                                           |GPIO_Pin_11|GPIO_Pin_12;
 661:c:/Users/User/Documents/GitHub/ch32h417/EVT/EXAM/SRC/Peripheral/src\ch32h417_gpio.c ****             GPIO_InitStructure.GPIO_Mode = GPIO_Mode_IPD;
 662:c:/Users/User/Documents/GitHub/ch32h417/EVT/EXAM/SRC/Peripheral/src\ch32h417_gpio.c ****             GPIO_Init(GPIOE, &GPIO_InitStructure);
 663:c:/Users/User/Documents/GitHub/ch32h417/EVT/EXAM/SRC/Peripheral/src\ch32h417_gpio.c ****             GPIO_InitStructure.GPIO_Pin = GPIO_Pin_6|GPIO_Pin_7|GPIO_Pin_8\
 664:c:/Users/User/Documents/GitHub/ch32h417/EVT/EXAM/SRC/Peripheral/src\ch32h417_gpio.c ****                                           |GPIO_Pin_9|GPIO_Pin_10|GPIO_Pin_11\
 665:c:/Users/User/Documents/GitHub/ch32h417/EVT/EXAM/SRC/Peripheral/src\ch32h417_gpio.c ****                                           |GPIO_Pin_12|GPIO_Pin_13;
 666:c:/Users/User/Documents/GitHub/ch32h417/EVT/EXAM/SRC/Peripheral/src\ch32h417_gpio.c ****             GPIO_InitStructure.GPIO_Mode = GPIO_Mode_IPD;
 667:c:/Users/User/Documents/GitHub/ch32h417/EVT/EXAM/SRC/Peripheral/src\ch32h417_gpio.c ****             GPIO_Init(GPIOF, &GPIO_InitStructure);
 668:c:/Users/User/Documents/GitHub/ch32h417/EVT/EXAM/SRC/Peripheral/src\ch32h417_gpio.c ****             break;
 669:c:/Users/User/Documents/GitHub/ch32h417/EVT/EXAM/SRC/Peripheral/src\ch32h417_gpio.c ****         }
 670:c:/Users/User/Documents/GitHub/ch32h417/EVT/EXAM/SRC/Peripheral/src\ch32h417_gpio.c ****         case 0x4150050D:     //CH32H415REU
 671:c:/Users/User/Documents/GitHub/ch32h417/EVT/EXAM/SRC/Peripheral/src\ch32h417_gpio.c ****         {
 672:c:/Users/User/Documents/GitHub/ch32h417/EVT/EXAM/SRC/Peripheral/src\ch32h417_gpio.c ****             GPIO_InitStructure.GPIO_Pin = GPIO_Pin_8;
 673:c:/Users/User/Documents/GitHub/ch32h417/EVT/EXAM/SRC/Peripheral/src\ch32h417_gpio.c ****             GPIO_InitStructure.GPIO_Mode = GPIO_Mode_IPD;
 674:c:/Users/User/Documents/GitHub/ch32h417/EVT/EXAM/SRC/Peripheral/src\ch32h417_gpio.c ****             GPIO_Init(GPIOA, &GPIO_InitStructure);
 675:c:/Users/User/Documents/GitHub/ch32h417/EVT/EXAM/SRC/Peripheral/src\ch32h417_gpio.c ****             GPIO_InitStructure.GPIO_Pin = GPIO_Pin_2|GPIO_Pin_5;
 676:c:/Users/User/Documents/GitHub/ch32h417/EVT/EXAM/SRC/Peripheral/src\ch32h417_gpio.c ****             GPIO_InitStructure.GPIO_Mode = GPIO_Mode_IPD;
 677:c:/Users/User/Documents/GitHub/ch32h417/EVT/EXAM/SRC/Peripheral/src\ch32h417_gpio.c ****             GPIO_Init(GPIOB, &GPIO_InitStructure);
 678:c:/Users/User/Documents/GitHub/ch32h417/EVT/EXAM/SRC/Peripheral/src\ch32h417_gpio.c ****             GPIO_InitStructure.GPIO_Pin = GPIO_Pin_5|GPIO_Pin_13|GPIO_Pin_14\
 679:c:/Users/User/Documents/GitHub/ch32h417/EVT/EXAM/SRC/Peripheral/src\ch32h417_gpio.c ****                                           |GPIO_Pin_15;
 680:c:/Users/User/Documents/GitHub/ch32h417/EVT/EXAM/SRC/Peripheral/src\ch32h417_gpio.c ****             GPIO_InitStructure.GPIO_Mode = GPIO_Mode_IPD;
 681:c:/Users/User/Documents/GitHub/ch32h417/EVT/EXAM/SRC/Peripheral/src\ch32h417_gpio.c ****             GPIO_Init(GPIOC, &GPIO_InitStructure);
 682:c:/Users/User/Documents/GitHub/ch32h417/EVT/EXAM/SRC/Peripheral/src\ch32h417_gpio.c ****             GPIO_InitStructure.GPIO_Pin = GPIO_Pin_0|GPIO_Pin_1|GPIO_Pin_2\
 683:c:/Users/User/Documents/GitHub/ch32h417/EVT/EXAM/SRC/Peripheral/src\ch32h417_gpio.c ****                                           |GPIO_Pin_4|GPIO_Pin_5|GPIO_Pin_6\
 684:c:/Users/User/Documents/GitHub/ch32h417/EVT/EXAM/SRC/Peripheral/src\ch32h417_gpio.c ****                                           |GPIO_Pin_7|GPIO_Pin_8|GPIO_Pin_9\
 685:c:/Users/User/Documents/GitHub/ch32h417/EVT/EXAM/SRC/Peripheral/src\ch32h417_gpio.c ****                                           |GPIO_Pin_10|GPIO_Pin_11|GPIO_Pin_12\
 686:c:/Users/User/Documents/GitHub/ch32h417/EVT/EXAM/SRC/Peripheral/src\ch32h417_gpio.c ****                                           |GPIO_Pin_13|GPIO_Pin_14|GPIO_Pin_15;
 687:c:/Users/User/Documents/GitHub/ch32h417/EVT/EXAM/SRC/Peripheral/src\ch32h417_gpio.c ****             GPIO_InitStructure.GPIO_Mode = GPIO_Mode_IPD;
 688:c:/Users/User/Documents/GitHub/ch32h417/EVT/EXAM/SRC/Peripheral/src\ch32h417_gpio.c ****             GPIO_Init(GPIOD, &GPIO_InitStructure);
 689:c:/Users/User/Documents/GitHub/ch32h417/EVT/EXAM/SRC/Peripheral/src\ch32h417_gpio.c ****             GPIO_InitStructure.GPIO_Pin = GPIO_Pin_0|GPIO_Pin_1|GPIO_Pin_2\
 690:c:/Users/User/Documents/GitHub/ch32h417/EVT/EXAM/SRC/Peripheral/src\ch32h417_gpio.c ****                                           |GPIO_Pin_7|GPIO_Pin_8|GPIO_Pin_9\
 691:c:/Users/User/Documents/GitHub/ch32h417/EVT/EXAM/SRC/Peripheral/src\ch32h417_gpio.c ****                                           |GPIO_Pin_10;
 692:c:/Users/User/Documents/GitHub/ch32h417/EVT/EXAM/SRC/Peripheral/src\ch32h417_gpio.c ****             GPIO_InitStructure.GPIO_Mode = GPIO_Mode_IPD;
 693:c:/Users/User/Documents/GitHub/ch32h417/EVT/EXAM/SRC/Peripheral/src\ch32h417_gpio.c ****             GPIO_Init(GPIOE, &GPIO_InitStructure);
 694:c:/Users/User/Documents/GitHub/ch32h417/EVT/EXAM/SRC/Peripheral/src\ch32h417_gpio.c ****             GPIO_InitStructure.GPIO_Pin = GPIO_Pin_0|GPIO_Pin_1|GPIO_Pin_2\
 695:c:/Users/User/Documents/GitHub/ch32h417/EVT/EXAM/SRC/Peripheral/src\ch32h417_gpio.c ****                                           |GPIO_Pin_6|GPIO_Pin_7|GPIO_Pin_8\
 696:c:/Users/User/Documents/GitHub/ch32h417/EVT/EXAM/SRC/Peripheral/src\ch32h417_gpio.c ****                                           |GPIO_Pin_9|GPIO_Pin_10|GPIO_Pin_11\
 697:c:/Users/User/Documents/GitHub/ch32h417/EVT/EXAM/SRC/Peripheral/src\ch32h417_gpio.c ****                                           |GPIO_Pin_12|GPIO_Pin_13|GPIO_Pin_14;
 698:c:/Users/User/Documents/GitHub/ch32h417/EVT/EXAM/SRC/Peripheral/src\ch32h417_gpio.c ****             GPIO_InitStructure.GPIO_Mode = GPIO_Mode_IPD;
 699:c:/Users/User/Documents/GitHub/ch32h417/EVT/EXAM/SRC/Peripheral/src\ch32h417_gpio.c ****             GPIO_Init(GPIOF, &GPIO_InitStructure);
 700:c:/Users/User/Documents/GitHub/ch32h417/EVT/EXAM/SRC/Peripheral/src\ch32h417_gpio.c ****             break;
 701:c:/Users/User/Documents/GitHub/ch32h417/EVT/EXAM/SRC/Peripheral/src\ch32h417_gpio.c ****         }
 702:c:/Users/User/Documents/GitHub/ch32h417/EVT/EXAM/SRC/Peripheral/src\ch32h417_gpio.c ****         case 0x4160050D:     //CH32H416RDU
 703:c:/Users/User/Documents/GitHub/ch32h417/EVT/EXAM/SRC/Peripheral/src\ch32h417_gpio.c ****         {
 704:c:/Users/User/Documents/GitHub/ch32h417/EVT/EXAM/SRC/Peripheral/src\ch32h417_gpio.c ****             GPIO_InitStructure.GPIO_Pin = GPIO_Pin_8|GPIO_Pin_9|GPIO_Pin_10;
 705:c:/Users/User/Documents/GitHub/ch32h417/EVT/EXAM/SRC/Peripheral/src\ch32h417_gpio.c ****             GPIO_InitStructure.GPIO_Mode = GPIO_Mode_IPD;
 706:c:/Users/User/Documents/GitHub/ch32h417/EVT/EXAM/SRC/Peripheral/src\ch32h417_gpio.c ****             GPIO_Init(GPIOA, &GPIO_InitStructure);
 707:c:/Users/User/Documents/GitHub/ch32h417/EVT/EXAM/SRC/Peripheral/src\ch32h417_gpio.c ****             GPIO_InitStructure.GPIO_Pin = GPIO_Pin_2|GPIO_Pin_10|GPIO_Pin_11\
 708:c:/Users/User/Documents/GitHub/ch32h417/EVT/EXAM/SRC/Peripheral/src\ch32h417_gpio.c ****                                           |GPIO_Pin_12|GPIO_Pin_13|GPIO_Pin_14\
 709:c:/Users/User/Documents/GitHub/ch32h417/EVT/EXAM/SRC/Peripheral/src\ch32h417_gpio.c ****                                           |GPIO_Pin_15;
 710:c:/Users/User/Documents/GitHub/ch32h417/EVT/EXAM/SRC/Peripheral/src\ch32h417_gpio.c ****             GPIO_InitStructure.GPIO_Mode = GPIO_Mode_IPD;
 711:c:/Users/User/Documents/GitHub/ch32h417/EVT/EXAM/SRC/Peripheral/src\ch32h417_gpio.c ****             GPIO_Init(GPIOB, &GPIO_InitStructure);
 712:c:/Users/User/Documents/GitHub/ch32h417/EVT/EXAM/SRC/Peripheral/src\ch32h417_gpio.c ****             GPIO_InitStructure.GPIO_Pin = GPIO_Pin_13|GPIO_Pin_14|GPIO_Pin_15;
 713:c:/Users/User/Documents/GitHub/ch32h417/EVT/EXAM/SRC/Peripheral/src\ch32h417_gpio.c ****             GPIO_InitStructure.GPIO_Mode = GPIO_Mode_IPD;
 714:c:/Users/User/Documents/GitHub/ch32h417/EVT/EXAM/SRC/Peripheral/src\ch32h417_gpio.c ****             GPIO_Init(GPIOC, &GPIO_InitStructure);
 715:c:/Users/User/Documents/GitHub/ch32h417/EVT/EXAM/SRC/Peripheral/src\ch32h417_gpio.c ****             GPIO_InitStructure.GPIO_Pin = GPIO_Pin_0|GPIO_Pin_1|GPIO_Pin_4\
 716:c:/Users/User/Documents/GitHub/ch32h417/EVT/EXAM/SRC/Peripheral/src\ch32h417_gpio.c ****                                           |GPIO_Pin_5|GPIO_Pin_6|GPIO_Pin_7\
 717:c:/Users/User/Documents/GitHub/ch32h417/EVT/EXAM/SRC/Peripheral/src\ch32h417_gpio.c ****                                           |GPIO_Pin_8|GPIO_Pin_11|GPIO_Pin_12\
 718:c:/Users/User/Documents/GitHub/ch32h417/EVT/EXAM/SRC/Peripheral/src\ch32h417_gpio.c ****                                           |GPIO_Pin_13|GPIO_Pin_14|GPIO_Pin_15;
 719:c:/Users/User/Documents/GitHub/ch32h417/EVT/EXAM/SRC/Peripheral/src\ch32h417_gpio.c ****             GPIO_InitStructure.GPIO_Mode = GPIO_Mode_IPD;
 720:c:/Users/User/Documents/GitHub/ch32h417/EVT/EXAM/SRC/Peripheral/src\ch32h417_gpio.c ****             GPIO_Init(GPIOD, &GPIO_InitStructure);
 721:c:/Users/User/Documents/GitHub/ch32h417/EVT/EXAM/SRC/Peripheral/src\ch32h417_gpio.c ****             GPIO_InitStructure.GPIO_Pin = GPIO_Pin_0|GPIO_Pin_1|GPIO_Pin_2\
 722:c:/Users/User/Documents/GitHub/ch32h417/EVT/EXAM/SRC/Peripheral/src\ch32h417_gpio.c ****                                           |GPIO_Pin_3|GPIO_Pin_4|GPIO_Pin_5\
 723:c:/Users/User/Documents/GitHub/ch32h417/EVT/EXAM/SRC/Peripheral/src\ch32h417_gpio.c ****                                           |GPIO_Pin_6|GPIO_Pin_7|GPIO_Pin_8\
 724:c:/Users/User/Documents/GitHub/ch32h417/EVT/EXAM/SRC/Peripheral/src\ch32h417_gpio.c ****                                           |GPIO_Pin_10|GPIO_Pin_11|GPIO_Pin_12\
 725:c:/Users/User/Documents/GitHub/ch32h417/EVT/EXAM/SRC/Peripheral/src\ch32h417_gpio.c ****                                           |GPIO_Pin_13|GPIO_Pin_14;
 726:c:/Users/User/Documents/GitHub/ch32h417/EVT/EXAM/SRC/Peripheral/src\ch32h417_gpio.c ****             GPIO_InitStructure.GPIO_Mode = GPIO_Mode_IPD;
 727:c:/Users/User/Documents/GitHub/ch32h417/EVT/EXAM/SRC/Peripheral/src\ch32h417_gpio.c ****             GPIO_Init(GPIOE, &GPIO_InitStructure);
 728:c:/Users/User/Documents/GitHub/ch32h417/EVT/EXAM/SRC/Peripheral/src\ch32h417_gpio.c ****             GPIO_InitStructure.GPIO_Pin = GPIO_Pin_0|GPIO_Pin_1|GPIO_Pin_2\
 729:c:/Users/User/Documents/GitHub/ch32h417/EVT/EXAM/SRC/Peripheral/src\ch32h417_gpio.c ****                                           |GPIO_Pin_3|GPIO_Pin_4|GPIO_Pin_5\
 730:c:/Users/User/Documents/GitHub/ch32h417/EVT/EXAM/SRC/Peripheral/src\ch32h417_gpio.c ****                                           |GPIO_Pin_11|GPIO_Pin_14;
 731:c:/Users/User/Documents/GitHub/ch32h417/EVT/EXAM/SRC/Peripheral/src\ch32h417_gpio.c ****             GPIO_InitStructure.GPIO_Mode = GPIO_Mode_IPD;
 732:c:/Users/User/Documents/GitHub/ch32h417/EVT/EXAM/SRC/Peripheral/src\ch32h417_gpio.c ****             GPIO_Init(GPIOF, &GPIO_InitStructure);
 733:c:/Users/User/Documents/GitHub/ch32h417/EVT/EXAM/SRC/Peripheral/src\ch32h417_gpio.c ****             break;
 734:c:/Users/User/Documents/GitHub/ch32h417/EVT/EXAM/SRC/Peripheral/src\ch32h417_gpio.c ****         }
 735:c:/Users/User/Documents/GitHub/ch32h417/EVT/EXAM/SRC/Peripheral/src\ch32h417_gpio.c ****         default:
 736:c:/Users/User/Documents/GitHub/ch32h417/EVT/EXAM/SRC/Peripheral/src\ch32h417_gpio.c ****         {
 737:c:/Users/User/Documents/GitHub/ch32h417/EVT/EXAM/SRC/Peripheral/src\ch32h417_gpio.c ****             break;
 738:c:/Users/User/Documents/GitHub/ch32h417/EVT/EXAM/SRC/Peripheral/src\ch32h417_gpio.c ****         }
 739:c:/Users/User/Documents/GitHub/ch32h417/EVT/EXAM/SRC/Peripheral/src\ch32h417_gpio.c ****     }
 740:c:/Users/User/Documents/GitHub/ch32h417/EVT/EXAM/SRC/Peripheral/src\ch32h417_gpio.c **** }
 1291              		.loc 1 740 1 is_stmt 0
 1292 00c0 4101     		addi	sp,sp,16
 1293              		.cfi_remember_state
 1294              		.cfi_def_cfa_offset 0
 1295 00c2 17030000 		tail	__riscv_restore_2
 1295      67000300 
 1296              		.cfi_restore 9
 1297              		.cfi_restore 8
 1298              		.cfi_restore 1
 1299              		.cfi_def_cfa_offset -16
 1300              	.LVL131:
 1301              	.L87:
 1302              		.cfi_restore_state
 607:c:/Users/User/Documents/GitHub/ch32h417/EVT/EXAM/SRC/Peripheral/src\ch32h417_gpio.c ****     {
 1303              		.loc 1 607 5
 1304 00ca 37077241 		li	a4,1097990144
 1305 00ce 1307D750 		addi	a4,a4,1293
 1306 00d2 E397E7FE 		bne	a5,a4,.L84
 639:c:/Users/User/Documents/GitHub/ch32h417/EVT/EXAM/SRC/Peripheral/src\ch32h417_gpio.c ****                                           |GPIO_Pin_3|GPIO_Pin_4|GPIO_Pin_6\
 1307              		.loc 1 639 13 is_stmt 1
 639:c:/Users/User/Documents/GitHub/ch32h417/EVT/EXAM/SRC/Peripheral/src\ch32h417_gpio.c ****                                           |GPIO_Pin_3|GPIO_Pin_4|GPIO_Pin_6\
 1308              		.loc 1 639 41 is_stmt 0
 1309 00d6 0964     		li	s0,8192
 1310 00d8 9307F4FD 		addi	a5,s0,-33
 1311              	.LVL132:
 644:c:/Users/User/Documents/GitHub/ch32h417/EVT/EXAM/SRC/Peripheral/src\ch32h417_gpio.c ****             GPIO_InitStructure.GPIO_Pin = GPIO_Pin_2|GPIO_Pin_3|GPIO_Pin_4\
 1312              		.loc 1 644 13
 1313 00dc B7140140 		li	s1,1073811456
 639:c:/Users/User/Documents/GitHub/ch32h417/EVT/EXAM/SRC/Peripheral/src\ch32h417_gpio.c ****                                           |GPIO_Pin_3|GPIO_Pin_4|GPIO_Pin_6\
 1314              		.loc 1 639 41
 1315 00e0 7C82     		sh	a5,4(sp)
 643:c:/Users/User/Documents/GitHub/ch32h417/EVT/EXAM/SRC/Peripheral/src\ch32h417_gpio.c ****             GPIO_Init(GPIOA, &GPIO_InitStructure);
 1316              		.loc 1 643 13 is_stmt 1
 644:c:/Users/User/Documents/GitHub/ch32h417/EVT/EXAM/SRC/Peripheral/src\ch32h417_gpio.c ****             GPIO_InitStructure.GPIO_Pin = GPIO_Pin_2|GPIO_Pin_3|GPIO_Pin_4\
 1317              		.loc 1 644 13 is_stmt 0
 1318 00e2 4C00     		addi	a1,sp,4
 643:c:/Users/User/Documents/GitHub/ch32h417/EVT/EXAM/SRC/Peripheral/src\ch32h417_gpio.c ****             GPIO_Init(GPIOA, &GPIO_InitStructure);
 1319              		.loc 1 643 42
 1320 00e4 93078002 		li	a5,40
 644:c:/Users/User/Documents/GitHub/ch32h417/EVT/EXAM/SRC/Peripheral/src\ch32h417_gpio.c ****             GPIO_InitStructure.GPIO_Pin = GPIO_Pin_2|GPIO_Pin_3|GPIO_Pin_4\
 1321              		.loc 1 644 13
 1322 00e8 13850480 		addi	a0,s1,-2048
 643:c:/Users/User/Documents/GitHub/ch32h417/EVT/EXAM/SRC/Peripheral/src\ch32h417_gpio.c ****             GPIO_Init(GPIOA, &GPIO_InitStructure);
 1323              		.loc 1 643 42
 1324 00ec 3EC6     		sw	a5,12(sp)
 644:c:/Users/User/Documents/GitHub/ch32h417/EVT/EXAM/SRC/Peripheral/src\ch32h417_gpio.c ****             GPIO_InitStructure.GPIO_Pin = GPIO_Pin_2|GPIO_Pin_3|GPIO_Pin_4\
 1325              		.loc 1 644 13 is_stmt 1
 1326 00ee 97000000 		call	GPIO_Init
 1326      E7800000 
 1327              	.LVL133:
 645:c:/Users/User/Documents/GitHub/ch32h417/EVT/EXAM/SRC/Peripheral/src\ch32h417_gpio.c ****                                           |GPIO_Pin_5|GPIO_Pin_6|GPIO_Pin_7\
 1328              		.loc 1 645 13
 645:c:/Users/User/Documents/GitHub/ch32h417/EVT/EXAM/SRC/Peripheral/src\ch32h417_gpio.c ****                                           |GPIO_Pin_5|GPIO_Pin_6|GPIO_Pin_7\
 1329              		.loc 1 645 41 is_stmt 0
 1330 00f6 E177     		li	a5,-32768
 1331 00f8 9387C70F 		addi	a5,a5,252
 649:c:/Users/User/Documents/GitHub/ch32h417/EVT/EXAM/SRC/Peripheral/src\ch32h417_gpio.c ****             GPIO_InitStructure.GPIO_Pin = GPIO_Pin_4|GPIO_Pin_5|GPIO_Pin_13\
 1332              		.loc 1 649 13
 1333 00fc 4C00     		addi	a1,sp,4
 1334 00fe 138504C0 		addi	a0,s1,-1024
 645:c:/Users/User/Documents/GitHub/ch32h417/EVT/EXAM/SRC/Peripheral/src\ch32h417_gpio.c ****                                           |GPIO_Pin_5|GPIO_Pin_6|GPIO_Pin_7\
 1335              		.loc 1 645 41
 1336 0102 7C82     		sh	a5,4(sp)
 648:c:/Users/User/Documents/GitHub/ch32h417/EVT/EXAM/SRC/Peripheral/src\ch32h417_gpio.c ****             GPIO_Init(GPIOB, &GPIO_InitStructure);
 1337              		.loc 1 648 13 is_stmt 1
 649:c:/Users/User/Documents/GitHub/ch32h417/EVT/EXAM/SRC/Peripheral/src\ch32h417_gpio.c ****             GPIO_InitStructure.GPIO_Pin = GPIO_Pin_4|GPIO_Pin_5|GPIO_Pin_13\
 1338              		.loc 1 649 13
 1339 0104 97000000 		call	GPIO_Init
 1339      E7800000 
 1340              	.LVL134:
 650:c:/Users/User/Documents/GitHub/ch32h417/EVT/EXAM/SRC/Peripheral/src\ch32h417_gpio.c ****                                           |GPIO_Pin_14|GPIO_Pin_15;
 1341              		.loc 1 650 13
 650:c:/Users/User/Documents/GitHub/ch32h417/EVT/EXAM/SRC/Peripheral/src\ch32h417_gpio.c ****                                           |GPIO_Pin_14|GPIO_Pin_15;
 1342              		.loc 1 650 41 is_stmt 0
 1343 010c F977     		li	a5,-8192
 1344 010e 93870703 		addi	a5,a5,48
 653:c:/Users/User/Documents/GitHub/ch32h417/EVT/EXAM/SRC/Peripheral/src\ch32h417_gpio.c ****             GPIO_InitStructure.GPIO_Pin = GPIO_Pin_8|GPIO_Pin_9;
 1345              		.loc 1 653 13
 1346 0112 4C00     		addi	a1,sp,4
 1347 0114 37150140 		li	a0,1073811456
 650:c:/Users/User/Documents/GitHub/ch32h417/EVT/EXAM/SRC/Peripheral/src\ch32h417_gpio.c ****                                           |GPIO_Pin_14|GPIO_Pin_15;
 1348              		.loc 1 650 41
 1349 0118 7C82     		sh	a5,4(sp)
 652:c:/Users/User/Documents/GitHub/ch32h417/EVT/EXAM/SRC/Peripheral/src\ch32h417_gpio.c ****             GPIO_Init(GPIOC, &GPIO_InitStructure);
 1350              		.loc 1 652 13 is_stmt 1
 653:c:/Users/User/Documents/GitHub/ch32h417/EVT/EXAM/SRC/Peripheral/src\ch32h417_gpio.c ****             GPIO_InitStructure.GPIO_Pin = GPIO_Pin_8|GPIO_Pin_9;
 1351              		.loc 1 653 13
 1352 011a 97000000 		call	GPIO_Init
 1352      E7800000 
 1353              	.LVL135:
 654:c:/Users/User/Documents/GitHub/ch32h417/EVT/EXAM/SRC/Peripheral/src\ch32h417_gpio.c ****             GPIO_InitStructure.GPIO_Mode = GPIO_Mode_IPD;
 1354              		.loc 1 654 13
 654:c:/Users/User/Documents/GitHub/ch32h417/EVT/EXAM/SRC/Peripheral/src\ch32h417_gpio.c ****             GPIO_InitStructure.GPIO_Mode = GPIO_Mode_IPD;
 1355              		.loc 1 654 41 is_stmt 0
 1356 0122 93070030 		li	a5,768
 656:c:/Users/User/Documents/GitHub/ch32h417/EVT/EXAM/SRC/Peripheral/src\ch32h417_gpio.c ****             GPIO_InitStructure.GPIO_Pin = GPIO_Pin_2|GPIO_Pin_3|GPIO_Pin_4\
 1357              		.loc 1 656 13
 1358 0126 4C00     		addi	a1,sp,4
 1359 0128 13850440 		addi	a0,s1,1024
 657:c:/Users/User/Documents/GitHub/ch32h417/EVT/EXAM/SRC/Peripheral/src\ch32h417_gpio.c ****                                           |GPIO_Pin_5|GPIO_Pin_6|GPIO_Pin_7\
 1360              		.loc 1 657 41
 1361 012c 7114     		addi	s0,s0,-4
 654:c:/Users/User/Documents/GitHub/ch32h417/EVT/EXAM/SRC/Peripheral/src\ch32h417_gpio.c ****             GPIO_InitStructure.GPIO_Mode = GPIO_Mode_IPD;
 1362              		.loc 1 654 41
 1363 012e 7C82     		sh	a5,4(sp)
 655:c:/Users/User/Documents/GitHub/ch32h417/EVT/EXAM/SRC/Peripheral/src\ch32h417_gpio.c ****             GPIO_Init(GPIOD, &GPIO_InitStructure);
 1364              		.loc 1 655 13 is_stmt 1
 656:c:/Users/User/Documents/GitHub/ch32h417/EVT/EXAM/SRC/Peripheral/src\ch32h417_gpio.c ****             GPIO_InitStructure.GPIO_Pin = GPIO_Pin_2|GPIO_Pin_3|GPIO_Pin_4\
 1365              		.loc 1 656 13
 1366 0130 97000000 		call	GPIO_Init
 1366      E7800000 
 1367              	.LVL136:
 657:c:/Users/User/Documents/GitHub/ch32h417/EVT/EXAM/SRC/Peripheral/src\ch32h417_gpio.c ****                                           |GPIO_Pin_5|GPIO_Pin_6|GPIO_Pin_7\
 1368              		.loc 1 657 13
 657:c:/Users/User/Documents/GitHub/ch32h417/EVT/EXAM/SRC/Peripheral/src\ch32h417_gpio.c ****                                           |GPIO_Pin_5|GPIO_Pin_6|GPIO_Pin_7\
 1369              		.loc 1 657 41 is_stmt 0
 1370 0138 6082     		sh	s0,4(sp)
 1371 013a 9DA0     		j	.L94
 1372              	.LVL137:
 1373              	.L86:
 611:c:/Users/User/Documents/GitHub/ch32h417/EVT/EXAM/SRC/Peripheral/src\ch32h417_gpio.c ****                                           |GPIO_Pin_6|GPIO_Pin_7|GPIO_Pin_8;
 1374              		.loc 1 611 13 is_stmt 1
 614:c:/Users/User/Documents/GitHub/ch32h417/EVT/EXAM/SRC/Peripheral/src\ch32h417_gpio.c ****             GPIO_InitStructure.GPIO_Pin = GPIO_Pin_2|GPIO_Pin_5|GPIO_Pin_6\
 1375              		.loc 1 614 13 is_stmt 0
 1376 013c 37140140 		li	s0,1073811456
 611:c:/Users/User/Documents/GitHub/ch32h417/EVT/EXAM/SRC/Peripheral/src\ch32h417_gpio.c ****                                           |GPIO_Pin_6|GPIO_Pin_7|GPIO_Pin_8;
 1377              		.loc 1 611 41
 1378 0140 9307E01C 		li	a5,462
 1379              	.LVL138:
 1380 0144 7C82     		sh	a5,4(sp)
 613:c:/Users/User/Documents/GitHub/ch32h417/EVT/EXAM/SRC/Peripheral/src\ch32h417_gpio.c ****             GPIO_Init(GPIOA, &GPIO_InitStructure);
 1381              		.loc 1 613 13 is_stmt 1
 614:c:/Users/User/Documents/GitHub/ch32h417/EVT/EXAM/SRC/Peripheral/src\ch32h417_gpio.c ****             GPIO_InitStructure.GPIO_Pin = GPIO_Pin_2|GPIO_Pin_5|GPIO_Pin_6\
 1382              		.loc 1 614 13 is_stmt 0
 1383 0146 4C00     		addi	a1,sp,4
 613:c:/Users/User/Documents/GitHub/ch32h417/EVT/EXAM/SRC/Peripheral/src\ch32h417_gpio.c ****             GPIO_Init(GPIOA, &GPIO_InitStructure);
 1384              		.loc 1 613 42
 1385 0148 93078002 		li	a5,40
 614:c:/Users/User/Documents/GitHub/ch32h417/EVT/EXAM/SRC/Peripheral/src\ch32h417_gpio.c ****             GPIO_InitStructure.GPIO_Pin = GPIO_Pin_2|GPIO_Pin_5|GPIO_Pin_6\
 1386              		.loc 1 614 13
 1387 014c 13050480 		addi	a0,s0,-2048
 613:c:/Users/User/Documents/GitHub/ch32h417/EVT/EXAM/SRC/Peripheral/src\ch32h417_gpio.c ****             GPIO_Init(GPIOA, &GPIO_InitStructure);
 1388              		.loc 1 613 42
 1389 0150 3EC6     		sw	a5,12(sp)
 614:c:/Users/User/Documents/GitHub/ch32h417/EVT/EXAM/SRC/Peripheral/src\ch32h417_gpio.c ****             GPIO_InitStructure.GPIO_Pin = GPIO_Pin_2|GPIO_Pin_5|GPIO_Pin_6\
 1390              		.loc 1 614 13 is_stmt 1
 1391 0152 97000000 		call	GPIO_Init
 1391      E7800000 
 1392              	.LVL139:
 615:c:/Users/User/Documents/GitHub/ch32h417/EVT/EXAM/SRC/Peripheral/src\ch32h417_gpio.c ****                                           |GPIO_Pin_7|GPIO_Pin_15;
 1393              		.loc 1 615 13
 615:c:/Users/User/Documents/GitHub/ch32h417/EVT/EXAM/SRC/Peripheral/src\ch32h417_gpio.c ****                                           |GPIO_Pin_7|GPIO_Pin_15;
 1394              		.loc 1 615 41 is_stmt 0
 1395 015a E177     		li	a5,-32768
 1396 015c 9387470E 		addi	a5,a5,228
 618:c:/Users/User/Documents/GitHub/ch32h417/EVT/EXAM/SRC/Peripheral/src\ch32h417_gpio.c ****             GPIO_InitStructure.GPIO_Pin = GPIO_Pin_4|GPIO_Pin_5|GPIO_Pin_13\
 1397              		.loc 1 618 13
 1398 0160 4C00     		addi	a1,sp,4
 1399 0162 130504C0 		addi	a0,s0,-1024
 615:c:/Users/User/Documents/GitHub/ch32h417/EVT/EXAM/SRC/Peripheral/src\ch32h417_gpio.c ****                                           |GPIO_Pin_7|GPIO_Pin_15;
 1400              		.loc 1 615 41
 1401 0166 7C82     		sh	a5,4(sp)
 617:c:/Users/User/Documents/GitHub/ch32h417/EVT/EXAM/SRC/Peripheral/src\ch32h417_gpio.c ****             GPIO_Init(GPIOB, &GPIO_InitStructure);
 1402              		.loc 1 617 13 is_stmt 1
 618:c:/Users/User/Documents/GitHub/ch32h417/EVT/EXAM/SRC/Peripheral/src\ch32h417_gpio.c ****             GPIO_InitStructure.GPIO_Pin = GPIO_Pin_4|GPIO_Pin_5|GPIO_Pin_13\
 1403              		.loc 1 618 13
 1404 0168 97000000 		call	GPIO_Init
 1404      E7800000 
 1405              	.LVL140:
 619:c:/Users/User/Documents/GitHub/ch32h417/EVT/EXAM/SRC/Peripheral/src\ch32h417_gpio.c ****                                           |GPIO_Pin_14|GPIO_Pin_15;
 1406              		.loc 1 619 13
 619:c:/Users/User/Documents/GitHub/ch32h417/EVT/EXAM/SRC/Peripheral/src\ch32h417_gpio.c ****                                           |GPIO_Pin_14|GPIO_Pin_15;
 1407              		.loc 1 619 41 is_stmt 0
 1408 0170 F977     		li	a5,-8192
 1409 0172 93870703 		addi	a5,a5,48
 622:c:/Users/User/Documents/GitHub/ch32h417/EVT/EXAM/SRC/Peripheral/src\ch32h417_gpio.c ****             GPIO_InitStructure.GPIO_Pin = GPIO_Pin_8|GPIO_Pin_9;
 1410              		.loc 1 622 13
 1411 0176 4C00     		addi	a1,sp,4
 1412 0178 37150140 		li	a0,1073811456
 619:c:/Users/User/Documents/GitHub/ch32h417/EVT/EXAM/SRC/Peripheral/src\ch32h417_gpio.c ****                                           |GPIO_Pin_14|GPIO_Pin_15;
 1413              		.loc 1 619 41
 1414 017c 7C82     		sh	a5,4(sp)
 621:c:/Users/User/Documents/GitHub/ch32h417/EVT/EXAM/SRC/Peripheral/src\ch32h417_gpio.c ****             GPIO_Init(GPIOC, &GPIO_InitStructure);
 1415              		.loc 1 621 13 is_stmt 1
 622:c:/Users/User/Documents/GitHub/ch32h417/EVT/EXAM/SRC/Peripheral/src\ch32h417_gpio.c ****             GPIO_InitStructure.GPIO_Pin = GPIO_Pin_8|GPIO_Pin_9;
 1416              		.loc 1 622 13
 1417 017e 97000000 		call	GPIO_Init
 1417      E7800000 
 1418              	.LVL141:
 623:c:/Users/User/Documents/GitHub/ch32h417/EVT/EXAM/SRC/Peripheral/src\ch32h417_gpio.c ****             GPIO_InitStructure.GPIO_Mode = GPIO_Mode_IPD;
 1419              		.loc 1 623 13
 623:c:/Users/User/Documents/GitHub/ch32h417/EVT/EXAM/SRC/Peripheral/src\ch32h417_gpio.c ****             GPIO_InitStructure.GPIO_Mode = GPIO_Mode_IPD;
 1420              		.loc 1 623 41 is_stmt 0
 1421 0186 93070030 		li	a5,768
 625:c:/Users/User/Documents/GitHub/ch32h417/EVT/EXAM/SRC/Peripheral/src\ch32h417_gpio.c ****             GPIO_InitStructure.GPIO_Pin = GPIO_Pin_2|GPIO_Pin_7|GPIO_Pin_8\
 1422              		.loc 1 625 13
 1423 018a 4C00     		addi	a1,sp,4
 1424 018c 13050440 		addi	a0,s0,1024
 623:c:/Users/User/Documents/GitHub/ch32h417/EVT/EXAM/SRC/Peripheral/src\ch32h417_gpio.c ****             GPIO_InitStructure.GPIO_Mode = GPIO_Mode_IPD;
 1425              		.loc 1 623 41
 1426 0190 7C82     		sh	a5,4(sp)
 624:c:/Users/User/Documents/GitHub/ch32h417/EVT/EXAM/SRC/Peripheral/src\ch32h417_gpio.c ****             GPIO_Init(GPIOD, &GPIO_InitStructure);
 1427              		.loc 1 624 13 is_stmt 1
 625:c:/Users/User/Documents/GitHub/ch32h417/EVT/EXAM/SRC/Peripheral/src\ch32h417_gpio.c ****             GPIO_InitStructure.GPIO_Pin = GPIO_Pin_2|GPIO_Pin_7|GPIO_Pin_8\
 1428              		.loc 1 625 13
 1429 0192 97000000 		call	GPIO_Init
 1429      E7800000 
 1430              	.LVL142:
 626:c:/Users/User/Documents/GitHub/ch32h417/EVT/EXAM/SRC/Peripheral/src\ch32h417_gpio.c ****                                           |GPIO_Pin_9;
 1431              		.loc 1 626 13
 626:c:/Users/User/Documents/GitHub/ch32h417/EVT/EXAM/SRC/Peripheral/src\ch32h417_gpio.c ****                                           |GPIO_Pin_9;
 1432              		.loc 1 626 41 is_stmt 0
 1433 019a 93074038 		li	a5,900
 1434 019e 7C82     		sh	a5,4(sp)
 628:c:/Users/User/Documents/GitHub/ch32h417/EVT/EXAM/SRC/Peripheral/src\ch32h417_gpio.c ****             GPIO_Init(GPIOE, &GPIO_InitStructure);
 1435              		.loc 1 628 13 is_stmt 1
 629:c:/Users/User/Documents/GitHub/ch32h417/EVT/EXAM/SRC/Peripheral/src\ch32h417_gpio.c ****             GPIO_InitStructure.GPIO_Pin = GPIO_Pin_6|GPIO_Pin_7|GPIO_Pin_8\
 1436              		.loc 1 629 13
 1437              	.L94:
 661:c:/Users/User/Documents/GitHub/ch32h417/EVT/EXAM/SRC/Peripheral/src\ch32h417_gpio.c ****             GPIO_Init(GPIOE, &GPIO_InitStructure);
 1438              		.loc 1 661 13
 662:c:/Users/User/Documents/GitHub/ch32h417/EVT/EXAM/SRC/Peripheral/src\ch32h417_gpio.c ****             GPIO_InitStructure.GPIO_Pin = GPIO_Pin_6|GPIO_Pin_7|GPIO_Pin_8\
 1439              		.loc 1 662 13
 1440 01a0 37240140 		li	s0,1073815552
 1441 01a4 4C00     		addi	a1,sp,4
 1442 01a6 13050480 		addi	a0,s0,-2048
 1443 01aa 97000000 		call	GPIO_Init
 1443      E7800000 
 1444              	.LVL143:
 663:c:/Users/User/Documents/GitHub/ch32h417/EVT/EXAM/SRC/Peripheral/src\ch32h417_gpio.c ****                                           |GPIO_Pin_9|GPIO_Pin_10|GPIO_Pin_11\
 1445              		.loc 1 663 13
 663:c:/Users/User/Documents/GitHub/ch32h417/EVT/EXAM/SRC/Peripheral/src\ch32h417_gpio.c ****                                           |GPIO_Pin_9|GPIO_Pin_10|GPIO_Pin_11\
 1446              		.loc 1 663 41 is_stmt 0
 1447 01b2 9167     		li	a5,16384
 1448 01b4 938707FC 		addi	a5,a5,-64
 1449              	.L93:
 732:c:/Users/User/Documents/GitHub/ch32h417/EVT/EXAM/SRC/Peripheral/src\ch32h417_gpio.c ****             break;
 1450              		.loc 1 732 13
 1451 01b8 4C00     		addi	a1,sp,4
 1452 01ba 130504C0 		addi	a0,s0,-1024
 728:c:/Users/User/Documents/GitHub/ch32h417/EVT/EXAM/SRC/Peripheral/src\ch32h417_gpio.c ****                                           |GPIO_Pin_3|GPIO_Pin_4|GPIO_Pin_5\
 1453              		.loc 1 728 41
 1454 01be 7C82     		sh	a5,4(sp)
 731:c:/Users/User/Documents/GitHub/ch32h417/EVT/EXAM/SRC/Peripheral/src\ch32h417_gpio.c ****             GPIO_Init(GPIOF, &GPIO_InitStructure);
 1455              		.loc 1 731 13 is_stmt 1
 732:c:/Users/User/Documents/GitHub/ch32h417/EVT/EXAM/SRC/Peripheral/src\ch32h417_gpio.c ****             break;
 1456              		.loc 1 732 13
 1457 01c0 97000000 		call	GPIO_Init
 1457      E7800000 
 1458              	.LVL144:
 733:c:/Users/User/Documents/GitHub/ch32h417/EVT/EXAM/SRC/Peripheral/src\ch32h417_gpio.c ****         }
 1459              		.loc 1 733 13
 1460              		.loc 1 740 1 is_stmt 0
 1461 01c8 E5BD     		j	.L84
 1462              	.LVL145:
 1463              	.L88:
 672:c:/Users/User/Documents/GitHub/ch32h417/EVT/EXAM/SRC/Peripheral/src\ch32h417_gpio.c ****             GPIO_InitStructure.GPIO_Mode = GPIO_Mode_IPD;
 1464              		.loc 1 672 13 is_stmt 1
 674:c:/Users/User/Documents/GitHub/ch32h417/EVT/EXAM/SRC/Peripheral/src\ch32h417_gpio.c ****             GPIO_InitStructure.GPIO_Pin = GPIO_Pin_2|GPIO_Pin_5;
 1465              		.loc 1 674 13 is_stmt 0
 1466 01ca 37140140 		li	s0,1073811456
 672:c:/Users/User/Documents/GitHub/ch32h417/EVT/EXAM/SRC/Peripheral/src\ch32h417_gpio.c ****             GPIO_InitStructure.GPIO_Mode = GPIO_Mode_IPD;
 1467              		.loc 1 672 41
 1468 01ce 93070010 		li	a5,256
 1469              	.LVL146:
 674:c:/Users/User/Documents/GitHub/ch32h417/EVT/EXAM/SRC/Peripheral/src\ch32h417_gpio.c ****             GPIO_InitStructure.GPIO_Pin = GPIO_Pin_2|GPIO_Pin_5;
 1470              		.loc 1 674 13
 1471 01d2 13050480 		addi	a0,s0,-2048
 672:c:/Users/User/Documents/GitHub/ch32h417/EVT/EXAM/SRC/Peripheral/src\ch32h417_gpio.c ****             GPIO_InitStructure.GPIO_Mode = GPIO_Mode_IPD;
 1472              		.loc 1 672 41
 1473 01d6 7C82     		sh	a5,4(sp)
 673:c:/Users/User/Documents/GitHub/ch32h417/EVT/EXAM/SRC/Peripheral/src\ch32h417_gpio.c ****             GPIO_Init(GPIOA, &GPIO_InitStructure);
 1474              		.loc 1 673 13 is_stmt 1
 674:c:/Users/User/Documents/GitHub/ch32h417/EVT/EXAM/SRC/Peripheral/src\ch32h417_gpio.c ****             GPIO_InitStructure.GPIO_Pin = GPIO_Pin_2|GPIO_Pin_5;
 1475              		.loc 1 674 13 is_stmt 0
 1476 01d8 4C00     		addi	a1,sp,4
 673:c:/Users/User/Documents/GitHub/ch32h417/EVT/EXAM/SRC/Peripheral/src\ch32h417_gpio.c ****             GPIO_Init(GPIOA, &GPIO_InitStructure);
 1477              		.loc 1 673 42
 1478 01da 93078002 		li	a5,40
 1479 01de 3EC6     		sw	a5,12(sp)
 674:c:/Users/User/Documents/GitHub/ch32h417/EVT/EXAM/SRC/Peripheral/src\ch32h417_gpio.c ****             GPIO_InitStructure.GPIO_Pin = GPIO_Pin_2|GPIO_Pin_5;
 1480              		.loc 1 674 13 is_stmt 1
 1481 01e0 97000000 		call	GPIO_Init
 1481      E7800000 
 1482              	.LVL147:
 675:c:/Users/User/Documents/GitHub/ch32h417/EVT/EXAM/SRC/Peripheral/src\ch32h417_gpio.c ****             GPIO_InitStructure.GPIO_Mode = GPIO_Mode_IPD;
 1483              		.loc 1 675 13
 675:c:/Users/User/Documents/GitHub/ch32h417/EVT/EXAM/SRC/Peripheral/src\ch32h417_gpio.c ****             GPIO_InitStructure.GPIO_Mode = GPIO_Mode_IPD;
 1484              		.loc 1 675 41 is_stmt 0
 1485 01e8 93074002 		li	a5,36
 677:c:/Users/User/Documents/GitHub/ch32h417/EVT/EXAM/SRC/Peripheral/src\ch32h417_gpio.c ****             GPIO_InitStructure.GPIO_Pin = GPIO_Pin_5|GPIO_Pin_13|GPIO_Pin_14\
 1486              		.loc 1 677 13
 1487 01ec 130504C0 		addi	a0,s0,-1024
 1488 01f0 4C00     		addi	a1,sp,4
 675:c:/Users/User/Documents/GitHub/ch32h417/EVT/EXAM/SRC/Peripheral/src\ch32h417_gpio.c ****             GPIO_InitStructure.GPIO_Mode = GPIO_Mode_IPD;
 1489              		.loc 1 675 41
 1490 01f2 7C82     		sh	a5,4(sp)
 676:c:/Users/User/Documents/GitHub/ch32h417/EVT/EXAM/SRC/Peripheral/src\ch32h417_gpio.c ****             GPIO_Init(GPIOB, &GPIO_InitStructure);
 1491              		.loc 1 676 13 is_stmt 1
 677:c:/Users/User/Documents/GitHub/ch32h417/EVT/EXAM/SRC/Peripheral/src\ch32h417_gpio.c ****             GPIO_InitStructure.GPIO_Pin = GPIO_Pin_5|GPIO_Pin_13|GPIO_Pin_14\
 1492              		.loc 1 677 13
 1493 01f4 97000000 		call	GPIO_Init
 1493      E7800000 
 1494              	.LVL148:
 678:c:/Users/User/Documents/GitHub/ch32h417/EVT/EXAM/SRC/Peripheral/src\ch32h417_gpio.c ****                                           |GPIO_Pin_15;
 1495              		.loc 1 678 13
 678:c:/Users/User/Documents/GitHub/ch32h417/EVT/EXAM/SRC/Peripheral/src\ch32h417_gpio.c ****                                           |GPIO_Pin_15;
 1496              		.loc 1 678 41 is_stmt 0
 1497 01fc F977     		li	a5,-8192
 1498 01fe 93870702 		addi	a5,a5,32
 681:c:/Users/User/Documents/GitHub/ch32h417/EVT/EXAM/SRC/Peripheral/src\ch32h417_gpio.c ****             GPIO_InitStructure.GPIO_Pin = GPIO_Pin_0|GPIO_Pin_1|GPIO_Pin_2\
 1499              		.loc 1 681 13
 1500 0202 4C00     		addi	a1,sp,4
 1501 0204 37150140 		li	a0,1073811456
 678:c:/Users/User/Documents/GitHub/ch32h417/EVT/EXAM/SRC/Peripheral/src\ch32h417_gpio.c ****                                           |GPIO_Pin_15;
 1502              		.loc 1 678 41
 1503 0208 7C82     		sh	a5,4(sp)
 680:c:/Users/User/Documents/GitHub/ch32h417/EVT/EXAM/SRC/Peripheral/src\ch32h417_gpio.c ****             GPIO_Init(GPIOC, &GPIO_InitStructure);
 1504              		.loc 1 680 13 is_stmt 1
 681:c:/Users/User/Documents/GitHub/ch32h417/EVT/EXAM/SRC/Peripheral/src\ch32h417_gpio.c ****             GPIO_InitStructure.GPIO_Pin = GPIO_Pin_0|GPIO_Pin_1|GPIO_Pin_2\
 1505              		.loc 1 681 13
 1506 020a 97000000 		call	GPIO_Init
 1506      E7800000 
 1507              	.LVL149:
 682:c:/Users/User/Documents/GitHub/ch32h417/EVT/EXAM/SRC/Peripheral/src\ch32h417_gpio.c ****                                           |GPIO_Pin_4|GPIO_Pin_5|GPIO_Pin_6\
 1508              		.loc 1 682 13
 682:c:/Users/User/Documents/GitHub/ch32h417/EVT/EXAM/SRC/Peripheral/src\ch32h417_gpio.c ****                                           |GPIO_Pin_4|GPIO_Pin_5|GPIO_Pin_6\
 1509              		.loc 1 682 41 is_stmt 0
 1510 0212 DD57     		li	a5,-9
 688:c:/Users/User/Documents/GitHub/ch32h417/EVT/EXAM/SRC/Peripheral/src\ch32h417_gpio.c ****             GPIO_InitStructure.GPIO_Pin = GPIO_Pin_0|GPIO_Pin_1|GPIO_Pin_2\
 1511              		.loc 1 688 13
 1512 0214 13050440 		addi	a0,s0,1024
 1513 0218 4C00     		addi	a1,sp,4
 682:c:/Users/User/Documents/GitHub/ch32h417/EVT/EXAM/SRC/Peripheral/src\ch32h417_gpio.c ****                                           |GPIO_Pin_4|GPIO_Pin_5|GPIO_Pin_6\
 1514              		.loc 1 682 41
 1515 021a 7C82     		sh	a5,4(sp)
 687:c:/Users/User/Documents/GitHub/ch32h417/EVT/EXAM/SRC/Peripheral/src\ch32h417_gpio.c ****             GPIO_Init(GPIOD, &GPIO_InitStructure);
 1516              		.loc 1 687 13 is_stmt 1
 688:c:/Users/User/Documents/GitHub/ch32h417/EVT/EXAM/SRC/Peripheral/src\ch32h417_gpio.c ****             GPIO_InitStructure.GPIO_Pin = GPIO_Pin_0|GPIO_Pin_1|GPIO_Pin_2\
 1517              		.loc 1 688 13
 693:c:/Users/User/Documents/GitHub/ch32h417/EVT/EXAM/SRC/Peripheral/src\ch32h417_gpio.c ****             GPIO_InitStructure.GPIO_Pin = GPIO_Pin_0|GPIO_Pin_1|GPIO_Pin_2\
 1518              		.loc 1 693 13 is_stmt 0
 1519 021c 37240140 		li	s0,1073815552
 688:c:/Users/User/Documents/GitHub/ch32h417/EVT/EXAM/SRC/Peripheral/src\ch32h417_gpio.c ****             GPIO_InitStructure.GPIO_Pin = GPIO_Pin_0|GPIO_Pin_1|GPIO_Pin_2\
 1520              		.loc 1 688 13
 1521 0220 97000000 		call	GPIO_Init
 1521      E7800000 
 1522              	.LVL150:
 689:c:/Users/User/Documents/GitHub/ch32h417/EVT/EXAM/SRC/Peripheral/src\ch32h417_gpio.c ****                                           |GPIO_Pin_7|GPIO_Pin_8|GPIO_Pin_9\
 1523              		.loc 1 689 13 is_stmt 1
 689:c:/Users/User/Documents/GitHub/ch32h417/EVT/EXAM/SRC/Peripheral/src\ch32h417_gpio.c ****                                           |GPIO_Pin_7|GPIO_Pin_8|GPIO_Pin_9\
 1524              		.loc 1 689 41 is_stmt 0
 1525 0228 93077078 		li	a5,1927
 693:c:/Users/User/Documents/GitHub/ch32h417/EVT/EXAM/SRC/Peripheral/src\ch32h417_gpio.c ****             GPIO_InitStructure.GPIO_Pin = GPIO_Pin_0|GPIO_Pin_1|GPIO_Pin_2\
 1526              		.loc 1 693 13
 1527 022c 4C00     		addi	a1,sp,4
 1528 022e 13050480 		addi	a0,s0,-2048
 689:c:/Users/User/Documents/GitHub/ch32h417/EVT/EXAM/SRC/Peripheral/src\ch32h417_gpio.c ****                                           |GPIO_Pin_7|GPIO_Pin_8|GPIO_Pin_9\
 1529              		.loc 1 689 41
 1530 0232 7C82     		sh	a5,4(sp)
 692:c:/Users/User/Documents/GitHub/ch32h417/EVT/EXAM/SRC/Peripheral/src\ch32h417_gpio.c ****             GPIO_Init(GPIOE, &GPIO_InitStructure);
 1531              		.loc 1 692 13 is_stmt 1
 693:c:/Users/User/Documents/GitHub/ch32h417/EVT/EXAM/SRC/Peripheral/src\ch32h417_gpio.c ****             GPIO_InitStructure.GPIO_Pin = GPIO_Pin_0|GPIO_Pin_1|GPIO_Pin_2\
 1532              		.loc 1 693 13
 1533 0234 97000000 		call	GPIO_Init
 1533      E7800000 
 1534              	.LVL151:
 694:c:/Users/User/Documents/GitHub/ch32h417/EVT/EXAM/SRC/Peripheral/src\ch32h417_gpio.c ****                                           |GPIO_Pin_6|GPIO_Pin_7|GPIO_Pin_8\
 1535              		.loc 1 694 13
 694:c:/Users/User/Documents/GitHub/ch32h417/EVT/EXAM/SRC/Peripheral/src\ch32h417_gpio.c ****                                           |GPIO_Pin_6|GPIO_Pin_7|GPIO_Pin_8\
 1536              		.loc 1 694 41 is_stmt 0
 1537 023c E177     		li	a5,-32768
 1538 023e 93C777FC 		xori	a5,a5,-57
 1539 0242 9DBF     		j	.L93
 1540              	.LVL152:
 1541              	.L89:
 704:c:/Users/User/Documents/GitHub/ch32h417/EVT/EXAM/SRC/Peripheral/src\ch32h417_gpio.c ****             GPIO_InitStructure.GPIO_Mode = GPIO_Mode_IPD;
 1542              		.loc 1 704 13 is_stmt 1
 706:c:/Users/User/Documents/GitHub/ch32h417/EVT/EXAM/SRC/Peripheral/src\ch32h417_gpio.c ****             GPIO_InitStructure.GPIO_Pin = GPIO_Pin_2|GPIO_Pin_10|GPIO_Pin_11\
 1543              		.loc 1 706 13 is_stmt 0
 1544 0244 37140140 		li	s0,1073811456
 704:c:/Users/User/Documents/GitHub/ch32h417/EVT/EXAM/SRC/Peripheral/src\ch32h417_gpio.c ****             GPIO_InitStructure.GPIO_Mode = GPIO_Mode_IPD;
 1545              		.loc 1 704 41
 1546 0248 93070070 		li	a5,1792
 1547              	.LVL153:
 706:c:/Users/User/Documents/GitHub/ch32h417/EVT/EXAM/SRC/Peripheral/src\ch32h417_gpio.c ****             GPIO_InitStructure.GPIO_Pin = GPIO_Pin_2|GPIO_Pin_10|GPIO_Pin_11\
 1548              		.loc 1 706 13
 1549 024c 13050480 		addi	a0,s0,-2048
 704:c:/Users/User/Documents/GitHub/ch32h417/EVT/EXAM/SRC/Peripheral/src\ch32h417_gpio.c ****             GPIO_InitStructure.GPIO_Mode = GPIO_Mode_IPD;
 1550              		.loc 1 704 41
 1551 0250 7C82     		sh	a5,4(sp)
 705:c:/Users/User/Documents/GitHub/ch32h417/EVT/EXAM/SRC/Peripheral/src\ch32h417_gpio.c ****             GPIO_Init(GPIOA, &GPIO_InitStructure);
 1552              		.loc 1 705 13 is_stmt 1
 706:c:/Users/User/Documents/GitHub/ch32h417/EVT/EXAM/SRC/Peripheral/src\ch32h417_gpio.c ****             GPIO_InitStructure.GPIO_Pin = GPIO_Pin_2|GPIO_Pin_10|GPIO_Pin_11\
 1553              		.loc 1 706 13 is_stmt 0
 1554 0252 4C00     		addi	a1,sp,4
 705:c:/Users/User/Documents/GitHub/ch32h417/EVT/EXAM/SRC/Peripheral/src\ch32h417_gpio.c ****             GPIO_Init(GPIOA, &GPIO_InitStructure);
 1555              		.loc 1 705 42
 1556 0254 93078002 		li	a5,40
 1557 0258 3EC6     		sw	a5,12(sp)
 706:c:/Users/User/Documents/GitHub/ch32h417/EVT/EXAM/SRC/Peripheral/src\ch32h417_gpio.c ****             GPIO_InitStructure.GPIO_Pin = GPIO_Pin_2|GPIO_Pin_10|GPIO_Pin_11\
 1558              		.loc 1 706 13 is_stmt 1
 1559 025a 97000000 		call	GPIO_Init
 1559      E7800000 
 1560              	.LVL154:
 707:c:/Users/User/Documents/GitHub/ch32h417/EVT/EXAM/SRC/Peripheral/src\ch32h417_gpio.c ****                                           |GPIO_Pin_12|GPIO_Pin_13|GPIO_Pin_14\
 1561              		.loc 1 707 13
 707:c:/Users/User/Documents/GitHub/ch32h417/EVT/EXAM/SRC/Peripheral/src\ch32h417_gpio.c ****                                           |GPIO_Pin_12|GPIO_Pin_13|GPIO_Pin_14\
 1562              		.loc 1 707 41 is_stmt 0
 1563 0262 930740C0 		li	a5,-1020
 711:c:/Users/User/Documents/GitHub/ch32h417/EVT/EXAM/SRC/Peripheral/src\ch32h417_gpio.c ****             GPIO_InitStructure.GPIO_Pin = GPIO_Pin_13|GPIO_Pin_14|GPIO_Pin_15;
 1564              		.loc 1 711 13
 1565 0266 130504C0 		addi	a0,s0,-1024
 1566 026a 4C00     		addi	a1,sp,4
 707:c:/Users/User/Documents/GitHub/ch32h417/EVT/EXAM/SRC/Peripheral/src\ch32h417_gpio.c ****                                           |GPIO_Pin_12|GPIO_Pin_13|GPIO_Pin_14\
 1567              		.loc 1 707 41
 1568 026c 7C82     		sh	a5,4(sp)
 710:c:/Users/User/Documents/GitHub/ch32h417/EVT/EXAM/SRC/Peripheral/src\ch32h417_gpio.c ****             GPIO_Init(GPIOB, &GPIO_InitStructure);
 1569              		.loc 1 710 13 is_stmt 1
 711:c:/Users/User/Documents/GitHub/ch32h417/EVT/EXAM/SRC/Peripheral/src\ch32h417_gpio.c ****             GPIO_InitStructure.GPIO_Pin = GPIO_Pin_13|GPIO_Pin_14|GPIO_Pin_15;
 1570              		.loc 1 711 13
 1571 026e 97000000 		call	GPIO_Init
 1571      E7800000 
 1572              	.LVL155:
 712:c:/Users/User/Documents/GitHub/ch32h417/EVT/EXAM/SRC/Peripheral/src\ch32h417_gpio.c ****             GPIO_InitStructure.GPIO_Mode = GPIO_Mode_IPD;
 1573              		.loc 1 712 13
 712:c:/Users/User/Documents/GitHub/ch32h417/EVT/EXAM/SRC/Peripheral/src\ch32h417_gpio.c ****             GPIO_InitStructure.GPIO_Mode = GPIO_Mode_IPD;
 1574              		.loc 1 712 41 is_stmt 0
 1575 0276 F977     		li	a5,-8192
 714:c:/Users/User/Documents/GitHub/ch32h417/EVT/EXAM/SRC/Peripheral/src\ch32h417_gpio.c ****             GPIO_InitStructure.GPIO_Pin = GPIO_Pin_0|GPIO_Pin_1|GPIO_Pin_4\
 1576              		.loc 1 714 13
 1577 0278 4C00     		addi	a1,sp,4
 1578 027a 37150140 		li	a0,1073811456
 712:c:/Users/User/Documents/GitHub/ch32h417/EVT/EXAM/SRC/Peripheral/src\ch32h417_gpio.c ****             GPIO_InitStructure.GPIO_Mode = GPIO_Mode_IPD;
 1579              		.loc 1 712 41
 1580 027e 7C82     		sh	a5,4(sp)
 713:c:/Users/User/Documents/GitHub/ch32h417/EVT/EXAM/SRC/Peripheral/src\ch32h417_gpio.c ****             GPIO_Init(GPIOC, &GPIO_InitStructure);
 1581              		.loc 1 713 13 is_stmt 1
 714:c:/Users/User/Documents/GitHub/ch32h417/EVT/EXAM/SRC/Peripheral/src\ch32h417_gpio.c ****             GPIO_InitStructure.GPIO_Pin = GPIO_Pin_0|GPIO_Pin_1|GPIO_Pin_4\
 1582              		.loc 1 714 13
 1583 0280 97000000 		call	GPIO_Init
 1583      E7800000 
 1584              	.LVL156:
 715:c:/Users/User/Documents/GitHub/ch32h417/EVT/EXAM/SRC/Peripheral/src\ch32h417_gpio.c ****                                           |GPIO_Pin_5|GPIO_Pin_6|GPIO_Pin_7\
 1585              		.loc 1 715 13
 715:c:/Users/User/Documents/GitHub/ch32h417/EVT/EXAM/SRC/Peripheral/src\ch32h417_gpio.c ****                                           |GPIO_Pin_5|GPIO_Pin_6|GPIO_Pin_7\
 1586              		.loc 1 715 41 is_stmt 0
 1587 0288 9307309F 		li	a5,-1549
 720:c:/Users/User/Documents/GitHub/ch32h417/EVT/EXAM/SRC/Peripheral/src\ch32h417_gpio.c ****             GPIO_InitStructure.GPIO_Pin = GPIO_Pin_0|GPIO_Pin_1|GPIO_Pin_2\
 1588              		.loc 1 720 13
 1589 028c 13050440 		addi	a0,s0,1024
 1590 0290 4C00     		addi	a1,sp,4
 715:c:/Users/User/Documents/GitHub/ch32h417/EVT/EXAM/SRC/Peripheral/src\ch32h417_gpio.c ****                                           |GPIO_Pin_5|GPIO_Pin_6|GPIO_Pin_7\
 1591              		.loc 1 715 41
 1592 0292 7C82     		sh	a5,4(sp)
 719:c:/Users/User/Documents/GitHub/ch32h417/EVT/EXAM/SRC/Peripheral/src\ch32h417_gpio.c ****             GPIO_Init(GPIOD, &GPIO_InitStructure);
 1593              		.loc 1 719 13 is_stmt 1
 720:c:/Users/User/Documents/GitHub/ch32h417/EVT/EXAM/SRC/Peripheral/src\ch32h417_gpio.c ****             GPIO_InitStructure.GPIO_Pin = GPIO_Pin_0|GPIO_Pin_1|GPIO_Pin_2\
 1594              		.loc 1 720 13
 1595 0294 97000000 		call	GPIO_Init
 1595      E7800000 
 1596              	.LVL157:
 721:c:/Users/User/Documents/GitHub/ch32h417/EVT/EXAM/SRC/Peripheral/src\ch32h417_gpio.c ****                                           |GPIO_Pin_3|GPIO_Pin_4|GPIO_Pin_5\
 1597              		.loc 1 721 13
 721:c:/Users/User/Documents/GitHub/ch32h417/EVT/EXAM/SRC/Peripheral/src\ch32h417_gpio.c ****                                           |GPIO_Pin_3|GPIO_Pin_4|GPIO_Pin_5\
 1598              		.loc 1 721 41 is_stmt 0
 1599 029c E177     		li	a5,-32768
 727:c:/Users/User/Documents/GitHub/ch32h417/EVT/EXAM/SRC/Peripheral/src\ch32h417_gpio.c ****             GPIO_InitStructure.GPIO_Pin = GPIO_Pin_0|GPIO_Pin_1|GPIO_Pin_2\
 1600              		.loc 1 727 13
 1601 029e 37240140 		li	s0,1073815552
 721:c:/Users/User/Documents/GitHub/ch32h417/EVT/EXAM/SRC/Peripheral/src\ch32h417_gpio.c ****                                           |GPIO_Pin_3|GPIO_Pin_4|GPIO_Pin_5\
 1602              		.loc 1 721 41
 1603 02a2 93C7F7DF 		xori	a5,a5,-513
 727:c:/Users/User/Documents/GitHub/ch32h417/EVT/EXAM/SRC/Peripheral/src\ch32h417_gpio.c ****             GPIO_InitStructure.GPIO_Pin = GPIO_Pin_0|GPIO_Pin_1|GPIO_Pin_2\
 1604              		.loc 1 727 13
 1605 02a6 4C00     		addi	a1,sp,4
 1606 02a8 13050480 		addi	a0,s0,-2048
 721:c:/Users/User/Documents/GitHub/ch32h417/EVT/EXAM/SRC/Peripheral/src\ch32h417_gpio.c ****                                           |GPIO_Pin_3|GPIO_Pin_4|GPIO_Pin_5\
 1607              		.loc 1 721 41
 1608 02ac 7C82     		sh	a5,4(sp)
 726:c:/Users/User/Documents/GitHub/ch32h417/EVT/EXAM/SRC/Peripheral/src\ch32h417_gpio.c ****             GPIO_Init(GPIOE, &GPIO_InitStructure);
 1609              		.loc 1 726 13 is_stmt 1
 727:c:/Users/User/Documents/GitHub/ch32h417/EVT/EXAM/SRC/Peripheral/src\ch32h417_gpio.c ****             GPIO_InitStructure.GPIO_Pin = GPIO_Pin_0|GPIO_Pin_1|GPIO_Pin_2\
 1610              		.loc 1 727 13
 1611 02ae 97000000 		call	GPIO_Init
 1611      E7800000 
 1612              	.LVL158:
 728:c:/Users/User/Documents/GitHub/ch32h417/EVT/EXAM/SRC/Peripheral/src\ch32h417_gpio.c ****                                           |GPIO_Pin_3|GPIO_Pin_4|GPIO_Pin_5\
 1613              		.loc 1 728 13
 728:c:/Users/User/Documents/GitHub/ch32h417/EVT/EXAM/SRC/Peripheral/src\ch32h417_gpio.c ****                                           |GPIO_Pin_3|GPIO_Pin_4|GPIO_Pin_5\
 1614              		.loc 1 728 41 is_stmt 0
 1615 02b6 9567     		li	a5,20480
 1616 02b8 9387F783 		addi	a5,a5,-1985
 1617 02bc F5BD     		j	.L93
 1618              		.cfi_endproc
 1619              	.LFE56:
 1621              		.text
 1622              	.Letext0:
 1623              		.file 2 "d:\\mounriver\\mounriver_studio2\\resources\\app\\resources\\win32\\components\\wch\\tool
 1624              		.file 3 "d:\\mounriver\\mounriver_studio2\\resources\\app\\resources\\win32\\components\\wch\\tool
 1625              		.file 4 "c:/Users/User/Documents/GitHub/ch32h417/EVT/EXAM/SRC/Core/core_riscv.h"
 1626              		.file 5 "c:/Users/User/Documents/GitHub/ch32h417/EVT/EXAM/SRC/Peripheral/inc/ch32h417.h"
 1627              		.file 6 "c:/Users/User/Documents/GitHub/ch32h417/EVT/EXAM/SRC/Peripheral/inc/ch32h417_gpio.h"
 1628              		.file 7 "c:/Users/User/Documents/GitHub/ch32h417/EVT/EXAM/SRC/Peripheral/inc/ch32h417_rcc.h"
 1629              		.file 8 "c:/Users/User/Documents/GitHub/ch32h417/EVT/EXAM/SRC/Peripheral/inc/ch32h417_flash.h"
DEFINED SYMBOLS
                            *ABS*:0000000000000000 ch32h417_gpio.c
C:\Users\User\AppData\Local\Temp\ccuDGIXz.s:14     .text.GPIO_DeInit:0000000000000000 GPIO_DeInit
C:\Users\User\AppData\Local\Temp\ccuDGIXz.s:18     .text.GPIO_DeInit:0000000000000000 .L0 
C:\Users\User\AppData\Local\Temp\ccuDGIXz.s:20     .text.GPIO_DeInit:0000000000000000 $x
C:\Users\User\AppData\Local\Temp\ccuDGIXz.s:20     .text.GPIO_DeInit:0000000000000000 .L0 
C:\Users\User\AppData\Local\Temp\ccuDGIXz.s:21     .text.GPIO_DeInit:0000000000000008 .L0 
C:\Users\User\AppData\Local\Temp\ccuDGIXz.s:22     .text.GPIO_DeInit:0000000000000008 .L0 
C:\Users\User\AppData\Local\Temp\ccuDGIXz.s:24     .text.GPIO_DeInit:0000000000000008 .L0 
C:\Users\User\AppData\Local\Temp\ccuDGIXz.s:25     .text.GPIO_DeInit:0000000000000008 .L0 
C:\Users\User\AppData\Local\Temp\ccuDGIXz.s:29     .text.GPIO_DeInit:0000000000000014 .L0 
C:\Users\User\AppData\Local\Temp\ccuDGIXz.s:35     .text.GPIO_DeInit:0000000000000020 .L0 
C:\Users\User\AppData\Local\Temp\ccuDGIXz.s:39     .text.GPIO_DeInit:0000000000000024 .L0 
C:\Users\User\AppData\Local\Temp\ccuDGIXz.s:43     .text.GPIO_DeInit:000000000000002c .L0 
C:\Users\User\AppData\Local\Temp\ccuDGIXz.s:44     .text.GPIO_DeInit:0000000000000034 .L0 
C:\Users\User\AppData\Local\Temp\ccuDGIXz.s:45     .text.GPIO_DeInit:0000000000000034 .L0 
C:\Users\User\AppData\Local\Temp\ccuDGIXz.s:46     .text.GPIO_DeInit:0000000000000034 .L0 
C:\Users\User\AppData\Local\Temp\ccuDGIXz.s:49     .text.GPIO_DeInit:0000000000000034 .L0 
C:\Users\User\AppData\Local\Temp\ccuDGIXz.s:51     .text.GPIO_DeInit:0000000000000034 .L0 
C:\Users\User\AppData\Local\Temp\ccuDGIXz.s:52     .text.GPIO_DeInit:0000000000000034 .L0 
C:\Users\User\AppData\Local\Temp\ccuDGIXz.s:55     .text.GPIO_DeInit:000000000000003c .L0 
C:\Users\User\AppData\Local\Temp\ccuDGIXz.s:61     .text.GPIO_DeInit:0000000000000048 .L0 
C:\Users\User\AppData\Local\Temp\ccuDGIXz.s:67     .text.GPIO_DeInit:000000000000004e .L0 
C:\Users\User\AppData\Local\Temp\ccuDGIXz.s:68     .text.GPIO_DeInit:000000000000004e .L0 
C:\Users\User\AppData\Local\Temp\ccuDGIXz.s:70     .text.GPIO_DeInit:0000000000000052 .L0 
C:\Users\User\AppData\Local\Temp\ccuDGIXz.s:76     .text.GPIO_DeInit:000000000000005e .L0 
C:\Users\User\AppData\Local\Temp\ccuDGIXz.s:82     .text.GPIO_DeInit:0000000000000064 .L0 
C:\Users\User\AppData\Local\Temp\ccuDGIXz.s:83     .text.GPIO_DeInit:0000000000000064 .L0 
C:\Users\User\AppData\Local\Temp\ccuDGIXz.s:86     .text.GPIO_DeInit:000000000000006c .L0 
C:\Users\User\AppData\Local\Temp\ccuDGIXz.s:92     .text.GPIO_DeInit:000000000000007a .L0 
C:\Users\User\AppData\Local\Temp\ccuDGIXz.s:98     .text.GPIO_DeInit:0000000000000082 .L0 
C:\Users\User\AppData\Local\Temp\ccuDGIXz.s:99     .text.GPIO_DeInit:0000000000000082 .L0 
C:\Users\User\AppData\Local\Temp\ccuDGIXz.s:103    .text.GPIO_DeInit:000000000000008e .L0 
C:\Users\User\AppData\Local\Temp\ccuDGIXz.s:109    .text.GPIO_DeInit:000000000000009c .L0 
C:\Users\User\AppData\Local\Temp\ccuDGIXz.s:115    .text.GPIO_DeInit:00000000000000a4 .L0 
C:\Users\User\AppData\Local\Temp\ccuDGIXz.s:116    .text.GPIO_DeInit:00000000000000a4 .L0 
C:\Users\User\AppData\Local\Temp\ccuDGIXz.s:119    .text.GPIO_DeInit:00000000000000ac .L0 
C:\Users\User\AppData\Local\Temp\ccuDGIXz.s:125    .text.GPIO_DeInit:00000000000000ba .L0 
C:\Users\User\AppData\Local\Temp\ccuDGIXz.s:128    .text.GPIO_DeInit:00000000000000c2 .L0 
C:\Users\User\AppData\Local\Temp\ccuDGIXz.s:135    .text.GPIO_AFIODeInit:0000000000000000 GPIO_AFIODeInit
C:\Users\User\AppData\Local\Temp\ccuDGIXz.s:138    .text.GPIO_AFIODeInit:0000000000000000 .L0 
C:\Users\User\AppData\Local\Temp\ccuDGIXz.s:139    .text.GPIO_AFIODeInit:0000000000000000 $x
C:\Users\User\AppData\Local\Temp\ccuDGIXz.s:139    .text.GPIO_AFIODeInit:0000000000000000 .L0 
C:\Users\User\AppData\Local\Temp\ccuDGIXz.s:140    .text.GPIO_AFIODeInit:0000000000000008 .L0 
C:\Users\User\AppData\Local\Temp\ccuDGIXz.s:141    .text.GPIO_AFIODeInit:0000000000000008 .L0 
C:\Users\User\AppData\Local\Temp\ccuDGIXz.s:143    .text.GPIO_AFIODeInit:0000000000000008 .L0 
C:\Users\User\AppData\Local\Temp\ccuDGIXz.s:148    .text.GPIO_AFIODeInit:0000000000000014 .L0 
C:\Users\User\AppData\Local\Temp\ccuDGIXz.s:153    .text.GPIO_AFIODeInit:0000000000000020 .L0 
C:\Users\User\AppData\Local\Temp\ccuDGIXz.s:154    .text.GPIO_AFIODeInit:0000000000000028 .L0 
C:\Users\User\AppData\Local\Temp\ccuDGIXz.s:155    .text.GPIO_AFIODeInit:0000000000000028 .L0 
C:\Users\User\AppData\Local\Temp\ccuDGIXz.s:156    .text.GPIO_AFIODeInit:0000000000000028 .L0 
C:\Users\User\AppData\Local\Temp\ccuDGIXz.s:163    .text.GPIO_Init:0000000000000000 GPIO_Init
C:\Users\User\AppData\Local\Temp\ccuDGIXz.s:166    .text.GPIO_Init:0000000000000000 .L0 
C:\Users\User\AppData\Local\Temp\ccuDGIXz.s:168    .text.GPIO_Init:0000000000000000 .L0 
C:\Users\User\AppData\Local\Temp\ccuDGIXz.s:169    .text.GPIO_Init:0000000000000000 .L0 
C:\Users\User\AppData\Local\Temp\ccuDGIXz.s:170    .text.GPIO_Init:0000000000000000 .L0 
C:\Users\User\AppData\Local\Temp\ccuDGIXz.s:171    .text.GPIO_Init:0000000000000000 .L0 
C:\Users\User\AppData\Local\Temp\ccuDGIXz.s:172    .text.GPIO_Init:0000000000000000 $x
C:\Users\User\AppData\Local\Temp\ccuDGIXz.s:172    .text.GPIO_Init:0000000000000000 .L0 
C:\Users\User\AppData\Local\Temp\ccuDGIXz.s:174    .text.GPIO_Init:0000000000000002 .L0 
C:\Users\User\AppData\Local\Temp\ccuDGIXz.s:176    .text.GPIO_Init:0000000000000006 .L0 
C:\Users\User\AppData\Local\Temp\ccuDGIXz.s:178    .text.GPIO_Init:000000000000000a .L0 
C:\Users\User\AppData\Local\Temp\ccuDGIXz.s:181    .text.GPIO_Init:000000000000000e .L0 
C:\Users\User\AppData\Local\Temp\ccuDGIXz.s:182    .text.GPIO_Init:000000000000000e .L0 
C:\Users\User\AppData\Local\Temp\ccuDGIXz.s:184    .text.GPIO_Init:0000000000000010 .L0 
C:\Users\User\AppData\Local\Temp\ccuDGIXz.s:185    .text.GPIO_Init:0000000000000010 .L0 
C:\Users\User\AppData\Local\Temp\ccuDGIXz.s:188    .text.GPIO_Init:0000000000000012 .L0 
C:\Users\User\AppData\Local\Temp\ccuDGIXz.s:191    .text.GPIO_Init:0000000000000016 .L0 
C:\Users\User\AppData\Local\Temp\ccuDGIXz.s:192    .text.GPIO_Init:0000000000000016 .L0 
C:\Users\User\AppData\Local\Temp\ccuDGIXz.s:193    .text.GPIO_Init:0000000000000016 .L0 
C:\Users\User\AppData\Local\Temp\ccuDGIXz.s:194    .text.GPIO_Init:0000000000000016 .L0 
C:\Users\User\AppData\Local\Temp\ccuDGIXz.s:196    .text.GPIO_Init:0000000000000018 .L0 
C:\Users\User\AppData\Local\Temp\ccuDGIXz.s:198    .text.GPIO_Init:000000000000001a .L0 
C:\Users\User\AppData\Local\Temp\ccuDGIXz.s:202    .text.GPIO_Init:000000000000001c .L0 
C:\Users\User\AppData\Local\Temp\ccuDGIXz.s:203    .text.GPIO_Init:000000000000001c .L0 
C:\Users\User\AppData\Local\Temp\ccuDGIXz.s:206    .text.GPIO_Init:0000000000000020 .L0 
C:\Users\User\AppData\Local\Temp\ccuDGIXz.s:207    .text.GPIO_Init:0000000000000020 .L0 
C:\Users\User\AppData\Local\Temp\ccuDGIXz.s:208    .text.GPIO_Init:0000000000000020 .L0 
C:\Users\User\AppData\Local\Temp\ccuDGIXz.s:211    .text.GPIO_Init:0000000000000024 .L0 
C:\Users\User\AppData\Local\Temp\ccuDGIXz.s:213    .text.GPIO_Init:0000000000000028 .L0 
C:\Users\User\AppData\Local\Temp\ccuDGIXz.s:216    .text.GPIO_Init:000000000000002c .L0 
C:\Users\User\AppData\Local\Temp\ccuDGIXz.s:217    .text.GPIO_Init:000000000000002c .L0 
C:\Users\User\AppData\Local\Temp\ccuDGIXz.s:218    .text.GPIO_Init:000000000000002c .L0 
C:\Users\User\AppData\Local\Temp\ccuDGIXz.s:221    .text.GPIO_Init:0000000000000030 .L0 
C:\Users\User\AppData\Local\Temp\ccuDGIXz.s:224    .text.GPIO_Init:0000000000000034 .L0 
C:\Users\User\AppData\Local\Temp\ccuDGIXz.s:225    .text.GPIO_Init:0000000000000034 .L0 
C:\Users\User\AppData\Local\Temp\ccuDGIXz.s:228    .text.GPIO_Init:000000000000003a .L0 
C:\Users\User\AppData\Local\Temp\ccuDGIXz.s:232    .text.GPIO_Init:000000000000003c .L0 
C:\Users\User\AppData\Local\Temp\ccuDGIXz.s:235    .text.GPIO_Init:000000000000003e .L0 
C:\Users\User\AppData\Local\Temp\ccuDGIXz.s:237    .text.GPIO_Init:0000000000000042 .L0 
C:\Users\User\AppData\Local\Temp\ccuDGIXz.s:238    .text.GPIO_Init:0000000000000042 .L0 
C:\Users\User\AppData\Local\Temp\ccuDGIXz.s:242    .text.GPIO_Init:0000000000000044 .L0 
C:\Users\User\AppData\Local\Temp\ccuDGIXz.s:243    .text.GPIO_Init:0000000000000044 .L0 
C:\Users\User\AppData\Local\Temp\ccuDGIXz.s:246    .text.GPIO_Init:000000000000004a .L0 
C:\Users\User\AppData\Local\Temp\ccuDGIXz.s:247    .text.GPIO_Init:000000000000004a .L0 
C:\Users\User\AppData\Local\Temp\ccuDGIXz.s:250    .text.GPIO_Init:000000000000004c .L0 
C:\Users\User\AppData\Local\Temp\ccuDGIXz.s:251    .text.GPIO_Init:000000000000004c .L0 
C:\Users\User\AppData\Local\Temp\ccuDGIXz.s:252    .text.GPIO_Init:000000000000004c .L0 
C:\Users\User\AppData\Local\Temp\ccuDGIXz.s:254    .text.GPIO_Init:000000000000004e .L0 
C:\Users\User\AppData\Local\Temp\ccuDGIXz.s:256    .text.GPIO_Init:0000000000000052 .L0 
C:\Users\User\AppData\Local\Temp\ccuDGIXz.s:258    .text.GPIO_Init:0000000000000054 .L0 
C:\Users\User\AppData\Local\Temp\ccuDGIXz.s:260    .text.GPIO_Init:0000000000000058 .L0 
C:\Users\User\AppData\Local\Temp\ccuDGIXz.s:264    .text.GPIO_Init:000000000000005a .L0 
C:\Users\User\AppData\Local\Temp\ccuDGIXz.s:265    .text.GPIO_Init:000000000000005a .L0 
C:\Users\User\AppData\Local\Temp\ccuDGIXz.s:268    .text.GPIO_Init:000000000000005e .L0 
C:\Users\User\AppData\Local\Temp\ccuDGIXz.s:269    .text.GPIO_Init:000000000000005e .L0 
C:\Users\User\AppData\Local\Temp\ccuDGIXz.s:270    .text.GPIO_Init:000000000000005e .L0 
C:\Users\User\AppData\Local\Temp\ccuDGIXz.s:273    .text.GPIO_Init:0000000000000062 .L0 
C:\Users\User\AppData\Local\Temp\ccuDGIXz.s:276    .text.GPIO_Init:0000000000000066 .L0 
C:\Users\User\AppData\Local\Temp\ccuDGIXz.s:277    .text.GPIO_Init:0000000000000066 .L0 
C:\Users\User\AppData\Local\Temp\ccuDGIXz.s:278    .text.GPIO_Init:0000000000000066 .L0 
C:\Users\User\AppData\Local\Temp\ccuDGIXz.s:279    .text.GPIO_Init:0000000000000066 .L0 
C:\Users\User\AppData\Local\Temp\ccuDGIXz.s:280    .text.GPIO_Init:0000000000000066 .L0 
C:\Users\User\AppData\Local\Temp\ccuDGIXz.s:281    .text.GPIO_Init:0000000000000066 .L0 
C:\Users\User\AppData\Local\Temp\ccuDGIXz.s:283    .text.GPIO_Init:000000000000006a .L0 
C:\Users\User\AppData\Local\Temp\ccuDGIXz.s:284    .text.GPIO_Init:000000000000006a .L0 
C:\Users\User\AppData\Local\Temp\ccuDGIXz.s:288    .text.GPIO_Init:0000000000000070 .L0 
C:\Users\User\AppData\Local\Temp\ccuDGIXz.s:291    .text.GPIO_Init:0000000000000074 .L0 
C:\Users\User\AppData\Local\Temp\ccuDGIXz.s:293    .text.GPIO_Init:0000000000000078 .L0 
C:\Users\User\AppData\Local\Temp\ccuDGIXz.s:296    .text.GPIO_Init:000000000000007c .L0 
C:\Users\User\AppData\Local\Temp\ccuDGIXz.s:300    .text.GPIO_Init:000000000000007e .L0 
C:\Users\User\AppData\Local\Temp\ccuDGIXz.s:303    .text.GPIO_Init:0000000000000080 .L0 
C:\Users\User\AppData\Local\Temp\ccuDGIXz.s:305    .text.GPIO_Init:0000000000000084 .L0 
C:\Users\User\AppData\Local\Temp\ccuDGIXz.s:306    .text.GPIO_Init:0000000000000084 .L0 
C:\Users\User\AppData\Local\Temp\ccuDGIXz.s:310    .text.GPIO_Init:0000000000000086 .L0 
C:\Users\User\AppData\Local\Temp\ccuDGIXz.s:311    .text.GPIO_Init:0000000000000086 .L0 
C:\Users\User\AppData\Local\Temp\ccuDGIXz.s:314    .text.GPIO_Init:000000000000008e .L0 
C:\Users\User\AppData\Local\Temp\ccuDGIXz.s:315    .text.GPIO_Init:000000000000008e .L0 
C:\Users\User\AppData\Local\Temp\ccuDGIXz.s:318    .text.GPIO_Init:0000000000000090 .L0 
C:\Users\User\AppData\Local\Temp\ccuDGIXz.s:319    .text.GPIO_Init:0000000000000090 .L0 
C:\Users\User\AppData\Local\Temp\ccuDGIXz.s:320    .text.GPIO_Init:0000000000000090 .L0 
C:\Users\User\AppData\Local\Temp\ccuDGIXz.s:322    .text.GPIO_Init:0000000000000092 .L0 
C:\Users\User\AppData\Local\Temp\ccuDGIXz.s:324    .text.GPIO_Init:0000000000000096 .L0 
C:\Users\User\AppData\Local\Temp\ccuDGIXz.s:326    .text.GPIO_Init:000000000000009a .L0 
C:\Users\User\AppData\Local\Temp\ccuDGIXz.s:330    .text.GPIO_Init:000000000000009c .L0 
C:\Users\User\AppData\Local\Temp\ccuDGIXz.s:331    .text.GPIO_Init:000000000000009c .L0 
C:\Users\User\AppData\Local\Temp\ccuDGIXz.s:333    .text.GPIO_Init:00000000000000a0 .L0 
C:\Users\User\AppData\Local\Temp\ccuDGIXz.s:336    .text.GPIO_Init:00000000000000a4 .L0 
C:\Users\User\AppData\Local\Temp\ccuDGIXz.s:337    .text.GPIO_Init:00000000000000a4 .L0 
C:\Users\User\AppData\Local\Temp\ccuDGIXz.s:338    .text.GPIO_Init:00000000000000a4 .L0 
C:\Users\User\AppData\Local\Temp\ccuDGIXz.s:341    .text.GPIO_Init:00000000000000a8 .L0 
C:\Users\User\AppData\Local\Temp\ccuDGIXz.s:344    .text.GPIO_Init:00000000000000ac .L0 
C:\Users\User\AppData\Local\Temp\ccuDGIXz.s:345    .text.GPIO_Init:00000000000000ac .L0 
C:\Users\User\AppData\Local\Temp\ccuDGIXz.s:346    .text.GPIO_Init:00000000000000ac .L0 
C:\Users\User\AppData\Local\Temp\ccuDGIXz.s:347    .text.GPIO_Init:00000000000000ac .L0 
C:\Users\User\AppData\Local\Temp\ccuDGIXz.s:348    .text.GPIO_Init:00000000000000ac .L0 
C:\Users\User\AppData\Local\Temp\ccuDGIXz.s:349    .text.GPIO_Init:00000000000000ac .L0 
C:\Users\User\AppData\Local\Temp\ccuDGIXz.s:351    .text.GPIO_Init:00000000000000b0 .L0 
C:\Users\User\AppData\Local\Temp\ccuDGIXz.s:352    .text.GPIO_Init:00000000000000b0 .L0 
C:\Users\User\AppData\Local\Temp\ccuDGIXz.s:355    .text.GPIO_Init:00000000000000b2 .L0 
C:\Users\User\AppData\Local\Temp\ccuDGIXz.s:357    .text.GPIO_Init:00000000000000b6 .L0 
C:\Users\User\AppData\Local\Temp\ccuDGIXz.s:361    .text.GPIO_Init:00000000000000bc .L0 
C:\Users\User\AppData\Local\Temp\ccuDGIXz.s:363    .text.GPIO_Init:00000000000000c0 .L0 
C:\Users\User\AppData\Local\Temp\ccuDGIXz.s:366    .text.GPIO_Init:00000000000000c4 .L0 
C:\Users\User\AppData\Local\Temp\ccuDGIXz.s:370    .text.GPIO_Init:00000000000000c6 .L0 
C:\Users\User\AppData\Local\Temp\ccuDGIXz.s:373    .text.GPIO_Init:00000000000000c8 .L0 
C:\Users\User\AppData\Local\Temp\ccuDGIXz.s:375    .text.GPIO_Init:00000000000000cc .L0 
C:\Users\User\AppData\Local\Temp\ccuDGIXz.s:376    .text.GPIO_Init:00000000000000cc .L0 
C:\Users\User\AppData\Local\Temp\ccuDGIXz.s:380    .text.GPIO_Init:00000000000000ce .L0 
C:\Users\User\AppData\Local\Temp\ccuDGIXz.s:384    .text.GPIO_Init:00000000000000d0 .L0 
C:\Users\User\AppData\Local\Temp\ccuDGIXz.s:385    .text.GPIO_Init:00000000000000d0 .L0 
C:\Users\User\AppData\Local\Temp\ccuDGIXz.s:387    .text.GPIO_Init:00000000000000d4 .L0 
C:\Users\User\AppData\Local\Temp\ccuDGIXz.s:388    .text.GPIO_Init:00000000000000d4 .L0 
C:\Users\User\AppData\Local\Temp\ccuDGIXz.s:393    .text.GPIO_Init:00000000000000d8 .L0 
C:\Users\User\AppData\Local\Temp\ccuDGIXz.s:394    .text.GPIO_Init:00000000000000d8 .L0 
C:\Users\User\AppData\Local\Temp\ccuDGIXz.s:396    .text.GPIO_Init:00000000000000dc .L0 
C:\Users\User\AppData\Local\Temp\ccuDGIXz.s:397    .text.GPIO_Init:00000000000000dc .L0 
C:\Users\User\AppData\Local\Temp\ccuDGIXz.s:399    .text.GPIO_Init:00000000000000e0 .L0 
C:\Users\User\AppData\Local\Temp\ccuDGIXz.s:406    .text.GPIO_StructInit:0000000000000000 GPIO_StructInit
C:\Users\User\AppData\Local\Temp\ccuDGIXz.s:409    .text.GPIO_StructInit:0000000000000000 .L0 
C:\Users\User\AppData\Local\Temp\ccuDGIXz.s:411    .text.GPIO_StructInit:0000000000000000 .L0 
C:\Users\User\AppData\Local\Temp\ccuDGIXz.s:412    .text.GPIO_StructInit:0000000000000000 .L0 
C:\Users\User\AppData\Local\Temp\ccuDGIXz.s:413    .text.GPIO_StructInit:0000000000000000 $x
C:\Users\User\AppData\Local\Temp\ccuDGIXz.s:413    .text.GPIO_StructInit:0000000000000000 .L0 
C:\Users\User\AppData\Local\Temp\ccuDGIXz.s:416    .text.GPIO_StructInit:0000000000000004 .L0 
C:\Users\User\AppData\Local\Temp\ccuDGIXz.s:417    .text.GPIO_StructInit:0000000000000004 .L0 
C:\Users\User\AppData\Local\Temp\ccuDGIXz.s:420    .text.GPIO_StructInit:0000000000000008 .L0 
C:\Users\User\AppData\Local\Temp\ccuDGIXz.s:421    .text.GPIO_StructInit:0000000000000008 .L0 
C:\Users\User\AppData\Local\Temp\ccuDGIXz.s:424    .text.GPIO_StructInit:000000000000000c .L0 
C:\Users\User\AppData\Local\Temp\ccuDGIXz.s:425    .text.GPIO_StructInit:000000000000000e .L0 
C:\Users\User\AppData\Local\Temp\ccuDGIXz.s:432    .text.GPIO_ReadInputDataBit:0000000000000000 GPIO_ReadInputDataBit
C:\Users\User\AppData\Local\Temp\ccuDGIXz.s:435    .text.GPIO_ReadInputDataBit:0000000000000000 .L0 
C:\Users\User\AppData\Local\Temp\ccuDGIXz.s:437    .text.GPIO_ReadInputDataBit:0000000000000000 .L0 
C:\Users\User\AppData\Local\Temp\ccuDGIXz.s:438    .text.GPIO_ReadInputDataBit:0000000000000000 .L0 
C:\Users\User\AppData\Local\Temp\ccuDGIXz.s:439    .text.GPIO_ReadInputDataBit:0000000000000000 .L0 
C:\Users\User\AppData\Local\Temp\ccuDGIXz.s:440    .text.GPIO_ReadInputDataBit:0000000000000000 $x
C:\Users\User\AppData\Local\Temp\ccuDGIXz.s:440    .text.GPIO_ReadInputDataBit:0000000000000000 .L0 
C:\Users\User\AppData\Local\Temp\ccuDGIXz.s:443    .text.GPIO_ReadInputDataBit:0000000000000002 .L0 
C:\Users\User\AppData\Local\Temp\ccuDGIXz.s:444    .text.GPIO_ReadInputDataBit:0000000000000002 .L0 
C:\Users\User\AppData\Local\Temp\ccuDGIXz.s:447    .text.GPIO_ReadInputDataBit:0000000000000006 .L0 
C:\Users\User\AppData\Local\Temp\ccuDGIXz.s:449    .text.GPIO_ReadInputDataBit:000000000000000c .L0 
C:\Users\User\AppData\Local\Temp\ccuDGIXz.s:456    .text.GPIO_ReadInputData:0000000000000000 GPIO_ReadInputData
C:\Users\User\AppData\Local\Temp\ccuDGIXz.s:459    .text.GPIO_ReadInputData:0000000000000000 .L0 
C:\Users\User\AppData\Local\Temp\ccuDGIXz.s:461    .text.GPIO_ReadInputData:0000000000000000 .L0 
C:\Users\User\AppData\Local\Temp\ccuDGIXz.s:462    .text.GPIO_ReadInputData:0000000000000000 .L0 
C:\Users\User\AppData\Local\Temp\ccuDGIXz.s:463    .text.GPIO_ReadInputData:0000000000000000 $x
C:\Users\User\AppData\Local\Temp\ccuDGIXz.s:463    .text.GPIO_ReadInputData:0000000000000000 .L0 
C:\Users\User\AppData\Local\Temp\ccuDGIXz.s:466    .text.GPIO_ReadInputData:0000000000000002 .L0 
C:\Users\User\AppData\Local\Temp\ccuDGIXz.s:468    .text.GPIO_ReadInputData:0000000000000008 .L0 
C:\Users\User\AppData\Local\Temp\ccuDGIXz.s:475    .text.GPIO_ReadOutputDataBit:0000000000000000 GPIO_ReadOutputDataBit
C:\Users\User\AppData\Local\Temp\ccuDGIXz.s:478    .text.GPIO_ReadOutputDataBit:0000000000000000 .L0 
C:\Users\User\AppData\Local\Temp\ccuDGIXz.s:480    .text.GPIO_ReadOutputDataBit:0000000000000000 .L0 
C:\Users\User\AppData\Local\Temp\ccuDGIXz.s:481    .text.GPIO_ReadOutputDataBit:0000000000000000 .L0 
C:\Users\User\AppData\Local\Temp\ccuDGIXz.s:482    .text.GPIO_ReadOutputDataBit:0000000000000000 .L0 
C:\Users\User\AppData\Local\Temp\ccuDGIXz.s:483    .text.GPIO_ReadOutputDataBit:0000000000000000 $x
C:\Users\User\AppData\Local\Temp\ccuDGIXz.s:483    .text.GPIO_ReadOutputDataBit:0000000000000000 .L0 
C:\Users\User\AppData\Local\Temp\ccuDGIXz.s:486    .text.GPIO_ReadOutputDataBit:0000000000000002 .L0 
C:\Users\User\AppData\Local\Temp\ccuDGIXz.s:487    .text.GPIO_ReadOutputDataBit:0000000000000002 .L0 
C:\Users\User\AppData\Local\Temp\ccuDGIXz.s:490    .text.GPIO_ReadOutputDataBit:0000000000000006 .L0 
C:\Users\User\AppData\Local\Temp\ccuDGIXz.s:492    .text.GPIO_ReadOutputDataBit:000000000000000c .L0 
C:\Users\User\AppData\Local\Temp\ccuDGIXz.s:499    .text.GPIO_ReadOutputData:0000000000000000 GPIO_ReadOutputData
C:\Users\User\AppData\Local\Temp\ccuDGIXz.s:502    .text.GPIO_ReadOutputData:0000000000000000 .L0 
C:\Users\User\AppData\Local\Temp\ccuDGIXz.s:504    .text.GPIO_ReadOutputData:0000000000000000 .L0 
C:\Users\User\AppData\Local\Temp\ccuDGIXz.s:505    .text.GPIO_ReadOutputData:0000000000000000 .L0 
C:\Users\User\AppData\Local\Temp\ccuDGIXz.s:506    .text.GPIO_ReadOutputData:0000000000000000 $x
C:\Users\User\AppData\Local\Temp\ccuDGIXz.s:506    .text.GPIO_ReadOutputData:0000000000000000 .L0 
C:\Users\User\AppData\Local\Temp\ccuDGIXz.s:509    .text.GPIO_ReadOutputData:0000000000000002 .L0 
C:\Users\User\AppData\Local\Temp\ccuDGIXz.s:511    .text.GPIO_ReadOutputData:0000000000000008 .L0 
C:\Users\User\AppData\Local\Temp\ccuDGIXz.s:518    .text.GPIO_SetBits:0000000000000000 GPIO_SetBits
C:\Users\User\AppData\Local\Temp\ccuDGIXz.s:521    .text.GPIO_SetBits:0000000000000000 .L0 
C:\Users\User\AppData\Local\Temp\ccuDGIXz.s:523    .text.GPIO_SetBits:0000000000000000 .L0 
C:\Users\User\AppData\Local\Temp\ccuDGIXz.s:524    .text.GPIO_SetBits:0000000000000000 .L0 
C:\Users\User\AppData\Local\Temp\ccuDGIXz.s:525    .text.GPIO_SetBits:0000000000000000 $x
C:\Users\User\AppData\Local\Temp\ccuDGIXz.s:525    .text.GPIO_SetBits:0000000000000000 .L0 
C:\Users\User\AppData\Local\Temp\ccuDGIXz.s:527    .text.GPIO_SetBits:0000000000000002 .L0 
C:\Users\User\AppData\Local\Temp\ccuDGIXz.s:528    .text.GPIO_SetBits:0000000000000004 .L0 
C:\Users\User\AppData\Local\Temp\ccuDGIXz.s:535    .text.GPIO_ResetBits:0000000000000000 GPIO_ResetBits
C:\Users\User\AppData\Local\Temp\ccuDGIXz.s:538    .text.GPIO_ResetBits:0000000000000000 .L0 
C:\Users\User\AppData\Local\Temp\ccuDGIXz.s:540    .text.GPIO_ResetBits:0000000000000000 .L0 
C:\Users\User\AppData\Local\Temp\ccuDGIXz.s:541    .text.GPIO_ResetBits:0000000000000000 .L0 
C:\Users\User\AppData\Local\Temp\ccuDGIXz.s:542    .text.GPIO_ResetBits:0000000000000000 $x
C:\Users\User\AppData\Local\Temp\ccuDGIXz.s:542    .text.GPIO_ResetBits:0000000000000000 .L0 
C:\Users\User\AppData\Local\Temp\ccuDGIXz.s:544    .text.GPIO_ResetBits:0000000000000002 .L0 
C:\Users\User\AppData\Local\Temp\ccuDGIXz.s:545    .text.GPIO_ResetBits:0000000000000004 .L0 
C:\Users\User\AppData\Local\Temp\ccuDGIXz.s:552    .text.GPIO_WriteBit:0000000000000000 GPIO_WriteBit
C:\Users\User\AppData\Local\Temp\ccuDGIXz.s:555    .text.GPIO_WriteBit:0000000000000000 .L0 
C:\Users\User\AppData\Local\Temp\ccuDGIXz.s:557    .text.GPIO_WriteBit:0000000000000000 .L0 
C:\Users\User\AppData\Local\Temp\ccuDGIXz.s:558    .text.GPIO_WriteBit:0000000000000000 .L0 
C:\Users\User\AppData\Local\Temp\ccuDGIXz.s:559    .text.GPIO_WriteBit:0000000000000000 $x
C:\Users\User\AppData\Local\Temp\ccuDGIXz.s:559    .text.GPIO_WriteBit:0000000000000000 .L0 
C:\Users\User\AppData\Local\Temp\ccuDGIXz.s:561    .text.GPIO_WriteBit:0000000000000002 .L0 
C:\Users\User\AppData\Local\Temp\ccuDGIXz.s:562    .text.GPIO_WriteBit:0000000000000002 .L0 
C:\Users\User\AppData\Local\Temp\ccuDGIXz.s:566    .text.GPIO_WriteBit:0000000000000006 .L0 
C:\Users\User\AppData\Local\Temp\ccuDGIXz.s:567    .text.GPIO_WriteBit:0000000000000006 .L0 
C:\Users\User\AppData\Local\Temp\ccuDGIXz.s:569    .text.GPIO_WriteBit:0000000000000008 .L0 
C:\Users\User\AppData\Local\Temp\ccuDGIXz.s:570    .text.GPIO_WriteBit:000000000000000a .L0 
C:\Users\User\AppData\Local\Temp\ccuDGIXz.s:577    .text.GPIO_Write:0000000000000000 GPIO_Write
C:\Users\User\AppData\Local\Temp\ccuDGIXz.s:580    .text.GPIO_Write:0000000000000000 .L0 
C:\Users\User\AppData\Local\Temp\ccuDGIXz.s:582    .text.GPIO_Write:0000000000000000 .L0 
C:\Users\User\AppData\Local\Temp\ccuDGIXz.s:583    .text.GPIO_Write:0000000000000000 .L0 
C:\Users\User\AppData\Local\Temp\ccuDGIXz.s:584    .text.GPIO_Write:0000000000000000 $x
C:\Users\User\AppData\Local\Temp\ccuDGIXz.s:584    .text.GPIO_Write:0000000000000000 .L0 
C:\Users\User\AppData\Local\Temp\ccuDGIXz.s:586    .text.GPIO_Write:0000000000000002 .L0 
C:\Users\User\AppData\Local\Temp\ccuDGIXz.s:587    .text.GPIO_Write:0000000000000004 .L0 
C:\Users\User\AppData\Local\Temp\ccuDGIXz.s:594    .text.GPIO_PinLockConfig:0000000000000000 GPIO_PinLockConfig
C:\Users\User\AppData\Local\Temp\ccuDGIXz.s:597    .text.GPIO_PinLockConfig:0000000000000000 .L0 
C:\Users\User\AppData\Local\Temp\ccuDGIXz.s:599    .text.GPIO_PinLockConfig:0000000000000000 .L0 
C:\Users\User\AppData\Local\Temp\ccuDGIXz.s:600    .text.GPIO_PinLockConfig:0000000000000000 .L0 
C:\Users\User\AppData\Local\Temp\ccuDGIXz.s:601    .text.GPIO_PinLockConfig:0000000000000000 .L0 
C:\Users\User\AppData\Local\Temp\ccuDGIXz.s:602    .text.GPIO_PinLockConfig:0000000000000000 $x
C:\Users\User\AppData\Local\Temp\ccuDGIXz.s:602    .text.GPIO_PinLockConfig:0000000000000000 .L0 
C:\Users\User\AppData\Local\Temp\ccuDGIXz.s:605    .text.GPIO_PinLockConfig:0000000000000004 .L0 
C:\Users\User\AppData\Local\Temp\ccuDGIXz.s:606    .text.GPIO_PinLockConfig:0000000000000004 .L0 
C:\Users\User\AppData\Local\Temp\ccuDGIXz.s:608    .text.GPIO_PinLockConfig:0000000000000006 .L0 
C:\Users\User\AppData\Local\Temp\ccuDGIXz.s:609    .text.GPIO_PinLockConfig:0000000000000006 .L0 
C:\Users\User\AppData\Local\Temp\ccuDGIXz.s:611    .text.GPIO_PinLockConfig:0000000000000008 .L0 
C:\Users\User\AppData\Local\Temp\ccuDGIXz.s:612    .text.GPIO_PinLockConfig:0000000000000008 .L0 
C:\Users\User\AppData\Local\Temp\ccuDGIXz.s:614    .text.GPIO_PinLockConfig:000000000000000a .L0 
C:\Users\User\AppData\Local\Temp\ccuDGIXz.s:615    .text.GPIO_PinLockConfig:000000000000000a .L0 
C:\Users\User\AppData\Local\Temp\ccuDGIXz.s:618    .text.GPIO_PinLockConfig:000000000000000c .L0 
C:\Users\User\AppData\Local\Temp\ccuDGIXz.s:619    .text.GPIO_PinLockConfig:000000000000000c .L0 
C:\Users\User\AppData\Local\Temp\ccuDGIXz.s:621    .text.GPIO_PinLockConfig:000000000000000e .L0 
C:\Users\User\AppData\Local\Temp\ccuDGIXz.s:622    .text.GPIO_PinLockConfig:0000000000000010 .L0 
C:\Users\User\AppData\Local\Temp\ccuDGIXz.s:629    .text.GPIO_PinRemapConfig:0000000000000000 GPIO_PinRemapConfig
C:\Users\User\AppData\Local\Temp\ccuDGIXz.s:632    .text.GPIO_PinRemapConfig:0000000000000000 .L0 
C:\Users\User\AppData\Local\Temp\ccuDGIXz.s:634    .text.GPIO_PinRemapConfig:0000000000000000 .L0 
C:\Users\User\AppData\Local\Temp\ccuDGIXz.s:635    .text.GPIO_PinRemapConfig:0000000000000000 .L0 
C:\Users\User\AppData\Local\Temp\ccuDGIXz.s:636    .text.GPIO_PinRemapConfig:0000000000000000 .L0 
C:\Users\User\AppData\Local\Temp\ccuDGIXz.s:637    .text.GPIO_PinRemapConfig:0000000000000000 $x
C:\Users\User\AppData\Local\Temp\ccuDGIXz.s:637    .text.GPIO_PinRemapConfig:0000000000000000 .L0 
C:\Users\User\AppData\Local\Temp\ccuDGIXz.s:639    .text.GPIO_PinRemapConfig:0000000000000004 .L0 
C:\Users\User\AppData\Local\Temp\ccuDGIXz.s:641    .text.GPIO_PinRemapConfig:0000000000000008 .L0 
C:\Users\User\AppData\Local\Temp\ccuDGIXz.s:644    .text.GPIO_PinRemapConfig:000000000000000c .L0 
C:\Users\User\AppData\Local\Temp\ccuDGIXz.s:645    .text.GPIO_PinRemapConfig:000000000000000c .L0 
C:\Users\User\AppData\Local\Temp\ccuDGIXz.s:646    .text.GPIO_PinRemapConfig:000000000000000c .L0 
C:\Users\User\AppData\Local\Temp\ccuDGIXz.s:648    .text.GPIO_PinRemapConfig:0000000000000010 .L0 
C:\Users\User\AppData\Local\Temp\ccuDGIXz.s:651    .text.GPIO_PinRemapConfig:0000000000000014 .L0 
C:\Users\User\AppData\Local\Temp\ccuDGIXz.s:652    .text.GPIO_PinRemapConfig:0000000000000014 .L0 
C:\Users\User\AppData\Local\Temp\ccuDGIXz.s:654    .text.GPIO_PinRemapConfig:0000000000000018 .L0 
C:\Users\User\AppData\Local\Temp\ccuDGIXz.s:655    .text.GPIO_PinRemapConfig:0000000000000018 .L0 
C:\Users\User\AppData\Local\Temp\ccuDGIXz.s:660    .text.GPIO_PinRemapConfig:0000000000000022 .L0 
C:\Users\User\AppData\Local\Temp\ccuDGIXz.s:661    .text.GPIO_PinRemapConfig:0000000000000022 .L0 
C:\Users\User\AppData\Local\Temp\ccuDGIXz.s:663    .text.GPIO_PinRemapConfig:0000000000000026 .L0 
C:\Users\User\AppData\Local\Temp\ccuDGIXz.s:668    .text.GPIO_PinRemapConfig:000000000000002c .L0 
C:\Users\User\AppData\Local\Temp\ccuDGIXz.s:669    .text.GPIO_PinRemapConfig:000000000000002c .L0 
C:\Users\User\AppData\Local\Temp\ccuDGIXz.s:671    .text.GPIO_PinRemapConfig:000000000000002e .L0 
C:\Users\User\AppData\Local\Temp\ccuDGIXz.s:672    .text.GPIO_PinRemapConfig:000000000000002e .L0 
C:\Users\User\AppData\Local\Temp\ccuDGIXz.s:675    .text.GPIO_PinRemapConfig:0000000000000030 .L0 
C:\Users\User\AppData\Local\Temp\ccuDGIXz.s:677    .text.GPIO_PinRemapConfig:0000000000000034 .L0 
C:\Users\User\AppData\Local\Temp\ccuDGIXz.s:680    .text.GPIO_PinRemapConfig:0000000000000038 .L0 
C:\Users\User\AppData\Local\Temp\ccuDGIXz.s:684    .text.GPIO_PinRemapConfig:000000000000003a .L0 
C:\Users\User\AppData\Local\Temp\ccuDGIXz.s:685    .text.GPIO_PinRemapConfig:000000000000003a .L0 
C:\Users\User\AppData\Local\Temp\ccuDGIXz.s:688    .text.GPIO_PinRemapConfig:0000000000000040 .L0 
C:\Users\User\AppData\Local\Temp\ccuDGIXz.s:692    .text.GPIO_PinRemapConfig:0000000000000042 .L0 
C:\Users\User\AppData\Local\Temp\ccuDGIXz.s:693    .text.GPIO_PinRemapConfig:0000000000000042 .L0 
C:\Users\User\AppData\Local\Temp\ccuDGIXz.s:696    .text.GPIO_PinRemapConfig:0000000000000048 .L0 
C:\Users\User\AppData\Local\Temp\ccuDGIXz.s:699    .text.GPIO_PinRemapConfig:000000000000004a .L0 
C:\Users\User\AppData\Local\Temp\ccuDGIXz.s:700    .text.GPIO_PinRemapConfig:000000000000004a .L0 
C:\Users\User\AppData\Local\Temp\ccuDGIXz.s:701    .text.GPIO_PinRemapConfig:000000000000004a .L0 
C:\Users\User\AppData\Local\Temp\ccuDGIXz.s:703    .text.GPIO_PinRemapConfig:000000000000004e .L0 
C:\Users\User\AppData\Local\Temp\ccuDGIXz.s:705    .text.GPIO_PinRemapConfig:0000000000000050 .L0 
C:\Users\User\AppData\Local\Temp\ccuDGIXz.s:710    .text.GPIO_PinRemapConfig:0000000000000056 .L0 
C:\Users\User\AppData\Local\Temp\ccuDGIXz.s:712    .text.GPIO_PinRemapConfig:000000000000005a .L0 
C:\Users\User\AppData\Local\Temp\ccuDGIXz.s:715    .text.GPIO_PinRemapConfig:000000000000005e .L0 
C:\Users\User\AppData\Local\Temp\ccuDGIXz.s:716    .text.GPIO_PinRemapConfig:000000000000005e .L0 
C:\Users\User\AppData\Local\Temp\ccuDGIXz.s:722    .text.GPIO_PinRemapConfig:0000000000000062 .L0 
C:\Users\User\AppData\Local\Temp\ccuDGIXz.s:723    .text.GPIO_PinRemapConfig:0000000000000062 .L0 
C:\Users\User\AppData\Local\Temp\ccuDGIXz.s:725    .text.GPIO_PinRemapConfig:0000000000000066 .L0 
C:\Users\User\AppData\Local\Temp\ccuDGIXz.s:727    .text.GPIO_PinRemapConfig:0000000000000068 .L0 
C:\Users\User\AppData\Local\Temp\ccuDGIXz.s:729    .text.GPIO_PinRemapConfig:000000000000006e .L0 
C:\Users\User\AppData\Local\Temp\ccuDGIXz.s:736    .text.GPIO_PinAFConfig:0000000000000000 GPIO_PinAFConfig
C:\Users\User\AppData\Local\Temp\ccuDGIXz.s:739    .text.GPIO_PinAFConfig:0000000000000000 .L0 
C:\Users\User\AppData\Local\Temp\ccuDGIXz.s:741    .text.GPIO_PinAFConfig:0000000000000000 .L0 
C:\Users\User\AppData\Local\Temp\ccuDGIXz.s:742    .text.GPIO_PinAFConfig:0000000000000000 .L0 
C:\Users\User\AppData\Local\Temp\ccuDGIXz.s:743    .text.GPIO_PinAFConfig:0000000000000000 $x
C:\Users\User\AppData\Local\Temp\ccuDGIXz.s:743    .text.GPIO_PinAFConfig:0000000000000000 .L0 
C:\Users\User\AppData\Local\Temp\ccuDGIXz.s:745    .text.GPIO_PinAFConfig:0000000000000004 .L0 
C:\Users\User\AppData\Local\Temp\ccuDGIXz.s:749    .text.GPIO_PinAFConfig:000000000000000e .L0 
C:\Users\User\AppData\Local\Temp\ccuDGIXz.s:750    .text.GPIO_PinAFConfig:000000000000000e .L0 
C:\Users\User\AppData\Local\Temp\ccuDGIXz.s:754    .text.GPIO_PinAFConfig:0000000000000016 .L0 
C:\Users\User\AppData\Local\Temp\ccuDGIXz.s:755    .text.GPIO_PinAFConfig:0000000000000016 .L0 
C:\Users\User\AppData\Local\Temp\ccuDGIXz.s:757    .text.GPIO_PinAFConfig:000000000000001a .L0 
C:\Users\User\AppData\Local\Temp\ccuDGIXz.s:758    .text.GPIO_PinAFConfig:000000000000001a .L0 
C:\Users\User\AppData\Local\Temp\ccuDGIXz.s:759    .text.GPIO_PinAFConfig:000000000000001a .L0 
C:\Users\User\AppData\Local\Temp\ccuDGIXz.s:763    .text.GPIO_PinAFConfig:0000000000000020 .L0 
C:\Users\User\AppData\Local\Temp\ccuDGIXz.s:766    .text.GPIO_PinAFConfig:0000000000000022 .L0 
C:\Users\User\AppData\Local\Temp\ccuDGIXz.s:769    .text.GPIO_PinAFConfig:0000000000000028 .L0 
C:\Users\User\AppData\Local\Temp\ccuDGIXz.s:772    .text.GPIO_PinAFConfig:000000000000002e .L0 
C:\Users\User\AppData\Local\Temp\ccuDGIXz.s:773    .text.GPIO_PinAFConfig:000000000000002e .L0 
C:\Users\User\AppData\Local\Temp\ccuDGIXz.s:775    .text.GPIO_PinAFConfig:0000000000000030 .L0 
C:\Users\User\AppData\Local\Temp\ccuDGIXz.s:777    .text.GPIO_PinAFConfig:0000000000000034 .L0 
C:\Users\User\AppData\Local\Temp\ccuDGIXz.s:783    .text.GPIO_PinAFConfig:000000000000003a .L0 
C:\Users\User\AppData\Local\Temp\ccuDGIXz.s:784    .text.GPIO_PinAFConfig:000000000000003a .L0 
C:\Users\User\AppData\Local\Temp\ccuDGIXz.s:786    .text.GPIO_PinAFConfig:000000000000003e .L0 
C:\Users\User\AppData\Local\Temp\ccuDGIXz.s:787    .text.GPIO_PinAFConfig:000000000000003e .L0 
C:\Users\User\AppData\Local\Temp\ccuDGIXz.s:790    .text.GPIO_PinAFConfig:0000000000000046 .L0 
C:\Users\User\AppData\Local\Temp\ccuDGIXz.s:791    .text.GPIO_PinAFConfig:0000000000000046 .L0 
C:\Users\User\AppData\Local\Temp\ccuDGIXz.s:793    .text.GPIO_PinAFConfig:000000000000004a .L0 
C:\Users\User\AppData\Local\Temp\ccuDGIXz.s:794    .text.GPIO_PinAFConfig:000000000000004a .L0 
C:\Users\User\AppData\Local\Temp\ccuDGIXz.s:795    .text.GPIO_PinAFConfig:000000000000004a .L0 
C:\Users\User\AppData\Local\Temp\ccuDGIXz.s:798    .text.GPIO_PinAFConfig:0000000000000050 .L0 
C:\Users\User\AppData\Local\Temp\ccuDGIXz.s:801    .text.GPIO_PinAFConfig:0000000000000052 .L0 
C:\Users\User\AppData\Local\Temp\ccuDGIXz.s:804    .text.GPIO_PinAFConfig:0000000000000058 .L0 
C:\Users\User\AppData\Local\Temp\ccuDGIXz.s:807    .text.GPIO_PinAFConfig:000000000000005e .L0 
C:\Users\User\AppData\Local\Temp\ccuDGIXz.s:808    .text.GPIO_PinAFConfig:000000000000005e .L0 
C:\Users\User\AppData\Local\Temp\ccuDGIXz.s:810    .text.GPIO_PinAFConfig:0000000000000060 .L0 
C:\Users\User\AppData\Local\Temp\ccuDGIXz.s:812    .text.GPIO_PinAFConfig:0000000000000064 .L0 
C:\Users\User\AppData\Local\Temp\ccuDGIXz.s:818    .text.GPIO_PinAFConfig:000000000000006a .L0 
C:\Users\User\AppData\Local\Temp\ccuDGIXz.s:819    .text.GPIO_PinAFConfig:000000000000006a .L0 
C:\Users\User\AppData\Local\Temp\ccuDGIXz.s:820    .text.GPIO_PinAFConfig:000000000000006a .L0 
C:\Users\User\AppData\Local\Temp\ccuDGIXz.s:823    .text.GPIO_PinAFConfig:0000000000000070 .L0 
C:\Users\User\AppData\Local\Temp\ccuDGIXz.s:826    .text.GPIO_PinAFConfig:0000000000000072 .L0 
C:\Users\User\AppData\Local\Temp\ccuDGIXz.s:829    .text.GPIO_PinAFConfig:0000000000000078 .L0 
C:\Users\User\AppData\Local\Temp\ccuDGIXz.s:832    .text.GPIO_PinAFConfig:000000000000007e .L0 
C:\Users\User\AppData\Local\Temp\ccuDGIXz.s:833    .text.GPIO_PinAFConfig:000000000000007e .L0 
C:\Users\User\AppData\Local\Temp\ccuDGIXz.s:835    .text.GPIO_PinAFConfig:0000000000000080 .L0 
C:\Users\User\AppData\Local\Temp\ccuDGIXz.s:837    .text.GPIO_PinAFConfig:0000000000000084 .L0 
C:\Users\User\AppData\Local\Temp\ccuDGIXz.s:843    .text.GPIO_PinAFConfig:000000000000008a .L0 
C:\Users\User\AppData\Local\Temp\ccuDGIXz.s:844    .text.GPIO_PinAFConfig:000000000000008a .L0 
C:\Users\User\AppData\Local\Temp\ccuDGIXz.s:847    .text.GPIO_PinAFConfig:0000000000000092 .L0 
C:\Users\User\AppData\Local\Temp\ccuDGIXz.s:848    .text.GPIO_PinAFConfig:0000000000000092 .L0 
C:\Users\User\AppData\Local\Temp\ccuDGIXz.s:850    .text.GPIO_PinAFConfig:0000000000000096 .L0 
C:\Users\User\AppData\Local\Temp\ccuDGIXz.s:851    .text.GPIO_PinAFConfig:0000000000000096 .L0 
C:\Users\User\AppData\Local\Temp\ccuDGIXz.s:852    .text.GPIO_PinAFConfig:0000000000000096 .L0 
C:\Users\User\AppData\Local\Temp\ccuDGIXz.s:856    .text.GPIO_PinAFConfig:000000000000009c .L0 
C:\Users\User\AppData\Local\Temp\ccuDGIXz.s:859    .text.GPIO_PinAFConfig:000000000000009e .L0 
C:\Users\User\AppData\Local\Temp\ccuDGIXz.s:862    .text.GPIO_PinAFConfig:00000000000000a4 .L0 
C:\Users\User\AppData\Local\Temp\ccuDGIXz.s:865    .text.GPIO_PinAFConfig:00000000000000aa .L0 
C:\Users\User\AppData\Local\Temp\ccuDGIXz.s:866    .text.GPIO_PinAFConfig:00000000000000aa .L0 
C:\Users\User\AppData\Local\Temp\ccuDGIXz.s:868    .text.GPIO_PinAFConfig:00000000000000ac .L0 
C:\Users\User\AppData\Local\Temp\ccuDGIXz.s:870    .text.GPIO_PinAFConfig:00000000000000b0 .L0 
C:\Users\User\AppData\Local\Temp\ccuDGIXz.s:876    .text.GPIO_PinAFConfig:00000000000000b6 .L0 
C:\Users\User\AppData\Local\Temp\ccuDGIXz.s:877    .text.GPIO_PinAFConfig:00000000000000b6 .L0 
C:\Users\User\AppData\Local\Temp\ccuDGIXz.s:878    .text.GPIO_PinAFConfig:00000000000000b6 .L0 
C:\Users\User\AppData\Local\Temp\ccuDGIXz.s:882    .text.GPIO_PinAFConfig:00000000000000bc .L0 
C:\Users\User\AppData\Local\Temp\ccuDGIXz.s:885    .text.GPIO_PinAFConfig:00000000000000be .L0 
C:\Users\User\AppData\Local\Temp\ccuDGIXz.s:888    .text.GPIO_PinAFConfig:00000000000000c4 .L0 
C:\Users\User\AppData\Local\Temp\ccuDGIXz.s:891    .text.GPIO_PinAFConfig:00000000000000ca .L0 
C:\Users\User\AppData\Local\Temp\ccuDGIXz.s:892    .text.GPIO_PinAFConfig:00000000000000ca .L0 
C:\Users\User\AppData\Local\Temp\ccuDGIXz.s:894    .text.GPIO_PinAFConfig:00000000000000cc .L0 
C:\Users\User\AppData\Local\Temp\ccuDGIXz.s:896    .text.GPIO_PinAFConfig:00000000000000d0 .L0 
C:\Users\User\AppData\Local\Temp\ccuDGIXz.s:902    .text.GPIO_PinAFConfig:00000000000000d6 .L0 
C:\Users\User\AppData\Local\Temp\ccuDGIXz.s:903    .text.GPIO_PinAFConfig:00000000000000d6 .L0 
C:\Users\User\AppData\Local\Temp\ccuDGIXz.s:904    .text.GPIO_PinAFConfig:00000000000000d6 .L0 
C:\Users\User\AppData\Local\Temp\ccuDGIXz.s:907    .text.GPIO_PinAFConfig:00000000000000dc .L0 
C:\Users\User\AppData\Local\Temp\ccuDGIXz.s:910    .text.GPIO_PinAFConfig:00000000000000de .L0 
C:\Users\User\AppData\Local\Temp\ccuDGIXz.s:913    .text.GPIO_PinAFConfig:00000000000000e4 .L0 
C:\Users\User\AppData\Local\Temp\ccuDGIXz.s:916    .text.GPIO_PinAFConfig:00000000000000ea .L0 
C:\Users\User\AppData\Local\Temp\ccuDGIXz.s:917    .text.GPIO_PinAFConfig:00000000000000ea .L0 
C:\Users\User\AppData\Local\Temp\ccuDGIXz.s:919    .text.GPIO_PinAFConfig:00000000000000ec .L0 
C:\Users\User\AppData\Local\Temp\ccuDGIXz.s:921    .text.GPIO_PinAFConfig:00000000000000f0 .L0 
C:\Users\User\AppData\Local\Temp\ccuDGIXz.s:927    .text.GPIO_PinAFConfig:00000000000000f6 .L0 
C:\Users\User\AppData\Local\Temp\ccuDGIXz.s:928    .text.GPIO_PinAFConfig:00000000000000f6 .L0 
C:\Users\User\AppData\Local\Temp\ccuDGIXz.s:931    .text.GPIO_PinAFConfig:00000000000000fe .L0 
C:\Users\User\AppData\Local\Temp\ccuDGIXz.s:933    .text.GPIO_PinAFConfig:0000000000000100 .L0 
C:\Users\User\AppData\Local\Temp\ccuDGIXz.s:935    .text.GPIO_PinAFConfig:0000000000000104 .L0 
C:\Users\User\AppData\Local\Temp\ccuDGIXz.s:936    .text.GPIO_PinAFConfig:0000000000000104 .L0 
C:\Users\User\AppData\Local\Temp\ccuDGIXz.s:939    .text.GPIO_PinAFConfig:000000000000010a .L0 
C:\Users\User\AppData\Local\Temp\ccuDGIXz.s:942    .text.GPIO_PinAFConfig:000000000000010c .L0 
C:\Users\User\AppData\Local\Temp\ccuDGIXz.s:943    .text.GPIO_PinAFConfig:000000000000010c .L0 
C:\Users\User\AppData\Local\Temp\ccuDGIXz.s:946    .text.GPIO_PinAFConfig:0000000000000112 .L0 
C:\Users\User\AppData\Local\Temp\ccuDGIXz.s:949    .text.GPIO_PinAFConfig:0000000000000118 .L0 
C:\Users\User\AppData\Local\Temp\ccuDGIXz.s:950    .text.GPIO_PinAFConfig:0000000000000118 .L0 
C:\Users\User\AppData\Local\Temp\ccuDGIXz.s:952    .text.GPIO_PinAFConfig:000000000000011a .L0 
C:\Users\User\AppData\Local\Temp\ccuDGIXz.s:954    .text.GPIO_PinAFConfig:000000000000011e .L0 
C:\Users\User\AppData\Local\Temp\ccuDGIXz.s:960    .text.GPIO_PinAFConfig:0000000000000124 .L0 
C:\Users\User\AppData\Local\Temp\ccuDGIXz.s:961    .text.GPIO_PinAFConfig:0000000000000124 .L0 
C:\Users\User\AppData\Local\Temp\ccuDGIXz.s:965    .text.GPIO_PinAFConfig:0000000000000130 .L0 
C:\Users\User\AppData\Local\Temp\ccuDGIXz.s:966    .text.GPIO_PinAFConfig:0000000000000130 .L0 
C:\Users\User\AppData\Local\Temp\ccuDGIXz.s:970    .text.GPIO_PinAFConfig:0000000000000136 .L0 
C:\Users\User\AppData\Local\Temp\ccuDGIXz.s:973    .text.GPIO_PinAFConfig:0000000000000138 .L0 
C:\Users\User\AppData\Local\Temp\ccuDGIXz.s:974    .text.GPIO_PinAFConfig:0000000000000138 .L0 
C:\Users\User\AppData\Local\Temp\ccuDGIXz.s:977    .text.GPIO_PinAFConfig:000000000000013e .L0 
C:\Users\User\AppData\Local\Temp\ccuDGIXz.s:980    .text.GPIO_PinAFConfig:0000000000000144 .L0 
C:\Users\User\AppData\Local\Temp\ccuDGIXz.s:981    .text.GPIO_PinAFConfig:0000000000000144 .L0 
C:\Users\User\AppData\Local\Temp\ccuDGIXz.s:983    .text.GPIO_PinAFConfig:0000000000000146 .L0 
C:\Users\User\AppData\Local\Temp\ccuDGIXz.s:985    .text.GPIO_PinAFConfig:000000000000014a .L0 
C:\Users\User\AppData\Local\Temp\ccuDGIXz.s:991    .text.GPIO_PinAFConfig:0000000000000150 .L0 
C:\Users\User\AppData\Local\Temp\ccuDGIXz.s:992    .text.GPIO_PinAFConfig:0000000000000150 .L0 
C:\Users\User\AppData\Local\Temp\ccuDGIXz.s:996    .text.GPIO_PinAFConfig:000000000000015c .L0 
C:\Users\User\AppData\Local\Temp\ccuDGIXz.s:997    .text.GPIO_PinAFConfig:000000000000015c .L0 
C:\Users\User\AppData\Local\Temp\ccuDGIXz.s:999    .text.GPIO_PinAFConfig:000000000000015e .L0 
C:\Users\User\AppData\Local\Temp\ccuDGIXz.s:1002   .text.GPIO_PinAFConfig:0000000000000164 .L0 
C:\Users\User\AppData\Local\Temp\ccuDGIXz.s:1005   .text.GPIO_PinAFConfig:0000000000000168 .L0 
C:\Users\User\AppData\Local\Temp\ccuDGIXz.s:1007   .text.GPIO_PinAFConfig:000000000000016a .L0 
C:\Users\User\AppData\Local\Temp\ccuDGIXz.s:1009   .text.GPIO_PinAFConfig:000000000000016e .L0 
C:\Users\User\AppData\Local\Temp\ccuDGIXz.s:1011   .text.GPIO_PinAFConfig:0000000000000172 .L0 
C:\Users\User\AppData\Local\Temp\ccuDGIXz.s:1012   .text.GPIO_PinAFConfig:0000000000000172 .L0 
C:\Users\User\AppData\Local\Temp\ccuDGIXz.s:1015   .text.GPIO_PinAFConfig:0000000000000178 .L0 
C:\Users\User\AppData\Local\Temp\ccuDGIXz.s:1018   .text.GPIO_PinAFConfig:000000000000017c .L0 
C:\Users\User\AppData\Local\Temp\ccuDGIXz.s:1019   .text.GPIO_PinAFConfig:000000000000017c .L0 
C:\Users\User\AppData\Local\Temp\ccuDGIXz.s:1021   .text.GPIO_PinAFConfig:000000000000017e .L0 
C:\Users\User\AppData\Local\Temp\ccuDGIXz.s:1026   .text.GPIO_PinAFConfig:0000000000000184 .L0 
C:\Users\User\AppData\Local\Temp\ccuDGIXz.s:1027   .text.GPIO_PinAFConfig:0000000000000184 .L0 
C:\Users\User\AppData\Local\Temp\ccuDGIXz.s:1030   .text.GPIO_PinAFConfig:000000000000018a .L0 
C:\Users\User\AppData\Local\Temp\ccuDGIXz.s:1033   .text.GPIO_PinAFConfig:000000000000018e .L0 
C:\Users\User\AppData\Local\Temp\ccuDGIXz.s:1034   .text.GPIO_PinAFConfig:000000000000018e .L0 
C:\Users\User\AppData\Local\Temp\ccuDGIXz.s:1036   .text.GPIO_PinAFConfig:0000000000000190 .L0 
C:\Users\User\AppData\Local\Temp\ccuDGIXz.s:1039   .text.GPIO_PinAFConfig:0000000000000194 .L0 
C:\Users\User\AppData\Local\Temp\ccuDGIXz.s:1043   .text.GPIO_PinAFConfig:0000000000000196 .L0 
C:\Users\User\AppData\Local\Temp\ccuDGIXz.s:1044   .text.GPIO_PinAFConfig:0000000000000196 .L0 
C:\Users\User\AppData\Local\Temp\ccuDGIXz.s:1047   .text.GPIO_PinAFConfig:000000000000019e .L0 
C:\Users\User\AppData\Local\Temp\ccuDGIXz.s:1048   .text.GPIO_PinAFConfig:000000000000019e .L0 
C:\Users\User\AppData\Local\Temp\ccuDGIXz.s:1052   .text.GPIO_PinAFConfig:00000000000001a4 .L0 
C:\Users\User\AppData\Local\Temp\ccuDGIXz.s:1055   .text.GPIO_PinAFConfig:00000000000001a6 .L0 
C:\Users\User\AppData\Local\Temp\ccuDGIXz.s:1058   .text.GPIO_PinAFConfig:00000000000001ac .L0 
C:\Users\User\AppData\Local\Temp\ccuDGIXz.s:1061   .text.GPIO_PinAFConfig:00000000000001b2 .L0 
C:\Users\User\AppData\Local\Temp\ccuDGIXz.s:1062   .text.GPIO_PinAFConfig:00000000000001b2 .L0 
C:\Users\User\AppData\Local\Temp\ccuDGIXz.s:1064   .text.GPIO_PinAFConfig:00000000000001b4 .L0 
C:\Users\User\AppData\Local\Temp\ccuDGIXz.s:1066   .text.GPIO_PinAFConfig:00000000000001b8 .L0 
C:\Users\User\AppData\Local\Temp\ccuDGIXz.s:1072   .text.GPIO_PinAFConfig:00000000000001be .L0 
C:\Users\User\AppData\Local\Temp\ccuDGIXz.s:1073   .text.GPIO_PinAFConfig:00000000000001be .L0 
C:\Users\User\AppData\Local\Temp\ccuDGIXz.s:1076   .text.GPIO_PinAFConfig:00000000000001c6 .L0 
C:\Users\User\AppData\Local\Temp\ccuDGIXz.s:1077   .text.GPIO_PinAFConfig:00000000000001c6 .L0 
C:\Users\User\AppData\Local\Temp\ccuDGIXz.s:1080   .text.GPIO_PinAFConfig:00000000000001cc .L0 
C:\Users\User\AppData\Local\Temp\ccuDGIXz.s:1083   .text.GPIO_PinAFConfig:00000000000001ce .L0 
C:\Users\User\AppData\Local\Temp\ccuDGIXz.s:1086   .text.GPIO_PinAFConfig:00000000000001d4 .L0 
C:\Users\User\AppData\Local\Temp\ccuDGIXz.s:1089   .text.GPIO_PinAFConfig:00000000000001da .L0 
C:\Users\User\AppData\Local\Temp\ccuDGIXz.s:1090   .text.GPIO_PinAFConfig:00000000000001da .L0 
C:\Users\User\AppData\Local\Temp\ccuDGIXz.s:1092   .text.GPIO_PinAFConfig:00000000000001dc .L0 
C:\Users\User\AppData\Local\Temp\ccuDGIXz.s:1094   .text.GPIO_PinAFConfig:00000000000001e0 .L0 
C:\Users\User\AppData\Local\Temp\ccuDGIXz.s:1100   .text.GPIO_PinAFConfig:00000000000001e6 .L0 
C:\Users\User\AppData\Local\Temp\ccuDGIXz.s:1101   .text.GPIO_PinAFConfig:00000000000001e8 .L0 
C:\Users\User\AppData\Local\Temp\ccuDGIXz.s:1108   .text.GPIO_EXTILineConfig:0000000000000000 GPIO_EXTILineConfig
C:\Users\User\AppData\Local\Temp\ccuDGIXz.s:1111   .text.GPIO_EXTILineConfig:0000000000000000 .L0 
C:\Users\User\AppData\Local\Temp\ccuDGIXz.s:1113   .text.GPIO_EXTILineConfig:0000000000000000 .L0 
C:\Users\User\AppData\Local\Temp\ccuDGIXz.s:1114   .text.GPIO_EXTILineConfig:0000000000000000 .L0 
C:\Users\User\AppData\Local\Temp\ccuDGIXz.s:1115   .text.GPIO_EXTILineConfig:0000000000000000 .L0 
C:\Users\User\AppData\Local\Temp\ccuDGIXz.s:1116   .text.GPIO_EXTILineConfig:0000000000000000 $x
C:\Users\User\AppData\Local\Temp\ccuDGIXz.s:1116   .text.GPIO_EXTILineConfig:0000000000000000 .L0 
C:\Users\User\AppData\Local\Temp\ccuDGIXz.s:1118   .text.GPIO_EXTILineConfig:0000000000000002 .L0 
C:\Users\User\AppData\Local\Temp\ccuDGIXz.s:1120   .text.GPIO_EXTILineConfig:0000000000000006 .L0 
C:\Users\User\AppData\Local\Temp\ccuDGIXz.s:1123   .text.GPIO_EXTILineConfig:000000000000000a .L0 
C:\Users\User\AppData\Local\Temp\ccuDGIXz.s:1124   .text.GPIO_EXTILineConfig:000000000000000a .L0 
C:\Users\User\AppData\Local\Temp\ccuDGIXz.s:1125   .text.GPIO_EXTILineConfig:000000000000000a .L0 
C:\Users\User\AppData\Local\Temp\ccuDGIXz.s:1128   .text.GPIO_EXTILineConfig:000000000000000c .L0 
C:\Users\User\AppData\Local\Temp\ccuDGIXz.s:1130   .text.GPIO_EXTILineConfig:000000000000000e .L0 
C:\Users\User\AppData\Local\Temp\ccuDGIXz.s:1133   .text.GPIO_EXTILineConfig:0000000000000014 .L0 
C:\Users\User\AppData\Local\Temp\ccuDGIXz.s:1136   .text.GPIO_EXTILineConfig:000000000000001a .L0 
C:\Users\User\AppData\Local\Temp\ccuDGIXz.s:1139   .text.GPIO_EXTILineConfig:0000000000000020 .L0 
C:\Users\User\AppData\Local\Temp\ccuDGIXz.s:1140   .text.GPIO_EXTILineConfig:0000000000000020 .L0 
C:\Users\User\AppData\Local\Temp\ccuDGIXz.s:1142   .text.GPIO_EXTILineConfig:0000000000000022 .L0 
C:\Users\User\AppData\Local\Temp\ccuDGIXz.s:1145   .text.GPIO_EXTILineConfig:0000000000000026 .L0 
C:\Users\User\AppData\Local\Temp\ccuDGIXz.s:1151   .text.GPIO_EXTILineConfig:000000000000002c .L0 
C:\Users\User\AppData\Local\Temp\ccuDGIXz.s:1152   .text.GPIO_EXTILineConfig:000000000000002c .L0 
C:\Users\User\AppData\Local\Temp\ccuDGIXz.s:1153   .text.GPIO_EXTILineConfig:000000000000002c .L0 
C:\Users\User\AppData\Local\Temp\ccuDGIXz.s:1155   .text.GPIO_EXTILineConfig:000000000000002e .L0 
C:\Users\User\AppData\Local\Temp\ccuDGIXz.s:1158   .text.GPIO_EXTILineConfig:0000000000000030 .L0 
C:\Users\User\AppData\Local\Temp\ccuDGIXz.s:1161   .text.GPIO_EXTILineConfig:0000000000000036 .L0 
C:\Users\User\AppData\Local\Temp\ccuDGIXz.s:1164   .text.GPIO_EXTILineConfig:000000000000003c .L0 
C:\Users\User\AppData\Local\Temp\ccuDGIXz.s:1165   .text.GPIO_EXTILineConfig:000000000000003c .L0 
C:\Users\User\AppData\Local\Temp\ccuDGIXz.s:1167   .text.GPIO_EXTILineConfig:000000000000003e .L0 
C:\Users\User\AppData\Local\Temp\ccuDGIXz.s:1170   .text.GPIO_EXTILineConfig:0000000000000042 .L0 
C:\Users\User\AppData\Local\Temp\ccuDGIXz.s:1173   .text.GPIO_EXTILineConfig:0000000000000046 .L0 
C:\Users\User\AppData\Local\Temp\ccuDGIXz.s:1174   .text.GPIO_EXTILineConfig:0000000000000048 .L0 
C:\Users\User\AppData\Local\Temp\ccuDGIXz.s:1181   .text.GPIO_IPD_Unused:0000000000000000 GPIO_IPD_Unused
C:\Users\User\AppData\Local\Temp\ccuDGIXz.s:1184   .text.GPIO_IPD_Unused:0000000000000000 .L0 
C:\Users\User\AppData\Local\Temp\ccuDGIXz.s:1185   .text.GPIO_IPD_Unused:0000000000000000 $x
C:\Users\User\AppData\Local\Temp\ccuDGIXz.s:1185   .text.GPIO_IPD_Unused:0000000000000000 .L0 
C:\Users\User\AppData\Local\Temp\ccuDGIXz.s:1186   .text.GPIO_IPD_Unused:0000000000000008 .L0 
C:\Users\User\AppData\Local\Temp\ccuDGIXz.s:1187   .text.GPIO_IPD_Unused:0000000000000008 .L0 
C:\Users\User\AppData\Local\Temp\ccuDGIXz.s:1188   .text.GPIO_IPD_Unused:0000000000000008 .L0 
C:\Users\User\AppData\Local\Temp\ccuDGIXz.s:1189   .text.GPIO_IPD_Unused:0000000000000008 .L0 
C:\Users\User\AppData\Local\Temp\ccuDGIXz.s:1191   .text.GPIO_IPD_Unused:0000000000000008 .L0 
C:\Users\User\AppData\Local\Temp\ccuDGIXz.s:1192   .text.GPIO_IPD_Unused:0000000000000008 .L0 
C:\Users\User\AppData\Local\Temp\ccuDGIXz.s:1193   .text.GPIO_IPD_Unused:000000000000000a .L0 
C:\Users\User\AppData\Local\Temp\ccuDGIXz.s:1195   .text.GPIO_IPD_Unused:000000000000000a .L0 
C:\Users\User\AppData\Local\Temp\ccuDGIXz.s:1198   .text.GPIO_IPD_Unused:0000000000000010 .L0 
C:\Users\User\AppData\Local\Temp\ccuDGIXz.s:1203   .text.GPIO_IPD_Unused:0000000000000016 .L0 
C:\Users\User\AppData\Local\Temp\ccuDGIXz.s:1204   .text.GPIO_IPD_Unused:0000000000000016 .L0 
C:\Users\User\AppData\Local\Temp\ccuDGIXz.s:1207   .text.GPIO_IPD_Unused:000000000000001e .L0 
C:\Users\User\AppData\Local\Temp\ccuDGIXz.s:1208   .text.GPIO_IPD_Unused:000000000000001e .L0 
C:\Users\User\AppData\Local\Temp\ccuDGIXz.s:1209   .text.GPIO_IPD_Unused:000000000000001e .L0 
C:\Users\User\AppData\Local\Temp\ccuDGIXz.s:1212   .text.GPIO_IPD_Unused:0000000000000024 .L0 
C:\Users\User\AppData\Local\Temp\ccuDGIXz.s:1214   .text.GPIO_IPD_Unused:0000000000000028 .L0 
C:\Users\User\AppData\Local\Temp\ccuDGIXz.s:1216   .text.GPIO_IPD_Unused:000000000000002a .L0 
C:\Users\User\AppData\Local\Temp\ccuDGIXz.s:1217   .text.GPIO_IPD_Unused:000000000000002a .L0 
C:\Users\User\AppData\Local\Temp\ccuDGIXz.s:1221   .text.GPIO_IPD_Unused:0000000000000032 .L0 
C:\Users\User\AppData\Local\Temp\ccuDGIXz.s:1222   .text.GPIO_IPD_Unused:0000000000000032 .L0 
C:\Users\User\AppData\Local\Temp\ccuDGIXz.s:1225   .text.GPIO_IPD_Unused:0000000000000036 .L0 
C:\Users\User\AppData\Local\Temp\ccuDGIXz.s:1226   .text.GPIO_IPD_Unused:0000000000000036 .L0 
C:\Users\User\AppData\Local\Temp\ccuDGIXz.s:1228   .text.GPIO_IPD_Unused:0000000000000038 .L0 
C:\Users\User\AppData\Local\Temp\ccuDGIXz.s:1230   .text.GPIO_IPD_Unused:000000000000003c .L0 
C:\Users\User\AppData\Local\Temp\ccuDGIXz.s:1232   .text.GPIO_IPD_Unused:000000000000003e .L0 
C:\Users\User\AppData\Local\Temp\ccuDGIXz.s:1233   .text.GPIO_IPD_Unused:000000000000003e .L0 
C:\Users\User\AppData\Local\Temp\ccuDGIXz.s:1237   .text.GPIO_IPD_Unused:0000000000000046 .L0 
C:\Users\User\AppData\Local\Temp\ccuDGIXz.s:1238   .text.GPIO_IPD_Unused:0000000000000046 .L0 
C:\Users\User\AppData\Local\Temp\ccuDGIXz.s:1241   .text.GPIO_IPD_Unused:000000000000004a .L0 
C:\Users\User\AppData\Local\Temp\ccuDGIXz.s:1244   .text.GPIO_IPD_Unused:0000000000000052 .L0 
C:\Users\User\AppData\Local\Temp\ccuDGIXz.s:1245   .text.GPIO_IPD_Unused:0000000000000052 .L0 
C:\Users\User\AppData\Local\Temp\ccuDGIXz.s:1249   .text.GPIO_IPD_Unused:000000000000005e .L0 
C:\Users\User\AppData\Local\Temp\ccuDGIXz.s:1251   .text.GPIO_IPD_Unused:0000000000000060 .L0 
C:\Users\User\AppData\Local\Temp\ccuDGIXz.s:1256   .text.GPIO_IPD_Unused:000000000000006e .L0 
C:\Users\User\AppData\Local\Temp\ccuDGIXz.s:1257   .text.GPIO_IPD_Unused:000000000000006e .L0 
C:\Users\User\AppData\Local\Temp\ccuDGIXz.s:1261   .text.GPIO_IPD_Unused:0000000000000078 .L0 
C:\Users\User\AppData\Local\Temp\ccuDGIXz.s:1264   .text.GPIO_IPD_Unused:000000000000007e .L0 
C:\Users\User\AppData\Local\Temp\ccuDGIXz.s:1267   .text.GPIO_IPD_Unused:0000000000000084 .L0 
C:\Users\User\AppData\Local\Temp\ccuDGIXz.s:1271   .text.GPIO_IPD_Unused:000000000000008c .L0 
C:\Users\User\AppData\Local\Temp\ccuDGIXz.s:1272   .text.GPIO_IPD_Unused:000000000000008c .L0 
C:\Users\User\AppData\Local\Temp\ccuDGIXz.s:1275   .text.GPIO_IPD_Unused:0000000000000094 .L0 
C:\Users\User\AppData\Local\Temp\ccuDGIXz.s:1278   .text.GPIO_IPD_Unused:000000000000009c .L0 
C:\Users\User\AppData\Local\Temp\ccuDGIXz.s:1281   .text.GPIO_IPD_Unused:00000000000000a0 .L0 
C:\Users\User\AppData\Local\Temp\ccuDGIXz.s:1292   .text.GPIO_IPD_Unused:00000000000000c0 .L0 
C:\Users\User\AppData\Local\Temp\ccuDGIXz.s:1293   .text.GPIO_IPD_Unused:00000000000000c2 .L0 
C:\Users\User\AppData\Local\Temp\ccuDGIXz.s:1294   .text.GPIO_IPD_Unused:00000000000000c2 .L0 
C:\Users\User\AppData\Local\Temp\ccuDGIXz.s:1296   .text.GPIO_IPD_Unused:00000000000000ca .L0 
C:\Users\User\AppData\Local\Temp\ccuDGIXz.s:1297   .text.GPIO_IPD_Unused:00000000000000ca .L0 
C:\Users\User\AppData\Local\Temp\ccuDGIXz.s:1298   .text.GPIO_IPD_Unused:00000000000000ca .L0 
C:\Users\User\AppData\Local\Temp\ccuDGIXz.s:1299   .text.GPIO_IPD_Unused:00000000000000ca .L0 
C:\Users\User\AppData\Local\Temp\ccuDGIXz.s:1302   .text.GPIO_IPD_Unused:00000000000000ca .L0 
C:\Users\User\AppData\Local\Temp\ccuDGIXz.s:1304   .text.GPIO_IPD_Unused:00000000000000ca .L0 
C:\Users\User\AppData\Local\Temp\ccuDGIXz.s:1308   .text.GPIO_IPD_Unused:00000000000000d6 .L0 
C:\Users\User\AppData\Local\Temp\ccuDGIXz.s:1309   .text.GPIO_IPD_Unused:00000000000000d6 .L0 
C:\Users\User\AppData\Local\Temp\ccuDGIXz.s:1313   .text.GPIO_IPD_Unused:00000000000000dc .L0 
C:\Users\User\AppData\Local\Temp\ccuDGIXz.s:1315   .text.GPIO_IPD_Unused:00000000000000e0 .L0 
C:\Users\User\AppData\Local\Temp\ccuDGIXz.s:1317   .text.GPIO_IPD_Unused:00000000000000e2 .L0 
C:\Users\User\AppData\Local\Temp\ccuDGIXz.s:1318   .text.GPIO_IPD_Unused:00000000000000e2 .L0 
C:\Users\User\AppData\Local\Temp\ccuDGIXz.s:1320   .text.GPIO_IPD_Unused:00000000000000e4 .L0 
C:\Users\User\AppData\Local\Temp\ccuDGIXz.s:1322   .text.GPIO_IPD_Unused:00000000000000e8 .L0 
C:\Users\User\AppData\Local\Temp\ccuDGIXz.s:1324   .text.GPIO_IPD_Unused:00000000000000ec .L0 
C:\Users\User\AppData\Local\Temp\ccuDGIXz.s:1326   .text.GPIO_IPD_Unused:00000000000000ee .L0 
C:\Users\User\AppData\Local\Temp\ccuDGIXz.s:1329   .text.GPIO_IPD_Unused:00000000000000f6 .L0 
C:\Users\User\AppData\Local\Temp\ccuDGIXz.s:1330   .text.GPIO_IPD_Unused:00000000000000f6 .L0 
C:\Users\User\AppData\Local\Temp\ccuDGIXz.s:1333   .text.GPIO_IPD_Unused:00000000000000fc .L0 
C:\Users\User\AppData\Local\Temp\ccuDGIXz.s:1336   .text.GPIO_IPD_Unused:0000000000000102 .L0 
C:\Users\User\AppData\Local\Temp\ccuDGIXz.s:1338   .text.GPIO_IPD_Unused:0000000000000104 .L0 
C:\Users\User\AppData\Local\Temp\ccuDGIXz.s:1339   .text.GPIO_IPD_Unused:0000000000000104 .L0 
C:\Users\User\AppData\Local\Temp\ccuDGIXz.s:1342   .text.GPIO_IPD_Unused:000000000000010c .L0 
C:\Users\User\AppData\Local\Temp\ccuDGIXz.s:1343   .text.GPIO_IPD_Unused:000000000000010c .L0 
C:\Users\User\AppData\Local\Temp\ccuDGIXz.s:1346   .text.GPIO_IPD_Unused:0000000000000112 .L0 
C:\Users\User\AppData\Local\Temp\ccuDGIXz.s:1349   .text.GPIO_IPD_Unused:0000000000000118 .L0 
C:\Users\User\AppData\Local\Temp\ccuDGIXz.s:1351   .text.GPIO_IPD_Unused:000000000000011a .L0 
C:\Users\User\AppData\Local\Temp\ccuDGIXz.s:1352   .text.GPIO_IPD_Unused:000000000000011a .L0 
C:\Users\User\AppData\Local\Temp\ccuDGIXz.s:1355   .text.GPIO_IPD_Unused:0000000000000122 .L0 
C:\Users\User\AppData\Local\Temp\ccuDGIXz.s:1356   .text.GPIO_IPD_Unused:0000000000000122 .L0 
C:\Users\User\AppData\Local\Temp\ccuDGIXz.s:1358   .text.GPIO_IPD_Unused:0000000000000126 .L0 
C:\Users\User\AppData\Local\Temp\ccuDGIXz.s:1361   .text.GPIO_IPD_Unused:000000000000012c .L0 
C:\Users\User\AppData\Local\Temp\ccuDGIXz.s:1363   .text.GPIO_IPD_Unused:000000000000012e .L0 
C:\Users\User\AppData\Local\Temp\ccuDGIXz.s:1365   .text.GPIO_IPD_Unused:0000000000000130 .L0 
C:\Users\User\AppData\Local\Temp\ccuDGIXz.s:1366   .text.GPIO_IPD_Unused:0000000000000130 .L0 
C:\Users\User\AppData\Local\Temp\ccuDGIXz.s:1369   .text.GPIO_IPD_Unused:0000000000000138 .L0 
C:\Users\User\AppData\Local\Temp\ccuDGIXz.s:1370   .text.GPIO_IPD_Unused:0000000000000138 .L0 
C:\Users\User\AppData\Local\Temp\ccuDGIXz.s:1375   .text.GPIO_IPD_Unused:000000000000013c .L0 
C:\Users\User\AppData\Local\Temp\ccuDGIXz.s:1376   .text.GPIO_IPD_Unused:000000000000013c .L0 
C:\Users\User\AppData\Local\Temp\ccuDGIXz.s:1378   .text.GPIO_IPD_Unused:0000000000000140 .L0 
C:\Users\User\AppData\Local\Temp\ccuDGIXz.s:1382   .text.GPIO_IPD_Unused:0000000000000146 .L0 
C:\Users\User\AppData\Local\Temp\ccuDGIXz.s:1383   .text.GPIO_IPD_Unused:0000000000000146 .L0 
C:\Users\User\AppData\Local\Temp\ccuDGIXz.s:1385   .text.GPIO_IPD_Unused:0000000000000148 .L0 
C:\Users\User\AppData\Local\Temp\ccuDGIXz.s:1387   .text.GPIO_IPD_Unused:000000000000014c .L0 
C:\Users\User\AppData\Local\Temp\ccuDGIXz.s:1389   .text.GPIO_IPD_Unused:0000000000000150 .L0 
C:\Users\User\AppData\Local\Temp\ccuDGIXz.s:1391   .text.GPIO_IPD_Unused:0000000000000152 .L0 
C:\Users\User\AppData\Local\Temp\ccuDGIXz.s:1394   .text.GPIO_IPD_Unused:000000000000015a .L0 
C:\Users\User\AppData\Local\Temp\ccuDGIXz.s:1395   .text.GPIO_IPD_Unused:000000000000015a .L0 
C:\Users\User\AppData\Local\Temp\ccuDGIXz.s:1398   .text.GPIO_IPD_Unused:0000000000000160 .L0 
C:\Users\User\AppData\Local\Temp\ccuDGIXz.s:1401   .text.GPIO_IPD_Unused:0000000000000166 .L0 
C:\Users\User\AppData\Local\Temp\ccuDGIXz.s:1403   .text.GPIO_IPD_Unused:0000000000000168 .L0 
C:\Users\User\AppData\Local\Temp\ccuDGIXz.s:1404   .text.GPIO_IPD_Unused:0000000000000168 .L0 
C:\Users\User\AppData\Local\Temp\ccuDGIXz.s:1407   .text.GPIO_IPD_Unused:0000000000000170 .L0 
C:\Users\User\AppData\Local\Temp\ccuDGIXz.s:1408   .text.GPIO_IPD_Unused:0000000000000170 .L0 
C:\Users\User\AppData\Local\Temp\ccuDGIXz.s:1411   .text.GPIO_IPD_Unused:0000000000000176 .L0 
C:\Users\User\AppData\Local\Temp\ccuDGIXz.s:1414   .text.GPIO_IPD_Unused:000000000000017c .L0 
C:\Users\User\AppData\Local\Temp\ccuDGIXz.s:1416   .text.GPIO_IPD_Unused:000000000000017e .L0 
C:\Users\User\AppData\Local\Temp\ccuDGIXz.s:1417   .text.GPIO_IPD_Unused:000000000000017e .L0 
C:\Users\User\AppData\Local\Temp\ccuDGIXz.s:1420   .text.GPIO_IPD_Unused:0000000000000186 .L0 
C:\Users\User\AppData\Local\Temp\ccuDGIXz.s:1421   .text.GPIO_IPD_Unused:0000000000000186 .L0 
C:\Users\User\AppData\Local\Temp\ccuDGIXz.s:1423   .text.GPIO_IPD_Unused:000000000000018a .L0 
C:\Users\User\AppData\Local\Temp\ccuDGIXz.s:1426   .text.GPIO_IPD_Unused:0000000000000190 .L0 
C:\Users\User\AppData\Local\Temp\ccuDGIXz.s:1428   .text.GPIO_IPD_Unused:0000000000000192 .L0 
C:\Users\User\AppData\Local\Temp\ccuDGIXz.s:1429   .text.GPIO_IPD_Unused:0000000000000192 .L0 
C:\Users\User\AppData\Local\Temp\ccuDGIXz.s:1432   .text.GPIO_IPD_Unused:000000000000019a .L0 
C:\Users\User\AppData\Local\Temp\ccuDGIXz.s:1433   .text.GPIO_IPD_Unused:000000000000019a .L0 
C:\Users\User\AppData\Local\Temp\ccuDGIXz.s:1436   .text.GPIO_IPD_Unused:00000000000001a0 .L0 
C:\Users\User\AppData\Local\Temp\ccuDGIXz.s:1438   .text.GPIO_IPD_Unused:00000000000001a0 .L0 
C:\Users\User\AppData\Local\Temp\ccuDGIXz.s:1439   .text.GPIO_IPD_Unused:00000000000001a0 .L0 
C:\Users\User\AppData\Local\Temp\ccuDGIXz.s:1440   .text.GPIO_IPD_Unused:00000000000001a0 .L0 
C:\Users\User\AppData\Local\Temp\ccuDGIXz.s:1446   .text.GPIO_IPD_Unused:00000000000001b2 .L0 
C:\Users\User\AppData\Local\Temp\ccuDGIXz.s:1447   .text.GPIO_IPD_Unused:00000000000001b2 .L0 
C:\Users\User\AppData\Local\Temp\ccuDGIXz.s:1451   .text.GPIO_IPD_Unused:00000000000001b8 .L0 
C:\Users\User\AppData\Local\Temp\ccuDGIXz.s:1454   .text.GPIO_IPD_Unused:00000000000001be .L0 
C:\Users\User\AppData\Local\Temp\ccuDGIXz.s:1456   .text.GPIO_IPD_Unused:00000000000001c0 .L0 
C:\Users\User\AppData\Local\Temp\ccuDGIXz.s:1457   .text.GPIO_IPD_Unused:00000000000001c0 .L0 
C:\Users\User\AppData\Local\Temp\ccuDGIXz.s:1460   .text.GPIO_IPD_Unused:00000000000001c8 .L0 
C:\Users\User\AppData\Local\Temp\ccuDGIXz.s:1461   .text.GPIO_IPD_Unused:00000000000001c8 .L0 
C:\Users\User\AppData\Local\Temp\ccuDGIXz.s:1465   .text.GPIO_IPD_Unused:00000000000001ca .L0 
C:\Users\User\AppData\Local\Temp\ccuDGIXz.s:1466   .text.GPIO_IPD_Unused:00000000000001ca .L0 
C:\Users\User\AppData\Local\Temp\ccuDGIXz.s:1468   .text.GPIO_IPD_Unused:00000000000001ce .L0 
C:\Users\User\AppData\Local\Temp\ccuDGIXz.s:1471   .text.GPIO_IPD_Unused:00000000000001d2 .L0 
C:\Users\User\AppData\Local\Temp\ccuDGIXz.s:1473   .text.GPIO_IPD_Unused:00000000000001d6 .L0 
C:\Users\User\AppData\Local\Temp\ccuDGIXz.s:1475   .text.GPIO_IPD_Unused:00000000000001d8 .L0 
C:\Users\User\AppData\Local\Temp\ccuDGIXz.s:1476   .text.GPIO_IPD_Unused:00000000000001d8 .L0 
C:\Users\User\AppData\Local\Temp\ccuDGIXz.s:1478   .text.GPIO_IPD_Unused:00000000000001da .L0 
C:\Users\User\AppData\Local\Temp\ccuDGIXz.s:1481   .text.GPIO_IPD_Unused:00000000000001e0 .L0 
C:\Users\User\AppData\Local\Temp\ccuDGIXz.s:1484   .text.GPIO_IPD_Unused:00000000000001e8 .L0 
C:\Users\User\AppData\Local\Temp\ccuDGIXz.s:1485   .text.GPIO_IPD_Unused:00000000000001e8 .L0 
C:\Users\User\AppData\Local\Temp\ccuDGIXz.s:1487   .text.GPIO_IPD_Unused:00000000000001ec .L0 
C:\Users\User\AppData\Local\Temp\ccuDGIXz.s:1490   .text.GPIO_IPD_Unused:00000000000001f2 .L0 
C:\Users\User\AppData\Local\Temp\ccuDGIXz.s:1492   .text.GPIO_IPD_Unused:00000000000001f4 .L0 
C:\Users\User\AppData\Local\Temp\ccuDGIXz.s:1493   .text.GPIO_IPD_Unused:00000000000001f4 .L0 
C:\Users\User\AppData\Local\Temp\ccuDGIXz.s:1496   .text.GPIO_IPD_Unused:00000000000001fc .L0 
C:\Users\User\AppData\Local\Temp\ccuDGIXz.s:1497   .text.GPIO_IPD_Unused:00000000000001fc .L0 
C:\Users\User\AppData\Local\Temp\ccuDGIXz.s:1500   .text.GPIO_IPD_Unused:0000000000000202 .L0 
C:\Users\User\AppData\Local\Temp\ccuDGIXz.s:1503   .text.GPIO_IPD_Unused:0000000000000208 .L0 
C:\Users\User\AppData\Local\Temp\ccuDGIXz.s:1505   .text.GPIO_IPD_Unused:000000000000020a .L0 
C:\Users\User\AppData\Local\Temp\ccuDGIXz.s:1506   .text.GPIO_IPD_Unused:000000000000020a .L0 
C:\Users\User\AppData\Local\Temp\ccuDGIXz.s:1509   .text.GPIO_IPD_Unused:0000000000000212 .L0 
C:\Users\User\AppData\Local\Temp\ccuDGIXz.s:1510   .text.GPIO_IPD_Unused:0000000000000212 .L0 
C:\Users\User\AppData\Local\Temp\ccuDGIXz.s:1512   .text.GPIO_IPD_Unused:0000000000000214 .L0 
C:\Users\User\AppData\Local\Temp\ccuDGIXz.s:1515   .text.GPIO_IPD_Unused:000000000000021a .L0 
C:\Users\User\AppData\Local\Temp\ccuDGIXz.s:1517   .text.GPIO_IPD_Unused:000000000000021c .L0 
C:\Users\User\AppData\Local\Temp\ccuDGIXz.s:1518   .text.GPIO_IPD_Unused:000000000000021c .L0 
C:\Users\User\AppData\Local\Temp\ccuDGIXz.s:1519   .text.GPIO_IPD_Unused:000000000000021c .L0 
C:\Users\User\AppData\Local\Temp\ccuDGIXz.s:1521   .text.GPIO_IPD_Unused:0000000000000220 .L0 
C:\Users\User\AppData\Local\Temp\ccuDGIXz.s:1524   .text.GPIO_IPD_Unused:0000000000000228 .L0 
C:\Users\User\AppData\Local\Temp\ccuDGIXz.s:1525   .text.GPIO_IPD_Unused:0000000000000228 .L0 
C:\Users\User\AppData\Local\Temp\ccuDGIXz.s:1527   .text.GPIO_IPD_Unused:000000000000022c .L0 
C:\Users\User\AppData\Local\Temp\ccuDGIXz.s:1530   .text.GPIO_IPD_Unused:0000000000000232 .L0 
C:\Users\User\AppData\Local\Temp\ccuDGIXz.s:1532   .text.GPIO_IPD_Unused:0000000000000234 .L0 
C:\Users\User\AppData\Local\Temp\ccuDGIXz.s:1533   .text.GPIO_IPD_Unused:0000000000000234 .L0 
C:\Users\User\AppData\Local\Temp\ccuDGIXz.s:1536   .text.GPIO_IPD_Unused:000000000000023c .L0 
C:\Users\User\AppData\Local\Temp\ccuDGIXz.s:1537   .text.GPIO_IPD_Unused:000000000000023c .L0 
C:\Users\User\AppData\Local\Temp\ccuDGIXz.s:1543   .text.GPIO_IPD_Unused:0000000000000244 .L0 
C:\Users\User\AppData\Local\Temp\ccuDGIXz.s:1544   .text.GPIO_IPD_Unused:0000000000000244 .L0 
C:\Users\User\AppData\Local\Temp\ccuDGIXz.s:1546   .text.GPIO_IPD_Unused:0000000000000248 .L0 
C:\Users\User\AppData\Local\Temp\ccuDGIXz.s:1549   .text.GPIO_IPD_Unused:000000000000024c .L0 
C:\Users\User\AppData\Local\Temp\ccuDGIXz.s:1551   .text.GPIO_IPD_Unused:0000000000000250 .L0 
C:\Users\User\AppData\Local\Temp\ccuDGIXz.s:1553   .text.GPIO_IPD_Unused:0000000000000252 .L0 
C:\Users\User\AppData\Local\Temp\ccuDGIXz.s:1554   .text.GPIO_IPD_Unused:0000000000000252 .L0 
C:\Users\User\AppData\Local\Temp\ccuDGIXz.s:1556   .text.GPIO_IPD_Unused:0000000000000254 .L0 
C:\Users\User\AppData\Local\Temp\ccuDGIXz.s:1559   .text.GPIO_IPD_Unused:000000000000025a .L0 
C:\Users\User\AppData\Local\Temp\ccuDGIXz.s:1562   .text.GPIO_IPD_Unused:0000000000000262 .L0 
C:\Users\User\AppData\Local\Temp\ccuDGIXz.s:1563   .text.GPIO_IPD_Unused:0000000000000262 .L0 
C:\Users\User\AppData\Local\Temp\ccuDGIXz.s:1565   .text.GPIO_IPD_Unused:0000000000000266 .L0 
C:\Users\User\AppData\Local\Temp\ccuDGIXz.s:1568   .text.GPIO_IPD_Unused:000000000000026c .L0 
C:\Users\User\AppData\Local\Temp\ccuDGIXz.s:1570   .text.GPIO_IPD_Unused:000000000000026e .L0 
C:\Users\User\AppData\Local\Temp\ccuDGIXz.s:1571   .text.GPIO_IPD_Unused:000000000000026e .L0 
C:\Users\User\AppData\Local\Temp\ccuDGIXz.s:1574   .text.GPIO_IPD_Unused:0000000000000276 .L0 
C:\Users\User\AppData\Local\Temp\ccuDGIXz.s:1575   .text.GPIO_IPD_Unused:0000000000000276 .L0 
C:\Users\User\AppData\Local\Temp\ccuDGIXz.s:1577   .text.GPIO_IPD_Unused:0000000000000278 .L0 
C:\Users\User\AppData\Local\Temp\ccuDGIXz.s:1580   .text.GPIO_IPD_Unused:000000000000027e .L0 
C:\Users\User\AppData\Local\Temp\ccuDGIXz.s:1582   .text.GPIO_IPD_Unused:0000000000000280 .L0 
C:\Users\User\AppData\Local\Temp\ccuDGIXz.s:1583   .text.GPIO_IPD_Unused:0000000000000280 .L0 
C:\Users\User\AppData\Local\Temp\ccuDGIXz.s:1586   .text.GPIO_IPD_Unused:0000000000000288 .L0 
C:\Users\User\AppData\Local\Temp\ccuDGIXz.s:1587   .text.GPIO_IPD_Unused:0000000000000288 .L0 
C:\Users\User\AppData\Local\Temp\ccuDGIXz.s:1589   .text.GPIO_IPD_Unused:000000000000028c .L0 
C:\Users\User\AppData\Local\Temp\ccuDGIXz.s:1592   .text.GPIO_IPD_Unused:0000000000000292 .L0 
C:\Users\User\AppData\Local\Temp\ccuDGIXz.s:1594   .text.GPIO_IPD_Unused:0000000000000294 .L0 
C:\Users\User\AppData\Local\Temp\ccuDGIXz.s:1595   .text.GPIO_IPD_Unused:0000000000000294 .L0 
C:\Users\User\AppData\Local\Temp\ccuDGIXz.s:1598   .text.GPIO_IPD_Unused:000000000000029c .L0 
C:\Users\User\AppData\Local\Temp\ccuDGIXz.s:1599   .text.GPIO_IPD_Unused:000000000000029c .L0 
C:\Users\User\AppData\Local\Temp\ccuDGIXz.s:1601   .text.GPIO_IPD_Unused:000000000000029e .L0 
C:\Users\User\AppData\Local\Temp\ccuDGIXz.s:1603   .text.GPIO_IPD_Unused:00000000000002a2 .L0 
C:\Users\User\AppData\Local\Temp\ccuDGIXz.s:1605   .text.GPIO_IPD_Unused:00000000000002a6 .L0 
C:\Users\User\AppData\Local\Temp\ccuDGIXz.s:1608   .text.GPIO_IPD_Unused:00000000000002ac .L0 
C:\Users\User\AppData\Local\Temp\ccuDGIXz.s:1610   .text.GPIO_IPD_Unused:00000000000002ae .L0 
C:\Users\User\AppData\Local\Temp\ccuDGIXz.s:1611   .text.GPIO_IPD_Unused:00000000000002ae .L0 
C:\Users\User\AppData\Local\Temp\ccuDGIXz.s:1614   .text.GPIO_IPD_Unused:00000000000002b6 .L0 
C:\Users\User\AppData\Local\Temp\ccuDGIXz.s:1615   .text.GPIO_IPD_Unused:00000000000002b6 .L0 
C:\Users\User\AppData\Local\Temp\ccuDGIXz.s:1618   .text.GPIO_IPD_Unused:00000000000002be .L0 
C:\Users\User\AppData\Local\Temp\ccuDGIXz.s:5300   .debug_line_str:00000000000000a6 .L0 
C:\Users\User\AppData\Local\Temp\ccuDGIXz.s:5300   .debug_line_str:00000000000000f8 .L0 
C:\Users\User\AppData\Local\Temp\ccuDGIXz.s:5300   .debug_line_str:000000000000013c .L0 
C:\Users\User\AppData\Local\Temp\ccuDGIXz.s:5300   .debug_line_str:00000000000001c6 .L0 
C:\Users\User\AppData\Local\Temp\ccuDGIXz.s:5300   .debug_line_str:000000000000024c .L0 
C:\Users\User\AppData\Local\Temp\ccuDGIXz.s:5300   .debug_line_str:0000000000000286 .L0 
C:\Users\User\AppData\Local\Temp\ccuDGIXz.s:5300   .debug_line_str:00000000000002ca .L0 
C:\Users\User\AppData\Local\Temp\ccuDGIXz.s:5300   .debug_line_str:00000000000002da .L0 
C:\Users\User\AppData\Local\Temp\ccuDGIXz.s:5300   .debug_line_str:00000000000002ea .L0 
C:\Users\User\AppData\Local\Temp\ccuDGIXz.s:5300   .debug_line_str:00000000000002fb .L0 
C:\Users\User\AppData\Local\Temp\ccuDGIXz.s:5300   .debug_line_str:0000000000000305 .L0 
C:\Users\User\AppData\Local\Temp\ccuDGIXz.s:5300   .debug_line_str:0000000000000312 .L0 
C:\Users\User\AppData\Local\Temp\ccuDGIXz.s:5300   .debug_line_str:000000000000031d .L0 
C:\Users\User\AppData\Local\Temp\ccuDGIXz.s:5300   .debug_line_str:000000000000032d .L0 
C:\Users\User\AppData\Local\Temp\ccuDGIXz.s:5300   .debug_line_str:000000000000033c .L0 
C:\Users\User\AppData\Local\Temp\ccuDGIXz.s:131    .text.GPIO_DeInit:00000000000000c2 .L0 
C:\Users\User\AppData\Local\Temp\ccuDGIXz.s:159    .text.GPIO_AFIODeInit:0000000000000028 .L0 
C:\Users\User\AppData\Local\Temp\ccuDGIXz.s:402    .text.GPIO_Init:00000000000000e0 .L0 
C:\Users\User\AppData\Local\Temp\ccuDGIXz.s:428    .text.GPIO_StructInit:000000000000000e .L0 
C:\Users\User\AppData\Local\Temp\ccuDGIXz.s:452    .text.GPIO_ReadInputDataBit:000000000000000c .L0 
C:\Users\User\AppData\Local\Temp\ccuDGIXz.s:471    .text.GPIO_ReadInputData:0000000000000008 .L0 
C:\Users\User\AppData\Local\Temp\ccuDGIXz.s:495    .text.GPIO_ReadOutputDataBit:000000000000000c .L0 
C:\Users\User\AppData\Local\Temp\ccuDGIXz.s:514    .text.GPIO_ReadOutputData:0000000000000008 .L0 
C:\Users\User\AppData\Local\Temp\ccuDGIXz.s:531    .text.GPIO_SetBits:0000000000000004 .L0 
C:\Users\User\AppData\Local\Temp\ccuDGIXz.s:548    .text.GPIO_ResetBits:0000000000000004 .L0 
C:\Users\User\AppData\Local\Temp\ccuDGIXz.s:573    .text.GPIO_WriteBit:000000000000000a .L0 
C:\Users\User\AppData\Local\Temp\ccuDGIXz.s:590    .text.GPIO_Write:0000000000000004 .L0 
C:\Users\User\AppData\Local\Temp\ccuDGIXz.s:625    .text.GPIO_PinLockConfig:0000000000000010 .L0 
C:\Users\User\AppData\Local\Temp\ccuDGIXz.s:732    .text.GPIO_PinRemapConfig:000000000000006e .L0 
C:\Users\User\AppData\Local\Temp\ccuDGIXz.s:1104   .text.GPIO_PinAFConfig:00000000000001e8 .L0 
C:\Users\User\AppData\Local\Temp\ccuDGIXz.s:1177   .text.GPIO_EXTILineConfig:0000000000000048 .L0 
C:\Users\User\AppData\Local\Temp\ccuDGIXz.s:1621   .text.GPIO_IPD_Unused:00000000000002be .L0 
                     .debug_frame:0000000000000000 .L0 
C:\Users\User\AppData\Local\Temp\ccuDGIXz.s:48     .text.GPIO_DeInit:0000000000000034 .L2
C:\Users\User\AppData\Local\Temp\ccuDGIXz.s:65     .text.GPIO_DeInit:000000000000004e .L4
C:\Users\User\AppData\Local\Temp\ccuDGIXz.s:37     .text.GPIO_DeInit:0000000000000024 .L9
C:\Users\User\AppData\Local\Temp\ccuDGIXz.s:80     .text.GPIO_DeInit:0000000000000064 .L5
C:\Users\User\AppData\Local\Temp\ccuDGIXz.s:96     .text.GPIO_DeInit:0000000000000082 .L6
C:\Users\User\AppData\Local\Temp\ccuDGIXz.s:113    .text.GPIO_DeInit:00000000000000a4 .L7
C:\Users\User\AppData\Local\Temp\ccuDGIXz.s:41     .text.GPIO_DeInit:000000000000002c .L1
C:\Users\User\AppData\Local\Temp\ccuDGIXz.s:240    .text.GPIO_Init:0000000000000044 .L13
C:\Users\User\AppData\Local\Temp\ccuDGIXz.s:230    .text.GPIO_Init:000000000000003c .L14
C:\Users\User\AppData\Local\Temp\ccuDGIXz.s:200    .text.GPIO_Init:000000000000001c .L15
C:\Users\User\AppData\Local\Temp\ccuDGIXz.s:308    .text.GPIO_Init:0000000000000086 .L16
C:\Users\User\AppData\Local\Temp\ccuDGIXz.s:298    .text.GPIO_Init:000000000000007e .L17
C:\Users\User\AppData\Local\Temp\ccuDGIXz.s:382    .text.GPIO_Init:00000000000000d0 .L18
C:\Users\User\AppData\Local\Temp\ccuDGIXz.s:262    .text.GPIO_Init:000000000000005a .L21
C:\Users\User\AppData\Local\Temp\ccuDGIXz.s:378    .text.GPIO_Init:00000000000000ce .L12
C:\Users\User\AppData\Local\Temp\ccuDGIXz.s:368    .text.GPIO_Init:00000000000000c6 .L23
C:\Users\User\AppData\Local\Temp\ccuDGIXz.s:391    .text.GPIO_Init:00000000000000d8 .L24
C:\Users\User\AppData\Local\Temp\ccuDGIXz.s:328    .text.GPIO_Init:000000000000009c .L26
C:\Users\User\AppData\Local\Temp\ccuDGIXz.s:285    .text.GPIO_Init:000000000000006c .L19
C:\Users\User\AppData\Local\Temp\ccuDGIXz.s:354    .text.GPIO_Init:00000000000000b2 .L25
C:\Users\User\AppData\Local\Temp\ccuDGIXz.s:564    .text.GPIO_WriteBit:0000000000000006 .L44
C:\Users\User\AppData\Local\Temp\ccuDGIXz.s:690    .text.GPIO_PinRemapConfig:0000000000000042 .L49
C:\Users\User\AppData\Local\Temp\ccuDGIXz.s:682    .text.GPIO_PinRemapConfig:000000000000003a .L52
C:\Users\User\AppData\Local\Temp\ccuDGIXz.s:720    .text.GPIO_PinRemapConfig:0000000000000062 .L51
C:\Users\User\AppData\Local\Temp\ccuDGIXz.s:666    .text.GPIO_PinRemapConfig:000000000000002c .L50
C:\Users\User\AppData\Local\Temp\ccuDGIXz.s:708    .text.GPIO_PinRemapConfig:0000000000000056 .L56
C:\Users\User\AppData\Local\Temp\ccuDGIXz.s:781    .text.GPIO_PinAFConfig:000000000000003a .L58
C:\Users\User\AppData\Local\Temp\ccuDGIXz.s:841    .text.GPIO_PinAFConfig:000000000000008a .L76
C:\Users\User\AppData\Local\Temp\ccuDGIXz.s:816    .text.GPIO_PinAFConfig:000000000000006a .L61
C:\Users\User\AppData\Local\Temp\ccuDGIXz.s:900    .text.GPIO_PinAFConfig:00000000000000d6 .L62
C:\Users\User\AppData\Local\Temp\ccuDGIXz.s:1070   .text.GPIO_PinAFConfig:00000000000001be .L77
C:\Users\User\AppData\Local\Temp\ccuDGIXz.s:874    .text.GPIO_PinAFConfig:00000000000000b6 .L66
C:\Users\User\AppData\Local\Temp\ccuDGIXz.s:1041   .text.GPIO_PinAFConfig:0000000000000196 .L78
C:\Users\User\AppData\Local\Temp\ccuDGIXz.s:989    .text.GPIO_PinAFConfig:0000000000000150 .L69
C:\Users\User\AppData\Local\Temp\ccuDGIXz.s:1098   .text.GPIO_PinAFConfig:00000000000001e6 .L57
C:\Users\User\AppData\Local\Temp\ccuDGIXz.s:1024   .text.GPIO_PinAFConfig:0000000000000184 .L70
C:\Users\User\AppData\Local\Temp\ccuDGIXz.s:958    .text.GPIO_PinAFConfig:0000000000000124 .L79
C:\Users\User\AppData\Local\Temp\ccuDGIXz.s:925    .text.GPIO_PinAFConfig:00000000000000f6 .L80
C:\Users\User\AppData\Local\Temp\ccuDGIXz.s:1149   .text.GPIO_EXTILineConfig:000000000000002c .L82
C:\Users\User\AppData\Local\Temp\ccuDGIXz.s:1269   .text.GPIO_IPD_Unused:000000000000008c .L85
C:\Users\User\AppData\Local\Temp\ccuDGIXz.s:1373   .text.GPIO_IPD_Unused:000000000000013c .L86
C:\Users\User\AppData\Local\Temp\ccuDGIXz.s:1301   .text.GPIO_IPD_Unused:00000000000000ca .L87
C:\Users\User\AppData\Local\Temp\ccuDGIXz.s:1463   .text.GPIO_IPD_Unused:00000000000001ca .L88
C:\Users\User\AppData\Local\Temp\ccuDGIXz.s:1541   .text.GPIO_IPD_Unused:0000000000000244 .L89
C:\Users\User\AppData\Local\Temp\ccuDGIXz.s:1290   .text.GPIO_IPD_Unused:00000000000000c0 .L84
C:\Users\User\AppData\Local\Temp\ccuDGIXz.s:1437   .text.GPIO_IPD_Unused:00000000000001a0 .L94
C:\Users\User\AppData\Local\Temp\ccuDGIXz.s:1449   .text.GPIO_IPD_Unused:00000000000001b8 .L93
C:\Users\User\AppData\Local\Temp\ccuDGIXz.s:3106   .debug_abbrev:0000000000000000 .Ldebug_abbrev0
C:\Users\User\AppData\Local\Temp\ccuDGIXz.s:5173   .debug_str:000000000000021c .LASF106
C:\Users\User\AppData\Local\Temp\ccuDGIXz.s:5298   .debug_line_str:0000000000000052 .LASF0
C:\Users\User\AppData\Local\Temp\ccuDGIXz.s:5296   .debug_line_str:0000000000000000 .LASF1
C:\Users\User\AppData\Local\Temp\ccuDGIXz.s:5024   .debug_rnglists:000000000000000c .LLRL27
C:\Users\User\AppData\Local\Temp\ccuDGIXz.s:5079   .debug_line:0000000000000000 .Ldebug_line0
C:\Users\User\AppData\Local\Temp\ccuDGIXz.s:5149   .debug_str:0000000000000182 .LASF2
C:\Users\User\AppData\Local\Temp\ccuDGIXz.s:5093   .debug_str:000000000000003c .LASF3
C:\Users\User\AppData\Local\Temp\ccuDGIXz.s:5167   .debug_str:00000000000001ef .LASF6
C:\Users\User\AppData\Local\Temp\ccuDGIXz.s:5185   .debug_str:000000000000032c .LASF4
C:\Users\User\AppData\Local\Temp\ccuDGIXz.s:5097   .debug_str:0000000000000055 .LASF5
C:\Users\User\AppData\Local\Temp\ccuDGIXz.s:5113   .debug_str:00000000000000b4 .LASF7
C:\Users\User\AppData\Local\Temp\ccuDGIXz.s:5229   .debug_str:000000000000044c .LASF8
C:\Users\User\AppData\Local\Temp\ccuDGIXz.s:5159   .debug_str:00000000000001bf .LASF9
C:\Users\User\AppData\Local\Temp\ccuDGIXz.s:5109   .debug_str:0000000000000099 .LASF10
C:\Users\User\AppData\Local\Temp\ccuDGIXz.s:5245   .debug_str:00000000000004ab .LASF11
C:\Users\User\AppData\Local\Temp\ccuDGIXz.s:5151   .debug_str:000000000000018f .LASF12
C:\Users\User\AppData\Local\Temp\ccuDGIXz.s:5189   .debug_str:000000000000034f .LASF13
C:\Users\User\AppData\Local\Temp\ccuDGIXz.s:5129   .debug_str:000000000000010f .LASF14
C:\Users\User\AppData\Local\Temp\ccuDGIXz.s:5201   .debug_str:0000000000000399 .LASF15
C:\Users\User\AppData\Local\Temp\ccuDGIXz.s:5193   .debug_str:000000000000036c .LASF16
C:\Users\User\AppData\Local\Temp\ccuDGIXz.s:5139   .debug_str:000000000000014a .LASF17
C:\Users\User\AppData\Local\Temp\ccuDGIXz.s:5289   .debug_str:00000000000005fb .LASF18
C:\Users\User\AppData\Local\Temp\ccuDGIXz.s:5255   .debug_str:00000000000004f5 .LASF19
C:\Users\User\AppData\Local\Temp\ccuDGIXz.s:5247   .debug_str:00000000000004bd .LASF20
C:\Users\User\AppData\Local\Temp\ccuDGIXz.s:5091   .debug_str:0000000000000036 .LASF21
C:\Users\User\AppData\Local\Temp\ccuDGIXz.s:5087   .debug_str:000000000000001d .LASF22
C:\Users\User\AppData\Local\Temp\ccuDGIXz.s:5191   .debug_str:0000000000000366 .LASF23
C:\Users\User\AppData\Local\Temp\ccuDGIXz.s:5267   .debug_str:0000000000000545 .LASF24
C:\Users\User\AppData\Local\Temp\ccuDGIXz.s:5211   .debug_str:00000000000003d2 .LASF25
C:\Users\User\AppData\Local\Temp\ccuDGIXz.s:5213   .debug_str:00000000000003d7 .LASF26
C:\Users\User\AppData\Local\Temp\ccuDGIXz.s:5081   .debug_str:0000000000000000 .LASF27
C:\Users\User\AppData\Local\Temp\ccuDGIXz.s:5177   .debug_str:000000000000030c .LASF28
C:\Users\User\AppData\Local\Temp\ccuDGIXz.s:5263   .debug_str:0000000000000527 .LASF29
C:\Users\User\AppData\Local\Temp\ccuDGIXz.s:5175   .debug_str:0000000000000301 .LASF30
C:\Users\User\AppData\Local\Temp\ccuDGIXz.s:5141   .debug_str:0000000000000152 .LASF31
C:\Users\User\AppData\Local\Temp\ccuDGIXz.s:5101   .debug_str:000000000000006f .LASF32
C:\Users\User\AppData\Local\Temp\ccuDGIXz.s:5147   .debug_str:0000000000000177 .LASF33
C:\Users\User\AppData\Local\Temp\ccuDGIXz.s:5127   .debug_str:0000000000000104 .LASF34
C:\Users\User\AppData\Local\Temp\ccuDGIXz.s:5257   .debug_str:0000000000000505 .LASF35
C:\Users\User\AppData\Local\Temp\ccuDGIXz.s:5153   .debug_str:000000000000019d .LASF36
C:\Users\User\AppData\Local\Temp\ccuDGIXz.s:5135   .debug_str:0000000000000137 .LASF37
C:\Users\User\AppData\Local\Temp\ccuDGIXz.s:5119   .debug_str:00000000000000cf .LASF38
C:\Users\User\AppData\Local\Temp\ccuDGIXz.s:5235   .debug_str:0000000000000475 .LASF39
C:\Users\User\AppData\Local\Temp\ccuDGIXz.s:5199   .debug_str:000000000000038e .LASF40
C:\Users\User\AppData\Local\Temp\ccuDGIXz.s:5239   .debug_str:0000000000000485 .LASF41
C:\Users\User\AppData\Local\Temp\ccuDGIXz.s:5115   .debug_str:00000000000000bf .LASF42
C:\Users\User\AppData\Local\Temp\ccuDGIXz.s:5203   .debug_str:00000000000003a2 .LASF43
C:\Users\User\AppData\Local\Temp\ccuDGIXz.s:5171   .debug_str:000000000000020f .LASF44
C:\Users\User\AppData\Local\Temp\ccuDGIXz.s:5283   .debug_str:00000000000005c9 .LASF45
C:\Users\User\AppData\Local\Temp\ccuDGIXz.s:5223   .debug_str:000000000000041e .LASF46
C:\Users\User\AppData\Local\Temp\ccuDGIXz.s:5121   .debug_str:00000000000000da .LASF47
C:\Users\User\AppData\Local\Temp\ccuDGIXz.s:5157   .debug_str:00000000000001ad .LASF48
C:\Users\User\AppData\Local\Temp\ccuDGIXz.s:5111   .debug_str:00000000000000a4 .LASF49
C:\Users\User\AppData\Local\Temp\ccuDGIXz.s:5187   .debug_str:000000000000033a .LASF50
C:\Users\User\AppData\Local\Temp\ccuDGIXz.s:5253   .debug_str:00000000000004e3 .LASF51
C:\Users\User\AppData\Local\Temp\ccuDGIXz.s:5241   .debug_str:000000000000048f .LASF52
C:\Users\User\AppData\Local\Temp\ccuDGIXz.s:5281   .debug_str:00000000000005b3 .LASF53
C:\Users\User\AppData\Local\Temp\ccuDGIXz.s:5243   .debug_str:000000000000049d .LASF54
C:\Users\User\AppData\Local\Temp\ccuDGIXz.s:5271   .debug_str:000000000000055a .LASF55
C:\Users\User\AppData\Local\Temp\ccuDGIXz.s:5133   .debug_str:0000000000000126 .LASF56
C:\Users\User\AppData\Local\Temp\ccuDGIXz.s:5261   .debug_str:0000000000000516 .LASF57
C:\Users\User\AppData\Local\Temp\ccuDGIXz.s:5291   .debug_str:0000000000000602 .LASF58
C:\Users\User\AppData\Local\Temp\ccuDGIXz.s:5143   .debug_str:000000000000015d .LASF59
C:\Users\User\AppData\Local\Temp\ccuDGIXz.s:5273   .debug_str:0000000000000568 .LASF60
C:\Users\User\AppData\Local\Temp\ccuDGIXz.s:5085   .debug_str:0000000000000014 .LASF61
C:\Users\User\AppData\Local\Temp\ccuDGIXz.s:5125   .debug_str:00000000000000f9 .LASF62
C:\Users\User\AppData\Local\Temp\ccuDGIXz.s:5293   .debug_str:0000000000000612 .LASF63
C:\Users\User\AppData\Local\Temp\ccuDGIXz.s:5195   .debug_str:0000000000000375 .LASF64
C:\Users\User\AppData\Local\Temp\ccuDGIXz.s:5105   .debug_str:0000000000000081 .LASF65
C:\Users\User\AppData\Local\Temp\ccuDGIXz.s:5197   .debug_str:0000000000000386 .LASF66
C:\Users\User\AppData\Local\Temp\ccuDGIXz.s:5251   .debug_str:00000000000004d9 .LASF67
C:\Users\User\AppData\Local\Temp\ccuDGIXz.s:5225   .debug_str:0000000000000423 .LASF68
C:\Users\User\AppData\Local\Temp\ccuDGIXz.s:5279   .debug_str:00000000000005a0 .LASF107
C:\Users\User\AppData\Local\Temp\ccuDGIXz.s:5275   .debug_str:0000000000000579 .LASF69
C:\Users\User\AppData\Local\Temp\ccuDGIXz.s:5249   .debug_str:00000000000004c3 .LASF70
C:\Users\User\AppData\Local\Temp\ccuDGIXz.s:5123   .debug_str:00000000000000e9 .LASF73
C:\Users\User\AppData\Local\Temp\ccuDGIXz.s:1182   .text.GPIO_IPD_Unused:0000000000000000 .LFB56
C:\Users\User\AppData\Local\Temp\ccuDGIXz.s:1619   .text.GPIO_IPD_Unused:00000000000002be .LFE56
C:\Users\User\AppData\Local\Temp\ccuDGIXz.s:5265   .debug_str:0000000000000532 .LASF71
C:\Users\User\AppData\Local\Temp\ccuDGIXz.s:5155   .debug_str:00000000000001a8 .LASF72
C:\Users\User\AppData\Local\Temp\ccuDGIXz.s:3749   .debug_loclists:000000000000000c .LLST26
C:\Users\User\AppData\Local\Temp\ccuDGIXz.s:1205   .text.GPIO_IPD_Unused:000000000000001e .LVL125
C:\Users\User\AppData\Local\Temp\ccuDGIXz.s:1242   .text.GPIO_IPD_Unused:0000000000000052 .LVL126
C:\Users\User\AppData\Local\Temp\ccuDGIXz.s:1254   .text.GPIO_IPD_Unused:000000000000006e .LVL127
C:\Users\User\AppData\Local\Temp\ccuDGIXz.s:1268   .text.GPIO_IPD_Unused:000000000000008c .LVL128
C:\Users\User\AppData\Local\Temp\ccuDGIXz.s:1327   .text.GPIO_IPD_Unused:00000000000000f6 .LVL133
C:\Users\User\AppData\Local\Temp\ccuDGIXz.s:1340   .text.GPIO_IPD_Unused:000000000000010c .LVL134
C:\Users\User\AppData\Local\Temp\ccuDGIXz.s:1353   .text.GPIO_IPD_Unused:0000000000000122 .LVL135
C:\Users\User\AppData\Local\Temp\ccuDGIXz.s:1367   .text.GPIO_IPD_Unused:0000000000000138 .LVL136
C:\Users\User\AppData\Local\Temp\ccuDGIXz.s:1392   .text.GPIO_IPD_Unused:000000000000015a .LVL139
C:\Users\User\AppData\Local\Temp\ccuDGIXz.s:1405   .text.GPIO_IPD_Unused:0000000000000170 .LVL140
C:\Users\User\AppData\Local\Temp\ccuDGIXz.s:1418   .text.GPIO_IPD_Unused:0000000000000186 .LVL141
C:\Users\User\AppData\Local\Temp\ccuDGIXz.s:1430   .text.GPIO_IPD_Unused:000000000000019a .LVL142
C:\Users\User\AppData\Local\Temp\ccuDGIXz.s:1444   .text.GPIO_IPD_Unused:00000000000001b2 .LVL143
C:\Users\User\AppData\Local\Temp\ccuDGIXz.s:1458   .text.GPIO_IPD_Unused:00000000000001c8 .LVL144
C:\Users\User\AppData\Local\Temp\ccuDGIXz.s:1482   .text.GPIO_IPD_Unused:00000000000001e8 .LVL147
C:\Users\User\AppData\Local\Temp\ccuDGIXz.s:1494   .text.GPIO_IPD_Unused:00000000000001fc .LVL148
C:\Users\User\AppData\Local\Temp\ccuDGIXz.s:1507   .text.GPIO_IPD_Unused:0000000000000212 .LVL149
C:\Users\User\AppData\Local\Temp\ccuDGIXz.s:1522   .text.GPIO_IPD_Unused:0000000000000228 .LVL150
C:\Users\User\AppData\Local\Temp\ccuDGIXz.s:1534   .text.GPIO_IPD_Unused:000000000000023c .LVL151
C:\Users\User\AppData\Local\Temp\ccuDGIXz.s:1560   .text.GPIO_IPD_Unused:0000000000000262 .LVL154
C:\Users\User\AppData\Local\Temp\ccuDGIXz.s:1572   .text.GPIO_IPD_Unused:0000000000000276 .LVL155
C:\Users\User\AppData\Local\Temp\ccuDGIXz.s:1584   .text.GPIO_IPD_Unused:0000000000000288 .LVL156
C:\Users\User\AppData\Local\Temp\ccuDGIXz.s:1596   .text.GPIO_IPD_Unused:000000000000029c .LVL157
C:\Users\User\AppData\Local\Temp\ccuDGIXz.s:1612   .text.GPIO_IPD_Unused:00000000000002b6 .LVL158
C:\Users\User\AppData\Local\Temp\ccuDGIXz.s:5285   .debug_str:00000000000005d7 .LASF74
C:\Users\User\AppData\Local\Temp\ccuDGIXz.s:1109   .text.GPIO_EXTILineConfig:0000000000000000 .LFB55
C:\Users\User\AppData\Local\Temp\ccuDGIXz.s:1175   .text.GPIO_EXTILineConfig:0000000000000048 .LFE55
C:\Users\User\AppData\Local\Temp\ccuDGIXz.s:5269   .debug_str:000000000000054a .LASF75
C:\Users\User\AppData\Local\Temp\ccuDGIXz.s:3826   .debug_loclists:00000000000000a4 .LLST23
C:\Users\User\AppData\Local\Temp\ccuDGIXz.s:5215   .debug_str:00000000000003dd .LASF76
C:\Users\User\AppData\Local\Temp\ccuDGIXz.s:3854   .debug_loclists:00000000000000d7 .LLST24
C:\Users\User\AppData\Local\Temp\ccuDGIXz.s:3882   .debug_loclists:000000000000010a .LLST25
C:\Users\User\AppData\Local\Temp\ccuDGIXz.s:5277   .debug_str:000000000000058f .LASF77
C:\Users\User\AppData\Local\Temp\ccuDGIXz.s:737    .text.GPIO_PinAFConfig:0000000000000000 .LFB54
C:\Users\User\AppData\Local\Temp\ccuDGIXz.s:1102   .text.GPIO_PinAFConfig:00000000000001e8 .LFE54
C:\Users\User\AppData\Local\Temp\ccuDGIXz.s:5259   .debug_str:0000000000000510 .LASF78
C:\Users\User\AppData\Local\Temp\ccuDGIXz.s:3914   .debug_loclists:0000000000000141 .LLST20
C:\Users\User\AppData\Local\Temp\ccuDGIXz.s:5117   .debug_str:00000000000000c7 .LASF79
C:\Users\User\AppData\Local\Temp\ccuDGIXz.s:4051   .debug_loclists:0000000000000247 .LLST21
C:\Users\User\AppData\Local\Temp\ccuDGIXz.s:4071   .debug_loclists:000000000000026c .LLST22
C:\Users\User\AppData\Local\Temp\ccuDGIXz.s:5209   .debug_str:00000000000003be .LASF80
C:\Users\User\AppData\Local\Temp\ccuDGIXz.s:630    .text.GPIO_PinRemapConfig:0000000000000000 .LFB53
C:\Users\User\AppData\Local\Temp\ccuDGIXz.s:730    .text.GPIO_PinRemapConfig:000000000000006e .LFE53
C:\Users\User\AppData\Local\Temp\ccuDGIXz.s:5165   .debug_str:00000000000001e4 .LASF81
C:\Users\User\AppData\Local\Temp\ccuDGIXz.s:4163   .debug_loclists:0000000000000321 .LLST15
C:\Users\User\AppData\Local\Temp\ccuDGIXz.s:5183   .debug_str:0000000000000323 .LASF82
C:\Users\User\AppData\Local\Temp\ccuDGIXz.s:4183   .debug_loclists:0000000000000346 .LLST16
C:\Users\User\AppData\Local\Temp\ccuDGIXz.s:5237   .debug_str:0000000000000480 .LASF83
C:\Users\User\AppData\Local\Temp\ccuDGIXz.s:4212   .debug_loclists:000000000000037b .LLST17
C:\Users\User\AppData\Local\Temp\ccuDGIXz.s:5179   .debug_str:0000000000000312 .LASF84
C:\Users\User\AppData\Local\Temp\ccuDGIXz.s:4245   .debug_loclists:00000000000003b3 .LLST18
C:\Users\User\AppData\Local\Temp\ccuDGIXz.s:5219   .debug_str:00000000000003ff .LASF85
C:\Users\User\AppData\Local\Temp\ccuDGIXz.s:4278   .debug_loclists:00000000000003f7 .LLST19
C:\Users\User\AppData\Local\Temp\ccuDGIXz.s:5227   .debug_str:0000000000000439 .LASF86
C:\Users\User\AppData\Local\Temp\ccuDGIXz.s:595    .text.GPIO_PinLockConfig:0000000000000000 .LFB52
C:\Users\User\AppData\Local\Temp\ccuDGIXz.s:623    .text.GPIO_PinLockConfig:0000000000000010 .LFE52
C:\Users\User\AppData\Local\Temp\ccuDGIXz.s:4320   .debug_loclists:0000000000000438 .LLST14
C:\Users\User\AppData\Local\Temp\ccuDGIXz.s:5233   .debug_str:000000000000046a .LASF87
C:\Users\User\AppData\Local\Temp\ccuDGIXz.s:578    .text.GPIO_Write:0000000000000000 .LFB51
C:\Users\User\AppData\Local\Temp\ccuDGIXz.s:588    .text.GPIO_Write:0000000000000004 .LFE51
C:\Users\User\AppData\Local\Temp\ccuDGIXz.s:5205   .debug_str:00000000000003aa .LASF88
C:\Users\User\AppData\Local\Temp\ccuDGIXz.s:5107   .debug_str:000000000000008b .LASF89
C:\Users\User\AppData\Local\Temp\ccuDGIXz.s:553    .text.GPIO_WriteBit:0000000000000000 .LFB50
C:\Users\User\AppData\Local\Temp\ccuDGIXz.s:571    .text.GPIO_WriteBit:000000000000000a .LFE50
C:\Users\User\AppData\Local\Temp\ccuDGIXz.s:5103   .debug_str:000000000000007a .LASF90
C:\Users\User\AppData\Local\Temp\ccuDGIXz.s:5131   .debug_str:0000000000000117 .LASF91
C:\Users\User\AppData\Local\Temp\ccuDGIXz.s:536    .text.GPIO_ResetBits:0000000000000000 .LFB49
C:\Users\User\AppData\Local\Temp\ccuDGIXz.s:546    .text.GPIO_ResetBits:0000000000000004 .LFE49
C:\Users\User\AppData\Local\Temp\ccuDGIXz.s:5095   .debug_str:0000000000000048 .LASF92
C:\Users\User\AppData\Local\Temp\ccuDGIXz.s:519    .text.GPIO_SetBits:0000000000000000 .LFB48
C:\Users\User\AppData\Local\Temp\ccuDGIXz.s:529    .text.GPIO_SetBits:0000000000000004 .LFE48
C:\Users\User\AppData\Local\Temp\ccuDGIXz.s:5089   .debug_str:0000000000000022 .LASF93
C:\Users\User\AppData\Local\Temp\ccuDGIXz.s:500    .text.GPIO_ReadOutputData:0000000000000000 .LFB47
C:\Users\User\AppData\Local\Temp\ccuDGIXz.s:512    .text.GPIO_ReadOutputData:0000000000000008 .LFE47
C:\Users\User\AppData\Local\Temp\ccuDGIXz.s:4335   .debug_loclists:0000000000000452 .LLST13
C:\Users\User\AppData\Local\Temp\ccuDGIXz.s:5221   .debug_str:0000000000000407 .LASF94
C:\Users\User\AppData\Local\Temp\ccuDGIXz.s:476    .text.GPIO_ReadOutputDataBit:0000000000000000 .LFB46
C:\Users\User\AppData\Local\Temp\ccuDGIXz.s:493    .text.GPIO_ReadOutputDataBit:000000000000000c .LFE46
C:\Users\User\AppData\Local\Temp\ccuDGIXz.s:4350   .debug_loclists:000000000000046c .LLST11
C:\Users\User\AppData\Local\Temp\ccuDGIXz.s:5181   .debug_str:0000000000000319 .LASF95
C:\Users\User\AppData\Local\Temp\ccuDGIXz.s:4365   .debug_loclists:0000000000000486 .LLST12
C:\Users\User\AppData\Local\Temp\ccuDGIXz.s:5217   .debug_str:00000000000003ec .LASF96
C:\Users\User\AppData\Local\Temp\ccuDGIXz.s:457    .text.GPIO_ReadInputData:0000000000000000 .LFB45
C:\Users\User\AppData\Local\Temp\ccuDGIXz.s:469    .text.GPIO_ReadInputData:0000000000000008 .LFE45
C:\Users\User\AppData\Local\Temp\ccuDGIXz.s:4385   .debug_loclists:00000000000004a5 .LLST10
C:\Users\User\AppData\Local\Temp\ccuDGIXz.s:5169   .debug_str:00000000000001f9 .LASF97
C:\Users\User\AppData\Local\Temp\ccuDGIXz.s:433    .text.GPIO_ReadInputDataBit:0000000000000000 .LFB44
C:\Users\User\AppData\Local\Temp\ccuDGIXz.s:450    .text.GPIO_ReadInputDataBit:000000000000000c .LFE44
C:\Users\User\AppData\Local\Temp\ccuDGIXz.s:4400   .debug_loclists:00000000000004bf .LLST8
C:\Users\User\AppData\Local\Temp\ccuDGIXz.s:4415   .debug_loclists:00000000000004d9 .LLST9
C:\Users\User\AppData\Local\Temp\ccuDGIXz.s:5099   .debug_str:000000000000005f .LASF98
C:\Users\User\AppData\Local\Temp\ccuDGIXz.s:407    .text.GPIO_StructInit:0000000000000000 .LFB43
C:\Users\User\AppData\Local\Temp\ccuDGIXz.s:426    .text.GPIO_StructInit:000000000000000e .LFE43
C:\Users\User\AppData\Local\Temp\ccuDGIXz.s:5163   .debug_str:00000000000001d4 .LASF99
C:\Users\User\AppData\Local\Temp\ccuDGIXz.s:5145   .debug_str:000000000000016d .LASF100
C:\Users\User\AppData\Local\Temp\ccuDGIXz.s:164    .text.GPIO_Init:0000000000000000 .LFB42
C:\Users\User\AppData\Local\Temp\ccuDGIXz.s:400    .text.GPIO_Init:00000000000000e0 .LFE42
C:\Users\User\AppData\Local\Temp\ccuDGIXz.s:4435   .debug_loclists:00000000000004f8 .LLST1
C:\Users\User\AppData\Local\Temp\ccuDGIXz.s:5207   .debug_str:00000000000003b2 .LASF101
C:\Users\User\AppData\Local\Temp\ccuDGIXz.s:4450   .debug_loclists:0000000000000512 .LLST2
C:\Users\User\AppData\Local\Temp\ccuDGIXz.s:5231   .debug_str:000000000000045f .LASF102
C:\Users\User\AppData\Local\Temp\ccuDGIXz.s:4463   .debug_loclists:000000000000052a .LLST3
C:\Users\User\AppData\Local\Temp\ccuDGIXz.s:5083   .debug_str:000000000000000d .LASF103
C:\Users\User\AppData\Local\Temp\ccuDGIXz.s:4596   .debug_loclists:0000000000000602 .LLST4
C:\Users\User\AppData\Local\Temp\ccuDGIXz.s:4641   .debug_loclists:000000000000065e .LLST5
C:\Users\User\AppData\Local\Temp\ccuDGIXz.s:4705   .debug_loclists:00000000000006d3 .LLST6
C:\Users\User\AppData\Local\Temp\ccuDGIXz.s:5137   .debug_str:0000000000000142 .LASF104
C:\Users\User\AppData\Local\Temp\ccuDGIXz.s:4830   .debug_loclists:000000000000078b .LLST7
C:\Users\User\AppData\Local\Temp\ccuDGIXz.s:5287   .debug_str:00000000000005eb .LASF105
C:\Users\User\AppData\Local\Temp\ccuDGIXz.s:136    .text.GPIO_AFIODeInit:0000000000000000 .LFB41
C:\Users\User\AppData\Local\Temp\ccuDGIXz.s:157    .text.GPIO_AFIODeInit:0000000000000028 .LFE41
C:\Users\User\AppData\Local\Temp\ccuDGIXz.s:146    .text.GPIO_AFIODeInit:0000000000000014 .LVL19
C:\Users\User\AppData\Local\Temp\ccuDGIXz.s:151    .text.GPIO_AFIODeInit:0000000000000020 .LVL20
C:\Users\User\AppData\Local\Temp\ccuDGIXz.s:5161   .debug_str:00000000000001c8 .LASF108
C:\Users\User\AppData\Local\Temp\ccuDGIXz.s:15     .text.GPIO_DeInit:0000000000000000 .LFB40
C:\Users\User\AppData\Local\Temp\ccuDGIXz.s:129    .text.GPIO_DeInit:00000000000000c2 .LFE40
C:\Users\User\AppData\Local\Temp\ccuDGIXz.s:4891   .debug_loclists:00000000000007eb .LLST0
C:\Users\User\AppData\Local\Temp\ccuDGIXz.s:33     .text.GPIO_DeInit:0000000000000020 .LVL2
C:\Users\User\AppData\Local\Temp\ccuDGIXz.s:40     .text.GPIO_DeInit:000000000000002c .LVL3
C:\Users\User\AppData\Local\Temp\ccuDGIXz.s:59     .text.GPIO_DeInit:0000000000000048 .LVL6
C:\Users\User\AppData\Local\Temp\ccuDGIXz.s:74     .text.GPIO_DeInit:000000000000005e .LVL9
C:\Users\User\AppData\Local\Temp\ccuDGIXz.s:90     .text.GPIO_DeInit:000000000000007a .LVL12
C:\Users\User\AppData\Local\Temp\ccuDGIXz.s:107    .text.GPIO_DeInit:000000000000009c .LVL15
C:\Users\User\AppData\Local\Temp\ccuDGIXz.s:123    .text.GPIO_DeInit:00000000000000ba .LVL18
C:\Users\User\AppData\Local\Temp\ccuDGIXz.s:1202   .text.GPIO_IPD_Unused:0000000000000016 .LVL124
C:\Users\User\AppData\Local\Temp\ccuDGIXz.s:1279   .text.GPIO_IPD_Unused:00000000000000a0 .LVL129
C:\Users\User\AppData\Local\Temp\ccuDGIXz.s:1289   .text.GPIO_IPD_Unused:00000000000000c0 .LVL130
C:\Users\User\AppData\Local\Temp\ccuDGIXz.s:1300   .text.GPIO_IPD_Unused:00000000000000ca .LVL131
C:\Users\User\AppData\Local\Temp\ccuDGIXz.s:1311   .text.GPIO_IPD_Unused:00000000000000dc .LVL132
C:\Users\User\AppData\Local\Temp\ccuDGIXz.s:1372   .text.GPIO_IPD_Unused:000000000000013c .LVL137
C:\Users\User\AppData\Local\Temp\ccuDGIXz.s:1379   .text.GPIO_IPD_Unused:0000000000000144 .LVL138
C:\Users\User\AppData\Local\Temp\ccuDGIXz.s:1462   .text.GPIO_IPD_Unused:00000000000001ca .LVL145
C:\Users\User\AppData\Local\Temp\ccuDGIXz.s:1469   .text.GPIO_IPD_Unused:00000000000001d2 .LVL146
C:\Users\User\AppData\Local\Temp\ccuDGIXz.s:1540   .text.GPIO_IPD_Unused:0000000000000244 .LVL152
C:\Users\User\AppData\Local\Temp\ccuDGIXz.s:1547   .text.GPIO_IPD_Unused:000000000000024c .LVL153
C:\Users\User\AppData\Local\Temp\ccuDGIXz.s:1112   .text.GPIO_EXTILineConfig:0000000000000000 .LVL117
C:\Users\User\AppData\Local\Temp\ccuDGIXz.s:1143   .text.GPIO_EXTILineConfig:0000000000000026 .LVL120
C:\Users\User\AppData\Local\Temp\ccuDGIXz.s:1148   .text.GPIO_EXTILineConfig:000000000000002c .LVL121
C:\Users\User\AppData\Local\Temp\ccuDGIXz.s:1168   .text.GPIO_EXTILineConfig:0000000000000042 .LVL123
C:\Users\User\AppData\Local\Temp\ccuDGIXz.s:1126   .text.GPIO_EXTILineConfig:000000000000000c .LVL119
C:\Users\User\AppData\Local\Temp\ccuDGIXz.s:1156   .text.GPIO_EXTILineConfig:0000000000000030 .LVL122
C:\Users\User\AppData\Local\Temp\ccuDGIXz.s:1122   .text.GPIO_EXTILineConfig:000000000000000a .LVL118
C:\Users\User\AppData\Local\Temp\ccuDGIXz.s:740    .text.GPIO_PinAFConfig:0000000000000000 .LVL88
C:\Users\User\AppData\Local\Temp\ccuDGIXz.s:761    .text.GPIO_PinAFConfig:0000000000000020 .LVL90
C:\Users\User\AppData\Local\Temp\ccuDGIXz.s:780    .text.GPIO_PinAFConfig:000000000000003a .LVL92
C:\Users\User\AppData\Local\Temp\ccuDGIXz.s:799    .text.GPIO_PinAFConfig:0000000000000052 .LVL93
C:\Users\User\AppData\Local\Temp\ccuDGIXz.s:815    .text.GPIO_PinAFConfig:000000000000006a .LVL94
C:\Users\User\AppData\Local\Temp\ccuDGIXz.s:824    .text.GPIO_PinAFConfig:0000000000000072 .LVL95
C:\Users\User\AppData\Local\Temp\ccuDGIXz.s:840    .text.GPIO_PinAFConfig:000000000000008a .LVL96
C:\Users\User\AppData\Local\Temp\ccuDGIXz.s:854    .text.GPIO_PinAFConfig:000000000000009c .LVL97
C:\Users\User\AppData\Local\Temp\ccuDGIXz.s:873    .text.GPIO_PinAFConfig:00000000000000b6 .LVL99
C:\Users\User\AppData\Local\Temp\ccuDGIXz.s:880    .text.GPIO_PinAFConfig:00000000000000bc .LVL100
C:\Users\User\AppData\Local\Temp\ccuDGIXz.s:899    .text.GPIO_PinAFConfig:00000000000000d6 .LVL102
C:\Users\User\AppData\Local\Temp\ccuDGIXz.s:908    .text.GPIO_PinAFConfig:00000000000000de .LVL103
C:\Users\User\AppData\Local\Temp\ccuDGIXz.s:924    .text.GPIO_PinAFConfig:00000000000000f6 .LVL104
C:\Users\User\AppData\Local\Temp\ccuDGIXz.s:940    .text.GPIO_PinAFConfig:000000000000010c .LVL105
C:\Users\User\AppData\Local\Temp\ccuDGIXz.s:957    .text.GPIO_PinAFConfig:0000000000000124 .LVL106
C:\Users\User\AppData\Local\Temp\ccuDGIXz.s:968    .text.GPIO_PinAFConfig:0000000000000136 .LVL107
C:\Users\User\AppData\Local\Temp\ccuDGIXz.s:988    .text.GPIO_PinAFConfig:0000000000000150 .LVL109
C:\Users\User\AppData\Local\Temp\ccuDGIXz.s:1050   .text.GPIO_PinAFConfig:00000000000001a4 .LVL112
C:\Users\User\AppData\Local\Temp\ccuDGIXz.s:1069   .text.GPIO_PinAFConfig:00000000000001be .LVL114
C:\Users\User\AppData\Local\Temp\ccuDGIXz.s:1081   .text.GPIO_PinAFConfig:00000000000001ce .LVL115
C:\Users\User\AppData\Local\Temp\ccuDGIXz.s:1097   .text.GPIO_PinAFConfig:00000000000001e6 .LVL116
C:\Users\User\AppData\Local\Temp\ccuDGIXz.s:1003   .text.GPIO_PinAFConfig:0000000000000168 .LVL110
C:\Users\User\AppData\Local\Temp\ccuDGIXz.s:1040   .text.GPIO_PinAFConfig:0000000000000196 .LVL111
C:\Users\User\AppData\Local\Temp\ccuDGIXz.s:752    .text.GPIO_PinAFConfig:0000000000000016 .LVL89
C:\Users\User\AppData\Local\Temp\ccuDGIXz.s:764    .text.GPIO_PinAFConfig:0000000000000022 .LVL91
C:\Users\User\AppData\Local\Temp\ccuDGIXz.s:857    .text.GPIO_PinAFConfig:000000000000009e .LVL98
C:\Users\User\AppData\Local\Temp\ccuDGIXz.s:883    .text.GPIO_PinAFConfig:00000000000000be .LVL101
C:\Users\User\AppData\Local\Temp\ccuDGIXz.s:971    .text.GPIO_PinAFConfig:0000000000000138 .LVL108
C:\Users\User\AppData\Local\Temp\ccuDGIXz.s:1053   .text.GPIO_PinAFConfig:00000000000001a6 .LVL113
C:\Users\User\AppData\Local\Temp\ccuDGIXz.s:633    .text.GPIO_PinRemapConfig:0000000000000000 .LVL74
C:\Users\User\AppData\Local\Temp\ccuDGIXz.s:673    .text.GPIO_PinRemapConfig:0000000000000030 .LVL79
C:\Users\User\AppData\Local\Temp\ccuDGIXz.s:689    .text.GPIO_PinRemapConfig:0000000000000042 .LVL82
C:\Users\User\AppData\Local\Temp\ccuDGIXz.s:649    .text.GPIO_PinRemapConfig:0000000000000014 .LVL76
C:\Users\User\AppData\Local\Temp\ccuDGIXz.s:678    .text.GPIO_PinRemapConfig:0000000000000038 .LVL80
C:\Users\User\AppData\Local\Temp\ccuDGIXz.s:665    .text.GPIO_PinRemapConfig:000000000000002c .LVL78
C:\Users\User\AppData\Local\Temp\ccuDGIXz.s:698    .text.GPIO_PinRemapConfig:000000000000004a .LVL83
C:\Users\User\AppData\Local\Temp\ccuDGIXz.s:707    .text.GPIO_PinRemapConfig:0000000000000056 .LVL84
C:\Users\User\AppData\Local\Temp\ccuDGIXz.s:719    .text.GPIO_PinRemapConfig:0000000000000062 .LVL87
C:\Users\User\AppData\Local\Temp\ccuDGIXz.s:642    .text.GPIO_PinRemapConfig:000000000000000c .LVL75
C:\Users\User\AppData\Local\Temp\ccuDGIXz.s:658    .text.GPIO_PinRemapConfig:0000000000000022 .LVL77
C:\Users\User\AppData\Local\Temp\ccuDGIXz.s:713    .text.GPIO_PinRemapConfig:000000000000005e .LVL85
C:\Users\User\AppData\Local\Temp\ccuDGIXz.s:598    .text.GPIO_PinLockConfig:0000000000000000 .LVL71
C:\Users\User\AppData\Local\Temp\ccuDGIXz.s:603    .text.GPIO_PinLockConfig:0000000000000004 .LVL72
C:\Users\User\AppData\Local\Temp\ccuDGIXz.s:616    .text.GPIO_PinLockConfig:000000000000000c .LVL73
C:\Users\User\AppData\Local\Temp\ccuDGIXz.s:503    .text.GPIO_ReadOutputData:0000000000000000 .LVL65
C:\Users\User\AppData\Local\Temp\ccuDGIXz.s:507    .text.GPIO_ReadOutputData:0000000000000002 .LVL66
C:\Users\User\AppData\Local\Temp\ccuDGIXz.s:479    .text.GPIO_ReadOutputDataBit:0000000000000000 .LVL62
C:\Users\User\AppData\Local\Temp\ccuDGIXz.s:488    .text.GPIO_ReadOutputDataBit:0000000000000006 .LVL64
C:\Users\User\AppData\Local\Temp\ccuDGIXz.s:484    .text.GPIO_ReadOutputDataBit:0000000000000002 .LVL63
C:\Users\User\AppData\Local\Temp\ccuDGIXz.s:460    .text.GPIO_ReadInputData:0000000000000000 .LVL60
C:\Users\User\AppData\Local\Temp\ccuDGIXz.s:464    .text.GPIO_ReadInputData:0000000000000002 .LVL61
C:\Users\User\AppData\Local\Temp\ccuDGIXz.s:436    .text.GPIO_ReadInputDataBit:0000000000000000 .LVL57
C:\Users\User\AppData\Local\Temp\ccuDGIXz.s:445    .text.GPIO_ReadInputDataBit:0000000000000006 .LVL59
C:\Users\User\AppData\Local\Temp\ccuDGIXz.s:441    .text.GPIO_ReadInputDataBit:0000000000000002 .LVL58
C:\Users\User\AppData\Local\Temp\ccuDGIXz.s:167    .text.GPIO_Init:0000000000000000 .LVL21
C:\Users\User\AppData\Local\Temp\ccuDGIXz.s:261    .text.GPIO_Init:000000000000005a .LVL35
C:\Users\User\AppData\Local\Temp\ccuDGIXz.s:179    .text.GPIO_Init:000000000000000e .LVL22
C:\Users\User\AppData\Local\Temp\ccuDGIXz.s:199    .text.GPIO_Init:000000000000001c .LVL25
C:\Users\User\AppData\Local\Temp\ccuDGIXz.s:204    .text.GPIO_Init:0000000000000020 .LVL26
C:\Users\User\AppData\Local\Temp\ccuDGIXz.s:209    .text.GPIO_Init:0000000000000024 .LVL27
C:\Users\User\AppData\Local\Temp\ccuDGIXz.s:214    .text.GPIO_Init:000000000000002c .LVL28
C:\Users\User\AppData\Local\Temp\ccuDGIXz.s:219    .text.GPIO_Init:0000000000000030 .LVL29
C:\Users\User\AppData\Local\Temp\ccuDGIXz.s:233    .text.GPIO_Init:000000000000003e .LVL32
C:\Users\User\AppData\Local\Temp\ccuDGIXz.s:266    .text.GPIO_Init:000000000000005e .LVL36
C:\Users\User\AppData\Local\Temp\ccuDGIXz.s:271    .text.GPIO_Init:0000000000000062 .LVL37
C:\Users\User\AppData\Local\Temp\ccuDGIXz.s:289    .text.GPIO_Init:0000000000000074 .LVL39
C:\Users\User\AppData\Local\Temp\ccuDGIXz.s:301    .text.GPIO_Init:0000000000000080 .LVL42
C:\Users\User\AppData\Local\Temp\ccuDGIXz.s:334    .text.GPIO_Init:00000000000000a4 .LVL46
C:\Users\User\AppData\Local\Temp\ccuDGIXz.s:339    .text.GPIO_Init:00000000000000a8 .LVL47
C:\Users\User\AppData\Local\Temp\ccuDGIXz.s:358    .text.GPIO_Init:00000000000000b8 .LVL49
C:\Users\User\AppData\Local\Temp\ccuDGIXz.s:371    .text.GPIO_Init:00000000000000c8 .LVL52
C:\Users\User\AppData\Local\Temp\ccuDGIXz.s:377    .text.GPIO_Init:00000000000000ce .LVL53
C:\Users\User\AppData\Local\Temp\ccuDGIXz.s:381    .text.GPIO_Init:00000000000000d0 .LVL54
C:\Users\User\AppData\Local\Temp\ccuDGIXz.s:390    .text.GPIO_Init:00000000000000d8 .LVL55
C:\Users\User\AppData\Local\Temp\ccuDGIXz.s:239    .text.GPIO_Init:0000000000000044 .LVL33
C:\Users\User\AppData\Local\Temp\ccuDGIXz.s:248    .text.GPIO_Init:000000000000004c .LVL34
C:\Users\User\AppData\Local\Temp\ccuDGIXz.s:307    .text.GPIO_Init:0000000000000086 .LVL43
C:\Users\User\AppData\Local\Temp\ccuDGIXz.s:316    .text.GPIO_Init:0000000000000090 .LVL44
C:\Users\User\AppData\Local\Temp\ccuDGIXz.s:327    .text.GPIO_Init:000000000000009c .LVL45
C:\Users\User\AppData\Local\Temp\ccuDGIXz.s:229    .text.GPIO_Init:000000000000003c .LVL31
C:\Users\User\AppData\Local\Temp\ccuDGIXz.s:275    .text.GPIO_Init:0000000000000066 .LVL38
C:\Users\User\AppData\Local\Temp\ccuDGIXz.s:297    .text.GPIO_Init:000000000000007e .LVL41
C:\Users\User\AppData\Local\Temp\ccuDGIXz.s:343    .text.GPIO_Init:00000000000000ac .LVL48
C:\Users\User\AppData\Local\Temp\ccuDGIXz.s:367    .text.GPIO_Init:00000000000000c6 .LVL51
C:\Users\User\AppData\Local\Temp\ccuDGIXz.s:186    .text.GPIO_Init:0000000000000012 .LVL23
C:\Users\User\AppData\Local\Temp\ccuDGIXz.s:189    .text.GPIO_Init:0000000000000016 .LVL24
C:\Users\User\AppData\Local\Temp\ccuDGIXz.s:294    .text.GPIO_Init:000000000000007c .LVL40
C:\Users\User\AppData\Local\Temp\ccuDGIXz.s:364    .text.GPIO_Init:00000000000000c4 .LVL50
C:\Users\User\AppData\Local\Temp\ccuDGIXz.s:19     .text.GPIO_DeInit:0000000000000000 .LVL0
C:\Users\User\AppData\Local\Temp\ccuDGIXz.s:31     .text.GPIO_DeInit:0000000000000018 .LVL1
C:\Users\User\AppData\Local\Temp\ccuDGIXz.s:47     .text.GPIO_DeInit:0000000000000034 .LVL4
C:\Users\User\AppData\Local\Temp\ccuDGIXz.s:57     .text.GPIO_DeInit:0000000000000040 .LVL5
C:\Users\User\AppData\Local\Temp\ccuDGIXz.s:64     .text.GPIO_DeInit:000000000000004e .LVL7
C:\Users\User\AppData\Local\Temp\ccuDGIXz.s:72     .text.GPIO_DeInit:0000000000000056 .LVL8
C:\Users\User\AppData\Local\Temp\ccuDGIXz.s:79     .text.GPIO_DeInit:0000000000000064 .LVL10
C:\Users\User\AppData\Local\Temp\ccuDGIXz.s:88     .text.GPIO_DeInit:0000000000000072 .LVL11
C:\Users\User\AppData\Local\Temp\ccuDGIXz.s:95     .text.GPIO_DeInit:0000000000000082 .LVL13
C:\Users\User\AppData\Local\Temp\ccuDGIXz.s:105    .text.GPIO_DeInit:0000000000000094 .LVL14
C:\Users\User\AppData\Local\Temp\ccuDGIXz.s:112    .text.GPIO_DeInit:00000000000000a4 .LVL16
C:\Users\User\AppData\Local\Temp\ccuDGIXz.s:121    .text.GPIO_DeInit:00000000000000b2 .LVL17
C:\Users\User\AppData\Local\Temp\ccuDGIXz.s:1631   .debug_info:0000000000000000 .Ldebug_info0

UNDEFINED SYMBOLS
__riscv_save_0
RCC_HB2PeriphResetCmd
__riscv_restore_0
__riscv_save_2
RCC_HB2PeriphClockCmd
FLASH_BOOT_GetMode
RCC_HB1PeriphClockCmd
__riscv_restore_2
