   1              		.file	"ch32h417_rcc.c"
   2              		.option nopic
   3              		.attribute arch, "rv32i2p0_m2p0_a2p0_c2p0_zba1p0_zbb1p0_zbc1p0_zbs1p0_xw"
   4              		.attribute unaligned_access, 0
   5              		.attribute stack_align, 16
   6              		.text
   7              	.Ltext0:
   8              		.cfi_sections	.debug_frame
   9              		.file 0 "c:\\Users\\User\\Documents\\GitHub\\ch32h417\\EVT\\EXAM\\USBFS\\DEVICE\\SimulateCDC\\V3F\
  10              		.section	.text.RCC_DeInit,"ax",@progbits
  11              		.align	1
  12              		.globl	RCC_DeInit
  14              	RCC_DeInit:
  15              	.LFB40:
  16              		.file 1 "c:/Users/User/Documents/GitHub/ch32h417/EVT/EXAM/SRC/Peripheral/src/ch32h417_rcc.c"
   1:c:/Users/User/Documents/GitHub/ch32h417/EVT/EXAM/SRC/Peripheral/src\ch32h417_rcc.c **** /********************************** (C) COPYRIGHT *******************************
   2:c:/Users/User/Documents/GitHub/ch32h417/EVT/EXAM/SRC/Peripheral/src\ch32h417_rcc.c **** * File Name          : ch32h417_rcc.c
   3:c:/Users/User/Documents/GitHub/ch32h417/EVT/EXAM/SRC/Peripheral/src\ch32h417_rcc.c **** * Author             : WCH
   4:c:/Users/User/Documents/GitHub/ch32h417/EVT/EXAM/SRC/Peripheral/src\ch32h417_rcc.c **** * Version            : V1.0.3
   5:c:/Users/User/Documents/GitHub/ch32h417/EVT/EXAM/SRC/Peripheral/src\ch32h417_rcc.c **** * Date               : 2026/03/17
   6:c:/Users/User/Documents/GitHub/ch32h417/EVT/EXAM/SRC/Peripheral/src\ch32h417_rcc.c **** * Description        : This file provides all the RCC firmware functions.
   7:c:/Users/User/Documents/GitHub/ch32h417/EVT/EXAM/SRC/Peripheral/src\ch32h417_rcc.c **** *********************************************************************************
   8:c:/Users/User/Documents/GitHub/ch32h417/EVT/EXAM/SRC/Peripheral/src\ch32h417_rcc.c **** * Copyright (c) 2025 Nanjing Qinheng Microelectronics Co., Ltd.
   9:c:/Users/User/Documents/GitHub/ch32h417/EVT/EXAM/SRC/Peripheral/src\ch32h417_rcc.c **** * Attention: This software (modified or not) and binary are used for 
  10:c:/Users/User/Documents/GitHub/ch32h417/EVT/EXAM/SRC/Peripheral/src\ch32h417_rcc.c **** * microcontroller manufactured by Nanjing Qinheng Microelectronics.
  11:c:/Users/User/Documents/GitHub/ch32h417/EVT/EXAM/SRC/Peripheral/src\ch32h417_rcc.c **** *******************************************************************************/
  12:c:/Users/User/Documents/GitHub/ch32h417/EVT/EXAM/SRC/Peripheral/src\ch32h417_rcc.c **** #include "ch32h417_rcc.h"
  13:c:/Users/User/Documents/GitHub/ch32h417/EVT/EXAM/SRC/Peripheral/src\ch32h417_rcc.c **** 
  14:c:/Users/User/Documents/GitHub/ch32h417/EVT/EXAM/SRC/Peripheral/src\ch32h417_rcc.c **** /* RCC registers bit mask */
  15:c:/Users/User/Documents/GitHub/ch32h417/EVT/EXAM/SRC/Peripheral/src\ch32h417_rcc.c **** 
  16:c:/Users/User/Documents/GitHub/ch32h417/EVT/EXAM/SRC/Peripheral/src\ch32h417_rcc.c **** /* CTLR register bit mask */
  17:c:/Users/User/Documents/GitHub/ch32h417/EVT/EXAM/SRC/Peripheral/src\ch32h417_rcc.c **** #define CTLR_HSEBYP_Reset          ((uint32_t)0xFFFBFFFF)
  18:c:/Users/User/Documents/GitHub/ch32h417/EVT/EXAM/SRC/Peripheral/src\ch32h417_rcc.c **** #define CTLR_HSEBYP_Set            ((uint32_t)0x00040000)
  19:c:/Users/User/Documents/GitHub/ch32h417/EVT/EXAM/SRC/Peripheral/src\ch32h417_rcc.c **** #define CTLR_HSEON_Reset           ((uint32_t)0xFFFEFFFF)
  20:c:/Users/User/Documents/GitHub/ch32h417/EVT/EXAM/SRC/Peripheral/src\ch32h417_rcc.c **** #define CTLR_HSEON_Set             ((uint32_t)0x00010000)
  21:c:/Users/User/Documents/GitHub/ch32h417/EVT/EXAM/SRC/Peripheral/src\ch32h417_rcc.c **** #define CTLR_HSITRIM_Mask          ((uint32_t)0xFFFFFF07)
  22:c:/Users/User/Documents/GitHub/ch32h417/EVT/EXAM/SRC/Peripheral/src\ch32h417_rcc.c **** 
  23:c:/Users/User/Documents/GitHub/ch32h417/EVT/EXAM/SRC/Peripheral/src\ch32h417_rcc.c **** /* CFGR0 register bit mask */
  24:c:/Users/User/Documents/GitHub/ch32h417/EVT/EXAM/SRC/Peripheral/src\ch32h417_rcc.c **** #define CFGR0_SWS_Mask             ((uint32_t)0x0000000C)
  25:c:/Users/User/Documents/GitHub/ch32h417/EVT/EXAM/SRC/Peripheral/src\ch32h417_rcc.c **** #define CFGR0_SW_Mask              ((uint32_t)0xFFFFFFFC)
  26:c:/Users/User/Documents/GitHub/ch32h417/EVT/EXAM/SRC/Peripheral/src\ch32h417_rcc.c **** #define CFGR0_HPRE_Set_Mask        ((uint32_t)0x000000F0)
  27:c:/Users/User/Documents/GitHub/ch32h417/EVT/EXAM/SRC/Peripheral/src\ch32h417_rcc.c **** 
  28:c:/Users/User/Documents/GitHub/ch32h417/EVT/EXAM/SRC/Peripheral/src\ch32h417_rcc.c **** /* RSTSCKR register bit mask */
  29:c:/Users/User/Documents/GitHub/ch32h417/EVT/EXAM/SRC/Peripheral/src\ch32h417_rcc.c **** #define RSTSCKR_RMVF_Set           ((uint32_t)0x01000000)
  30:c:/Users/User/Documents/GitHub/ch32h417/EVT/EXAM/SRC/Peripheral/src\ch32h417_rcc.c **** 
  31:c:/Users/User/Documents/GitHub/ch32h417/EVT/EXAM/SRC/Peripheral/src\ch32h417_rcc.c **** /* RCC Flag Mask */
  32:c:/Users/User/Documents/GitHub/ch32h417/EVT/EXAM/SRC/Peripheral/src\ch32h417_rcc.c **** #define FLAG_Mask                  ((uint8_t)0x1F)
  33:c:/Users/User/Documents/GitHub/ch32h417/EVT/EXAM/SRC/Peripheral/src\ch32h417_rcc.c **** 
  34:c:/Users/User/Documents/GitHub/ch32h417/EVT/EXAM/SRC/Peripheral/src\ch32h417_rcc.c **** static __I uint8_t PLLMULTable[32] = {4,6,7,8,17,9,19,10,21,11,23,12,25,13,14,15,16,17,18,19,20,22,
  35:c:/Users/User/Documents/GitHub/ch32h417/EVT/EXAM/SRC/Peripheral/src\ch32h417_rcc.c **** static __I uint8_t HBPrescTable[16] = {0, 0, 0, 0, 0, 0, 0, 0, 1, 2, 3, 4, 6, 7, 8, 9};
  36:c:/Users/User/Documents/GitHub/ch32h417/EVT/EXAM/SRC/Peripheral/src\ch32h417_rcc.c **** static __I uint8_t SERDESPLLMULTable[16] = {25, 28, 30, 32, 35, 38, 40, 45, 50, 56, 60, 64, 70, 76,
  37:c:/Users/User/Documents/GitHub/ch32h417/EVT/EXAM/SRC/Peripheral/src\ch32h417_rcc.c **** static __I uint8_t FPRETable[4] = {0, 1, 2, 2};
  38:c:/Users/User/Documents/GitHub/ch32h417/EVT/EXAM/SRC/Peripheral/src\ch32h417_rcc.c **** static __I uint8_t PPRE2Table[8] = {0, 0, 0, 0, 1, 2, 3, 4};
  39:c:/Users/User/Documents/GitHub/ch32h417/EVT/EXAM/SRC/Peripheral/src\ch32h417_rcc.c **** static __I uint8_t ADCPRETable[4] = {2, 4, 6, 8};
  40:c:/Users/User/Documents/GitHub/ch32h417/EVT/EXAM/SRC/Peripheral/src\ch32h417_rcc.c **** 
  41:c:/Users/User/Documents/GitHub/ch32h417/EVT/EXAM/SRC/Peripheral/src\ch32h417_rcc.c **** /*********************************************************************
  42:c:/Users/User/Documents/GitHub/ch32h417/EVT/EXAM/SRC/Peripheral/src\ch32h417_rcc.c ****  * @fn      RCC_DeInit
  43:c:/Users/User/Documents/GitHub/ch32h417/EVT/EXAM/SRC/Peripheral/src\ch32h417_rcc.c ****  *
  44:c:/Users/User/Documents/GitHub/ch32h417/EVT/EXAM/SRC/Peripheral/src\ch32h417_rcc.c ****  * @brief   Resets the RCC clock configuration to the default reset state.
  45:c:/Users/User/Documents/GitHub/ch32h417/EVT/EXAM/SRC/Peripheral/src\ch32h417_rcc.c ****  *        Note-
  46:c:/Users/User/Documents/GitHub/ch32h417/EVT/EXAM/SRC/Peripheral/src\ch32h417_rcc.c ****  *          HSE can not be stopped if it is used directly or through the PLL as system clock.
  47:c:/Users/User/Documents/GitHub/ch32h417/EVT/EXAM/SRC/Peripheral/src\ch32h417_rcc.c ****  *
  48:c:/Users/User/Documents/GitHub/ch32h417/EVT/EXAM/SRC/Peripheral/src\ch32h417_rcc.c ****  * @return  none
  49:c:/Users/User/Documents/GitHub/ch32h417/EVT/EXAM/SRC/Peripheral/src\ch32h417_rcc.c ****  */
  50:c:/Users/User/Documents/GitHub/ch32h417/EVT/EXAM/SRC/Peripheral/src\ch32h417_rcc.c **** void RCC_DeInit(void)
  51:c:/Users/User/Documents/GitHub/ch32h417/EVT/EXAM/SRC/Peripheral/src\ch32h417_rcc.c **** {
  17              		.loc 1 51 1
  18              		.cfi_startproc
  52:c:/Users/User/Documents/GitHub/ch32h417/EVT/EXAM/SRC/Peripheral/src\ch32h417_rcc.c ****     RCC->CTLR |= (uint32_t)0x00000001;
  19              		.loc 1 52 5
  20              		.loc 1 52 8 is_stmt 0
  21 0000 B7170240 		li	a5,1073876992
  22 0004 9843     		lw	a4,0(a5)
  53:c:/Users/User/Documents/GitHub/ch32h417/EVT/EXAM/SRC/Peripheral/src\ch32h417_rcc.c ****     RCC->CFGR0 &= (uint32_t)0x305C0000;
  23              		.loc 1 53 16
  24 0006 B7065C30 		li	a3,811335680
  52:c:/Users/User/Documents/GitHub/ch32h417/EVT/EXAM/SRC/Peripheral/src\ch32h417_rcc.c ****     RCC->CTLR |= (uint32_t)0x00000001;
  25              		.loc 1 52 15
  26 000a 13671700 		ori	a4,a4,1
  27 000e 98C3     		sw	a4,0(a5)
  28              		.loc 1 53 5 is_stmt 1
  29              		.loc 1 53 8 is_stmt 0
  30 0010 D843     		lw	a4,4(a5)
  31              		.loc 1 53 16
  32 0012 758F     		and	a4,a4,a3
  33 0014 D8C3     		sw	a4,4(a5)
  54:c:/Users/User/Documents/GitHub/ch32h417/EVT/EXAM/SRC/Peripheral/src\ch32h417_rcc.c ****     while ((RCC->CFGR0 & (uint32_t)RCC_SWS) != (uint32_t)0x00)
  34              		.loc 1 54 5 is_stmt 1
  35              		.loc 1 54 16 is_stmt 0
  36 0016 37170240 		li	a4,1073876992
  37              	.L2:
  55:c:/Users/User/Documents/GitHub/ch32h417/EVT/EXAM/SRC/Peripheral/src\ch32h417_rcc.c ****     {
  56:c:/Users/User/Documents/GitHub/ch32h417/EVT/EXAM/SRC/Peripheral/src\ch32h417_rcc.c ****     }
  38              		.loc 1 56 5 is_stmt 1 discriminator 1
  54:c:/Users/User/Documents/GitHub/ch32h417/EVT/EXAM/SRC/Peripheral/src\ch32h417_rcc.c ****     while ((RCC->CFGR0 & (uint32_t)RCC_SWS) != (uint32_t)0x00)
  39              		.loc 1 54 45 discriminator 1
  54:c:/Users/User/Documents/GitHub/ch32h417/EVT/EXAM/SRC/Peripheral/src\ch32h417_rcc.c ****     while ((RCC->CFGR0 & (uint32_t)RCC_SWS) != (uint32_t)0x00)
  40              		.loc 1 54 16 is_stmt 0 discriminator 1
  41 001a 5C43     		lw	a5,4(a4)
  54:c:/Users/User/Documents/GitHub/ch32h417/EVT/EXAM/SRC/Peripheral/src\ch32h417_rcc.c ****     while ((RCC->CFGR0 & (uint32_t)RCC_SWS) != (uint32_t)0x00)
  42              		.loc 1 54 24 discriminator 1
  43 001c B18B     		andi	a5,a5,12
  54:c:/Users/User/Documents/GitHub/ch32h417/EVT/EXAM/SRC/Peripheral/src\ch32h417_rcc.c ****     while ((RCC->CFGR0 & (uint32_t)RCC_SWS) != (uint32_t)0x00)
  44              		.loc 1 54 45 discriminator 1
  45 001e F5FF     		bne	a5,zero,.L2
  57:c:/Users/User/Documents/GitHub/ch32h417/EVT/EXAM/SRC/Peripheral/src\ch32h417_rcc.c ****     RCC->CFGR0 &= (uint32_t)0xFFBFFFFF;
  46              		.loc 1 57 5 is_stmt 1
  47              		.loc 1 57 8 is_stmt 0
  48 0020 B7170240 		li	a5,1073876992
  49 0024 D443     		lw	a3,4(a5)
  58:c:/Users/User/Documents/GitHub/ch32h417/EVT/EXAM/SRC/Peripheral/src\ch32h417_rcc.c **** 
  59:c:/Users/User/Documents/GitHub/ch32h417/EVT/EXAM/SRC/Peripheral/src\ch32h417_rcc.c ****     RCC->PLLCFGR &= (uint32_t)0x7FFFFFFF;
  60:c:/Users/User/Documents/GitHub/ch32h417/EVT/EXAM/SRC/Peripheral/src\ch32h417_rcc.c **** 
  61:c:/Users/User/Documents/GitHub/ch32h417/EVT/EXAM/SRC/Peripheral/src\ch32h417_rcc.c ****     RCC->CTLR &= (uint32_t)0x6AA6FFFF;
  50              		.loc 1 61 15
  51 0026 3706A76A 		li	a2,1789329408
  52 002a 7D16     		addi	a2,a2,-1
  57:c:/Users/User/Documents/GitHub/ch32h417/EVT/EXAM/SRC/Peripheral/src\ch32h417_rcc.c ****     RCC->CFGR0 &= (uint32_t)0xFFBFFFFF;
  53              		.loc 1 57 16
  54 002c 93966649 		bclri	a3,a3,22
  55 0030 D4C3     		sw	a3,4(a5)
  59:c:/Users/User/Documents/GitHub/ch32h417/EVT/EXAM/SRC/Peripheral/src\ch32h417_rcc.c **** 
  56              		.loc 1 59 5 is_stmt 1
  59:c:/Users/User/Documents/GitHub/ch32h417/EVT/EXAM/SRC/Peripheral/src\ch32h417_rcc.c **** 
  57              		.loc 1 59 8 is_stmt 0
  58 0032 9447     		lw	a3,8(a5)
  59:c:/Users/User/Documents/GitHub/ch32h417/EVT/EXAM/SRC/Peripheral/src\ch32h417_rcc.c **** 
  59              		.loc 1 59 18
  60 0034 9396F649 		bclri	a3,a3,31
  61 0038 94C7     		sw	a3,8(a5)
  62              		.loc 1 61 5 is_stmt 1
  63              		.loc 1 61 8 is_stmt 0
  64 003a 1443     		lw	a3,0(a4)
  65              		.loc 1 61 15
  66 003c F18E     		and	a3,a3,a2
  67 003e 14C3     		sw	a3,0(a4)
  62:c:/Users/User/Documents/GitHub/ch32h417/EVT/EXAM/SRC/Peripheral/src\ch32h417_rcc.c ****     RCC->CTLR &= (uint32_t)0xFFFBFFFF;
  68              		.loc 1 62 5 is_stmt 1
  69              		.loc 1 62 8 is_stmt 0
  70 0040 1443     		lw	a3,0(a4)
  71              		.loc 1 62 15
  72 0042 93962649 		bclri	a3,a3,18
  73 0046 14C3     		sw	a3,0(a4)
  63:c:/Users/User/Documents/GitHub/ch32h417/EVT/EXAM/SRC/Peripheral/src\ch32h417_rcc.c **** 
  64:c:/Users/User/Documents/GitHub/ch32h417/EVT/EXAM/SRC/Peripheral/src\ch32h417_rcc.c ****     
  65:c:/Users/User/Documents/GitHub/ch32h417/EVT/EXAM/SRC/Peripheral/src\ch32h417_rcc.c ****     RCC->PLLCFGR &= (uint32_t)0x0FFFC000;
  74              		.loc 1 65 5 is_stmt 1
  75              		.loc 1 65 8 is_stmt 0
  76 0048 9847     		lw	a4,8(a5)
  77              		.loc 1 65 18
  78 004a B7C6FF0F 		li	a3,268419072
  79 004e 758F     		and	a4,a4,a3
  80 0050 98C7     		sw	a4,8(a5)
  66:c:/Users/User/Documents/GitHub/ch32h417/EVT/EXAM/SRC/Peripheral/src\ch32h417_rcc.c ****     RCC->PLLCFGR |= (uint32_t)0x00000004;
  81              		.loc 1 66 5 is_stmt 1
  82              		.loc 1 66 8 is_stmt 0
  83 0052 9847     		lw	a4,8(a5)
  67:c:/Users/User/Documents/GitHub/ch32h417/EVT/EXAM/SRC/Peripheral/src\ch32h417_rcc.c **** 
  68:c:/Users/User/Documents/GitHub/ch32h417/EVT/EXAM/SRC/Peripheral/src\ch32h417_rcc.c ****     RCC->INTR = 0x00FF0000;
  69:c:/Users/User/Documents/GitHub/ch32h417/EVT/EXAM/SRC/Peripheral/src\ch32h417_rcc.c ****     RCC->CFGR2 &= 0x0C600000;
  84              		.loc 1 69 16
  85 0054 B706600C 		li	a3,207618048
  66:c:/Users/User/Documents/GitHub/ch32h417/EVT/EXAM/SRC/Peripheral/src\ch32h417_rcc.c ****     RCC->PLLCFGR |= (uint32_t)0x00000004;
  86              		.loc 1 66 18
  87 0058 13674700 		ori	a4,a4,4
  88 005c 98C7     		sw	a4,8(a5)
  68:c:/Users/User/Documents/GitHub/ch32h417/EVT/EXAM/SRC/Peripheral/src\ch32h417_rcc.c ****     RCC->CFGR2 &= 0x0C600000;
  89              		.loc 1 68 5 is_stmt 1
  68:c:/Users/User/Documents/GitHub/ch32h417/EVT/EXAM/SRC/Peripheral/src\ch32h417_rcc.c ****     RCC->CFGR2 &= 0x0C600000;
  90              		.loc 1 68 15 is_stmt 0
  91 005e 3707FF00 		li	a4,16711680
  92 0062 D8C7     		sw	a4,12(a5)
  93              		.loc 1 69 5 is_stmt 1
  94              		.loc 1 69 8 is_stmt 0
  95 0064 985B     		lw	a4,48(a5)
  96              		.loc 1 69 16
  97 0066 758F     		and	a4,a4,a3
  98 0068 98DB     		sw	a4,48(a5)
  70:c:/Users/User/Documents/GitHub/ch32h417/EVT/EXAM/SRC/Peripheral/src\ch32h417_rcc.c ****     RCC->PLLCFGR2 &= 0xFFF0E080;
  99              		.loc 1 70 5 is_stmt 1
 100              		.loc 1 70 8 is_stmt 0
 101 006a D85B     		lw	a4,52(a5)
 102              		.loc 1 70 19
 103 006c B7E6F0FF 		li	a3,-991232
 104 0070 93860608 		addi	a3,a3,128
 105 0074 758F     		and	a4,a4,a3
 106 0076 D8DB     		sw	a4,52(a5)
  71:c:/Users/User/Documents/GitHub/ch32h417/EVT/EXAM/SRC/Peripheral/src\ch32h417_rcc.c ****     RCC->PLLCFGR2 |= 0x00080020;
 107              		.loc 1 71 5 is_stmt 1
 108              		.loc 1 71 8 is_stmt 0
 109 0078 D85B     		lw	a4,52(a5)
 110              		.loc 1 71 19
 111 007a B7060800 		li	a3,524288
 112 007e 93860602 		addi	a3,a3,32
 113 0082 558F     		or	a4,a4,a3
 114 0084 D8DB     		sw	a4,52(a5)
  72:c:/Users/User/Documents/GitHub/ch32h417/EVT/EXAM/SRC/Peripheral/src\ch32h417_rcc.c **** }
 115              		.loc 1 72 1
 116 0086 8280     		ret
 117              		.cfi_endproc
 118              	.LFE40:
 120              		.section	.text.RCC_HSEConfig,"ax",@progbits
 121              		.align	1
 122              		.globl	RCC_HSEConfig
 124              	RCC_HSEConfig:
 125              	.LFB41:
  73:c:/Users/User/Documents/GitHub/ch32h417/EVT/EXAM/SRC/Peripheral/src\ch32h417_rcc.c **** 
  74:c:/Users/User/Documents/GitHub/ch32h417/EVT/EXAM/SRC/Peripheral/src\ch32h417_rcc.c **** /*********************************************************************
  75:c:/Users/User/Documents/GitHub/ch32h417/EVT/EXAM/SRC/Peripheral/src\ch32h417_rcc.c ****  * @fn      RCC_HSEConfig
  76:c:/Users/User/Documents/GitHub/ch32h417/EVT/EXAM/SRC/Peripheral/src\ch32h417_rcc.c ****  *
  77:c:/Users/User/Documents/GitHub/ch32h417/EVT/EXAM/SRC/Peripheral/src\ch32h417_rcc.c ****  * @brief   Configures the External High Speed oscillator (HSE).
  78:c:/Users/User/Documents/GitHub/ch32h417/EVT/EXAM/SRC/Peripheral/src\ch32h417_rcc.c ****  *
  79:c:/Users/User/Documents/GitHub/ch32h417/EVT/EXAM/SRC/Peripheral/src\ch32h417_rcc.c ****  * @param   RCC_HSE -
  80:c:/Users/User/Documents/GitHub/ch32h417/EVT/EXAM/SRC/Peripheral/src\ch32h417_rcc.c ****  *            RCC_HSE_OFF - HSE oscillator OFF.
  81:c:/Users/User/Documents/GitHub/ch32h417/EVT/EXAM/SRC/Peripheral/src\ch32h417_rcc.c ****  *            RCC_HSE_ON - HSE oscillator ON.
  82:c:/Users/User/Documents/GitHub/ch32h417/EVT/EXAM/SRC/Peripheral/src\ch32h417_rcc.c ****  *            RCC_HSE_Bypass - HSE oscillator bypassed with external clock.
  83:c:/Users/User/Documents/GitHub/ch32h417/EVT/EXAM/SRC/Peripheral/src\ch32h417_rcc.c ****  *          Note-
  84:c:/Users/User/Documents/GitHub/ch32h417/EVT/EXAM/SRC/Peripheral/src\ch32h417_rcc.c ****  *            HSE can not be stopped if it is used directly or through the PLL as system clock.
  85:c:/Users/User/Documents/GitHub/ch32h417/EVT/EXAM/SRC/Peripheral/src\ch32h417_rcc.c ****  * @return  none
  86:c:/Users/User/Documents/GitHub/ch32h417/EVT/EXAM/SRC/Peripheral/src\ch32h417_rcc.c ****  */
  87:c:/Users/User/Documents/GitHub/ch32h417/EVT/EXAM/SRC/Peripheral/src\ch32h417_rcc.c **** void RCC_HSEConfig(uint32_t RCC_HSE)
  88:c:/Users/User/Documents/GitHub/ch32h417/EVT/EXAM/SRC/Peripheral/src\ch32h417_rcc.c **** {
 126              		.loc 1 88 1 is_stmt 1
 127              		.cfi_startproc
 128              	.LVL0:
  89:c:/Users/User/Documents/GitHub/ch32h417/EVT/EXAM/SRC/Peripheral/src\ch32h417_rcc.c ****     RCC->CTLR &= CTLR_HSEON_Reset;
 129              		.loc 1 89 5
 130              		.loc 1 89 8 is_stmt 0
 131 0000 B7170240 		li	a5,1073876992
 132 0004 9843     		lw	a4,0(a5)
 133              		.loc 1 89 15
 134 0006 13170749 		bclri	a4,a4,16
 135 000a 98C3     		sw	a4,0(a5)
  90:c:/Users/User/Documents/GitHub/ch32h417/EVT/EXAM/SRC/Peripheral/src\ch32h417_rcc.c ****     RCC->CTLR &= CTLR_HSEBYP_Reset;
 136              		.loc 1 90 5 is_stmt 1
 137              		.loc 1 90 8 is_stmt 0
 138 000c 9843     		lw	a4,0(a5)
 139              		.loc 1 90 15
 140 000e 13172749 		bclri	a4,a4,18
 141 0012 98C3     		sw	a4,0(a5)
  91:c:/Users/User/Documents/GitHub/ch32h417/EVT/EXAM/SRC/Peripheral/src\ch32h417_rcc.c **** 
  92:c:/Users/User/Documents/GitHub/ch32h417/EVT/EXAM/SRC/Peripheral/src\ch32h417_rcc.c ****     switch(RCC_HSE)
 142              		.loc 1 92 5 is_stmt 1
 143 0014 4167     		li	a4,65536
 144 0016 6307E500 		beq	a0,a4,.L5
 145 001a 37070400 		li	a4,262144
 146 001e 6307E500 		beq	a0,a4,.L6
 147 0022 8280     		ret
 148              	.L5:
  93:c:/Users/User/Documents/GitHub/ch32h417/EVT/EXAM/SRC/Peripheral/src\ch32h417_rcc.c ****     {
  94:c:/Users/User/Documents/GitHub/ch32h417/EVT/EXAM/SRC/Peripheral/src\ch32h417_rcc.c ****         case RCC_HSE_ON:
  95:c:/Users/User/Documents/GitHub/ch32h417/EVT/EXAM/SRC/Peripheral/src\ch32h417_rcc.c ****             RCC->CTLR |= CTLR_HSEON_Set;
 149              		.loc 1 95 13
 150              		.loc 1 95 16 is_stmt 0
 151 0024 9843     		lw	a4,0(a5)
 152              		.loc 1 95 23
 153 0026 498F     		or	a4,a4,a0
 154              	.L8:
  96:c:/Users/User/Documents/GitHub/ch32h417/EVT/EXAM/SRC/Peripheral/src\ch32h417_rcc.c ****             break;
  97:c:/Users/User/Documents/GitHub/ch32h417/EVT/EXAM/SRC/Peripheral/src\ch32h417_rcc.c **** 
  98:c:/Users/User/Documents/GitHub/ch32h417/EVT/EXAM/SRC/Peripheral/src\ch32h417_rcc.c ****         case RCC_HSE_Bypass:
  99:c:/Users/User/Documents/GitHub/ch32h417/EVT/EXAM/SRC/Peripheral/src\ch32h417_rcc.c ****             RCC->CTLR |= CTLR_HSEBYP_Set | CTLR_HSEON_Set;
 155              		.loc 1 99 23
 156 0028 98C3     		sw	a4,0(a5)
 100:c:/Users/User/Documents/GitHub/ch32h417/EVT/EXAM/SRC/Peripheral/src\ch32h417_rcc.c ****             break;
 157              		.loc 1 100 13 is_stmt 1
 101:c:/Users/User/Documents/GitHub/ch32h417/EVT/EXAM/SRC/Peripheral/src\ch32h417_rcc.c **** 
 102:c:/Users/User/Documents/GitHub/ch32h417/EVT/EXAM/SRC/Peripheral/src\ch32h417_rcc.c ****         default:
 103:c:/Users/User/Documents/GitHub/ch32h417/EVT/EXAM/SRC/Peripheral/src\ch32h417_rcc.c ****             break;
 104:c:/Users/User/Documents/GitHub/ch32h417/EVT/EXAM/SRC/Peripheral/src\ch32h417_rcc.c ****     }
 105:c:/Users/User/Documents/GitHub/ch32h417/EVT/EXAM/SRC/Peripheral/src\ch32h417_rcc.c **** }
 158              		.loc 1 105 1 is_stmt 0
 159 002a 8280     		ret
 160              	.L6:
  99:c:/Users/User/Documents/GitHub/ch32h417/EVT/EXAM/SRC/Peripheral/src\ch32h417_rcc.c ****             break;
 161              		.loc 1 99 13 is_stmt 1
  99:c:/Users/User/Documents/GitHub/ch32h417/EVT/EXAM/SRC/Peripheral/src\ch32h417_rcc.c ****             break;
 162              		.loc 1 99 16 is_stmt 0
 163 002c 9843     		lw	a4,0(a5)
  99:c:/Users/User/Documents/GitHub/ch32h417/EVT/EXAM/SRC/Peripheral/src\ch32h417_rcc.c ****             break;
 164              		.loc 1 99 23
 165 002e B7060500 		li	a3,327680
 166 0032 558F     		or	a4,a4,a3
 167 0034 D5BF     		j	.L8
 168              		.cfi_endproc
 169              	.LFE41:
 171              		.section	.text.RCC_AdjustHSICalibrationValue,"ax",@progbits
 172              		.align	1
 173              		.globl	RCC_AdjustHSICalibrationValue
 175              	RCC_AdjustHSICalibrationValue:
 176              	.LFB43:
 106:c:/Users/User/Documents/GitHub/ch32h417/EVT/EXAM/SRC/Peripheral/src\ch32h417_rcc.c **** 
 107:c:/Users/User/Documents/GitHub/ch32h417/EVT/EXAM/SRC/Peripheral/src\ch32h417_rcc.c **** /*********************************************************************
 108:c:/Users/User/Documents/GitHub/ch32h417/EVT/EXAM/SRC/Peripheral/src\ch32h417_rcc.c ****  * @fn      RCC_WaitForHSEStartUp
 109:c:/Users/User/Documents/GitHub/ch32h417/EVT/EXAM/SRC/Peripheral/src\ch32h417_rcc.c ****  *
 110:c:/Users/User/Documents/GitHub/ch32h417/EVT/EXAM/SRC/Peripheral/src\ch32h417_rcc.c ****  * @brief   Waits for HSE start-up.
 111:c:/Users/User/Documents/GitHub/ch32h417/EVT/EXAM/SRC/Peripheral/src\ch32h417_rcc.c ****  *
 112:c:/Users/User/Documents/GitHub/ch32h417/EVT/EXAM/SRC/Peripheral/src\ch32h417_rcc.c ****  * @return  READY - HSE oscillator is stable and ready to use.
 113:c:/Users/User/Documents/GitHub/ch32h417/EVT/EXAM/SRC/Peripheral/src\ch32h417_rcc.c ****  *          NoREADY - HSE oscillator not yet ready.
 114:c:/Users/User/Documents/GitHub/ch32h417/EVT/EXAM/SRC/Peripheral/src\ch32h417_rcc.c ****  */
 115:c:/Users/User/Documents/GitHub/ch32h417/EVT/EXAM/SRC/Peripheral/src\ch32h417_rcc.c **** ErrorStatus RCC_WaitForHSEStartUp(void)
 116:c:/Users/User/Documents/GitHub/ch32h417/EVT/EXAM/SRC/Peripheral/src\ch32h417_rcc.c **** {
 117:c:/Users/User/Documents/GitHub/ch32h417/EVT/EXAM/SRC/Peripheral/src\ch32h417_rcc.c ****     __IO uint32_t StartUpCounter = 0;
 118:c:/Users/User/Documents/GitHub/ch32h417/EVT/EXAM/SRC/Peripheral/src\ch32h417_rcc.c **** 
 119:c:/Users/User/Documents/GitHub/ch32h417/EVT/EXAM/SRC/Peripheral/src\ch32h417_rcc.c ****     ErrorStatus status = NoREADY;
 120:c:/Users/User/Documents/GitHub/ch32h417/EVT/EXAM/SRC/Peripheral/src\ch32h417_rcc.c ****     FlagStatus  HSEStatus = RESET;
 121:c:/Users/User/Documents/GitHub/ch32h417/EVT/EXAM/SRC/Peripheral/src\ch32h417_rcc.c **** 
 122:c:/Users/User/Documents/GitHub/ch32h417/EVT/EXAM/SRC/Peripheral/src\ch32h417_rcc.c ****     do
 123:c:/Users/User/Documents/GitHub/ch32h417/EVT/EXAM/SRC/Peripheral/src\ch32h417_rcc.c ****     {
 124:c:/Users/User/Documents/GitHub/ch32h417/EVT/EXAM/SRC/Peripheral/src\ch32h417_rcc.c ****         HSEStatus = RCC_GetFlagStatus(RCC_FLAG_HSERDY);
 125:c:/Users/User/Documents/GitHub/ch32h417/EVT/EXAM/SRC/Peripheral/src\ch32h417_rcc.c ****         StartUpCounter++;
 126:c:/Users/User/Documents/GitHub/ch32h417/EVT/EXAM/SRC/Peripheral/src\ch32h417_rcc.c ****     } while((StartUpCounter != HSE_STARTUP_TIMEOUT) && (HSEStatus == RESET));
 127:c:/Users/User/Documents/GitHub/ch32h417/EVT/EXAM/SRC/Peripheral/src\ch32h417_rcc.c **** 
 128:c:/Users/User/Documents/GitHub/ch32h417/EVT/EXAM/SRC/Peripheral/src\ch32h417_rcc.c ****     if(RCC_GetFlagStatus(RCC_FLAG_HSERDY) != RESET)
 129:c:/Users/User/Documents/GitHub/ch32h417/EVT/EXAM/SRC/Peripheral/src\ch32h417_rcc.c ****     {
 130:c:/Users/User/Documents/GitHub/ch32h417/EVT/EXAM/SRC/Peripheral/src\ch32h417_rcc.c ****         status = READY;
 131:c:/Users/User/Documents/GitHub/ch32h417/EVT/EXAM/SRC/Peripheral/src\ch32h417_rcc.c ****     }
 132:c:/Users/User/Documents/GitHub/ch32h417/EVT/EXAM/SRC/Peripheral/src\ch32h417_rcc.c ****     else
 133:c:/Users/User/Documents/GitHub/ch32h417/EVT/EXAM/SRC/Peripheral/src\ch32h417_rcc.c ****     {
 134:c:/Users/User/Documents/GitHub/ch32h417/EVT/EXAM/SRC/Peripheral/src\ch32h417_rcc.c ****         status = NoREADY;
 135:c:/Users/User/Documents/GitHub/ch32h417/EVT/EXAM/SRC/Peripheral/src\ch32h417_rcc.c ****     }
 136:c:/Users/User/Documents/GitHub/ch32h417/EVT/EXAM/SRC/Peripheral/src\ch32h417_rcc.c **** 
 137:c:/Users/User/Documents/GitHub/ch32h417/EVT/EXAM/SRC/Peripheral/src\ch32h417_rcc.c ****     return (status);
 138:c:/Users/User/Documents/GitHub/ch32h417/EVT/EXAM/SRC/Peripheral/src\ch32h417_rcc.c **** }
 139:c:/Users/User/Documents/GitHub/ch32h417/EVT/EXAM/SRC/Peripheral/src\ch32h417_rcc.c **** 
 140:c:/Users/User/Documents/GitHub/ch32h417/EVT/EXAM/SRC/Peripheral/src\ch32h417_rcc.c **** /*********************************************************************
 141:c:/Users/User/Documents/GitHub/ch32h417/EVT/EXAM/SRC/Peripheral/src\ch32h417_rcc.c ****  * @fn      RCC_AdjustHSICalibrationValue
 142:c:/Users/User/Documents/GitHub/ch32h417/EVT/EXAM/SRC/Peripheral/src\ch32h417_rcc.c ****  *
 143:c:/Users/User/Documents/GitHub/ch32h417/EVT/EXAM/SRC/Peripheral/src\ch32h417_rcc.c ****  * @brief   Adjusts the Internal High Speed oscillator (HSI) calibration value.
 144:c:/Users/User/Documents/GitHub/ch32h417/EVT/EXAM/SRC/Peripheral/src\ch32h417_rcc.c ****  *
 145:c:/Users/User/Documents/GitHub/ch32h417/EVT/EXAM/SRC/Peripheral/src\ch32h417_rcc.c ****  * @param   HSICalibrationValue - specifies the calibration trimming value.
 146:c:/Users/User/Documents/GitHub/ch32h417/EVT/EXAM/SRC/Peripheral/src\ch32h417_rcc.c ****  *                    This parameter must be a number between 0 and 0x1F.
 147:c:/Users/User/Documents/GitHub/ch32h417/EVT/EXAM/SRC/Peripheral/src\ch32h417_rcc.c ****  *
 148:c:/Users/User/Documents/GitHub/ch32h417/EVT/EXAM/SRC/Peripheral/src\ch32h417_rcc.c ****  * @return  none
 149:c:/Users/User/Documents/GitHub/ch32h417/EVT/EXAM/SRC/Peripheral/src\ch32h417_rcc.c ****  */
 150:c:/Users/User/Documents/GitHub/ch32h417/EVT/EXAM/SRC/Peripheral/src\ch32h417_rcc.c **** void RCC_AdjustHSICalibrationValue(uint8_t HSICalibrationValue)
 151:c:/Users/User/Documents/GitHub/ch32h417/EVT/EXAM/SRC/Peripheral/src\ch32h417_rcc.c **** {
 177              		.loc 1 151 1 is_stmt 1
 178              		.cfi_startproc
 179              	.LVL1:
 152:c:/Users/User/Documents/GitHub/ch32h417/EVT/EXAM/SRC/Peripheral/src\ch32h417_rcc.c ****     uint32_t tmpreg = 0;
 180              		.loc 1 152 5
 153:c:/Users/User/Documents/GitHub/ch32h417/EVT/EXAM/SRC/Peripheral/src\ch32h417_rcc.c **** 
 154:c:/Users/User/Documents/GitHub/ch32h417/EVT/EXAM/SRC/Peripheral/src\ch32h417_rcc.c ****     tmpreg = RCC->CTLR;
 181              		.loc 1 154 5
 182              		.loc 1 154 12 is_stmt 0
 183 0000 37170240 		li	a4,1073876992
 184 0004 1C43     		lw	a5,0(a4)
 185              	.LVL2:
 155:c:/Users/User/Documents/GitHub/ch32h417/EVT/EXAM/SRC/Peripheral/src\ch32h417_rcc.c ****     tmpreg &= CTLR_HSITRIM_Mask;
 186              		.loc 1 155 5 is_stmt 1
 156:c:/Users/User/Documents/GitHub/ch32h417/EVT/EXAM/SRC/Peripheral/src\ch32h417_rcc.c ****     tmpreg |= (uint32_t)HSICalibrationValue << 3;
 187              		.loc 1 156 45 is_stmt 0
 188 0006 0E05     		slli	a0,a0,3
 189              	.LVL3:
 155:c:/Users/User/Documents/GitHub/ch32h417/EVT/EXAM/SRC/Peripheral/src\ch32h417_rcc.c ****     tmpreg &= CTLR_HSITRIM_Mask;
 190              		.loc 1 155 12
 191 0008 93F777F0 		andi	a5,a5,-249
 192              	.LVL4:
 193              		.loc 1 156 5 is_stmt 1
 194              		.loc 1 156 12 is_stmt 0
 195 000c 5D8D     		or	a0,a0,a5
 196              	.LVL5:
 157:c:/Users/User/Documents/GitHub/ch32h417/EVT/EXAM/SRC/Peripheral/src\ch32h417_rcc.c ****     RCC->CTLR = tmpreg;
 197              		.loc 1 157 5 is_stmt 1
 198              		.loc 1 157 15 is_stmt 0
 199 000e 08C3     		sw	a0,0(a4)
 158:c:/Users/User/Documents/GitHub/ch32h417/EVT/EXAM/SRC/Peripheral/src\ch32h417_rcc.c **** }
 200              		.loc 1 158 1
 201 0010 8280     		ret
 202              		.cfi_endproc
 203              	.LFE43:
 205              		.section	.text.RCC_HSICmd,"ax",@progbits
 206              		.align	1
 207              		.globl	RCC_HSICmd
 209              	RCC_HSICmd:
 210              	.LFB44:
 159:c:/Users/User/Documents/GitHub/ch32h417/EVT/EXAM/SRC/Peripheral/src\ch32h417_rcc.c **** 
 160:c:/Users/User/Documents/GitHub/ch32h417/EVT/EXAM/SRC/Peripheral/src\ch32h417_rcc.c **** /*********************************************************************
 161:c:/Users/User/Documents/GitHub/ch32h417/EVT/EXAM/SRC/Peripheral/src\ch32h417_rcc.c ****  * @fn      RCC_HSICmd
 162:c:/Users/User/Documents/GitHub/ch32h417/EVT/EXAM/SRC/Peripheral/src\ch32h417_rcc.c ****  *
 163:c:/Users/User/Documents/GitHub/ch32h417/EVT/EXAM/SRC/Peripheral/src\ch32h417_rcc.c ****  * @brief   Enables or disables the Internal High Speed oscillator (HSI).
 164:c:/Users/User/Documents/GitHub/ch32h417/EVT/EXAM/SRC/Peripheral/src\ch32h417_rcc.c ****  *
 165:c:/Users/User/Documents/GitHub/ch32h417/EVT/EXAM/SRC/Peripheral/src\ch32h417_rcc.c ****  * @param   NewState - ENABLE or DISABLE.
 166:c:/Users/User/Documents/GitHub/ch32h417/EVT/EXAM/SRC/Peripheral/src\ch32h417_rcc.c ****  *
 167:c:/Users/User/Documents/GitHub/ch32h417/EVT/EXAM/SRC/Peripheral/src\ch32h417_rcc.c ****  * @return  none
 168:c:/Users/User/Documents/GitHub/ch32h417/EVT/EXAM/SRC/Peripheral/src\ch32h417_rcc.c ****  */
 169:c:/Users/User/Documents/GitHub/ch32h417/EVT/EXAM/SRC/Peripheral/src\ch32h417_rcc.c **** void RCC_HSICmd(FunctionalState NewState)
 170:c:/Users/User/Documents/GitHub/ch32h417/EVT/EXAM/SRC/Peripheral/src\ch32h417_rcc.c **** {
 211              		.loc 1 170 1 is_stmt 1
 212              		.cfi_startproc
 213              	.LVL6:
 171:c:/Users/User/Documents/GitHub/ch32h417/EVT/EXAM/SRC/Peripheral/src\ch32h417_rcc.c ****     if(NewState)
 214              		.loc 1 171 5
 172:c:/Users/User/Documents/GitHub/ch32h417/EVT/EXAM/SRC/Peripheral/src\ch32h417_rcc.c ****     {
 173:c:/Users/User/Documents/GitHub/ch32h417/EVT/EXAM/SRC/Peripheral/src\ch32h417_rcc.c ****         RCC->CTLR |= (1 << 0);
 215              		.loc 1 173 12 is_stmt 0
 216 0000 37170240 		li	a4,1073876992
 217 0004 1C43     		lw	a5,0(a4)
 171:c:/Users/User/Documents/GitHub/ch32h417/EVT/EXAM/SRC/Peripheral/src\ch32h417_rcc.c ****     if(NewState)
 218              		.loc 1 171 7
 219 0006 09C5     		beq	a0,zero,.L11
 220              		.loc 1 173 9 is_stmt 1
 221              		.loc 1 173 19 is_stmt 0
 222 0008 93E71700 		ori	a5,a5,1
 223              	.L13:
 174:c:/Users/User/Documents/GitHub/ch32h417/EVT/EXAM/SRC/Peripheral/src\ch32h417_rcc.c ****     }
 175:c:/Users/User/Documents/GitHub/ch32h417/EVT/EXAM/SRC/Peripheral/src\ch32h417_rcc.c ****     else
 176:c:/Users/User/Documents/GitHub/ch32h417/EVT/EXAM/SRC/Peripheral/src\ch32h417_rcc.c ****     {
 177:c:/Users/User/Documents/GitHub/ch32h417/EVT/EXAM/SRC/Peripheral/src\ch32h417_rcc.c ****         RCC->CTLR &= ~(1 << 0);
 224              		.loc 1 177 19
 225 000c 1CC3     		sw	a5,0(a4)
 178:c:/Users/User/Documents/GitHub/ch32h417/EVT/EXAM/SRC/Peripheral/src\ch32h417_rcc.c ****     }
 179:c:/Users/User/Documents/GitHub/ch32h417/EVT/EXAM/SRC/Peripheral/src\ch32h417_rcc.c **** }
 226              		.loc 1 179 1
 227 000e 8280     		ret
 228              	.L11:
 177:c:/Users/User/Documents/GitHub/ch32h417/EVT/EXAM/SRC/Peripheral/src\ch32h417_rcc.c ****     }
 229              		.loc 1 177 9 is_stmt 1
 177:c:/Users/User/Documents/GitHub/ch32h417/EVT/EXAM/SRC/Peripheral/src\ch32h417_rcc.c ****     }
 230              		.loc 1 177 19 is_stmt 0
 231 0010 F99B     		andi	a5,a5,-2
 232 0012 EDBF     		j	.L13
 233              		.cfi_endproc
 234              	.LFE44:
 236              		.section	.text.RCC_PLLConfig,"ax",@progbits
 237              		.align	1
 238              		.globl	RCC_PLLConfig
 240              	RCC_PLLConfig:
 241              	.LFB45:
 180:c:/Users/User/Documents/GitHub/ch32h417/EVT/EXAM/SRC/Peripheral/src\ch32h417_rcc.c **** 
 181:c:/Users/User/Documents/GitHub/ch32h417/EVT/EXAM/SRC/Peripheral/src\ch32h417_rcc.c **** /*********************************************************************
 182:c:/Users/User/Documents/GitHub/ch32h417/EVT/EXAM/SRC/Peripheral/src\ch32h417_rcc.c ****  * @fn      RCC_PLLConfig
 183:c:/Users/User/Documents/GitHub/ch32h417/EVT/EXAM/SRC/Peripheral/src\ch32h417_rcc.c ****  *
 184:c:/Users/User/Documents/GitHub/ch32h417/EVT/EXAM/SRC/Peripheral/src\ch32h417_rcc.c ****  * @brief   Configures the PLL clock source and multiplication and divider factor.
 185:c:/Users/User/Documents/GitHub/ch32h417/EVT/EXAM/SRC/Peripheral/src\ch32h417_rcc.c ****  *
 186:c:/Users/User/Documents/GitHub/ch32h417/EVT/EXAM/SRC/Peripheral/src\ch32h417_rcc.c ****  * @param   RCC_PLLSource - specifies the PLL entry clock source.
 187:c:/Users/User/Documents/GitHub/ch32h417/EVT/EXAM/SRC/Peripheral/src\ch32h417_rcc.c ****  *            RCC_PLLSource_HSI - HSI clock selected as PLL clock entry.
 188:c:/Users/User/Documents/GitHub/ch32h417/EVT/EXAM/SRC/Peripheral/src\ch32h417_rcc.c ****  *            RCC_PLLSource_HSE - HSE clock selected as PLL clock entry.
 189:c:/Users/User/Documents/GitHub/ch32h417/EVT/EXAM/SRC/Peripheral/src\ch32h417_rcc.c ****  *            RCC_PLLSource_USBHS(480M) - USBHS clock selected as PLL clock entry.
 190:c:/Users/User/Documents/GitHub/ch32h417/EVT/EXAM/SRC/Peripheral/src\ch32h417_rcc.c ****  *            RCC_PLLSource_ETH(500MHz) - ETH clock selected as PLL clock entry.
 191:c:/Users/User/Documents/GitHub/ch32h417/EVT/EXAM/SRC/Peripheral/src\ch32h417_rcc.c ****  *            RCC_PLLSource_USBSS(125MHz) - USBSS clock selected as PLL clock entry.
 192:c:/Users/User/Documents/GitHub/ch32h417/EVT/EXAM/SRC/Peripheral/src\ch32h417_rcc.c ****  *            RCC_PLLSource_SERDES(500MHz) - SERDES clock selected as PLL clock entry.
 193:c:/Users/User/Documents/GitHub/ch32h417/EVT/EXAM/SRC/Peripheral/src\ch32h417_rcc.c ****  *
 194:c:/Users/User/Documents/GitHub/ch32h417/EVT/EXAM/SRC/Peripheral/src\ch32h417_rcc.c ****  *          RCC_PLLMul - specifies the PLL multiplication factor.
 195:c:/Users/User/Documents/GitHub/ch32h417/EVT/EXAM/SRC/Peripheral/src\ch32h417_rcc.c ****  *            This parameter can be RCC_PLLMul_x where x:[4,59].
 196:c:/Users/User/Documents/GitHub/ch32h417/EVT/EXAM/SRC/Peripheral/src\ch32h417_rcc.c ****  *          RCC_PLLDiv - specifies the PLL Division factor.
 197:c:/Users/User/Documents/GitHub/ch32h417/EVT/EXAM/SRC/Peripheral/src\ch32h417_rcc.c ****  *            This parameter can be RCC_PLLDiv_x where x:[1,64].
 198:c:/Users/User/Documents/GitHub/ch32h417/EVT/EXAM/SRC/Peripheral/src\ch32h417_rcc.c ****  *          Should close PLLON before use this function
 199:c:/Users/User/Documents/GitHub/ch32h417/EVT/EXAM/SRC/Peripheral/src\ch32h417_rcc.c ****  *
 200:c:/Users/User/Documents/GitHub/ch32h417/EVT/EXAM/SRC/Peripheral/src\ch32h417_rcc.c ****  * @return  none
 201:c:/Users/User/Documents/GitHub/ch32h417/EVT/EXAM/SRC/Peripheral/src\ch32h417_rcc.c ****  */
 202:c:/Users/User/Documents/GitHub/ch32h417/EVT/EXAM/SRC/Peripheral/src\ch32h417_rcc.c **** void RCC_PLLConfig(uint32_t RCC_PLLSource, uint32_t RCC_PLLDiv, uint32_t RCC_PLLMul)
 203:c:/Users/User/Documents/GitHub/ch32h417/EVT/EXAM/SRC/Peripheral/src\ch32h417_rcc.c **** {
 242              		.loc 1 203 1 is_stmt 1
 243              		.cfi_startproc
 244              	.LVL7:
 204:c:/Users/User/Documents/GitHub/ch32h417/EVT/EXAM/SRC/Peripheral/src\ch32h417_rcc.c ****     uint32_t tmpreg = 0;
 245              		.loc 1 204 5
 205:c:/Users/User/Documents/GitHub/ch32h417/EVT/EXAM/SRC/Peripheral/src\ch32h417_rcc.c **** 
 206:c:/Users/User/Documents/GitHub/ch32h417/EVT/EXAM/SRC/Peripheral/src\ch32h417_rcc.c ****     tmpreg = RCC->PLLCFGR;
 246              		.loc 1 206 5
 247              		.loc 1 206 12 is_stmt 0
 248 0000 37170240 		li	a4,1073876992
 249 0004 1C47     		lw	a5,8(a4)
 250              	.LVL8:
 207:c:/Users/User/Documents/GitHub/ch32h417/EVT/EXAM/SRC/Peripheral/src\ch32h417_rcc.c ****     tmpreg &= ~0x3FFF;
 251              		.loc 1 207 5 is_stmt 1
 208:c:/Users/User/Documents/GitHub/ch32h417/EVT/EXAM/SRC/Peripheral/src\ch32h417_rcc.c ****     tmpreg |= RCC_PLLSource | RCC_PLLDiv | RCC_PLLMul;
 252              		.loc 1 208 5
 207:c:/Users/User/Documents/GitHub/ch32h417/EVT/EXAM/SRC/Peripheral/src\ch32h417_rcc.c ****     tmpreg &= ~0x3FFF;
 253              		.loc 1 207 12 is_stmt 0
 254 0006 F176     		li	a3,-16384
 255 0008 F58F     		and	a5,a5,a3
 256              	.LVL9:
 257 000a D18F     		or	a5,a5,a2
 258              	.LVL10:
 259 000c CD8F     		or	a5,a5,a1
 260              		.loc 1 208 12
 261 000e 5D8D     		or	a0,a0,a5
 262              	.LVL11:
 209:c:/Users/User/Documents/GitHub/ch32h417/EVT/EXAM/SRC/Peripheral/src\ch32h417_rcc.c **** 
 210:c:/Users/User/Documents/GitHub/ch32h417/EVT/EXAM/SRC/Peripheral/src\ch32h417_rcc.c ****     RCC->PLLCFGR = tmpreg;
 263              		.loc 1 210 5 is_stmt 1
 264              		.loc 1 210 18 is_stmt 0
 265 0010 08C7     		sw	a0,8(a4)
 211:c:/Users/User/Documents/GitHub/ch32h417/EVT/EXAM/SRC/Peripheral/src\ch32h417_rcc.c **** }
 266              		.loc 1 211 1
 267 0012 8280     		ret
 268              		.cfi_endproc
 269              	.LFE45:
 271              		.section	.text.RCC_PLLCmd,"ax",@progbits
 272              		.align	1
 273              		.globl	RCC_PLLCmd
 275              	RCC_PLLCmd:
 276              	.LFB46:
 212:c:/Users/User/Documents/GitHub/ch32h417/EVT/EXAM/SRC/Peripheral/src\ch32h417_rcc.c **** 
 213:c:/Users/User/Documents/GitHub/ch32h417/EVT/EXAM/SRC/Peripheral/src\ch32h417_rcc.c **** /*********************************************************************
 214:c:/Users/User/Documents/GitHub/ch32h417/EVT/EXAM/SRC/Peripheral/src\ch32h417_rcc.c ****  * @fn      RCC_PLLCmd
 215:c:/Users/User/Documents/GitHub/ch32h417/EVT/EXAM/SRC/Peripheral/src\ch32h417_rcc.c ****  *
 216:c:/Users/User/Documents/GitHub/ch32h417/EVT/EXAM/SRC/Peripheral/src\ch32h417_rcc.c ****  * @brief   Enables or disables the PLL.
 217:c:/Users/User/Documents/GitHub/ch32h417/EVT/EXAM/SRC/Peripheral/src\ch32h417_rcc.c ****  *          Note-The PLL can not be disabled if it is used as system clock.
 218:c:/Users/User/Documents/GitHub/ch32h417/EVT/EXAM/SRC/Peripheral/src\ch32h417_rcc.c ****  *          
 219:c:/Users/User/Documents/GitHub/ch32h417/EVT/EXAM/SRC/Peripheral/src\ch32h417_rcc.c ****  * @param   NewState - ENABLE or DISABLE.
 220:c:/Users/User/Documents/GitHub/ch32h417/EVT/EXAM/SRC/Peripheral/src\ch32h417_rcc.c ****  *
 221:c:/Users/User/Documents/GitHub/ch32h417/EVT/EXAM/SRC/Peripheral/src\ch32h417_rcc.c ****  * @return  none
 222:c:/Users/User/Documents/GitHub/ch32h417/EVT/EXAM/SRC/Peripheral/src\ch32h417_rcc.c ****  */
 223:c:/Users/User/Documents/GitHub/ch32h417/EVT/EXAM/SRC/Peripheral/src\ch32h417_rcc.c **** void RCC_PLLCmd(FunctionalState NewState)
 224:c:/Users/User/Documents/GitHub/ch32h417/EVT/EXAM/SRC/Peripheral/src\ch32h417_rcc.c **** {
 277              		.loc 1 224 1 is_stmt 1
 278              		.cfi_startproc
 279              	.LVL12:
 225:c:/Users/User/Documents/GitHub/ch32h417/EVT/EXAM/SRC/Peripheral/src\ch32h417_rcc.c ****     if(NewState)
 280              		.loc 1 225 5
 226:c:/Users/User/Documents/GitHub/ch32h417/EVT/EXAM/SRC/Peripheral/src\ch32h417_rcc.c ****     {
 227:c:/Users/User/Documents/GitHub/ch32h417/EVT/EXAM/SRC/Peripheral/src\ch32h417_rcc.c ****         RCC->CTLR |= (1 << 24);
 281              		.loc 1 227 12 is_stmt 0
 282 0000 37170240 		li	a4,1073876992
 283 0004 1C43     		lw	a5,0(a4)
 225:c:/Users/User/Documents/GitHub/ch32h417/EVT/EXAM/SRC/Peripheral/src\ch32h417_rcc.c ****     if(NewState)
 284              		.loc 1 225 7
 285 0006 09C5     		beq	a0,zero,.L16
 286              		.loc 1 227 9 is_stmt 1
 287              		.loc 1 227 19 is_stmt 0
 288 0008 93978729 		bseti	a5,a5,24
 289              	.L18:
 228:c:/Users/User/Documents/GitHub/ch32h417/EVT/EXAM/SRC/Peripheral/src\ch32h417_rcc.c ****     }
 229:c:/Users/User/Documents/GitHub/ch32h417/EVT/EXAM/SRC/Peripheral/src\ch32h417_rcc.c ****     else
 230:c:/Users/User/Documents/GitHub/ch32h417/EVT/EXAM/SRC/Peripheral/src\ch32h417_rcc.c ****     {
 231:c:/Users/User/Documents/GitHub/ch32h417/EVT/EXAM/SRC/Peripheral/src\ch32h417_rcc.c ****         RCC->CTLR &= ~(1 << 24);
 290              		.loc 1 231 19
 291 000c 1CC3     		sw	a5,0(a4)
 232:c:/Users/User/Documents/GitHub/ch32h417/EVT/EXAM/SRC/Peripheral/src\ch32h417_rcc.c ****     }
 233:c:/Users/User/Documents/GitHub/ch32h417/EVT/EXAM/SRC/Peripheral/src\ch32h417_rcc.c **** }
 292              		.loc 1 233 1
 293 000e 8280     		ret
 294              	.L16:
 231:c:/Users/User/Documents/GitHub/ch32h417/EVT/EXAM/SRC/Peripheral/src\ch32h417_rcc.c ****     }
 295              		.loc 1 231 9 is_stmt 1
 231:c:/Users/User/Documents/GitHub/ch32h417/EVT/EXAM/SRC/Peripheral/src\ch32h417_rcc.c ****     }
 296              		.loc 1 231 19 is_stmt 0
 297 0010 93978749 		bclri	a5,a5,24
 298 0014 E5BF     		j	.L18
 299              		.cfi_endproc
 300              	.LFE46:
 302              		.section	.text.RCC_SYSCLKConfig,"ax",@progbits
 303              		.align	1
 304              		.globl	RCC_SYSCLKConfig
 306              	RCC_SYSCLKConfig:
 307              	.LFB47:
 234:c:/Users/User/Documents/GitHub/ch32h417/EVT/EXAM/SRC/Peripheral/src\ch32h417_rcc.c **** 
 235:c:/Users/User/Documents/GitHub/ch32h417/EVT/EXAM/SRC/Peripheral/src\ch32h417_rcc.c **** /*********************************************************************
 236:c:/Users/User/Documents/GitHub/ch32h417/EVT/EXAM/SRC/Peripheral/src\ch32h417_rcc.c ****  * @fn      RCC_SYSCLKConfig
 237:c:/Users/User/Documents/GitHub/ch32h417/EVT/EXAM/SRC/Peripheral/src\ch32h417_rcc.c ****  *
 238:c:/Users/User/Documents/GitHub/ch32h417/EVT/EXAM/SRC/Peripheral/src\ch32h417_rcc.c ****  * @brief   Configures the system clock (SYSCLK).
 239:c:/Users/User/Documents/GitHub/ch32h417/EVT/EXAM/SRC/Peripheral/src\ch32h417_rcc.c ****  *
 240:c:/Users/User/Documents/GitHub/ch32h417/EVT/EXAM/SRC/Peripheral/src\ch32h417_rcc.c ****  * @param   RCC_SYSCLKSource - specifies the clock source used as system clock.
 241:c:/Users/User/Documents/GitHub/ch32h417/EVT/EXAM/SRC/Peripheral/src\ch32h417_rcc.c ****  *            RCC_SYSCLKSource_HSI - HSI selected as system clock.
 242:c:/Users/User/Documents/GitHub/ch32h417/EVT/EXAM/SRC/Peripheral/src\ch32h417_rcc.c ****  *            RCC_SYSCLKSource_HSE - HSE selected as system clock.
 243:c:/Users/User/Documents/GitHub/ch32h417/EVT/EXAM/SRC/Peripheral/src\ch32h417_rcc.c ****  *            RCC_SYSCLKSource_PLLCLK - PLL selected as system clock.
 244:c:/Users/User/Documents/GitHub/ch32h417/EVT/EXAM/SRC/Peripheral/src\ch32h417_rcc.c ****  *
 245:c:/Users/User/Documents/GitHub/ch32h417/EVT/EXAM/SRC/Peripheral/src\ch32h417_rcc.c ****  * @return  none
 246:c:/Users/User/Documents/GitHub/ch32h417/EVT/EXAM/SRC/Peripheral/src\ch32h417_rcc.c ****  */
 247:c:/Users/User/Documents/GitHub/ch32h417/EVT/EXAM/SRC/Peripheral/src\ch32h417_rcc.c **** void RCC_SYSCLKConfig(uint32_t RCC_SYSCLKSource)
 248:c:/Users/User/Documents/GitHub/ch32h417/EVT/EXAM/SRC/Peripheral/src\ch32h417_rcc.c **** {
 308              		.loc 1 248 1 is_stmt 1
 309              		.cfi_startproc
 310              	.LVL13:
 249:c:/Users/User/Documents/GitHub/ch32h417/EVT/EXAM/SRC/Peripheral/src\ch32h417_rcc.c ****     uint32_t tmpreg = 0;
 311              		.loc 1 249 5
 250:c:/Users/User/Documents/GitHub/ch32h417/EVT/EXAM/SRC/Peripheral/src\ch32h417_rcc.c **** 
 251:c:/Users/User/Documents/GitHub/ch32h417/EVT/EXAM/SRC/Peripheral/src\ch32h417_rcc.c ****     tmpreg = RCC->CFGR0;
 312              		.loc 1 251 5
 313              		.loc 1 251 12 is_stmt 0
 314 0000 37170240 		li	a4,1073876992
 315 0004 5C43     		lw	a5,4(a4)
 316              	.LVL14:
 252:c:/Users/User/Documents/GitHub/ch32h417/EVT/EXAM/SRC/Peripheral/src\ch32h417_rcc.c ****     tmpreg &= CFGR0_SW_Mask;
 317              		.loc 1 252 5 is_stmt 1
 318              		.loc 1 252 12 is_stmt 0
 319 0006 F19B     		andi	a5,a5,-4
 320              	.LVL15:
 253:c:/Users/User/Documents/GitHub/ch32h417/EVT/EXAM/SRC/Peripheral/src\ch32h417_rcc.c ****     tmpreg |= RCC_SYSCLKSource;
 321              		.loc 1 253 5 is_stmt 1
 322              		.loc 1 253 12 is_stmt 0
 323 0008 C98F     		or	a5,a5,a0
 324              	.LVL16:
 254:c:/Users/User/Documents/GitHub/ch32h417/EVT/EXAM/SRC/Peripheral/src\ch32h417_rcc.c ****     RCC->CFGR0 = tmpreg;
 325              		.loc 1 254 5 is_stmt 1
 326              		.loc 1 254 16 is_stmt 0
 327 000a 5CC3     		sw	a5,4(a4)
 255:c:/Users/User/Documents/GitHub/ch32h417/EVT/EXAM/SRC/Peripheral/src\ch32h417_rcc.c **** }
 328              		.loc 1 255 1
 329 000c 8280     		ret
 330              		.cfi_endproc
 331              	.LFE47:
 333              		.section	.text.RCC_GetSYSCLKSource,"ax",@progbits
 334              		.align	1
 335              		.globl	RCC_GetSYSCLKSource
 337              	RCC_GetSYSCLKSource:
 338              	.LFB48:
 256:c:/Users/User/Documents/GitHub/ch32h417/EVT/EXAM/SRC/Peripheral/src\ch32h417_rcc.c **** 
 257:c:/Users/User/Documents/GitHub/ch32h417/EVT/EXAM/SRC/Peripheral/src\ch32h417_rcc.c **** /*********************************************************************
 258:c:/Users/User/Documents/GitHub/ch32h417/EVT/EXAM/SRC/Peripheral/src\ch32h417_rcc.c ****  * @fn      RCC_GetSYSCLKSource
 259:c:/Users/User/Documents/GitHub/ch32h417/EVT/EXAM/SRC/Peripheral/src\ch32h417_rcc.c ****  *
 260:c:/Users/User/Documents/GitHub/ch32h417/EVT/EXAM/SRC/Peripheral/src\ch32h417_rcc.c ****  * @brief   Returns the clock source used as system clock.
 261:c:/Users/User/Documents/GitHub/ch32h417/EVT/EXAM/SRC/Peripheral/src\ch32h417_rcc.c ****  *
 262:c:/Users/User/Documents/GitHub/ch32h417/EVT/EXAM/SRC/Peripheral/src\ch32h417_rcc.c ****  * @return  0x00 - HSI used as system clock.
 263:c:/Users/User/Documents/GitHub/ch32h417/EVT/EXAM/SRC/Peripheral/src\ch32h417_rcc.c ****  *          0x04 - HSE used as system clock.
 264:c:/Users/User/Documents/GitHub/ch32h417/EVT/EXAM/SRC/Peripheral/src\ch32h417_rcc.c ****  *          0x08 - PLL used as system clock.
 265:c:/Users/User/Documents/GitHub/ch32h417/EVT/EXAM/SRC/Peripheral/src\ch32h417_rcc.c ****  */
 266:c:/Users/User/Documents/GitHub/ch32h417/EVT/EXAM/SRC/Peripheral/src\ch32h417_rcc.c **** uint8_t RCC_GetSYSCLKSource(void)
 267:c:/Users/User/Documents/GitHub/ch32h417/EVT/EXAM/SRC/Peripheral/src\ch32h417_rcc.c **** {
 339              		.loc 1 267 1 is_stmt 1
 340              		.cfi_startproc
 268:c:/Users/User/Documents/GitHub/ch32h417/EVT/EXAM/SRC/Peripheral/src\ch32h417_rcc.c ****     return ((uint8_t)(RCC->CFGR0 & CFGR0_SWS_Mask));
 341              		.loc 1 268 5
 342              		.loc 1 268 26 is_stmt 0
 343 0000 B7170240 		li	a5,1073876992
 344 0004 C843     		lw	a0,4(a5)
 269:c:/Users/User/Documents/GitHub/ch32h417/EVT/EXAM/SRC/Peripheral/src\ch32h417_rcc.c **** }
 345              		.loc 1 269 1
 346 0006 3189     		andi	a0,a0,12
 347 0008 8280     		ret
 348              		.cfi_endproc
 349              	.LFE48:
 351              		.section	.text.RCC_HCLKSourceDivConfig,"ax",@progbits
 352              		.align	1
 353              		.globl	RCC_HCLKSourceDivConfig
 355              	RCC_HCLKSourceDivConfig:
 356              	.LFB49:
 270:c:/Users/User/Documents/GitHub/ch32h417/EVT/EXAM/SRC/Peripheral/src\ch32h417_rcc.c **** 
 271:c:/Users/User/Documents/GitHub/ch32h417/EVT/EXAM/SRC/Peripheral/src\ch32h417_rcc.c **** /*********************************************************************
 272:c:/Users/User/Documents/GitHub/ch32h417/EVT/EXAM/SRC/Peripheral/src\ch32h417_rcc.c ****  * @fn      RCC_HCLKSourceDivConfig
 273:c:/Users/User/Documents/GitHub/ch32h417/EVT/EXAM/SRC/Peripheral/src\ch32h417_rcc.c ****  *
 274:c:/Users/User/Documents/GitHub/ch32h417/EVT/EXAM/SRC/Peripheral/src\ch32h417_rcc.c ****  * @brief   Configures the HCLK clock .
 275:c:/Users/User/Documents/GitHub/ch32h417/EVT/EXAM/SRC/Peripheral/src\ch32h417_rcc.c ****  *
 276:c:/Users/User/Documents/GitHub/ch32h417/EVT/EXAM/SRC/Peripheral/src\ch32h417_rcc.c ****  * @param   RCC_SYSCLK - defines the HB clock divider. This clock is derived from
 277:c:/Users/User/Documents/GitHub/ch32h417/EVT/EXAM/SRC/Peripheral/src\ch32h417_rcc.c ****  *        the system clock (SYSCLK).
 278:c:/Users/User/Documents/GitHub/ch32h417/EVT/EXAM/SRC/Peripheral/src\ch32h417_rcc.c ****  *            RCC_SYSCLK_Div1 - Core1 clock = SYSCLK.
 279:c:/Users/User/Documents/GitHub/ch32h417/EVT/EXAM/SRC/Peripheral/src\ch32h417_rcc.c ****  *            RCC_SYSCLK_Div2 - Core1 clock = SYSCLK/2.
 280:c:/Users/User/Documents/GitHub/ch32h417/EVT/EXAM/SRC/Peripheral/src\ch32h417_rcc.c ****  *            RCC_SYSCLK_Div4 - Core1 clock = SYSCLK/4.
 281:c:/Users/User/Documents/GitHub/ch32h417/EVT/EXAM/SRC/Peripheral/src\ch32h417_rcc.c ****  *            RCC_SYSCLK_Div8 - Core1 clock = SYSCLK/8.
 282:c:/Users/User/Documents/GitHub/ch32h417/EVT/EXAM/SRC/Peripheral/src\ch32h417_rcc.c ****  *            RCC_SYSCLK_Div16 - Core1 clock = SYSCLK/16.
 283:c:/Users/User/Documents/GitHub/ch32h417/EVT/EXAM/SRC/Peripheral/src\ch32h417_rcc.c ****  *            RCC_SYSCLK_Div64 - Core1  clock = SYSCLK/64.
 284:c:/Users/User/Documents/GitHub/ch32h417/EVT/EXAM/SRC/Peripheral/src\ch32h417_rcc.c ****  *            RCC_SYSCLK_Div128 - Core1  clock = SYSCLK/128.
 285:c:/Users/User/Documents/GitHub/ch32h417/EVT/EXAM/SRC/Peripheral/src\ch32h417_rcc.c ****  *            RCC_SYSCLK_Div256 - Core1  clock = SYSCLK/256.
 286:c:/Users/User/Documents/GitHub/ch32h417/EVT/EXAM/SRC/Peripheral/src\ch32h417_rcc.c ****  *            RCC_SYSCLK_Div512 - Core1  clock = SYSCLK/512.
 287:c:/Users/User/Documents/GitHub/ch32h417/EVT/EXAM/SRC/Peripheral/src\ch32h417_rcc.c ****  *          RCC_SYSCLKFPRE - defines the FPRE clock divider. This clock is derived from
 288:c:/Users/User/Documents/GitHub/ch32h417/EVT/EXAM/SRC/Peripheral/src\ch32h417_rcc.c ****  *        the Core1 clock.
 289:c:/Users/User/Documents/GitHub/ch32h417/EVT/EXAM/SRC/Peripheral/src\ch32h417_rcc.c ****  *            RCC_SYSCLKFPRE_Div1 - HCLK clock = Core1 clock/1.
 290:c:/Users/User/Documents/GitHub/ch32h417/EVT/EXAM/SRC/Peripheral/src\ch32h417_rcc.c ****  *            RCC_SYSCLKFPRE_Div2 - HCLK clock = Core1 clock/2.
 291:c:/Users/User/Documents/GitHub/ch32h417/EVT/EXAM/SRC/Peripheral/src\ch32h417_rcc.c ****  *            RCC_SYSCLKFPRE_Div4 - HCLK clock = Core1 clock/4.
 292:c:/Users/User/Documents/GitHub/ch32h417/EVT/EXAM/SRC/Peripheral/src\ch32h417_rcc.c ****  *
 293:c:/Users/User/Documents/GitHub/ch32h417/EVT/EXAM/SRC/Peripheral/src\ch32h417_rcc.c ****  * @return  none
 294:c:/Users/User/Documents/GitHub/ch32h417/EVT/EXAM/SRC/Peripheral/src\ch32h417_rcc.c ****  */
 295:c:/Users/User/Documents/GitHub/ch32h417/EVT/EXAM/SRC/Peripheral/src\ch32h417_rcc.c **** void RCC_HCLKSourceDivConfig(uint32_t RCC_SYSCLK, uint32_t RCC_SYSCLKFPRE)
 296:c:/Users/User/Documents/GitHub/ch32h417/EVT/EXAM/SRC/Peripheral/src\ch32h417_rcc.c **** {
 357              		.loc 1 296 1 is_stmt 1
 358              		.cfi_startproc
 359              	.LVL17:
 297:c:/Users/User/Documents/GitHub/ch32h417/EVT/EXAM/SRC/Peripheral/src\ch32h417_rcc.c ****     uint32_t tmpreg = 0;
 360              		.loc 1 297 5
 298:c:/Users/User/Documents/GitHub/ch32h417/EVT/EXAM/SRC/Peripheral/src\ch32h417_rcc.c **** 
 299:c:/Users/User/Documents/GitHub/ch32h417/EVT/EXAM/SRC/Peripheral/src\ch32h417_rcc.c ****     tmpreg = RCC->CFGR0;
 361              		.loc 1 299 5
 362              		.loc 1 299 12 is_stmt 0
 363 0000 B7160240 		li	a3,1073876992
 364 0004 DC42     		lw	a5,4(a3)
 365              	.LVL18:
 300:c:/Users/User/Documents/GitHub/ch32h417/EVT/EXAM/SRC/Peripheral/src\ch32h417_rcc.c ****     tmpreg &= ~(RCC_HPRE | RCC_FPRE);
 366              		.loc 1 300 5 is_stmt 1
 301:c:/Users/User/Documents/GitHub/ch32h417/EVT/EXAM/SRC/Peripheral/src\ch32h417_rcc.c ****     tmpreg |= RCC_SYSCLK | RCC_SYSCLKFPRE;
 367              		.loc 1 301 5
 300:c:/Users/User/Documents/GitHub/ch32h417/EVT/EXAM/SRC/Peripheral/src\ch32h417_rcc.c ****     tmpreg &= ~(RCC_HPRE | RCC_FPRE);
 368              		.loc 1 300 12 is_stmt 0
 369 0006 3707FDFF 		li	a4,-196608
 370 000a 1307F7F0 		addi	a4,a4,-241
 371 000e F98F     		and	a5,a5,a4
 372              	.LVL19:
 373 0010 CD8F     		or	a5,a5,a1
 374              		.loc 1 301 12
 375 0012 5D8D     		or	a0,a0,a5
 376              	.LVL20:
 302:c:/Users/User/Documents/GitHub/ch32h417/EVT/EXAM/SRC/Peripheral/src\ch32h417_rcc.c ****     RCC->CFGR0 = tmpreg;
 377              		.loc 1 302 5 is_stmt 1
 378              		.loc 1 302 16 is_stmt 0
 379 0014 C8C2     		sw	a0,4(a3)
 303:c:/Users/User/Documents/GitHub/ch32h417/EVT/EXAM/SRC/Peripheral/src\ch32h417_rcc.c **** }
 380              		.loc 1 303 1
 381 0016 8280     		ret
 382              		.cfi_endproc
 383              	.LFE49:
 385              		.section	.text.RCC_ITConfig,"ax",@progbits
 386              		.align	1
 387              		.globl	RCC_ITConfig
 389              	RCC_ITConfig:
 390              	.LFB50:
 304:c:/Users/User/Documents/GitHub/ch32h417/EVT/EXAM/SRC/Peripheral/src\ch32h417_rcc.c **** 
 305:c:/Users/User/Documents/GitHub/ch32h417/EVT/EXAM/SRC/Peripheral/src\ch32h417_rcc.c **** /*********************************************************************
 306:c:/Users/User/Documents/GitHub/ch32h417/EVT/EXAM/SRC/Peripheral/src\ch32h417_rcc.c ****  * @fn      RCC_ITConfig
 307:c:/Users/User/Documents/GitHub/ch32h417/EVT/EXAM/SRC/Peripheral/src\ch32h417_rcc.c ****  *
 308:c:/Users/User/Documents/GitHub/ch32h417/EVT/EXAM/SRC/Peripheral/src\ch32h417_rcc.c ****  * @brief   Enables or disables the specified RCC interrupts.
 309:c:/Users/User/Documents/GitHub/ch32h417/EVT/EXAM/SRC/Peripheral/src\ch32h417_rcc.c ****  *
 310:c:/Users/User/Documents/GitHub/ch32h417/EVT/EXAM/SRC/Peripheral/src\ch32h417_rcc.c ****  * @param   RCC_IT - specifies the RCC interrupt sources to be enabled or disabled.
 311:c:/Users/User/Documents/GitHub/ch32h417/EVT/EXAM/SRC/Peripheral/src\ch32h417_rcc.c ****  *            RCC_IT_LSIRDY - LSI ready interrupt.
 312:c:/Users/User/Documents/GitHub/ch32h417/EVT/EXAM/SRC/Peripheral/src\ch32h417_rcc.c ****  *            RCC_IT_LSERDY - LSE ready interrupt.
 313:c:/Users/User/Documents/GitHub/ch32h417/EVT/EXAM/SRC/Peripheral/src\ch32h417_rcc.c ****  *            RCC_IT_HSIRDY - HSI ready interrupt.
 314:c:/Users/User/Documents/GitHub/ch32h417/EVT/EXAM/SRC/Peripheral/src\ch32h417_rcc.c ****  *            RCC_IT_HSERDY - HSE ready interrupt.
 315:c:/Users/User/Documents/GitHub/ch32h417/EVT/EXAM/SRC/Peripheral/src\ch32h417_rcc.c ****  *            RCC_IT_PLLRDY - PLL ready interrupt.
 316:c:/Users/User/Documents/GitHub/ch32h417/EVT/EXAM/SRC/Peripheral/src\ch32h417_rcc.c ****  *            RCC_IT_ETHPLLRDY - ETH PLL ready interrupt.
 317:c:/Users/User/Documents/GitHub/ch32h417/EVT/EXAM/SRC/Peripheral/src\ch32h417_rcc.c ****  *            RCC_IT_SERDESPLLRDY - SERDES PLL ready interrupt.
 318:c:/Users/User/Documents/GitHub/ch32h417/EVT/EXAM/SRC/Peripheral/src\ch32h417_rcc.c ****  *          NewState - ENABLE or DISABLE.
 319:c:/Users/User/Documents/GitHub/ch32h417/EVT/EXAM/SRC/Peripheral/src\ch32h417_rcc.c ****  *
 320:c:/Users/User/Documents/GitHub/ch32h417/EVT/EXAM/SRC/Peripheral/src\ch32h417_rcc.c ****  * @return  none
 321:c:/Users/User/Documents/GitHub/ch32h417/EVT/EXAM/SRC/Peripheral/src\ch32h417_rcc.c ****  */
 322:c:/Users/User/Documents/GitHub/ch32h417/EVT/EXAM/SRC/Peripheral/src\ch32h417_rcc.c **** void RCC_ITConfig(uint8_t RCC_IT, FunctionalState NewState)
 323:c:/Users/User/Documents/GitHub/ch32h417/EVT/EXAM/SRC/Peripheral/src\ch32h417_rcc.c **** {
 391              		.loc 1 323 1 is_stmt 1
 392              		.cfi_startproc
 393              	.LVL21:
 324:c:/Users/User/Documents/GitHub/ch32h417/EVT/EXAM/SRC/Peripheral/src\ch32h417_rcc.c ****     if(NewState != DISABLE)
 394              		.loc 1 324 5
 395              		.loc 1 324 7 is_stmt 0
 396 0000 99C5     		beq	a1,zero,.L23
 325:c:/Users/User/Documents/GitHub/ch32h417/EVT/EXAM/SRC/Peripheral/src\ch32h417_rcc.c ****     {
 326:c:/Users/User/Documents/GitHub/ch32h417/EVT/EXAM/SRC/Peripheral/src\ch32h417_rcc.c ****         *(__IO uint8_t *)0x4002100D |= RCC_IT;
 397              		.loc 1 326 9 is_stmt 1
 398 0002 37170240 		li	a4,1073876992
 399 0006 5C37     		lbu	a5,13(a4)
 400              		.loc 1 326 37 is_stmt 0
 401 0008 C98F     		or	a5,a5,a0
 402 000a 5CB7     		sb	a5,13(a4)
 403 000c 8280     		ret
 404              	.L23:
 327:c:/Users/User/Documents/GitHub/ch32h417/EVT/EXAM/SRC/Peripheral/src\ch32h417_rcc.c ****     }
 328:c:/Users/User/Documents/GitHub/ch32h417/EVT/EXAM/SRC/Peripheral/src\ch32h417_rcc.c ****     else
 329:c:/Users/User/Documents/GitHub/ch32h417/EVT/EXAM/SRC/Peripheral/src\ch32h417_rcc.c ****     {
 330:c:/Users/User/Documents/GitHub/ch32h417/EVT/EXAM/SRC/Peripheral/src\ch32h417_rcc.c ****         *(__IO uint8_t *)0x4002100D &= (uint8_t)~RCC_IT;
 405              		.loc 1 330 9 is_stmt 1
 406 000e B7170240 		li	a5,1073876992
 407 0012 D837     		lbu	a4,13(a5)
 408              		.loc 1 330 37 is_stmt 0
 409 0014 3375A740 		andn	a0,a4,a0
 410              	.LVL22:
 411 0018 C8B7     		sb	a0,13(a5)
 331:c:/Users/User/Documents/GitHub/ch32h417/EVT/EXAM/SRC/Peripheral/src\ch32h417_rcc.c ****     }
 332:c:/Users/User/Documents/GitHub/ch32h417/EVT/EXAM/SRC/Peripheral/src\ch32h417_rcc.c **** }
 412              		.loc 1 332 1
 413 001a 8280     		ret
 414              		.cfi_endproc
 415              	.LFE50:
 417              		.section	.text.RCC_ADCUSBHSPLLCLKAsSourceConfig,"ax",@progbits
 418              		.align	1
 419              		.globl	RCC_ADCUSBHSPLLCLKAsSourceConfig
 421              	RCC_ADCUSBHSPLLCLKAsSourceConfig:
 422              	.LFB51:
 333:c:/Users/User/Documents/GitHub/ch32h417/EVT/EXAM/SRC/Peripheral/src\ch32h417_rcc.c **** 
 334:c:/Users/User/Documents/GitHub/ch32h417/EVT/EXAM/SRC/Peripheral/src\ch32h417_rcc.c **** /*********************************************************************
 335:c:/Users/User/Documents/GitHub/ch32h417/EVT/EXAM/SRC/Peripheral/src\ch32h417_rcc.c ****  * @fn      RCC_ADCUSBHSPLLCLKAsSourceConfig
 336:c:/Users/User/Documents/GitHub/ch32h417/EVT/EXAM/SRC/Peripheral/src\ch32h417_rcc.c ****  *
 337:c:/Users/User/Documents/GitHub/ch32h417/EVT/EXAM/SRC/Peripheral/src\ch32h417_rcc.c ****  * @brief   Configures the ADC clock (ADCCLK), the PLL clock source is USBHSPLL(480MHz).
 338:c:/Users/User/Documents/GitHub/ch32h417/EVT/EXAM/SRC/Peripheral/src\ch32h417_rcc.c ****  *
 339:c:/Users/User/Documents/GitHub/ch32h417/EVT/EXAM/SRC/Peripheral/src\ch32h417_rcc.c ****  * @param   RCC_PPRE - defines the ADC clock divider. This clock is derived from
 340:c:/Users/User/Documents/GitHub/ch32h417/EVT/EXAM/SRC/Peripheral/src\ch32h417_rcc.c ****  *        the USBHS_PLL_CLK clock .
 341:c:/Users/User/Documents/GitHub/ch32h417/EVT/EXAM/SRC/Peripheral/src\ch32h417_rcc.c ****  *          RCC_USBHS_Div5 - ADC clock = USBHS_PLL_CLK/5.
 342:c:/Users/User/Documents/GitHub/ch32h417/EVT/EXAM/SRC/Peripheral/src\ch32h417_rcc.c ****  *          RCC_USBHS_Div6 - ADC clock = USBHS_PLL_CLK/6.
 343:c:/Users/User/Documents/GitHub/ch32h417/EVT/EXAM/SRC/Peripheral/src\ch32h417_rcc.c ****  *          RCC_USBHS_Div7 - ADC clock = USBHS_PLL_CLK/7.
 344:c:/Users/User/Documents/GitHub/ch32h417/EVT/EXAM/SRC/Peripheral/src\ch32h417_rcc.c ****  *          RCC_USBHS_Div8 - ADC clock = USBHS_PLL_CLK/8.
 345:c:/Users/User/Documents/GitHub/ch32h417/EVT/EXAM/SRC/Peripheral/src\ch32h417_rcc.c ****  *          RCC_USBHS_Div9 - ADC clock = USBHS_PLL_CLK/9.
 346:c:/Users/User/Documents/GitHub/ch32h417/EVT/EXAM/SRC/Peripheral/src\ch32h417_rcc.c ****  *          RCC_USBHS_Div10 - ADC clock = USBHS_PLL_CLK/10. (When using TIM 1,8,9,10 ，this parame
 347:c:/Users/User/Documents/GitHub/ch32h417/EVT/EXAM/SRC/Peripheral/src\ch32h417_rcc.c ****  *          RCC_USBHS_Div11 - ADC clock = USBHS_PLL_CLK/11. (When using TIM 1,8,9,10 ，this parame
 348:c:/Users/User/Documents/GitHub/ch32h417/EVT/EXAM/SRC/Peripheral/src\ch32h417_rcc.c ****  *          RCC_USBHS_Div12 - ADC clock = USBHS_PLL_CLK/12. (When using TIM 1,8,9,10 ，this parame
 349:c:/Users/User/Documents/GitHub/ch32h417/EVT/EXAM/SRC/Peripheral/src\ch32h417_rcc.c ****  *          RCC_USBHS_Div13 - ADC clock = USBHS_PLL_CLK/13.
 350:c:/Users/User/Documents/GitHub/ch32h417/EVT/EXAM/SRC/Peripheral/src\ch32h417_rcc.c ****  *          RCC_USBHS_Div14 - ADC clock = USBHS_PLL_CLK/14.
 351:c:/Users/User/Documents/GitHub/ch32h417/EVT/EXAM/SRC/Peripheral/src\ch32h417_rcc.c ****  *          RCC_USBHS_Div15 - ADC clock = USBHS_PLL_CLK/15.
 352:c:/Users/User/Documents/GitHub/ch32h417/EVT/EXAM/SRC/Peripheral/src\ch32h417_rcc.c ****  *          RCC_USBHS_Div16 - ADC clock = USBHS_PLL_CLK/16.
 353:c:/Users/User/Documents/GitHub/ch32h417/EVT/EXAM/SRC/Peripheral/src\ch32h417_rcc.c ****  *          RCC_USBHS_Div17 - ADC clock = USBHS_PLL_CLK/17.
 354:c:/Users/User/Documents/GitHub/ch32h417/EVT/EXAM/SRC/Peripheral/src\ch32h417_rcc.c ****  *          RCC_USBHS_Div18 - ADC clock = USBHS_PLL_CLK/18. (When using TIM 1,8,9,10 ，this parame
 355:c:/Users/User/Documents/GitHub/ch32h417/EVT/EXAM/SRC/Peripheral/src\ch32h417_rcc.c ****  *          RCC_USBHS_Div19 - ADC clock = USBHS_PLL_CLK/19. (When using TIM 1,8,9,10 ，this parame
 356:c:/Users/User/Documents/GitHub/ch32h417/EVT/EXAM/SRC/Peripheral/src\ch32h417_rcc.c ****  *          RCC_USBHS_Div20 - ADC clock = USBHS_PLL_CLK/20. (When using TIM 1,8,9,10 ，this parame
 357:c:/Users/User/Documents/GitHub/ch32h417/EVT/EXAM/SRC/Peripheral/src\ch32h417_rcc.c ****  *          RCC_USBHS_Div21 - ADC clock = USBHS_PLL_CLK/21.
 358:c:/Users/User/Documents/GitHub/ch32h417/EVT/EXAM/SRC/Peripheral/src\ch32h417_rcc.c ****  *          RCC_USBHS_Div22 - ADC clock = USBHS_PLL_CLK/22.
 359:c:/Users/User/Documents/GitHub/ch32h417/EVT/EXAM/SRC/Peripheral/src\ch32h417_rcc.c ****  *          RCC_USBHS_Div23 - ADC clock = USBHS_PLL_CLK/23.
 360:c:/Users/User/Documents/GitHub/ch32h417/EVT/EXAM/SRC/Peripheral/src\ch32h417_rcc.c ****  *          RCC_USBHS_Div24 - ADC clock = USBHS_PLL_CLK/24.
 361:c:/Users/User/Documents/GitHub/ch32h417/EVT/EXAM/SRC/Peripheral/src\ch32h417_rcc.c ****  *          RCC_USBHS_Div25 - ADC clock = USBHS_PLL_CLK/25.
 362:c:/Users/User/Documents/GitHub/ch32h417/EVT/EXAM/SRC/Peripheral/src\ch32h417_rcc.c ****  *          RCC_USBHS_Div26 - ADC clock = USBHS_PLL_CLK/26.
 363:c:/Users/User/Documents/GitHub/ch32h417/EVT/EXAM/SRC/Peripheral/src\ch32h417_rcc.c ****  *          RCC_USBHS_Div27 - ADC clock = USBHS_PLL_CLK/27.
 364:c:/Users/User/Documents/GitHub/ch32h417/EVT/EXAM/SRC/Peripheral/src\ch32h417_rcc.c ****  *          RCC_USBHS_Div28 - ADC clock = USBHS_PLL_CLK/28.
 365:c:/Users/User/Documents/GitHub/ch32h417/EVT/EXAM/SRC/Peripheral/src\ch32h417_rcc.c ****  *          RCC_USBHS_Div29 - ADC clock = USBHS_PLL_CLK/29.
 366:c:/Users/User/Documents/GitHub/ch32h417/EVT/EXAM/SRC/Peripheral/src\ch32h417_rcc.c ****  *          RCC_USBHS_Div30 - ADC clock = USBHS_PLL_CLK/30.
 367:c:/Users/User/Documents/GitHub/ch32h417/EVT/EXAM/SRC/Peripheral/src\ch32h417_rcc.c ****  *          RCC_USBHS_Div31 - ADC clock = USBHS_PLL_CLK/31.
 368:c:/Users/User/Documents/GitHub/ch32h417/EVT/EXAM/SRC/Peripheral/src\ch32h417_rcc.c ****  *          RCC_USBHS_Div32 - ADC clock = USBHS_PLL_CLK/32.
 369:c:/Users/User/Documents/GitHub/ch32h417/EVT/EXAM/SRC/Peripheral/src\ch32h417_rcc.c ****  *          RCC_USBHS_Div33 - ADC clock = USBHS_PLL_CLK/33.
 370:c:/Users/User/Documents/GitHub/ch32h417/EVT/EXAM/SRC/Peripheral/src\ch32h417_rcc.c ****  *          RCC_USBHS_Div34 - ADC clock = USBHS_PLL_CLK/34. (When using TIM 1,8,9,10 ，this parame
 371:c:/Users/User/Documents/GitHub/ch32h417/EVT/EXAM/SRC/Peripheral/src\ch32h417_rcc.c ****  *          RCC_USBHS_Div35 - ADC clock = USBHS_PLL_CLK/35. (When using TIM 1,8,9,10 ，this parame
 372:c:/Users/User/Documents/GitHub/ch32h417/EVT/EXAM/SRC/Peripheral/src\ch32h417_rcc.c ****  *          RCC_USBHS_Div36 - ADC clock = USBHS_PLL_CLK/36. (When using TIM 1,8,9,10 ，this parame
 373:c:/Users/User/Documents/GitHub/ch32h417/EVT/EXAM/SRC/Peripheral/src\ch32h417_rcc.c ****  *
 374:c:/Users/User/Documents/GitHub/ch32h417/EVT/EXAM/SRC/Peripheral/src\ch32h417_rcc.c ****  * @return  none
 375:c:/Users/User/Documents/GitHub/ch32h417/EVT/EXAM/SRC/Peripheral/src\ch32h417_rcc.c ****  */
 376:c:/Users/User/Documents/GitHub/ch32h417/EVT/EXAM/SRC/Peripheral/src\ch32h417_rcc.c **** void RCC_ADCUSBHSPLLCLKAsSourceConfig(uint32_t RCC_PPRE)
 377:c:/Users/User/Documents/GitHub/ch32h417/EVT/EXAM/SRC/Peripheral/src\ch32h417_rcc.c **** {
 423              		.loc 1 377 1 is_stmt 1
 424              		.cfi_startproc
 425              	.LVL23:
 378:c:/Users/User/Documents/GitHub/ch32h417/EVT/EXAM/SRC/Peripheral/src\ch32h417_rcc.c ****     uint32_t tmpreg = 0;
 426              		.loc 1 378 5
 379:c:/Users/User/Documents/GitHub/ch32h417/EVT/EXAM/SRC/Peripheral/src\ch32h417_rcc.c **** 
 380:c:/Users/User/Documents/GitHub/ch32h417/EVT/EXAM/SRC/Peripheral/src\ch32h417_rcc.c ****     tmpreg = RCC->CFGR0;
 427              		.loc 1 380 5
 428              		.loc 1 380 12 is_stmt 0
 429 0000 B7160240 		li	a3,1073876992
 430 0004 DC42     		lw	a5,4(a3)
 431              	.LVL24:
 381:c:/Users/User/Documents/GitHub/ch32h417/EVT/EXAM/SRC/Peripheral/src\ch32h417_rcc.c ****     tmpreg &= ~(RCC_PPRE2 | RCC_ADCPRE);
 432              		.loc 1 381 5 is_stmt 1
 433              		.loc 1 381 12 is_stmt 0
 434 0006 4177     		li	a4,-65536
 435 0008 1307F77F 		addi	a4,a4,2047
 436 000c F98F     		and	a5,a5,a4
 437              	.LVL25:
 382:c:/Users/User/Documents/GitHub/ch32h417/EVT/EXAM/SRC/Peripheral/src\ch32h417_rcc.c ****     tmpreg |= (RCC_PPRE << 11);
 438              		.loc 1 382 5 is_stmt 1
 439              		.loc 1 382 25 is_stmt 0
 440 000e 2E05     		slli	a0,a0,11
 441              	.LVL26:
 442              		.loc 1 382 12
 443 0010 5D8D     		or	a0,a0,a5
 444              	.LVL27:
 383:c:/Users/User/Documents/GitHub/ch32h417/EVT/EXAM/SRC/Peripheral/src\ch32h417_rcc.c ****     RCC->CFGR0 = tmpreg;
 445              		.loc 1 383 5 is_stmt 1
 446              		.loc 1 383 16 is_stmt 0
 447 0012 C8C2     		sw	a0,4(a3)
 384:c:/Users/User/Documents/GitHub/ch32h417/EVT/EXAM/SRC/Peripheral/src\ch32h417_rcc.c **** }
 448              		.loc 1 384 1
 449 0014 8280     		ret
 450              		.cfi_endproc
 451              	.LFE51:
 453              		.section	.text.RCC_ADCHCLKCLKAsSourceConfig,"ax",@progbits
 454              		.align	1
 455              		.globl	RCC_ADCHCLKCLKAsSourceConfig
 457              	RCC_ADCHCLKCLKAsSourceConfig:
 458              	.LFB52:
 385:c:/Users/User/Documents/GitHub/ch32h417/EVT/EXAM/SRC/Peripheral/src\ch32h417_rcc.c **** 
 386:c:/Users/User/Documents/GitHub/ch32h417/EVT/EXAM/SRC/Peripheral/src\ch32h417_rcc.c **** /*********************************************************************
 387:c:/Users/User/Documents/GitHub/ch32h417/EVT/EXAM/SRC/Peripheral/src\ch32h417_rcc.c ****  * @fn      RCC_ADCHCLKCLKAsSourceConfig
 388:c:/Users/User/Documents/GitHub/ch32h417/EVT/EXAM/SRC/Peripheral/src\ch32h417_rcc.c ****  *
 389:c:/Users/User/Documents/GitHub/ch32h417/EVT/EXAM/SRC/Peripheral/src\ch32h417_rcc.c ****  * @brief   Configures the ADC_clock (ADCCLK).
 390:c:/Users/User/Documents/GitHub/ch32h417/EVT/EXAM/SRC/Peripheral/src\ch32h417_rcc.c ****  *
 391:c:/Users/User/Documents/GitHub/ch32h417/EVT/EXAM/SRC/Peripheral/src\ch32h417_rcc.c ****  * @param   RCC_PPRE2_DIV - the PPRE2 clock divider. This clock is derived from
 392:c:/Users/User/Documents/GitHub/ch32h417/EVT/EXAM/SRC/Peripheral/src\ch32h417_rcc.c ****  *        the HCLK clock .
 393:c:/Users/User/Documents/GitHub/ch32h417/EVT/EXAM/SRC/Peripheral/src\ch32h417_rcc.c ****  *            RCC_PPRE2_DIV0 - HCLK.
 394:c:/Users/User/Documents/GitHub/ch32h417/EVT/EXAM/SRC/Peripheral/src\ch32h417_rcc.c ****  *            RCC_PPRE2_DIV2 - HCLK/2.
 395:c:/Users/User/Documents/GitHub/ch32h417/EVT/EXAM/SRC/Peripheral/src\ch32h417_rcc.c ****  *            RCC_PPRE2_DIV4 - HCLK/4. (When using TIM 1,8,9,10 ，this parameter cannot be used)
 396:c:/Users/User/Documents/GitHub/ch32h417/EVT/EXAM/SRC/Peripheral/src\ch32h417_rcc.c ****  *            RCC_PPRE2_DIV8 - HCLK/8. (When using TIM 1,8,9,10 ，this parameter cannot be used)
 397:c:/Users/User/Documents/GitHub/ch32h417/EVT/EXAM/SRC/Peripheral/src\ch32h417_rcc.c ****  *            RCC_PPRE2_DIV16 - HCLK/16. (When using TIM 1,8,9,10 ，this parameter cannot be used)
 398:c:/Users/User/Documents/GitHub/ch32h417/EVT/EXAM/SRC/Peripheral/src\ch32h417_rcc.c ****  *          RCC_ADC_DIV - the ADC clock divider.
 399:c:/Users/User/Documents/GitHub/ch32h417/EVT/EXAM/SRC/Peripheral/src\ch32h417_rcc.c ****  *            RCC_HCLK_ADCPRE_DIV2 - ADC clock = HCLK/PPRE2_DIV/2.
 400:c:/Users/User/Documents/GitHub/ch32h417/EVT/EXAM/SRC/Peripheral/src\ch32h417_rcc.c ****  *            RCC_HCLK_ADCPRE_DIV4 - ADC clock = HCLK/PPRE2_DIV/4.
 401:c:/Users/User/Documents/GitHub/ch32h417/EVT/EXAM/SRC/Peripheral/src\ch32h417_rcc.c ****  *            RCC_HCLK_ADCPRE_DIV6 - ADC clock = HCLK/PPRE2_DIV/6.
 402:c:/Users/User/Documents/GitHub/ch32h417/EVT/EXAM/SRC/Peripheral/src\ch32h417_rcc.c ****  *            RCC_HCLK_ADCPRE_DIV8 - ADC clock = HCLK/PPRE2_DIV/8.
 403:c:/Users/User/Documents/GitHub/ch32h417/EVT/EXAM/SRC/Peripheral/src\ch32h417_rcc.c ****  *
 404:c:/Users/User/Documents/GitHub/ch32h417/EVT/EXAM/SRC/Peripheral/src\ch32h417_rcc.c ****  *          (ADC_Clock=HCLK/(RCC_PPRE2*RCC_ADCPRE))
 405:c:/Users/User/Documents/GitHub/ch32h417/EVT/EXAM/SRC/Peripheral/src\ch32h417_rcc.c ****  *
 406:c:/Users/User/Documents/GitHub/ch32h417/EVT/EXAM/SRC/Peripheral/src\ch32h417_rcc.c ****  * @return  none
 407:c:/Users/User/Documents/GitHub/ch32h417/EVT/EXAM/SRC/Peripheral/src\ch32h417_rcc.c ****  */
 408:c:/Users/User/Documents/GitHub/ch32h417/EVT/EXAM/SRC/Peripheral/src\ch32h417_rcc.c **** void RCC_ADCHCLKCLKAsSourceConfig(uint32_t RCC_PPRE2_DIV, uint32_t RCC_ADC_DIV)
 409:c:/Users/User/Documents/GitHub/ch32h417/EVT/EXAM/SRC/Peripheral/src\ch32h417_rcc.c **** {
 459              		.loc 1 409 1 is_stmt 1
 460              		.cfi_startproc
 461              	.LVL28:
 410:c:/Users/User/Documents/GitHub/ch32h417/EVT/EXAM/SRC/Peripheral/src\ch32h417_rcc.c ****     uint32_t tmpreg = 0;
 462              		.loc 1 410 5
 411:c:/Users/User/Documents/GitHub/ch32h417/EVT/EXAM/SRC/Peripheral/src\ch32h417_rcc.c **** 
 412:c:/Users/User/Documents/GitHub/ch32h417/EVT/EXAM/SRC/Peripheral/src\ch32h417_rcc.c ****     tmpreg = RCC->CFGR0;
 463              		.loc 1 412 5
 464              		.loc 1 412 12 is_stmt 0
 465 0000 B7160240 		li	a3,1073876992
 466 0004 DC42     		lw	a5,4(a3)
 467              	.LVL29:
 413:c:/Users/User/Documents/GitHub/ch32h417/EVT/EXAM/SRC/Peripheral/src\ch32h417_rcc.c ****     tmpreg &= ~(RCC_PPRE2 | RCC_ADCPRE);
 468              		.loc 1 413 5 is_stmt 1
 414:c:/Users/User/Documents/GitHub/ch32h417/EVT/EXAM/SRC/Peripheral/src\ch32h417_rcc.c ****     tmpreg |= (RCC_PPRE2_DIV << 11)|(RCC_ADC_DIV << 14);
 469              		.loc 1 414 5
 413:c:/Users/User/Documents/GitHub/ch32h417/EVT/EXAM/SRC/Peripheral/src\ch32h417_rcc.c ****     tmpreg &= ~(RCC_PPRE2 | RCC_ADCPRE);
 470              		.loc 1 413 12 is_stmt 0
 471 0006 4177     		li	a4,-65536
 472 0008 1307F77F 		addi	a4,a4,2047
 473              		.loc 1 414 50
 474 000c BA05     		slli	a1,a1,14
 475              	.LVL30:
 413:c:/Users/User/Documents/GitHub/ch32h417/EVT/EXAM/SRC/Peripheral/src\ch32h417_rcc.c ****     tmpreg &= ~(RCC_PPRE2 | RCC_ADCPRE);
 476              		.loc 1 413 12
 477 000e F98F     		and	a5,a5,a4
 478              	.LVL31:
 479 0010 DD8D     		or	a1,a1,a5
 480              		.loc 1 414 30
 481 0012 2E05     		slli	a0,a0,11
 482              	.LVL32:
 483              		.loc 1 414 12
 484 0014 4D8D     		or	a0,a0,a1
 485              	.LVL33:
 415:c:/Users/User/Documents/GitHub/ch32h417/EVT/EXAM/SRC/Peripheral/src\ch32h417_rcc.c ****     RCC->CFGR0 = tmpreg;
 486              		.loc 1 415 5 is_stmt 1
 487              		.loc 1 415 16 is_stmt 0
 488 0016 C8C2     		sw	a0,4(a3)
 416:c:/Users/User/Documents/GitHub/ch32h417/EVT/EXAM/SRC/Peripheral/src\ch32h417_rcc.c **** }
 489              		.loc 1 416 1
 490 0018 8280     		ret
 491              		.cfi_endproc
 492              	.LFE52:
 494              		.section	.text.RCC_LSEConfig,"ax",@progbits
 495              		.align	1
 496              		.globl	RCC_LSEConfig
 498              	RCC_LSEConfig:
 499              	.LFB53:
 417:c:/Users/User/Documents/GitHub/ch32h417/EVT/EXAM/SRC/Peripheral/src\ch32h417_rcc.c **** 
 418:c:/Users/User/Documents/GitHub/ch32h417/EVT/EXAM/SRC/Peripheral/src\ch32h417_rcc.c **** /*********************************************************************
 419:c:/Users/User/Documents/GitHub/ch32h417/EVT/EXAM/SRC/Peripheral/src\ch32h417_rcc.c ****  * @fn      RCC_LSEConfig
 420:c:/Users/User/Documents/GitHub/ch32h417/EVT/EXAM/SRC/Peripheral/src\ch32h417_rcc.c ****  *
 421:c:/Users/User/Documents/GitHub/ch32h417/EVT/EXAM/SRC/Peripheral/src\ch32h417_rcc.c ****  * @brief   Configures the External Low Speed oscillator (LSE).
 422:c:/Users/User/Documents/GitHub/ch32h417/EVT/EXAM/SRC/Peripheral/src\ch32h417_rcc.c ****  *
 423:c:/Users/User/Documents/GitHub/ch32h417/EVT/EXAM/SRC/Peripheral/src\ch32h417_rcc.c ****  * @param   RCC_LSE - specifies the new state of the LSE.
 424:c:/Users/User/Documents/GitHub/ch32h417/EVT/EXAM/SRC/Peripheral/src\ch32h417_rcc.c ****  *            RCC_LSE_OFF - LSE oscillator OFF.
 425:c:/Users/User/Documents/GitHub/ch32h417/EVT/EXAM/SRC/Peripheral/src\ch32h417_rcc.c ****  *            RCC_LSE_ON - LSE oscillator ON.
 426:c:/Users/User/Documents/GitHub/ch32h417/EVT/EXAM/SRC/Peripheral/src\ch32h417_rcc.c ****  *            RCC_LSE_Bypass - LSE oscillator bypassed with external clock.
 427:c:/Users/User/Documents/GitHub/ch32h417/EVT/EXAM/SRC/Peripheral/src\ch32h417_rcc.c ****  *
 428:c:/Users/User/Documents/GitHub/ch32h417/EVT/EXAM/SRC/Peripheral/src\ch32h417_rcc.c ****  * @return  none
 429:c:/Users/User/Documents/GitHub/ch32h417/EVT/EXAM/SRC/Peripheral/src\ch32h417_rcc.c ****  */
 430:c:/Users/User/Documents/GitHub/ch32h417/EVT/EXAM/SRC/Peripheral/src\ch32h417_rcc.c **** void RCC_LSEConfig(uint8_t RCC_LSE)
 431:c:/Users/User/Documents/GitHub/ch32h417/EVT/EXAM/SRC/Peripheral/src\ch32h417_rcc.c **** {
 500              		.loc 1 431 1 is_stmt 1
 501              		.cfi_startproc
 502              	.LVL34:
 432:c:/Users/User/Documents/GitHub/ch32h417/EVT/EXAM/SRC/Peripheral/src\ch32h417_rcc.c ****     *(__IO uint8_t *)0x40021024 = RCC_LSE_OFF;
 503              		.loc 1 432 5
 504              		.loc 1 432 33 is_stmt 0
 505 0000 B7170240 		li	a5,1073876992
 506 0004 23820702 		sb	zero,36(a5)
 433:c:/Users/User/Documents/GitHub/ch32h417/EVT/EXAM/SRC/Peripheral/src\ch32h417_rcc.c ****     *(__IO uint8_t *)0x40021024 = RCC_LSE_OFF;
 507              		.loc 1 433 5 is_stmt 1
 508              		.loc 1 433 33 is_stmt 0
 509 0008 23820702 		sb	zero,36(a5)
 434:c:/Users/User/Documents/GitHub/ch32h417/EVT/EXAM/SRC/Peripheral/src\ch32h417_rcc.c **** 
 435:c:/Users/User/Documents/GitHub/ch32h417/EVT/EXAM/SRC/Peripheral/src\ch32h417_rcc.c ****     switch(RCC_LSE)
 510              		.loc 1 435 5 is_stmt 1
 511 000c 0547     		li	a4,1
 512 000e 6306E500 		beq	a0,a4,.L28
 513 0012 1147     		li	a4,4
 514 0014 6306E500 		beq	a0,a4,.L29
 515 0018 8280     		ret
 516              	.L28:
 436:c:/Users/User/Documents/GitHub/ch32h417/EVT/EXAM/SRC/Peripheral/src\ch32h417_rcc.c ****     {
 437:c:/Users/User/Documents/GitHub/ch32h417/EVT/EXAM/SRC/Peripheral/src\ch32h417_rcc.c ****         case RCC_LSE_ON:
 438:c:/Users/User/Documents/GitHub/ch32h417/EVT/EXAM/SRC/Peripheral/src\ch32h417_rcc.c ****             *(__IO uint8_t *)0x40021024 = RCC_LSE_ON;
 517              		.loc 1 438 13
 518              		.loc 1 438 41 is_stmt 0
 519 001a 2382A702 		sb	a0,36(a5)
 439:c:/Users/User/Documents/GitHub/ch32h417/EVT/EXAM/SRC/Peripheral/src\ch32h417_rcc.c ****             break;
 520              		.loc 1 439 13 is_stmt 1
 521 001e 8280     		ret
 522              	.L29:
 440:c:/Users/User/Documents/GitHub/ch32h417/EVT/EXAM/SRC/Peripheral/src\ch32h417_rcc.c **** 
 441:c:/Users/User/Documents/GitHub/ch32h417/EVT/EXAM/SRC/Peripheral/src\ch32h417_rcc.c ****         case RCC_LSE_Bypass:
 442:c:/Users/User/Documents/GitHub/ch32h417/EVT/EXAM/SRC/Peripheral/src\ch32h417_rcc.c ****             *(__IO uint8_t *)0x40021024 = RCC_LSE_Bypass | RCC_LSE_ON;
 523              		.loc 1 442 13
 524              		.loc 1 442 41 is_stmt 0
 525 0020 1547     		li	a4,5
 526 0022 2382E702 		sb	a4,36(a5)
 443:c:/Users/User/Documents/GitHub/ch32h417/EVT/EXAM/SRC/Peripheral/src\ch32h417_rcc.c ****             break;
 527              		.loc 1 443 13 is_stmt 1
 444:c:/Users/User/Documents/GitHub/ch32h417/EVT/EXAM/SRC/Peripheral/src\ch32h417_rcc.c **** 
 445:c:/Users/User/Documents/GitHub/ch32h417/EVT/EXAM/SRC/Peripheral/src\ch32h417_rcc.c ****         default:
 446:c:/Users/User/Documents/GitHub/ch32h417/EVT/EXAM/SRC/Peripheral/src\ch32h417_rcc.c ****             break;
 447:c:/Users/User/Documents/GitHub/ch32h417/EVT/EXAM/SRC/Peripheral/src\ch32h417_rcc.c ****     }
 448:c:/Users/User/Documents/GitHub/ch32h417/EVT/EXAM/SRC/Peripheral/src\ch32h417_rcc.c **** }
 528              		.loc 1 448 1 is_stmt 0
 529 0026 8280     		ret
 530              		.cfi_endproc
 531              	.LFE53:
 533              		.section	.text.RCC_LSICmd,"ax",@progbits
 534              		.align	1
 535              		.globl	RCC_LSICmd
 537              	RCC_LSICmd:
 538              	.LFB54:
 449:c:/Users/User/Documents/GitHub/ch32h417/EVT/EXAM/SRC/Peripheral/src\ch32h417_rcc.c **** 
 450:c:/Users/User/Documents/GitHub/ch32h417/EVT/EXAM/SRC/Peripheral/src\ch32h417_rcc.c **** /*********************************************************************
 451:c:/Users/User/Documents/GitHub/ch32h417/EVT/EXAM/SRC/Peripheral/src\ch32h417_rcc.c ****  * @fn      RCC_LSICmd
 452:c:/Users/User/Documents/GitHub/ch32h417/EVT/EXAM/SRC/Peripheral/src\ch32h417_rcc.c ****  *
 453:c:/Users/User/Documents/GitHub/ch32h417/EVT/EXAM/SRC/Peripheral/src\ch32h417_rcc.c ****  * @brief   Enables or disables the Internal Low Speed oscillator (LSI).
 454:c:/Users/User/Documents/GitHub/ch32h417/EVT/EXAM/SRC/Peripheral/src\ch32h417_rcc.c ****  *          Note-
 455:c:/Users/User/Documents/GitHub/ch32h417/EVT/EXAM/SRC/Peripheral/src\ch32h417_rcc.c ****  *          LSI can not be disabled if the IWDG is running.
 456:c:/Users/User/Documents/GitHub/ch32h417/EVT/EXAM/SRC/Peripheral/src\ch32h417_rcc.c ****  *
 457:c:/Users/User/Documents/GitHub/ch32h417/EVT/EXAM/SRC/Peripheral/src\ch32h417_rcc.c ****  * @param   NewState - ENABLE or DISABLE.
 458:c:/Users/User/Documents/GitHub/ch32h417/EVT/EXAM/SRC/Peripheral/src\ch32h417_rcc.c ****  *
 459:c:/Users/User/Documents/GitHub/ch32h417/EVT/EXAM/SRC/Peripheral/src\ch32h417_rcc.c ****  * @return  none
 460:c:/Users/User/Documents/GitHub/ch32h417/EVT/EXAM/SRC/Peripheral/src\ch32h417_rcc.c ****  */
 461:c:/Users/User/Documents/GitHub/ch32h417/EVT/EXAM/SRC/Peripheral/src\ch32h417_rcc.c **** void RCC_LSICmd(FunctionalState NewState)
 462:c:/Users/User/Documents/GitHub/ch32h417/EVT/EXAM/SRC/Peripheral/src\ch32h417_rcc.c **** {
 539              		.loc 1 462 1 is_stmt 1
 540              		.cfi_startproc
 541              	.LVL35:
 463:c:/Users/User/Documents/GitHub/ch32h417/EVT/EXAM/SRC/Peripheral/src\ch32h417_rcc.c ****     if(NewState)
 542              		.loc 1 463 5
 464:c:/Users/User/Documents/GitHub/ch32h417/EVT/EXAM/SRC/Peripheral/src\ch32h417_rcc.c ****     {
 465:c:/Users/User/Documents/GitHub/ch32h417/EVT/EXAM/SRC/Peripheral/src\ch32h417_rcc.c ****         RCC->RSTSCKR |= (1 << 0);
 543              		.loc 1 465 12 is_stmt 0
 544 0000 37170240 		li	a4,1073876992
 545 0004 1C57     		lw	a5,40(a4)
 463:c:/Users/User/Documents/GitHub/ch32h417/EVT/EXAM/SRC/Peripheral/src\ch32h417_rcc.c ****     if(NewState)
 546              		.loc 1 463 7
 547 0006 09C5     		beq	a0,zero,.L32
 548              		.loc 1 465 9 is_stmt 1
 549              		.loc 1 465 22 is_stmt 0
 550 0008 93E71700 		ori	a5,a5,1
 551              	.L34:
 466:c:/Users/User/Documents/GitHub/ch32h417/EVT/EXAM/SRC/Peripheral/src\ch32h417_rcc.c ****     }
 467:c:/Users/User/Documents/GitHub/ch32h417/EVT/EXAM/SRC/Peripheral/src\ch32h417_rcc.c ****     else
 468:c:/Users/User/Documents/GitHub/ch32h417/EVT/EXAM/SRC/Peripheral/src\ch32h417_rcc.c ****     {
 469:c:/Users/User/Documents/GitHub/ch32h417/EVT/EXAM/SRC/Peripheral/src\ch32h417_rcc.c ****         RCC->RSTSCKR &= ~(1 << 0);
 552              		.loc 1 469 22
 553 000c 1CD7     		sw	a5,40(a4)
 470:c:/Users/User/Documents/GitHub/ch32h417/EVT/EXAM/SRC/Peripheral/src\ch32h417_rcc.c ****     }
 471:c:/Users/User/Documents/GitHub/ch32h417/EVT/EXAM/SRC/Peripheral/src\ch32h417_rcc.c **** }
 554              		.loc 1 471 1
 555 000e 8280     		ret
 556              	.L32:
 469:c:/Users/User/Documents/GitHub/ch32h417/EVT/EXAM/SRC/Peripheral/src\ch32h417_rcc.c ****     }
 557              		.loc 1 469 9 is_stmt 1
 469:c:/Users/User/Documents/GitHub/ch32h417/EVT/EXAM/SRC/Peripheral/src\ch32h417_rcc.c ****     }
 558              		.loc 1 469 22 is_stmt 0
 559 0010 F99B     		andi	a5,a5,-2
 560 0012 EDBF     		j	.L34
 561              		.cfi_endproc
 562              	.LFE54:
 564              		.section	.text.RCC_RTCCLKConfig,"ax",@progbits
 565              		.align	1
 566              		.globl	RCC_RTCCLKConfig
 568              	RCC_RTCCLKConfig:
 569              	.LFB55:
 472:c:/Users/User/Documents/GitHub/ch32h417/EVT/EXAM/SRC/Peripheral/src\ch32h417_rcc.c **** 
 473:c:/Users/User/Documents/GitHub/ch32h417/EVT/EXAM/SRC/Peripheral/src\ch32h417_rcc.c **** /*********************************************************************
 474:c:/Users/User/Documents/GitHub/ch32h417/EVT/EXAM/SRC/Peripheral/src\ch32h417_rcc.c ****  * @fn      RCC_RTCCLKConfig
 475:c:/Users/User/Documents/GitHub/ch32h417/EVT/EXAM/SRC/Peripheral/src\ch32h417_rcc.c ****  *
 476:c:/Users/User/Documents/GitHub/ch32h417/EVT/EXAM/SRC/Peripheral/src\ch32h417_rcc.c ****  * @brief   Once the RTC clock is selected it can't be changed unless the Backup domain is reset.
 477:c:/Users/User/Documents/GitHub/ch32h417/EVT/EXAM/SRC/Peripheral/src\ch32h417_rcc.c ****  *
 478:c:/Users/User/Documents/GitHub/ch32h417/EVT/EXAM/SRC/Peripheral/src\ch32h417_rcc.c ****  * @param   RCC_RTCCLKSource - specifies the RTC clock source.
 479:c:/Users/User/Documents/GitHub/ch32h417/EVT/EXAM/SRC/Peripheral/src\ch32h417_rcc.c ****  *            RCC_RTCCLKSource_LSE - LSE selected as RTC clock.
 480:c:/Users/User/Documents/GitHub/ch32h417/EVT/EXAM/SRC/Peripheral/src\ch32h417_rcc.c ****  *            RCC_RTCCLKSource_LSI - LSI selected as RTC clock.
 481:c:/Users/User/Documents/GitHub/ch32h417/EVT/EXAM/SRC/Peripheral/src\ch32h417_rcc.c ****  *            RCC_RTCCLKSource_HSE_Div512 - HSE clock divided by 128 selected as RTC clock.
 482:c:/Users/User/Documents/GitHub/ch32h417/EVT/EXAM/SRC/Peripheral/src\ch32h417_rcc.c ****  *         Note-   
 483:c:/Users/User/Documents/GitHub/ch32h417/EVT/EXAM/SRC/Peripheral/src\ch32h417_rcc.c ****  *           Once the RTC clock is selected it can't be changed unless the Backup domain is reset.
 484:c:/Users/User/Documents/GitHub/ch32h417/EVT/EXAM/SRC/Peripheral/src\ch32h417_rcc.c ****  *
 485:c:/Users/User/Documents/GitHub/ch32h417/EVT/EXAM/SRC/Peripheral/src\ch32h417_rcc.c ****  * @return  none
 486:c:/Users/User/Documents/GitHub/ch32h417/EVT/EXAM/SRC/Peripheral/src\ch32h417_rcc.c ****  */
 487:c:/Users/User/Documents/GitHub/ch32h417/EVT/EXAM/SRC/Peripheral/src\ch32h417_rcc.c **** void RCC_RTCCLKConfig(uint32_t RCC_RTCCLKSource)
 488:c:/Users/User/Documents/GitHub/ch32h417/EVT/EXAM/SRC/Peripheral/src\ch32h417_rcc.c **** {
 570              		.loc 1 488 1 is_stmt 1
 571              		.cfi_startproc
 572              	.LVL36:
 489:c:/Users/User/Documents/GitHub/ch32h417/EVT/EXAM/SRC/Peripheral/src\ch32h417_rcc.c ****     RCC->BDCTLR &= (~RCC_RTCCLKSource_HSE_Div512);
 573              		.loc 1 489 5
 574              		.loc 1 489 8 is_stmt 0
 575 0000 B7170240 		li	a5,1073876992
 576 0004 D853     		lw	a4,36(a5)
 577              		.loc 1 489 17
 578 0006 1377F7F3 		andi	a4,a4,-193
 579 000a D8D3     		sw	a4,36(a5)
 490:c:/Users/User/Documents/GitHub/ch32h417/EVT/EXAM/SRC/Peripheral/src\ch32h417_rcc.c ****     RCC->BDCTLR |= RCC_RTCCLKSource;
 580              		.loc 1 490 5 is_stmt 1
 581              		.loc 1 490 8 is_stmt 0
 582 000c D853     		lw	a4,36(a5)
 583              		.loc 1 490 17
 584 000e 498F     		or	a4,a4,a0
 585 0010 D8D3     		sw	a4,36(a5)
 491:c:/Users/User/Documents/GitHub/ch32h417/EVT/EXAM/SRC/Peripheral/src\ch32h417_rcc.c **** }
 586              		.loc 1 491 1
 587 0012 8280     		ret
 588              		.cfi_endproc
 589              	.LFE55:
 591              		.section	.text.RCC_RTCCLKCmd,"ax",@progbits
 592              		.align	1
 593              		.globl	RCC_RTCCLKCmd
 595              	RCC_RTCCLKCmd:
 596              	.LFB56:
 492:c:/Users/User/Documents/GitHub/ch32h417/EVT/EXAM/SRC/Peripheral/src\ch32h417_rcc.c **** 
 493:c:/Users/User/Documents/GitHub/ch32h417/EVT/EXAM/SRC/Peripheral/src\ch32h417_rcc.c **** /*********************************************************************
 494:c:/Users/User/Documents/GitHub/ch32h417/EVT/EXAM/SRC/Peripheral/src\ch32h417_rcc.c ****  * @fn      RCC_RTCCLKCmd
 495:c:/Users/User/Documents/GitHub/ch32h417/EVT/EXAM/SRC/Peripheral/src\ch32h417_rcc.c ****  *
 496:c:/Users/User/Documents/GitHub/ch32h417/EVT/EXAM/SRC/Peripheral/src\ch32h417_rcc.c ****  * @brief   This function must be used only after the RTC clock was selected
 497:c:/Users/User/Documents/GitHub/ch32h417/EVT/EXAM/SRC/Peripheral/src\ch32h417_rcc.c ****  *        using the RCC_RTCCLKConfig function.
 498:c:/Users/User/Documents/GitHub/ch32h417/EVT/EXAM/SRC/Peripheral/src\ch32h417_rcc.c ****  *
 499:c:/Users/User/Documents/GitHub/ch32h417/EVT/EXAM/SRC/Peripheral/src\ch32h417_rcc.c ****  * @param   NewState - ENABLE or DISABLE.
 500:c:/Users/User/Documents/GitHub/ch32h417/EVT/EXAM/SRC/Peripheral/src\ch32h417_rcc.c ****  *
 501:c:/Users/User/Documents/GitHub/ch32h417/EVT/EXAM/SRC/Peripheral/src\ch32h417_rcc.c ****  * @return  none
 502:c:/Users/User/Documents/GitHub/ch32h417/EVT/EXAM/SRC/Peripheral/src\ch32h417_rcc.c ****  */
 503:c:/Users/User/Documents/GitHub/ch32h417/EVT/EXAM/SRC/Peripheral/src\ch32h417_rcc.c **** void RCC_RTCCLKCmd(FunctionalState NewState)
 504:c:/Users/User/Documents/GitHub/ch32h417/EVT/EXAM/SRC/Peripheral/src\ch32h417_rcc.c **** {
 597              		.loc 1 504 1 is_stmt 1
 598              		.cfi_startproc
 599              	.LVL37:
 505:c:/Users/User/Documents/GitHub/ch32h417/EVT/EXAM/SRC/Peripheral/src\ch32h417_rcc.c ****     if(NewState)
 600              		.loc 1 505 5
 506:c:/Users/User/Documents/GitHub/ch32h417/EVT/EXAM/SRC/Peripheral/src\ch32h417_rcc.c ****     {
 507:c:/Users/User/Documents/GitHub/ch32h417/EVT/EXAM/SRC/Peripheral/src\ch32h417_rcc.c ****         RCC->BDCTLR |= (1 << 8);
 601              		.loc 1 507 12 is_stmt 0
 602 0000 37170240 		li	a4,1073876992
 603 0004 5C53     		lw	a5,36(a4)
 505:c:/Users/User/Documents/GitHub/ch32h417/EVT/EXAM/SRC/Peripheral/src\ch32h417_rcc.c ****     if(NewState)
 604              		.loc 1 505 7
 605 0006 09C5     		beq	a0,zero,.L37
 606              		.loc 1 507 9 is_stmt 1
 607              		.loc 1 507 21 is_stmt 0
 608 0008 93E70710 		ori	a5,a5,256
 609              	.L39:
 508:c:/Users/User/Documents/GitHub/ch32h417/EVT/EXAM/SRC/Peripheral/src\ch32h417_rcc.c ****     }
 509:c:/Users/User/Documents/GitHub/ch32h417/EVT/EXAM/SRC/Peripheral/src\ch32h417_rcc.c ****     else
 510:c:/Users/User/Documents/GitHub/ch32h417/EVT/EXAM/SRC/Peripheral/src\ch32h417_rcc.c ****     {
 511:c:/Users/User/Documents/GitHub/ch32h417/EVT/EXAM/SRC/Peripheral/src\ch32h417_rcc.c ****         RCC->BDCTLR &= ~(1 << 8);
 610              		.loc 1 511 21
 611 000c 5CD3     		sw	a5,36(a4)
 512:c:/Users/User/Documents/GitHub/ch32h417/EVT/EXAM/SRC/Peripheral/src\ch32h417_rcc.c ****     }
 513:c:/Users/User/Documents/GitHub/ch32h417/EVT/EXAM/SRC/Peripheral/src\ch32h417_rcc.c **** }
 612              		.loc 1 513 1
 613 000e 8280     		ret
 614              	.L37:
 511:c:/Users/User/Documents/GitHub/ch32h417/EVT/EXAM/SRC/Peripheral/src\ch32h417_rcc.c ****     }
 615              		.loc 1 511 9 is_stmt 1
 511:c:/Users/User/Documents/GitHub/ch32h417/EVT/EXAM/SRC/Peripheral/src\ch32h417_rcc.c ****     }
 616              		.loc 1 511 21 is_stmt 0
 617 0010 93F7F7EF 		andi	a5,a5,-257
 618 0014 E5BF     		j	.L39
 619              		.cfi_endproc
 620              	.LFE56:
 622              		.section	.text.RCC_GetClocksFreq,"ax",@progbits
 623              		.align	1
 624              		.globl	RCC_GetClocksFreq
 626              	RCC_GetClocksFreq:
 627              	.LFB57:
 514:c:/Users/User/Documents/GitHub/ch32h417/EVT/EXAM/SRC/Peripheral/src\ch32h417_rcc.c **** 
 515:c:/Users/User/Documents/GitHub/ch32h417/EVT/EXAM/SRC/Peripheral/src\ch32h417_rcc.c **** /*********************************************************************
 516:c:/Users/User/Documents/GitHub/ch32h417/EVT/EXAM/SRC/Peripheral/src\ch32h417_rcc.c ****  * @fn      RCC_GetClocksFreq
 517:c:/Users/User/Documents/GitHub/ch32h417/EVT/EXAM/SRC/Peripheral/src\ch32h417_rcc.c ****  *
 518:c:/Users/User/Documents/GitHub/ch32h417/EVT/EXAM/SRC/Peripheral/src\ch32h417_rcc.c ****  * @brief   The result of this function could be not correct when using
 519:c:/Users/User/Documents/GitHub/ch32h417/EVT/EXAM/SRC/Peripheral/src\ch32h417_rcc.c ****  *        fractional value for HSE crystal.
 520:c:/Users/User/Documents/GitHub/ch32h417/EVT/EXAM/SRC/Peripheral/src\ch32h417_rcc.c ****  *
 521:c:/Users/User/Documents/GitHub/ch32h417/EVT/EXAM/SRC/Peripheral/src\ch32h417_rcc.c ****  * @param   RCC_Clocks - pointer to a RCC_ClocksTypeDef structure which will hold
 522:c:/Users/User/Documents/GitHub/ch32h417/EVT/EXAM/SRC/Peripheral/src\ch32h417_rcc.c ****  *        the clocks frequencies.
 523:c:/Users/User/Documents/GitHub/ch32h417/EVT/EXAM/SRC/Peripheral/src\ch32h417_rcc.c ****  *
 524:c:/Users/User/Documents/GitHub/ch32h417/EVT/EXAM/SRC/Peripheral/src\ch32h417_rcc.c ****  * @return  none
 525:c:/Users/User/Documents/GitHub/ch32h417/EVT/EXAM/SRC/Peripheral/src\ch32h417_rcc.c ****  */
 526:c:/Users/User/Documents/GitHub/ch32h417/EVT/EXAM/SRC/Peripheral/src\ch32h417_rcc.c **** void RCC_GetClocksFreq(RCC_ClocksTypeDef *RCC_Clocks)
 527:c:/Users/User/Documents/GitHub/ch32h417/EVT/EXAM/SRC/Peripheral/src\ch32h417_rcc.c **** {
 628              		.loc 1 527 1 is_stmt 1
 629              		.cfi_startproc
 630              	.LVL38:
 528:c:/Users/User/Documents/GitHub/ch32h417/EVT/EXAM/SRC/Peripheral/src\ch32h417_rcc.c ****     uint32_t tmp = 0,tmp1 = 0, tmp2 = 0, tmp3 = 0, pllmull = 0, pllsource = 0, presc = 0, presc1 = 
 631              		.loc 1 528 5
 529:c:/Users/User/Documents/GitHub/ch32h417/EVT/EXAM/SRC/Peripheral/src\ch32h417_rcc.c **** 
 530:c:/Users/User/Documents/GitHub/ch32h417/EVT/EXAM/SRC/Peripheral/src\ch32h417_rcc.c ****     tmp = RCC->CFGR0 & CFGR0_SWS_Mask;
 632              		.loc 1 530 5
 633              		.loc 1 530 14 is_stmt 0
 634 0000 B7170240 		li	a5,1073876992
 635 0004 D443     		lw	a3,4(a5)
 636              	.LVL39:
 531:c:/Users/User/Documents/GitHub/ch32h417/EVT/EXAM/SRC/Peripheral/src\ch32h417_rcc.c ****     tmp2 = RCC->PLLCFGR & RCC_SYSPLL_SEL;
 637              		.loc 1 531 5 is_stmt 1
 638              		.loc 1 531 15 is_stmt 0
 639 0006 9847     		lw	a4,8(a5)
 640              	.LVL40:
 532:c:/Users/User/Documents/GitHub/ch32h417/EVT/EXAM/SRC/Peripheral/src\ch32h417_rcc.c **** 
 533:c:/Users/User/Documents/GitHub/ch32h417/EVT/EXAM/SRC/Peripheral/src\ch32h417_rcc.c ****     switch(tmp)
 641              		.loc 1 533 5 is_stmt 1
 642 0008 2146     		li	a2,8
 530:c:/Users/User/Documents/GitHub/ch32h417/EVT/EXAM/SRC/Peripheral/src\ch32h417_rcc.c ****     tmp2 = RCC->PLLCFGR & RCC_SYSPLL_SEL;
 643              		.loc 1 530 9 is_stmt 0
 644 000a B18A     		andi	a3,a3,12
 645              	.LVL41:
 646              		.loc 1 533 5
 647 000c 6394C602 		bne	a3,a2,.L55
 534:c:/Users/User/Documents/GitHub/ch32h417/EVT/EXAM/SRC/Peripheral/src\ch32h417_rcc.c ****     {
 535:c:/Users/User/Documents/GitHub/ch32h417/EVT/EXAM/SRC/Peripheral/src\ch32h417_rcc.c ****         case 0x00:
 536:c:/Users/User/Documents/GitHub/ch32h417/EVT/EXAM/SRC/Peripheral/src\ch32h417_rcc.c ****             RCC_Clocks->SYSCLK_Frequency = HSI_VALUE;
 537:c:/Users/User/Documents/GitHub/ch32h417/EVT/EXAM/SRC/Peripheral/src\ch32h417_rcc.c ****             break;
 538:c:/Users/User/Documents/GitHub/ch32h417/EVT/EXAM/SRC/Peripheral/src\ch32h417_rcc.c **** 
 539:c:/Users/User/Documents/GitHub/ch32h417/EVT/EXAM/SRC/Peripheral/src\ch32h417_rcc.c ****         case 0x04:
 540:c:/Users/User/Documents/GitHub/ch32h417/EVT/EXAM/SRC/Peripheral/src\ch32h417_rcc.c ****             RCC_Clocks->SYSCLK_Frequency = HSE_VALUE;
 541:c:/Users/User/Documents/GitHub/ch32h417/EVT/EXAM/SRC/Peripheral/src\ch32h417_rcc.c ****             break;
 542:c:/Users/User/Documents/GitHub/ch32h417/EVT/EXAM/SRC/Peripheral/src\ch32h417_rcc.c **** 
 543:c:/Users/User/Documents/GitHub/ch32h417/EVT/EXAM/SRC/Peripheral/src\ch32h417_rcc.c ****         case 0x08:
 544:c:/Users/User/Documents/GitHub/ch32h417/EVT/EXAM/SRC/Peripheral/src\ch32h417_rcc.c ****             switch(tmp2)
 648              		.loc 1 544 13 is_stmt 1
 531:c:/Users/User/Documents/GitHub/ch32h417/EVT/EXAM/SRC/Peripheral/src\ch32h417_rcc.c **** 
 649              		.loc 1 531 10 is_stmt 0
 650 0010 B7060070 		li	a3,1879048192
 651              	.LVL42:
 652 0014 758F     		and	a4,a4,a3
 653              	.LVL43:
 654 0016 37060050 		li	a2,1342177280
 655 001a 6300C716 		beq	a4,a2,.L56
 656 001e 6360E602 		bgtu	a4,a2,.L42
 657 0022 1DC7     		beq	a4,zero,.L43
 658 0024 B7479C1C 		li	a5,480002048
 659 0028 B7060040 		li	a3,1073741824
 660 002c 93870780 		addi	a5,a5,-2048
 661              	.L63:
 662 0030 6307D706 		beq	a4,a3,.L41
 663              	.LVL44:
 664              	.L55:
 533:c:/Users/User/Documents/GitHub/ch32h417/EVT/EXAM/SRC/Peripheral/src\ch32h417_rcc.c ****     {
 665              		.loc 1 533 5
 666 0034 B7877D01 		li	a5,25001984
 667 0038 93870784 		addi	a5,a5,-1984
 668 003c 8DA0     		j	.L41
 669              	.LVL45:
 670              	.L42:
 671 003e 37060060 		li	a2,1610612736
 672 0042 630DC710 		beq	a4,a2,.L44
 673 0046 B7677307 		li	a5,125001728
 674 004a 93870794 		addi	a5,a5,-1728
 675 004e CDB7     		j	.L63
 676              	.L43:
 545:c:/Users/User/Documents/GitHub/ch32h417/EVT/EXAM/SRC/Peripheral/src\ch32h417_rcc.c ****             { 
 546:c:/Users/User/Documents/GitHub/ch32h417/EVT/EXAM/SRC/Peripheral/src\ch32h417_rcc.c ****                 case RCC_SYSPLL_PLL:
 547:c:/Users/User/Documents/GitHub/ch32h417/EVT/EXAM/SRC/Peripheral/src\ch32h417_rcc.c ****                     pllmull = RCC->PLLCFGR & RCC_PLLMUL;
 677              		.loc 1 547 21 is_stmt 1
 678              		.loc 1 547 34 is_stmt 0
 679 0050 9047     		lw	a2,8(a5)
 548:c:/Users/User/Documents/GitHub/ch32h417/EVT/EXAM/SRC/Peripheral/src\ch32h417_rcc.c ****                     pllsource = RCC->PLLCFGR & RCC_PLLSRC;
 680              		.loc 1 548 36
 681 0052 9447     		lw	a3,8(a5)
 549:c:/Users/User/Documents/GitHub/ch32h417/EVT/EXAM/SRC/Peripheral/src\ch32h417_rcc.c ****                     presc = (((RCC->PLLCFGR & RCC_PLL_SRC_DIV) >> 8) + 1);
 682              		.loc 1 549 35
 683 0054 9847     		lw	a4,8(a5)
 684              	.LVL46:
 550:c:/Users/User/Documents/GitHub/ch32h417/EVT/EXAM/SRC/Peripheral/src\ch32h417_rcc.c **** 
 551:c:/Users/User/Documents/GitHub/ch32h417/EVT/EXAM/SRC/Peripheral/src\ch32h417_rcc.c ****                     if(pllsource == 0xA0)
 685              		.loc 1 551 23
 686 0056 9305000A 		li	a1,160
 548:c:/Users/User/Documents/GitHub/ch32h417/EVT/EXAM/SRC/Peripheral/src\ch32h417_rcc.c ****                     presc = (((RCC->PLLCFGR & RCC_PLL_SRC_DIV) >> 8) + 1);
 687              		.loc 1 548 31
 688 005a 93F6060E 		andi	a3,a3,224
 549:c:/Users/User/Documents/GitHub/ch32h417/EVT/EXAM/SRC/Peripheral/src\ch32h417_rcc.c ****                     presc = (((RCC->PLLCFGR & RCC_PLL_SRC_DIV) >> 8) + 1);
 689              		.loc 1 549 64
 690 005e 2183     		srli	a4,a4,8
 691 0060 1377F703 		andi	a4,a4,63
 547:c:/Users/User/Documents/GitHub/ch32h417/EVT/EXAM/SRC/Peripheral/src\ch32h417_rcc.c ****                     pllsource = RCC->PLLCFGR & RCC_PLLSRC;
 692              		.loc 1 547 29
 693 0064 7D8A     		andi	a2,a2,31
 694              	.LVL47:
 548:c:/Users/User/Documents/GitHub/ch32h417/EVT/EXAM/SRC/Peripheral/src\ch32h417_rcc.c ****                     presc = (((RCC->PLLCFGR & RCC_PLL_SRC_DIV) >> 8) + 1);
 695              		.loc 1 548 21 is_stmt 1
 549:c:/Users/User/Documents/GitHub/ch32h417/EVT/EXAM/SRC/Peripheral/src\ch32h417_rcc.c **** 
 696              		.loc 1 549 21
 549:c:/Users/User/Documents/GitHub/ch32h417/EVT/EXAM/SRC/Peripheral/src\ch32h417_rcc.c **** 
 697              		.loc 1 549 27 is_stmt 0
 698 0066 0507     		addi	a4,a4,1
 699              	.LVL48:
 700              		.loc 1 551 21 is_stmt 1
 701              		.loc 1 551 23 is_stmt 0
 702 0068 639FB608 		bne	a3,a1,.L45
 552:c:/Users/User/Documents/GitHub/ch32h417/EVT/EXAM/SRC/Peripheral/src\ch32h417_rcc.c ****                     {
 553:c:/Users/User/Documents/GitHub/ch32h417/EVT/EXAM/SRC/Peripheral/src\ch32h417_rcc.c ****                         tmp1 = 500000000 / presc;
 703              		.loc 1 553 25 is_stmt 1
 704              		.loc 1 553 30 is_stmt 0
 705 006c B767CD1D 		li	a5,499998720
 706 0070 93870750 		addi	a5,a5,1280
 707              	.LVL49:
 708              	.L59:
 554:c:/Users/User/Documents/GitHub/ch32h417/EVT/EXAM/SRC/Peripheral/src\ch32h417_rcc.c ****                     }
 555:c:/Users/User/Documents/GitHub/ch32h417/EVT/EXAM/SRC/Peripheral/src\ch32h417_rcc.c ****                     else if(pllsource == 0xE0)
 556:c:/Users/User/Documents/GitHub/ch32h417/EVT/EXAM/SRC/Peripheral/src\ch32h417_rcc.c ****                     {
 557:c:/Users/User/Documents/GitHub/ch32h417/EVT/EXAM/SRC/Peripheral/src\ch32h417_rcc.c ****                         tmp1 = HSE_VALUE*SERDESPLLMULTable[RCC->PLLCFGR2>>16]/2/presc;
 558:c:/Users/User/Documents/GitHub/ch32h417/EVT/EXAM/SRC/Peripheral/src\ch32h417_rcc.c ****                     }
 559:c:/Users/User/Documents/GitHub/ch32h417/EVT/EXAM/SRC/Peripheral/src\ch32h417_rcc.c ****                     else if(pllsource == 0x80)
 560:c:/Users/User/Documents/GitHub/ch32h417/EVT/EXAM/SRC/Peripheral/src\ch32h417_rcc.c ****                     {
 561:c:/Users/User/Documents/GitHub/ch32h417/EVT/EXAM/SRC/Peripheral/src\ch32h417_rcc.c ****                         tmp1 = 480000000 / presc;
 562:c:/Users/User/Documents/GitHub/ch32h417/EVT/EXAM/SRC/Peripheral/src\ch32h417_rcc.c ****                     }
 563:c:/Users/User/Documents/GitHub/ch32h417/EVT/EXAM/SRC/Peripheral/src\ch32h417_rcc.c ****                     else if(pllsource == 0xC0)
 564:c:/Users/User/Documents/GitHub/ch32h417/EVT/EXAM/SRC/Peripheral/src\ch32h417_rcc.c ****                     {
 565:c:/Users/User/Documents/GitHub/ch32h417/EVT/EXAM/SRC/Peripheral/src\ch32h417_rcc.c ****                         tmp1 = 125000000 / presc;
 566:c:/Users/User/Documents/GitHub/ch32h417/EVT/EXAM/SRC/Peripheral/src\ch32h417_rcc.c ****                     }
 567:c:/Users/User/Documents/GitHub/ch32h417/EVT/EXAM/SRC/Peripheral/src\ch32h417_rcc.c ****                     else if(pllsource == 0x20)
 568:c:/Users/User/Documents/GitHub/ch32h417/EVT/EXAM/SRC/Peripheral/src\ch32h417_rcc.c ****                     {
 569:c:/Users/User/Documents/GitHub/ch32h417/EVT/EXAM/SRC/Peripheral/src\ch32h417_rcc.c ****                         tmp1 = HSE_VALUE / presc;
 709              		.loc 1 569 30
 710 0074 33D7E702 		divu	a4,a5,a4
 711              	.LVL50:
 570:c:/Users/User/Documents/GitHub/ch32h417/EVT/EXAM/SRC/Peripheral/src\ch32h417_rcc.c ****                     }
 571:c:/Users/User/Documents/GitHub/ch32h417/EVT/EXAM/SRC/Peripheral/src\ch32h417_rcc.c ****                     else
 572:c:/Users/User/Documents/GitHub/ch32h417/EVT/EXAM/SRC/Peripheral/src\ch32h417_rcc.c ****                     {
 573:c:/Users/User/Documents/GitHub/ch32h417/EVT/EXAM/SRC/Peripheral/src\ch32h417_rcc.c ****                         tmp1 = HSI_VALUE / presc;
 574:c:/Users/User/Documents/GitHub/ch32h417/EVT/EXAM/SRC/Peripheral/src\ch32h417_rcc.c ****                     }
 575:c:/Users/User/Documents/GitHub/ch32h417/EVT/EXAM/SRC/Peripheral/src\ch32h417_rcc.c **** 
 576:c:/Users/User/Documents/GitHub/ch32h417/EVT/EXAM/SRC/Peripheral/src\ch32h417_rcc.c ****                     if((pllmull == 4) || (pllmull == 6) || (pllmull == 8) || (pllmull == 10) || (pl
 712              		.loc 1 576 21 is_stmt 1
 713 0078 B7070000 		lui	a5,%hi(PLLMULTable)
 714 007c 93870700 		addi	a5,a5,%lo(PLLMULTable)
 577:c:/Users/User/Documents/GitHub/ch32h417/EVT/EXAM/SRC/Peripheral/src\ch32h417_rcc.c ****                     {
 578:c:/Users/User/Documents/GitHub/ch32h417/EVT/EXAM/SRC/Peripheral/src\ch32h417_rcc.c ****                         RCC_Clocks->SYSCLK_Frequency = (tmp1 * PLLMULTable[pllmull]) >> 1;
 579:c:/Users/User/Documents/GitHub/ch32h417/EVT/EXAM/SRC/Peripheral/src\ch32h417_rcc.c ****                     }
 580:c:/Users/User/Documents/GitHub/ch32h417/EVT/EXAM/SRC/Peripheral/src\ch32h417_rcc.c ****                     else
 581:c:/Users/User/Documents/GitHub/ch32h417/EVT/EXAM/SRC/Peripheral/src\ch32h417_rcc.c ****                     {
 582:c:/Users/User/Documents/GitHub/ch32h417/EVT/EXAM/SRC/Peripheral/src\ch32h417_rcc.c ****                         RCC_Clocks->SYSCLK_Frequency = tmp1 * PLLMULTable[pllmull];
 715              		.loc 1 582 74 is_stmt 0
 716 0080 B297     		add	a5,a5,a2
 717 0082 9C23     		lbu	a5,0(a5)
 576:c:/Users/User/Documents/GitHub/ch32h417/EVT/EXAM/SRC/Peripheral/src\ch32h417_rcc.c ****                     {
 718              		.loc 1 576 23
 719 0084 9146     		li	a3,4
 720              		.loc 1 582 61
 721 0086 B387E702 		mul	a5,a5,a4
 576:c:/Users/User/Documents/GitHub/ch32h417/EVT/EXAM/SRC/Peripheral/src\ch32h417_rcc.c ****                     {
 722              		.loc 1 576 23
 723 008a 6309D600 		beq	a2,a3,.L60
 724 008e 8566     		li	a3,4096
 725 0090 93860654 		addi	a3,a3,1344
 726 0094 B3D6C600 		srl	a3,a3,a2
 727 0098 858A     		andi	a3,a3,1
 728 009a 91C2     		beq	a3,zero,.L41
 729              	.LVL51:
 730              	.L60:
 583:c:/Users/User/Documents/GitHub/ch32h417/EVT/EXAM/SRC/Peripheral/src\ch32h417_rcc.c ****                     }
 584:c:/Users/User/Documents/GitHub/ch32h417/EVT/EXAM/SRC/Peripheral/src\ch32h417_rcc.c ****                     break;
 585:c:/Users/User/Documents/GitHub/ch32h417/EVT/EXAM/SRC/Peripheral/src\ch32h417_rcc.c **** 
 586:c:/Users/User/Documents/GitHub/ch32h417/EVT/EXAM/SRC/Peripheral/src\ch32h417_rcc.c ****                 case RCC_SYSPLL_USBHS:
 587:c:/Users/User/Documents/GitHub/ch32h417/EVT/EXAM/SRC/Peripheral/src\ch32h417_rcc.c ****                     RCC_Clocks->SYSCLK_Frequency = 480000000;
 588:c:/Users/User/Documents/GitHub/ch32h417/EVT/EXAM/SRC/Peripheral/src\ch32h417_rcc.c ****                     break;
 589:c:/Users/User/Documents/GitHub/ch32h417/EVT/EXAM/SRC/Peripheral/src\ch32h417_rcc.c **** 
 590:c:/Users/User/Documents/GitHub/ch32h417/EVT/EXAM/SRC/Peripheral/src\ch32h417_rcc.c ****                 case RCC_SYSPLL_ETH:
 591:c:/Users/User/Documents/GitHub/ch32h417/EVT/EXAM/SRC/Peripheral/src\ch32h417_rcc.c ****                     RCC_Clocks->SYSCLK_Frequency = 500000000;
 592:c:/Users/User/Documents/GitHub/ch32h417/EVT/EXAM/SRC/Peripheral/src\ch32h417_rcc.c ****                     break;
 593:c:/Users/User/Documents/GitHub/ch32h417/EVT/EXAM/SRC/Peripheral/src\ch32h417_rcc.c **** 
 594:c:/Users/User/Documents/GitHub/ch32h417/EVT/EXAM/SRC/Peripheral/src\ch32h417_rcc.c ****                 case RCC_SYSPLL_SERDES:                  
 595:c:/Users/User/Documents/GitHub/ch32h417/EVT/EXAM/SRC/Peripheral/src\ch32h417_rcc.c ****                     tmp1 = RCC->PLLCFGR2>>16;
 596:c:/Users/User/Documents/GitHub/ch32h417/EVT/EXAM/SRC/Peripheral/src\ch32h417_rcc.c ****                     RCC_Clocks->SYSCLK_Frequency = HSE_VALUE*SERDESPLLMULTable[tmp1]/2;
 731              		.loc 1 596 85
 732 009c 8583     		srli	a5,a5,1
 597:c:/Users/User/Documents/GitHub/ch32h417/EVT/EXAM/SRC/Peripheral/src\ch32h417_rcc.c ****                     break;
 733              		.loc 1 597 21 is_stmt 1
 734              	.L41:
 536:c:/Users/User/Documents/GitHub/ch32h417/EVT/EXAM/SRC/Peripheral/src\ch32h417_rcc.c ****             break;
 735              		.loc 1 536 42 is_stmt 0
 736 009e 1CC1     		sw	a5,0(a0)
 598:c:/Users/User/Documents/GitHub/ch32h417/EVT/EXAM/SRC/Peripheral/src\ch32h417_rcc.c **** 
 599:c:/Users/User/Documents/GitHub/ch32h417/EVT/EXAM/SRC/Peripheral/src\ch32h417_rcc.c ****                 case RCC_SYSPLL_USBSS:
 600:c:/Users/User/Documents/GitHub/ch32h417/EVT/EXAM/SRC/Peripheral/src\ch32h417_rcc.c ****                     RCC_Clocks->SYSCLK_Frequency = 125000000;
 601:c:/Users/User/Documents/GitHub/ch32h417/EVT/EXAM/SRC/Peripheral/src\ch32h417_rcc.c ****                     break;
 602:c:/Users/User/Documents/GitHub/ch32h417/EVT/EXAM/SRC/Peripheral/src\ch32h417_rcc.c **** 
 603:c:/Users/User/Documents/GitHub/ch32h417/EVT/EXAM/SRC/Peripheral/src\ch32h417_rcc.c ****                 default:
 604:c:/Users/User/Documents/GitHub/ch32h417/EVT/EXAM/SRC/Peripheral/src\ch32h417_rcc.c ****                     RCC_Clocks->SYSCLK_Frequency = HSI_VALUE;
 605:c:/Users/User/Documents/GitHub/ch32h417/EVT/EXAM/SRC/Peripheral/src\ch32h417_rcc.c ****                     break;
 606:c:/Users/User/Documents/GitHub/ch32h417/EVT/EXAM/SRC/Peripheral/src\ch32h417_rcc.c ****             }  
 607:c:/Users/User/Documents/GitHub/ch32h417/EVT/EXAM/SRC/Peripheral/src\ch32h417_rcc.c ****             break;
 608:c:/Users/User/Documents/GitHub/ch32h417/EVT/EXAM/SRC/Peripheral/src\ch32h417_rcc.c **** 
 609:c:/Users/User/Documents/GitHub/ch32h417/EVT/EXAM/SRC/Peripheral/src\ch32h417_rcc.c ****         default:
 610:c:/Users/User/Documents/GitHub/ch32h417/EVT/EXAM/SRC/Peripheral/src\ch32h417_rcc.c ****             RCC_Clocks->SYSCLK_Frequency = HSI_VALUE;
 611:c:/Users/User/Documents/GitHub/ch32h417/EVT/EXAM/SRC/Peripheral/src\ch32h417_rcc.c ****             break;
 612:c:/Users/User/Documents/GitHub/ch32h417/EVT/EXAM/SRC/Peripheral/src\ch32h417_rcc.c ****     }
 613:c:/Users/User/Documents/GitHub/ch32h417/EVT/EXAM/SRC/Peripheral/src\ch32h417_rcc.c **** 
 614:c:/Users/User/Documents/GitHub/ch32h417/EVT/EXAM/SRC/Peripheral/src\ch32h417_rcc.c ****     tmp = (RCC->CFGR0 & CFGR0_HPRE_Set_Mask) >> 4;
 737              		.loc 1 614 5 is_stmt 1
 738              		.loc 1 614 15 is_stmt 0
 739 00a0 37160240 		li	a2,1073876992
 740 00a4 5442     		lw	a3,4(a2)
 615:c:/Users/User/Documents/GitHub/ch32h417/EVT/EXAM/SRC/Peripheral/src\ch32h417_rcc.c ****     presc1 = HBPrescTable[tmp];
 741              		.loc 1 615 26
 742 00a6 37070000 		lui	a4,%hi(HBPrescTable)
 743 00aa 13070700 		addi	a4,a4,%lo(HBPrescTable)
 614:c:/Users/User/Documents/GitHub/ch32h417/EVT/EXAM/SRC/Peripheral/src\ch32h417_rcc.c ****     presc1 = HBPrescTable[tmp];
 744              		.loc 1 614 46
 745 00ae 9182     		srli	a3,a3,4
 614:c:/Users/User/Documents/GitHub/ch32h417/EVT/EXAM/SRC/Peripheral/src\ch32h417_rcc.c ****     presc1 = HBPrescTable[tmp];
 746              		.loc 1 614 9
 747 00b0 BD8A     		andi	a3,a3,15
 748              	.LVL52:
 749              		.loc 1 615 5 is_stmt 1
 750              		.loc 1 615 26 is_stmt 0
 751 00b2 3697     		add	a4,a4,a3
 752 00b4 1823     		lbu	a4,0(a4)
 753              	.LVL53:
 616:c:/Users/User/Documents/GitHub/ch32h417/EVT/EXAM/SRC/Peripheral/src\ch32h417_rcc.c **** 
 617:c:/Users/User/Documents/GitHub/ch32h417/EVT/EXAM/SRC/Peripheral/src\ch32h417_rcc.c ****     tmp3 = RCC_Clocks->SYSCLK_Frequency >> presc1;
 754              		.loc 1 617 5 is_stmt 1
 618:c:/Users/User/Documents/GitHub/ch32h417/EVT/EXAM/SRC/Peripheral/src\ch32h417_rcc.c ****   
 619:c:/Users/User/Documents/GitHub/ch32h417/EVT/EXAM/SRC/Peripheral/src\ch32h417_rcc.c ****     tmp = (RCC->CFGR0 & RCC_FPRE) >> 16;
 620:c:/Users/User/Documents/GitHub/ch32h417/EVT/EXAM/SRC/Peripheral/src\ch32h417_rcc.c ****     presc1 = FPRETable[tmp];
 755              		.loc 1 620 23 is_stmt 0
 756 00b6 B7060000 		lui	a3,%hi(FPRETable)
 757              	.LVL54:
 758 00ba 93860600 		addi	a3,a3,%lo(FPRETable)
 617:c:/Users/User/Documents/GitHub/ch32h417/EVT/EXAM/SRC/Peripheral/src\ch32h417_rcc.c ****   
 759              		.loc 1 617 10
 760 00be B3D7E700 		srl	a5,a5,a4
 761              	.LVL55:
 619:c:/Users/User/Documents/GitHub/ch32h417/EVT/EXAM/SRC/Peripheral/src\ch32h417_rcc.c ****     presc1 = FPRETable[tmp];
 762              		.loc 1 619 5 is_stmt 1
 619:c:/Users/User/Documents/GitHub/ch32h417/EVT/EXAM/SRC/Peripheral/src\ch32h417_rcc.c ****     presc1 = FPRETable[tmp];
 763              		.loc 1 619 15 is_stmt 0
 764 00c2 5842     		lw	a4,4(a2)
 765              	.LVL56:
 766              	.LBB6:
 767              	.LBB7:
 768              		.file 2 "c:/Users/User/Documents/GitHub/ch32h417/EVT/EXAM/SRC/Core/core_riscv.h"
   1:c:/Users/User/Documents/GitHub/ch32h417/EVT/EXAM/SRC/Core\core_riscv.h **** /********************************** (C) COPYRIGHT  *******************************
   2:c:/Users/User/Documents/GitHub/ch32h417/EVT/EXAM/SRC/Core\core_riscv.h **** * File Name          : core_riscv.h
   3:c:/Users/User/Documents/GitHub/ch32h417/EVT/EXAM/SRC/Core\core_riscv.h **** * Author             : WCH
   4:c:/Users/User/Documents/GitHub/ch32h417/EVT/EXAM/SRC/Core\core_riscv.h **** * Version            : V1.0.2
   5:c:/Users/User/Documents/GitHub/ch32h417/EVT/EXAM/SRC/Core\core_riscv.h **** * Date               : 2026/03/18
   6:c:/Users/User/Documents/GitHub/ch32h417/EVT/EXAM/SRC/Core\core_riscv.h **** * Description        : RISC-V V3F_V5F Core Peripheral Access Layer Header File for CH32H417_416_415
   7:c:/Users/User/Documents/GitHub/ch32h417/EVT/EXAM/SRC/Core\core_riscv.h **** *********************************************************************************
   8:c:/Users/User/Documents/GitHub/ch32h417/EVT/EXAM/SRC/Core\core_riscv.h **** * Copyright (c) 2025 Nanjing Qinheng Microelectronics Co., Ltd.
   9:c:/Users/User/Documents/GitHub/ch32h417/EVT/EXAM/SRC/Core\core_riscv.h **** * Attention: This software (modified or not) and binary are used for 
  10:c:/Users/User/Documents/GitHub/ch32h417/EVT/EXAM/SRC/Core\core_riscv.h **** * microcontroller manufactured by Nanjing Qinheng Microelectronics.
  11:c:/Users/User/Documents/GitHub/ch32h417/EVT/EXAM/SRC/Core\core_riscv.h **** *******************************************************************************/
  12:c:/Users/User/Documents/GitHub/ch32h417/EVT/EXAM/SRC/Core\core_riscv.h **** #ifndef __CORE_RISCV_H__
  13:c:/Users/User/Documents/GitHub/ch32h417/EVT/EXAM/SRC/Core\core_riscv.h **** #define __CORE_RISCV_H__
  14:c:/Users/User/Documents/GitHub/ch32h417/EVT/EXAM/SRC/Core\core_riscv.h **** 
  15:c:/Users/User/Documents/GitHub/ch32h417/EVT/EXAM/SRC/Core\core_riscv.h **** #ifdef __cplusplus
  16:c:/Users/User/Documents/GitHub/ch32h417/EVT/EXAM/SRC/Core\core_riscv.h ****  extern "C" {
  17:c:/Users/User/Documents/GitHub/ch32h417/EVT/EXAM/SRC/Core\core_riscv.h **** #endif
  18:c:/Users/User/Documents/GitHub/ch32h417/EVT/EXAM/SRC/Core\core_riscv.h **** 
  19:c:/Users/User/Documents/GitHub/ch32h417/EVT/EXAM/SRC/Core\core_riscv.h **** /* IO definitions */
  20:c:/Users/User/Documents/GitHub/ch32h417/EVT/EXAM/SRC/Core\core_riscv.h **** #ifdef __cplusplus
  21:c:/Users/User/Documents/GitHub/ch32h417/EVT/EXAM/SRC/Core\core_riscv.h ****   #define     __I     volatile                /* defines 'read only' permissions    */
  22:c:/Users/User/Documents/GitHub/ch32h417/EVT/EXAM/SRC/Core\core_riscv.h **** #else
  23:c:/Users/User/Documents/GitHub/ch32h417/EVT/EXAM/SRC/Core\core_riscv.h ****   #define     __I     volatile const          /* defines 'read only' permissions    */
  24:c:/Users/User/Documents/GitHub/ch32h417/EVT/EXAM/SRC/Core\core_riscv.h **** #endif
  25:c:/Users/User/Documents/GitHub/ch32h417/EVT/EXAM/SRC/Core\core_riscv.h **** #define       __O     volatile                /* defines 'write only' permissions   */
  26:c:/Users/User/Documents/GitHub/ch32h417/EVT/EXAM/SRC/Core\core_riscv.h **** #define       __IO    volatile                /* defines 'read / write' permissions */
  27:c:/Users/User/Documents/GitHub/ch32h417/EVT/EXAM/SRC/Core\core_riscv.h **** 
  28:c:/Users/User/Documents/GitHub/ch32h417/EVT/EXAM/SRC/Core\core_riscv.h **** /* Standard Peripheral Library old types (maintained for legacy purpose) */
  29:c:/Users/User/Documents/GitHub/ch32h417/EVT/EXAM/SRC/Core\core_riscv.h **** typedef __I uint64_t vuc64;  /* Read Only */
  30:c:/Users/User/Documents/GitHub/ch32h417/EVT/EXAM/SRC/Core\core_riscv.h **** typedef __I uint32_t vuc32;  /* Read Only */
  31:c:/Users/User/Documents/GitHub/ch32h417/EVT/EXAM/SRC/Core\core_riscv.h **** typedef __I uint16_t vuc16;  /* Read Only */
  32:c:/Users/User/Documents/GitHub/ch32h417/EVT/EXAM/SRC/Core\core_riscv.h **** typedef __I uint8_t  vuc8;   /* Read Only */
  33:c:/Users/User/Documents/GitHub/ch32h417/EVT/EXAM/SRC/Core\core_riscv.h **** 
  34:c:/Users/User/Documents/GitHub/ch32h417/EVT/EXAM/SRC/Core\core_riscv.h **** typedef const uint64_t uc64;  /* Read Only */
  35:c:/Users/User/Documents/GitHub/ch32h417/EVT/EXAM/SRC/Core\core_riscv.h **** typedef const uint32_t uc32;  /* Read Only */
  36:c:/Users/User/Documents/GitHub/ch32h417/EVT/EXAM/SRC/Core\core_riscv.h **** typedef const uint16_t uc16;  /* Read Only */
  37:c:/Users/User/Documents/GitHub/ch32h417/EVT/EXAM/SRC/Core\core_riscv.h **** typedef const uint8_t  uc8;   /* Read Only */
  38:c:/Users/User/Documents/GitHub/ch32h417/EVT/EXAM/SRC/Core\core_riscv.h **** 
  39:c:/Users/User/Documents/GitHub/ch32h417/EVT/EXAM/SRC/Core\core_riscv.h **** typedef __I int64_t vsc64;  /* Read Only */
  40:c:/Users/User/Documents/GitHub/ch32h417/EVT/EXAM/SRC/Core\core_riscv.h **** typedef __I int32_t vsc32;  /* Read Only */
  41:c:/Users/User/Documents/GitHub/ch32h417/EVT/EXAM/SRC/Core\core_riscv.h **** typedef __I int16_t vsc16;  /* Read Only */
  42:c:/Users/User/Documents/GitHub/ch32h417/EVT/EXAM/SRC/Core\core_riscv.h **** typedef __I int8_t  vsc8;   /* Read Only */
  43:c:/Users/User/Documents/GitHub/ch32h417/EVT/EXAM/SRC/Core\core_riscv.h **** 
  44:c:/Users/User/Documents/GitHub/ch32h417/EVT/EXAM/SRC/Core\core_riscv.h **** typedef const int64_t sc64;  /* Read Only */
  45:c:/Users/User/Documents/GitHub/ch32h417/EVT/EXAM/SRC/Core\core_riscv.h **** typedef const int32_t sc32;  /* Read Only */
  46:c:/Users/User/Documents/GitHub/ch32h417/EVT/EXAM/SRC/Core\core_riscv.h **** typedef const int16_t sc16;  /* Read Only */
  47:c:/Users/User/Documents/GitHub/ch32h417/EVT/EXAM/SRC/Core\core_riscv.h **** typedef const int8_t  sc8;   /* Read Only */
  48:c:/Users/User/Documents/GitHub/ch32h417/EVT/EXAM/SRC/Core\core_riscv.h **** 
  49:c:/Users/User/Documents/GitHub/ch32h417/EVT/EXAM/SRC/Core\core_riscv.h **** typedef __IO uint64_t  vu64;
  50:c:/Users/User/Documents/GitHub/ch32h417/EVT/EXAM/SRC/Core\core_riscv.h **** typedef __IO uint32_t  vu32;
  51:c:/Users/User/Documents/GitHub/ch32h417/EVT/EXAM/SRC/Core\core_riscv.h **** typedef __IO uint16_t  vu16;
  52:c:/Users/User/Documents/GitHub/ch32h417/EVT/EXAM/SRC/Core\core_riscv.h **** typedef __IO uint8_t   vu8;
  53:c:/Users/User/Documents/GitHub/ch32h417/EVT/EXAM/SRC/Core\core_riscv.h **** 
  54:c:/Users/User/Documents/GitHub/ch32h417/EVT/EXAM/SRC/Core\core_riscv.h **** typedef uint64_t  u64;
  55:c:/Users/User/Documents/GitHub/ch32h417/EVT/EXAM/SRC/Core\core_riscv.h **** typedef uint32_t  u32;
  56:c:/Users/User/Documents/GitHub/ch32h417/EVT/EXAM/SRC/Core\core_riscv.h **** typedef uint16_t  u16;
  57:c:/Users/User/Documents/GitHub/ch32h417/EVT/EXAM/SRC/Core\core_riscv.h **** typedef uint8_t   u8;
  58:c:/Users/User/Documents/GitHub/ch32h417/EVT/EXAM/SRC/Core\core_riscv.h **** 
  59:c:/Users/User/Documents/GitHub/ch32h417/EVT/EXAM/SRC/Core\core_riscv.h **** typedef __IO int64_t  vs64;
  60:c:/Users/User/Documents/GitHub/ch32h417/EVT/EXAM/SRC/Core\core_riscv.h **** typedef __IO int32_t  vs32;
  61:c:/Users/User/Documents/GitHub/ch32h417/EVT/EXAM/SRC/Core\core_riscv.h **** typedef __IO int16_t  vs16;
  62:c:/Users/User/Documents/GitHub/ch32h417/EVT/EXAM/SRC/Core\core_riscv.h **** typedef __IO int8_t   vs8;
  63:c:/Users/User/Documents/GitHub/ch32h417/EVT/EXAM/SRC/Core\core_riscv.h **** 
  64:c:/Users/User/Documents/GitHub/ch32h417/EVT/EXAM/SRC/Core\core_riscv.h **** typedef int64_t  s64;
  65:c:/Users/User/Documents/GitHub/ch32h417/EVT/EXAM/SRC/Core\core_riscv.h **** typedef int32_t  s32;
  66:c:/Users/User/Documents/GitHub/ch32h417/EVT/EXAM/SRC/Core\core_riscv.h **** typedef int16_t  s16;
  67:c:/Users/User/Documents/GitHub/ch32h417/EVT/EXAM/SRC/Core\core_riscv.h **** typedef int8_t   s8;
  68:c:/Users/User/Documents/GitHub/ch32h417/EVT/EXAM/SRC/Core\core_riscv.h **** 
  69:c:/Users/User/Documents/GitHub/ch32h417/EVT/EXAM/SRC/Core\core_riscv.h **** typedef enum {NoREADY = 0, READY = !NoREADY} ErrorStatus;
  70:c:/Users/User/Documents/GitHub/ch32h417/EVT/EXAM/SRC/Core\core_riscv.h **** 
  71:c:/Users/User/Documents/GitHub/ch32h417/EVT/EXAM/SRC/Core\core_riscv.h **** typedef enum {DISABLE = 0, ENABLE = !DISABLE} FunctionalState;
  72:c:/Users/User/Documents/GitHub/ch32h417/EVT/EXAM/SRC/Core\core_riscv.h **** 
  73:c:/Users/User/Documents/GitHub/ch32h417/EVT/EXAM/SRC/Core\core_riscv.h **** typedef enum {RESET = 0, SET = !RESET} FlagStatus, ITStatus;
  74:c:/Users/User/Documents/GitHub/ch32h417/EVT/EXAM/SRC/Core\core_riscv.h **** 
  75:c:/Users/User/Documents/GitHub/ch32h417/EVT/EXAM/SRC/Core\core_riscv.h **** #define RV_STATIC_INLINE  static inline
  76:c:/Users/User/Documents/GitHub/ch32h417/EVT/EXAM/SRC/Core\core_riscv.h **** 
  77:c:/Users/User/Documents/GitHub/ch32h417/EVT/EXAM/SRC/Core\core_riscv.h **** /* memory mapped structure for HSEM */
  78:c:/Users/User/Documents/GitHub/ch32h417/EVT/EXAM/SRC/Core\core_riscv.h **** typedef struct
  79:c:/Users/User/Documents/GitHub/ch32h417/EVT/EXAM/SRC/Core\core_riscv.h **** {
  80:c:/Users/User/Documents/GitHub/ch32h417/EVT/EXAM/SRC/Core\core_riscv.h ****   __IO uint32_t RX[32];
  81:c:/Users/User/Documents/GitHub/ch32h417/EVT/EXAM/SRC/Core\core_riscv.h ****   uint8_t RESERVED0[0x80];
  82:c:/Users/User/Documents/GitHub/ch32h417/EVT/EXAM/SRC/Core\core_riscv.h ****   __I  uint32_t RLRX[32]; 
  83:c:/Users/User/Documents/GitHub/ch32h417/EVT/EXAM/SRC/Core\core_riscv.h ****   uint8_t RESERVED1[0x80];
  84:c:/Users/User/Documents/GitHub/ch32h417/EVT/EXAM/SRC/Core\core_riscv.h ****   __IO uint32_t LSE;
  85:c:/Users/User/Documents/GitHub/ch32h417/EVT/EXAM/SRC/Core\core_riscv.h ****   uint8_t RESERVED2[4];
  86:c:/Users/User/Documents/GitHub/ch32h417/EVT/EXAM/SRC/Core\core_riscv.h ****   __IO uint32_t CLR;
  87:c:/Users/User/Documents/GitHub/ch32h417/EVT/EXAM/SRC/Core\core_riscv.h ****   __IO uint32_t KEY;
  88:c:/Users/User/Documents/GitHub/ch32h417/EVT/EXAM/SRC/Core\core_riscv.h ****   uint8_t RESERVED3[0xF0];
  89:c:/Users/User/Documents/GitHub/ch32h417/EVT/EXAM/SRC/Core\core_riscv.h ****   __IO uint32_t IER;
  90:c:/Users/User/Documents/GitHub/ch32h417/EVT/EXAM/SRC/Core\core_riscv.h ****   uint8_t RESERVED4[4];
  91:c:/Users/User/Documents/GitHub/ch32h417/EVT/EXAM/SRC/Core\core_riscv.h ****   __IO uint32_t ISR;
  92:c:/Users/User/Documents/GitHub/ch32h417/EVT/EXAM/SRC/Core\core_riscv.h ****   uint8_t RESERVE5[4];
  93:c:/Users/User/Documents/GitHub/ch32h417/EVT/EXAM/SRC/Core\core_riscv.h ****   __I  uint32_t ISM;
  94:c:/Users/User/Documents/GitHub/ch32h417/EVT/EXAM/SRC/Core\core_riscv.h ****   uint8_t RESERVED6[4];
  95:c:/Users/User/Documents/GitHub/ch32h417/EVT/EXAM/SRC/Core\core_riscv.h ****   __I  uint32_t LSM;
  96:c:/Users/User/Documents/GitHub/ch32h417/EVT/EXAM/SRC/Core\core_riscv.h **** }HSEM_Type;
  97:c:/Users/User/Documents/GitHub/ch32h417/EVT/EXAM/SRC/Core\core_riscv.h **** 
  98:c:/Users/User/Documents/GitHub/ch32h417/EVT/EXAM/SRC/Core\core_riscv.h **** /* memory mapped structure for IPC */
  99:c:/Users/User/Documents/GitHub/ch32h417/EVT/EXAM/SRC/Core\core_riscv.h **** typedef struct
 100:c:/Users/User/Documents/GitHub/ch32h417/EVT/EXAM/SRC/Core\core_riscv.h **** {
 101:c:/Users/User/Documents/GitHub/ch32h417/EVT/EXAM/SRC/Core\core_riscv.h ****   __IO uint32_t CTLR;
 102:c:/Users/User/Documents/GitHub/ch32h417/EVT/EXAM/SRC/Core\core_riscv.h ****   __I  uint32_t ISR;
 103:c:/Users/User/Documents/GitHub/ch32h417/EVT/EXAM/SRC/Core\core_riscv.h ****   __I  uint32_t ISM;
 104:c:/Users/User/Documents/GitHub/ch32h417/EVT/EXAM/SRC/Core\core_riscv.h ****   uint32_t RESERVED0;
 105:c:/Users/User/Documents/GitHub/ch32h417/EVT/EXAM/SRC/Core\core_riscv.h ****   __IO uint32_t ENA;
 106:c:/Users/User/Documents/GitHub/ch32h417/EVT/EXAM/SRC/Core\core_riscv.h ****   __IO uint32_t STS;
 107:c:/Users/User/Documents/GitHub/ch32h417/EVT/EXAM/SRC/Core\core_riscv.h ****   __O uint32_t SET;
 108:c:/Users/User/Documents/GitHub/ch32h417/EVT/EXAM/SRC/Core\core_riscv.h ****   __O uint32_t CLR;
 109:c:/Users/User/Documents/GitHub/ch32h417/EVT/EXAM/SRC/Core\core_riscv.h ****   __IO uint32_t MSG[4];
 110:c:/Users/User/Documents/GitHub/ch32h417/EVT/EXAM/SRC/Core\core_riscv.h **** }IPC_Type;
 111:c:/Users/User/Documents/GitHub/ch32h417/EVT/EXAM/SRC/Core\core_riscv.h **** 
 112:c:/Users/User/Documents/GitHub/ch32h417/EVT/EXAM/SRC/Core\core_riscv.h **** /* memory mapped structure for Program Fast Interrupt Controller (PFIC) */
 113:c:/Users/User/Documents/GitHub/ch32h417/EVT/EXAM/SRC/Core\core_riscv.h **** typedef struct{
 114:c:/Users/User/Documents/GitHub/ch32h417/EVT/EXAM/SRC/Core\core_riscv.h ****   __I  uint32_t ISR[8];
 115:c:/Users/User/Documents/GitHub/ch32h417/EVT/EXAM/SRC/Core\core_riscv.h ****   __I  uint32_t IPR[8];
 116:c:/Users/User/Documents/GitHub/ch32h417/EVT/EXAM/SRC/Core\core_riscv.h ****   __IO uint32_t ITHRESDR;
 117:c:/Users/User/Documents/GitHub/ch32h417/EVT/EXAM/SRC/Core\core_riscv.h ****   uint32_t RESERVED;
 118:c:/Users/User/Documents/GitHub/ch32h417/EVT/EXAM/SRC/Core\core_riscv.h ****   __IO uint32_t CFGR;
 119:c:/Users/User/Documents/GitHub/ch32h417/EVT/EXAM/SRC/Core\core_riscv.h ****   __I  uint32_t GISR;
 120:c:/Users/User/Documents/GitHub/ch32h417/EVT/EXAM/SRC/Core\core_riscv.h ****   __IO uint8_t VTFIDR[4];
 121:c:/Users/User/Documents/GitHub/ch32h417/EVT/EXAM/SRC/Core\core_riscv.h ****   uint8_t RESERVED0[12];
 122:c:/Users/User/Documents/GitHub/ch32h417/EVT/EXAM/SRC/Core\core_riscv.h ****   __IO uint32_t VTFADDR[4];
 123:c:/Users/User/Documents/GitHub/ch32h417/EVT/EXAM/SRC/Core\core_riscv.h ****   uint8_t RESERVED1[0x90];
 124:c:/Users/User/Documents/GitHub/ch32h417/EVT/EXAM/SRC/Core\core_riscv.h ****   __O  uint32_t IENR[8];
 125:c:/Users/User/Documents/GitHub/ch32h417/EVT/EXAM/SRC/Core\core_riscv.h ****   uint8_t RESERVED2[0x60];
 126:c:/Users/User/Documents/GitHub/ch32h417/EVT/EXAM/SRC/Core\core_riscv.h ****   __O  uint32_t IRER[8];
 127:c:/Users/User/Documents/GitHub/ch32h417/EVT/EXAM/SRC/Core\core_riscv.h ****   uint8_t RESERVED3[0x60];
 128:c:/Users/User/Documents/GitHub/ch32h417/EVT/EXAM/SRC/Core\core_riscv.h ****   __O  uint32_t IPSR[8];
 129:c:/Users/User/Documents/GitHub/ch32h417/EVT/EXAM/SRC/Core\core_riscv.h ****   uint8_t RESERVED4[0x60];
 130:c:/Users/User/Documents/GitHub/ch32h417/EVT/EXAM/SRC/Core\core_riscv.h ****   __O  uint32_t IPRR[8];
 131:c:/Users/User/Documents/GitHub/ch32h417/EVT/EXAM/SRC/Core\core_riscv.h ****   uint8_t RESERVED5[0x60];
 132:c:/Users/User/Documents/GitHub/ch32h417/EVT/EXAM/SRC/Core\core_riscv.h ****   __IO uint32_t IACTR[8];
 133:c:/Users/User/Documents/GitHub/ch32h417/EVT/EXAM/SRC/Core\core_riscv.h ****   uint8_t RESERVED6[0xE0];
 134:c:/Users/User/Documents/GitHub/ch32h417/EVT/EXAM/SRC/Core\core_riscv.h ****   __IO uint8_t IPRIOR[256];
 135:c:/Users/User/Documents/GitHub/ch32h417/EVT/EXAM/SRC/Core\core_riscv.h ****   uint8_t RESERVED7[0x100]; 
 136:c:/Users/User/Documents/GitHub/ch32h417/EVT/EXAM/SRC/Core\core_riscv.h ****   __IO uint8_t IALLOCR[256];
 137:c:/Users/User/Documents/GitHub/ch32h417/EVT/EXAM/SRC/Core\core_riscv.h ****   __I  uint32_t IAUTR[8];
 138:c:/Users/User/Documents/GitHub/ch32h417/EVT/EXAM/SRC/Core\core_riscv.h ****   __IO uint32_t WAKEIP[2];
 139:c:/Users/User/Documents/GitHub/ch32h417/EVT/EXAM/SRC/Core\core_riscv.h ****   uint8_t RESERVED8[0x58]; 
 140:c:/Users/User/Documents/GitHub/ch32h417/EVT/EXAM/SRC/Core\core_riscv.h ****   __I  uint32_t CSTAR[2];
 141:c:/Users/User/Documents/GitHub/ch32h417/EVT/EXAM/SRC/Core\core_riscv.h ****   uint8_t RESERVED9[0x4F8]; 
 142:c:/Users/User/Documents/GitHub/ch32h417/EVT/EXAM/SRC/Core\core_riscv.h ****   __IO uint32_t EENR;
 143:c:/Users/User/Documents/GitHub/ch32h417/EVT/EXAM/SRC/Core\core_riscv.h ****   __IO uint32_t EPR;
 144:c:/Users/User/Documents/GitHub/ch32h417/EVT/EXAM/SRC/Core\core_riscv.h ****   __IO uint32_t EWUPR;
 145:c:/Users/User/Documents/GitHub/ch32h417/EVT/EXAM/SRC/Core\core_riscv.h ****   uint8_t RESERVED10[0x84]; 
 146:c:/Users/User/Documents/GitHub/ch32h417/EVT/EXAM/SRC/Core\core_riscv.h ****   __IO uint32_t SCTLR;
 147:c:/Users/User/Documents/GitHub/ch32h417/EVT/EXAM/SRC/Core\core_riscv.h **** }PFIC_Type;
 148:c:/Users/User/Documents/GitHub/ch32h417/EVT/EXAM/SRC/Core\core_riscv.h **** 
 149:c:/Users/User/Documents/GitHub/ch32h417/EVT/EXAM/SRC/Core\core_riscv.h **** /* memory mapped structure for SysTick */
 150:c:/Users/User/Documents/GitHub/ch32h417/EVT/EXAM/SRC/Core\core_riscv.h **** typedef struct
 151:c:/Users/User/Documents/GitHub/ch32h417/EVT/EXAM/SRC/Core\core_riscv.h **** {
 152:c:/Users/User/Documents/GitHub/ch32h417/EVT/EXAM/SRC/Core\core_riscv.h ****   __IO uint32_t CTLR;
 153:c:/Users/User/Documents/GitHub/ch32h417/EVT/EXAM/SRC/Core\core_riscv.h ****   __IO uint32_t ISR;  //only for SysTick0
 154:c:/Users/User/Documents/GitHub/ch32h417/EVT/EXAM/SRC/Core\core_riscv.h ****   __IO uint32_t CNT;
 155:c:/Users/User/Documents/GitHub/ch32h417/EVT/EXAM/SRC/Core\core_riscv.h ****   uint32_t RESERVED0;
 156:c:/Users/User/Documents/GitHub/ch32h417/EVT/EXAM/SRC/Core\core_riscv.h ****   __IO uint32_t CMP;
 157:c:/Users/User/Documents/GitHub/ch32h417/EVT/EXAM/SRC/Core\core_riscv.h **** }SysTick_Type;
 158:c:/Users/User/Documents/GitHub/ch32h417/EVT/EXAM/SRC/Core\core_riscv.h **** 
 159:c:/Users/User/Documents/GitHub/ch32h417/EVT/EXAM/SRC/Core\core_riscv.h **** #define HSEM          ((HSEM_Type *) 0xE000C000 )
 160:c:/Users/User/Documents/GitHub/ch32h417/EVT/EXAM/SRC/Core\core_riscv.h **** #define IPC           ((IPC_Type *) 0xE000D000 )
 161:c:/Users/User/Documents/GitHub/ch32h417/EVT/EXAM/SRC/Core\core_riscv.h **** #define PFIC          ((PFIC_Type *) 0xE000E000 )
 162:c:/Users/User/Documents/GitHub/ch32h417/EVT/EXAM/SRC/Core\core_riscv.h **** #define NVIC          PFIC
 163:c:/Users/User/Documents/GitHub/ch32h417/EVT/EXAM/SRC/Core\core_riscv.h **** #define	NVIC_KEY3		  ((uint32_t)0xBEEF0000)
 164:c:/Users/User/Documents/GitHub/ch32h417/EVT/EXAM/SRC/Core\core_riscv.h **** 
 165:c:/Users/User/Documents/GitHub/ch32h417/EVT/EXAM/SRC/Core\core_riscv.h **** #define SysTick0      ((SysTick_Type *) 0xE000F000)
 166:c:/Users/User/Documents/GitHub/ch32h417/EVT/EXAM/SRC/Core\core_riscv.h **** #define SysTick1      ((SysTick_Type *) 0xE000F080)
 167:c:/Users/User/Documents/GitHub/ch32h417/EVT/EXAM/SRC/Core\core_riscv.h **** 
 168:c:/Users/User/Documents/GitHub/ch32h417/EVT/EXAM/SRC/Core\core_riscv.h **** /* Core_ID */
 169:c:/Users/User/Documents/GitHub/ch32h417/EVT/EXAM/SRC/Core\core_riscv.h **** #define Core_ID_V3F   ((uint8_t)0x00)
 170:c:/Users/User/Documents/GitHub/ch32h417/EVT/EXAM/SRC/Core\core_riscv.h **** #define Core_ID_V5F   ((uint8_t)0x01)
 171:c:/Users/User/Documents/GitHub/ch32h417/EVT/EXAM/SRC/Core\core_riscv.h **** 
 172:c:/Users/User/Documents/GitHub/ch32h417/EVT/EXAM/SRC/Core\core_riscv.h **** 
 173:c:/Users/User/Documents/GitHub/ch32h417/EVT/EXAM/SRC/Core\core_riscv.h **** extern volatile uint32_t WFE_MASK;
 174:c:/Users/User/Documents/GitHub/ch32h417/EVT/EXAM/SRC/Core\core_riscv.h **** extern volatile uint32_t WFE_WkupSource;
 175:c:/Users/User/Documents/GitHub/ch32h417/EVT/EXAM/SRC/Core\core_riscv.h **** /*********************************************************************
 176:c:/Users/User/Documents/GitHub/ch32h417/EVT/EXAM/SRC/Core\core_riscv.h ****  * @fn      __enable_irq
 177:c:/Users/User/Documents/GitHub/ch32h417/EVT/EXAM/SRC/Core\core_riscv.h ****  *
 178:c:/Users/User/Documents/GitHub/ch32h417/EVT/EXAM/SRC/Core\core_riscv.h ****  * @brief   Enable Global Interrupt
 179:c:/Users/User/Documents/GitHub/ch32h417/EVT/EXAM/SRC/Core\core_riscv.h ****  *
 180:c:/Users/User/Documents/GitHub/ch32h417/EVT/EXAM/SRC/Core\core_riscv.h ****  * @return  none
 181:c:/Users/User/Documents/GitHub/ch32h417/EVT/EXAM/SRC/Core\core_riscv.h ****  */
 182:c:/Users/User/Documents/GitHub/ch32h417/EVT/EXAM/SRC/Core\core_riscv.h **** __attribute__( ( always_inline ) ) RV_STATIC_INLINE void __enable_irq()
 183:c:/Users/User/Documents/GitHub/ch32h417/EVT/EXAM/SRC/Core\core_riscv.h **** {
 184:c:/Users/User/Documents/GitHub/ch32h417/EVT/EXAM/SRC/Core\core_riscv.h ****   __asm volatile ("csrs 0x800, %0" : : "r" (0x88) );
 185:c:/Users/User/Documents/GitHub/ch32h417/EVT/EXAM/SRC/Core\core_riscv.h **** }
 186:c:/Users/User/Documents/GitHub/ch32h417/EVT/EXAM/SRC/Core\core_riscv.h **** 
 187:c:/Users/User/Documents/GitHub/ch32h417/EVT/EXAM/SRC/Core\core_riscv.h **** /*********************************************************************
 188:c:/Users/User/Documents/GitHub/ch32h417/EVT/EXAM/SRC/Core\core_riscv.h ****  * @fn      __disable_irq
 189:c:/Users/User/Documents/GitHub/ch32h417/EVT/EXAM/SRC/Core\core_riscv.h ****  *
 190:c:/Users/User/Documents/GitHub/ch32h417/EVT/EXAM/SRC/Core\core_riscv.h ****  * @brief   Disable Global Interrupt
 191:c:/Users/User/Documents/GitHub/ch32h417/EVT/EXAM/SRC/Core\core_riscv.h ****  *
 192:c:/Users/User/Documents/GitHub/ch32h417/EVT/EXAM/SRC/Core\core_riscv.h ****  * @return  none
 193:c:/Users/User/Documents/GitHub/ch32h417/EVT/EXAM/SRC/Core\core_riscv.h ****  */
 194:c:/Users/User/Documents/GitHub/ch32h417/EVT/EXAM/SRC/Core\core_riscv.h **** __attribute__( ( always_inline ) ) RV_STATIC_INLINE void __disable_irq()
 195:c:/Users/User/Documents/GitHub/ch32h417/EVT/EXAM/SRC/Core\core_riscv.h **** {
 196:c:/Users/User/Documents/GitHub/ch32h417/EVT/EXAM/SRC/Core\core_riscv.h ****   __asm volatile ("csrc 0x800, %0" : : "r" (0x88) );
 197:c:/Users/User/Documents/GitHub/ch32h417/EVT/EXAM/SRC/Core\core_riscv.h ****   __asm volatile ("fence.i");
 198:c:/Users/User/Documents/GitHub/ch32h417/EVT/EXAM/SRC/Core\core_riscv.h **** }
 199:c:/Users/User/Documents/GitHub/ch32h417/EVT/EXAM/SRC/Core\core_riscv.h **** 
 200:c:/Users/User/Documents/GitHub/ch32h417/EVT/EXAM/SRC/Core\core_riscv.h **** /*********************************************************************
 201:c:/Users/User/Documents/GitHub/ch32h417/EVT/EXAM/SRC/Core\core_riscv.h ****  * @fn      __NOP
 202:c:/Users/User/Documents/GitHub/ch32h417/EVT/EXAM/SRC/Core\core_riscv.h ****  *
 203:c:/Users/User/Documents/GitHub/ch32h417/EVT/EXAM/SRC/Core\core_riscv.h ****  * @brief   nop
 204:c:/Users/User/Documents/GitHub/ch32h417/EVT/EXAM/SRC/Core\core_riscv.h ****  *
 205:c:/Users/User/Documents/GitHub/ch32h417/EVT/EXAM/SRC/Core\core_riscv.h ****  * @return  none
 206:c:/Users/User/Documents/GitHub/ch32h417/EVT/EXAM/SRC/Core\core_riscv.h ****  */
 207:c:/Users/User/Documents/GitHub/ch32h417/EVT/EXAM/SRC/Core\core_riscv.h **** __attribute__( ( always_inline ) ) RV_STATIC_INLINE void __NOP()
 208:c:/Users/User/Documents/GitHub/ch32h417/EVT/EXAM/SRC/Core\core_riscv.h **** {
 209:c:/Users/User/Documents/GitHub/ch32h417/EVT/EXAM/SRC/Core\core_riscv.h ****   __asm volatile ("nop");
 210:c:/Users/User/Documents/GitHub/ch32h417/EVT/EXAM/SRC/Core\core_riscv.h **** }
 211:c:/Users/User/Documents/GitHub/ch32h417/EVT/EXAM/SRC/Core\core_riscv.h **** 
 212:c:/Users/User/Documents/GitHub/ch32h417/EVT/EXAM/SRC/Core\core_riscv.h **** /*********************************************************************
 213:c:/Users/User/Documents/GitHub/ch32h417/EVT/EXAM/SRC/Core\core_riscv.h ****  * @fn      NVIC_EnableIRQ
 214:c:/Users/User/Documents/GitHub/ch32h417/EVT/EXAM/SRC/Core\core_riscv.h ****  *
 215:c:/Users/User/Documents/GitHub/ch32h417/EVT/EXAM/SRC/Core\core_riscv.h ****  * @brief   Enable Interrupt
 216:c:/Users/User/Documents/GitHub/ch32h417/EVT/EXAM/SRC/Core\core_riscv.h ****  *
 217:c:/Users/User/Documents/GitHub/ch32h417/EVT/EXAM/SRC/Core\core_riscv.h ****  * @param   IRQn - Interrupt Numbers
 218:c:/Users/User/Documents/GitHub/ch32h417/EVT/EXAM/SRC/Core\core_riscv.h ****  *
 219:c:/Users/User/Documents/GitHub/ch32h417/EVT/EXAM/SRC/Core\core_riscv.h ****  * @return  none
 220:c:/Users/User/Documents/GitHub/ch32h417/EVT/EXAM/SRC/Core\core_riscv.h ****  */
 221:c:/Users/User/Documents/GitHub/ch32h417/EVT/EXAM/SRC/Core\core_riscv.h **** __attribute__( ( always_inline ) ) RV_STATIC_INLINE void NVIC_EnableIRQ(IRQn_Type IRQn)
 222:c:/Users/User/Documents/GitHub/ch32h417/EVT/EXAM/SRC/Core\core_riscv.h **** {
 223:c:/Users/User/Documents/GitHub/ch32h417/EVT/EXAM/SRC/Core\core_riscv.h ****   NVIC->IENR[((uint32_t)(IRQn) >> 5)] = (1 << ((uint32_t)(IRQn) & 0x1F));
 224:c:/Users/User/Documents/GitHub/ch32h417/EVT/EXAM/SRC/Core\core_riscv.h **** }
 225:c:/Users/User/Documents/GitHub/ch32h417/EVT/EXAM/SRC/Core\core_riscv.h **** 
 226:c:/Users/User/Documents/GitHub/ch32h417/EVT/EXAM/SRC/Core\core_riscv.h **** /*********************************************************************
 227:c:/Users/User/Documents/GitHub/ch32h417/EVT/EXAM/SRC/Core\core_riscv.h ****  * @fn      NVIC_DisableIRQ
 228:c:/Users/User/Documents/GitHub/ch32h417/EVT/EXAM/SRC/Core\core_riscv.h ****  *
 229:c:/Users/User/Documents/GitHub/ch32h417/EVT/EXAM/SRC/Core\core_riscv.h ****  * @brief   Disable Interrupt
 230:c:/Users/User/Documents/GitHub/ch32h417/EVT/EXAM/SRC/Core\core_riscv.h ****  *
 231:c:/Users/User/Documents/GitHub/ch32h417/EVT/EXAM/SRC/Core\core_riscv.h ****  * @param   IRQn - Interrupt Numbers
 232:c:/Users/User/Documents/GitHub/ch32h417/EVT/EXAM/SRC/Core\core_riscv.h ****  *
 233:c:/Users/User/Documents/GitHub/ch32h417/EVT/EXAM/SRC/Core\core_riscv.h ****  * @return  none
 234:c:/Users/User/Documents/GitHub/ch32h417/EVT/EXAM/SRC/Core\core_riscv.h ****  */
 235:c:/Users/User/Documents/GitHub/ch32h417/EVT/EXAM/SRC/Core\core_riscv.h **** __attribute__( ( always_inline ) ) RV_STATIC_INLINE void NVIC_DisableIRQ(IRQn_Type IRQn)
 236:c:/Users/User/Documents/GitHub/ch32h417/EVT/EXAM/SRC/Core\core_riscv.h **** {
 237:c:/Users/User/Documents/GitHub/ch32h417/EVT/EXAM/SRC/Core\core_riscv.h ****   NVIC->IRER[((uint32_t)(IRQn) >> 5)] = (1 << ((uint32_t)(IRQn) & 0x1F));
 238:c:/Users/User/Documents/GitHub/ch32h417/EVT/EXAM/SRC/Core\core_riscv.h ****   __asm volatile ("fence.i");
 239:c:/Users/User/Documents/GitHub/ch32h417/EVT/EXAM/SRC/Core\core_riscv.h **** }
 240:c:/Users/User/Documents/GitHub/ch32h417/EVT/EXAM/SRC/Core\core_riscv.h **** 
 241:c:/Users/User/Documents/GitHub/ch32h417/EVT/EXAM/SRC/Core\core_riscv.h **** /*********************************************************************
 242:c:/Users/User/Documents/GitHub/ch32h417/EVT/EXAM/SRC/Core\core_riscv.h ****  * @fn      NVIC_GetStatusIRQ
 243:c:/Users/User/Documents/GitHub/ch32h417/EVT/EXAM/SRC/Core\core_riscv.h ****  *
 244:c:/Users/User/Documents/GitHub/ch32h417/EVT/EXAM/SRC/Core\core_riscv.h ****  * @brief   Get Interrupt Enable State
 245:c:/Users/User/Documents/GitHub/ch32h417/EVT/EXAM/SRC/Core\core_riscv.h ****  *
 246:c:/Users/User/Documents/GitHub/ch32h417/EVT/EXAM/SRC/Core\core_riscv.h ****  * @param   IRQn - Interrupt Numbers
 247:c:/Users/User/Documents/GitHub/ch32h417/EVT/EXAM/SRC/Core\core_riscv.h ****  *
 248:c:/Users/User/Documents/GitHub/ch32h417/EVT/EXAM/SRC/Core\core_riscv.h ****  * @return  1 - Interrupt Enable
 249:c:/Users/User/Documents/GitHub/ch32h417/EVT/EXAM/SRC/Core\core_riscv.h ****  *          0 - Interrupt Disable
 250:c:/Users/User/Documents/GitHub/ch32h417/EVT/EXAM/SRC/Core\core_riscv.h ****  */
 251:c:/Users/User/Documents/GitHub/ch32h417/EVT/EXAM/SRC/Core\core_riscv.h **** __attribute__( ( always_inline ) ) RV_STATIC_INLINE uint32_t NVIC_GetStatusIRQ(IRQn_Type IRQn)
 252:c:/Users/User/Documents/GitHub/ch32h417/EVT/EXAM/SRC/Core\core_riscv.h **** {
 253:c:/Users/User/Documents/GitHub/ch32h417/EVT/EXAM/SRC/Core\core_riscv.h ****   return((uint32_t) ((NVIC->ISR[(uint32_t)(IRQn) >> 5] & (1 << ((uint32_t)(IRQn) & 0x1F)))?1:0));
 254:c:/Users/User/Documents/GitHub/ch32h417/EVT/EXAM/SRC/Core\core_riscv.h **** }
 255:c:/Users/User/Documents/GitHub/ch32h417/EVT/EXAM/SRC/Core\core_riscv.h **** 
 256:c:/Users/User/Documents/GitHub/ch32h417/EVT/EXAM/SRC/Core\core_riscv.h **** /*********************************************************************
 257:c:/Users/User/Documents/GitHub/ch32h417/EVT/EXAM/SRC/Core\core_riscv.h ****  * @fn      NVIC_GetPendingIRQ
 258:c:/Users/User/Documents/GitHub/ch32h417/EVT/EXAM/SRC/Core\core_riscv.h ****  *
 259:c:/Users/User/Documents/GitHub/ch32h417/EVT/EXAM/SRC/Core\core_riscv.h ****  * @brief   Get Interrupt Pending State
 260:c:/Users/User/Documents/GitHub/ch32h417/EVT/EXAM/SRC/Core\core_riscv.h ****  *
 261:c:/Users/User/Documents/GitHub/ch32h417/EVT/EXAM/SRC/Core\core_riscv.h ****  * @param   IRQn - Interrupt Numbers
 262:c:/Users/User/Documents/GitHub/ch32h417/EVT/EXAM/SRC/Core\core_riscv.h ****  *
 263:c:/Users/User/Documents/GitHub/ch32h417/EVT/EXAM/SRC/Core\core_riscv.h ****  * @return  1 - Interrupt Pending Enable
 264:c:/Users/User/Documents/GitHub/ch32h417/EVT/EXAM/SRC/Core\core_riscv.h ****  *          0 - Interrupt Pending Disable
 265:c:/Users/User/Documents/GitHub/ch32h417/EVT/EXAM/SRC/Core\core_riscv.h ****  */
 266:c:/Users/User/Documents/GitHub/ch32h417/EVT/EXAM/SRC/Core\core_riscv.h **** __attribute__( ( always_inline ) ) RV_STATIC_INLINE uint32_t NVIC_GetPendingIRQ(IRQn_Type IRQn)
 267:c:/Users/User/Documents/GitHub/ch32h417/EVT/EXAM/SRC/Core\core_riscv.h **** {
 268:c:/Users/User/Documents/GitHub/ch32h417/EVT/EXAM/SRC/Core\core_riscv.h ****   return((uint32_t) ((NVIC->IPR[(uint32_t)(IRQn) >> 5] & (1 << ((uint32_t)(IRQn) & 0x1F)))?1:0));
 269:c:/Users/User/Documents/GitHub/ch32h417/EVT/EXAM/SRC/Core\core_riscv.h **** }
 270:c:/Users/User/Documents/GitHub/ch32h417/EVT/EXAM/SRC/Core\core_riscv.h **** 
 271:c:/Users/User/Documents/GitHub/ch32h417/EVT/EXAM/SRC/Core\core_riscv.h **** /*********************************************************************
 272:c:/Users/User/Documents/GitHub/ch32h417/EVT/EXAM/SRC/Core\core_riscv.h ****  * @fn      NVIC_SetPendingIRQ
 273:c:/Users/User/Documents/GitHub/ch32h417/EVT/EXAM/SRC/Core\core_riscv.h ****  *
 274:c:/Users/User/Documents/GitHub/ch32h417/EVT/EXAM/SRC/Core\core_riscv.h ****  * @brief   Set Interrupt Pending
 275:c:/Users/User/Documents/GitHub/ch32h417/EVT/EXAM/SRC/Core\core_riscv.h ****  *
 276:c:/Users/User/Documents/GitHub/ch32h417/EVT/EXAM/SRC/Core\core_riscv.h ****  * @param   IRQn - Interrupt Numbers
 277:c:/Users/User/Documents/GitHub/ch32h417/EVT/EXAM/SRC/Core\core_riscv.h ****  *
 278:c:/Users/User/Documents/GitHub/ch32h417/EVT/EXAM/SRC/Core\core_riscv.h ****  * @return  none
 279:c:/Users/User/Documents/GitHub/ch32h417/EVT/EXAM/SRC/Core\core_riscv.h ****  */
 280:c:/Users/User/Documents/GitHub/ch32h417/EVT/EXAM/SRC/Core\core_riscv.h **** __attribute__( ( always_inline ) ) RV_STATIC_INLINE void NVIC_SetPendingIRQ(IRQn_Type IRQn)
 281:c:/Users/User/Documents/GitHub/ch32h417/EVT/EXAM/SRC/Core\core_riscv.h **** {
 282:c:/Users/User/Documents/GitHub/ch32h417/EVT/EXAM/SRC/Core\core_riscv.h ****   NVIC->IPSR[((uint32_t)(IRQn) >> 5)] = (1 << ((uint32_t)(IRQn) & 0x1F));
 283:c:/Users/User/Documents/GitHub/ch32h417/EVT/EXAM/SRC/Core\core_riscv.h **** }
 284:c:/Users/User/Documents/GitHub/ch32h417/EVT/EXAM/SRC/Core\core_riscv.h **** 
 285:c:/Users/User/Documents/GitHub/ch32h417/EVT/EXAM/SRC/Core\core_riscv.h **** /*********************************************************************
 286:c:/Users/User/Documents/GitHub/ch32h417/EVT/EXAM/SRC/Core\core_riscv.h ****  * @fn      NVIC_ClearPendingIRQ
 287:c:/Users/User/Documents/GitHub/ch32h417/EVT/EXAM/SRC/Core\core_riscv.h ****  *
 288:c:/Users/User/Documents/GitHub/ch32h417/EVT/EXAM/SRC/Core\core_riscv.h ****  * @brief   Clear Interrupt Pending
 289:c:/Users/User/Documents/GitHub/ch32h417/EVT/EXAM/SRC/Core\core_riscv.h ****  *
 290:c:/Users/User/Documents/GitHub/ch32h417/EVT/EXAM/SRC/Core\core_riscv.h ****  * @param   IRQn - Interrupt Numbers
 291:c:/Users/User/Documents/GitHub/ch32h417/EVT/EXAM/SRC/Core\core_riscv.h ****  *
 292:c:/Users/User/Documents/GitHub/ch32h417/EVT/EXAM/SRC/Core\core_riscv.h ****  * @return  none
 293:c:/Users/User/Documents/GitHub/ch32h417/EVT/EXAM/SRC/Core\core_riscv.h ****  */
 294:c:/Users/User/Documents/GitHub/ch32h417/EVT/EXAM/SRC/Core\core_riscv.h **** __attribute__( ( always_inline ) ) RV_STATIC_INLINE void NVIC_ClearPendingIRQ(IRQn_Type IRQn)
 295:c:/Users/User/Documents/GitHub/ch32h417/EVT/EXAM/SRC/Core\core_riscv.h **** {
 296:c:/Users/User/Documents/GitHub/ch32h417/EVT/EXAM/SRC/Core\core_riscv.h ****   NVIC->IPRR[((uint32_t)(IRQn) >> 5)] = (1 << ((uint32_t)(IRQn) & 0x1F));
 297:c:/Users/User/Documents/GitHub/ch32h417/EVT/EXAM/SRC/Core\core_riscv.h **** }
 298:c:/Users/User/Documents/GitHub/ch32h417/EVT/EXAM/SRC/Core\core_riscv.h **** 
 299:c:/Users/User/Documents/GitHub/ch32h417/EVT/EXAM/SRC/Core\core_riscv.h **** /*********************************************************************
 300:c:/Users/User/Documents/GitHub/ch32h417/EVT/EXAM/SRC/Core\core_riscv.h ****  * @fn      NVIC_GetActive
 301:c:/Users/User/Documents/GitHub/ch32h417/EVT/EXAM/SRC/Core\core_riscv.h ****  *
 302:c:/Users/User/Documents/GitHub/ch32h417/EVT/EXAM/SRC/Core\core_riscv.h ****  * @brief   Get Interrupt Active State
 303:c:/Users/User/Documents/GitHub/ch32h417/EVT/EXAM/SRC/Core\core_riscv.h ****  *
 304:c:/Users/User/Documents/GitHub/ch32h417/EVT/EXAM/SRC/Core\core_riscv.h ****  * @param   IRQn - Interrupt Numbers
 305:c:/Users/User/Documents/GitHub/ch32h417/EVT/EXAM/SRC/Core\core_riscv.h ****  *
 306:c:/Users/User/Documents/GitHub/ch32h417/EVT/EXAM/SRC/Core\core_riscv.h ****  * @return  1 - Interrupt Active
 307:c:/Users/User/Documents/GitHub/ch32h417/EVT/EXAM/SRC/Core\core_riscv.h ****  *          0 - Interrupt No Active
 308:c:/Users/User/Documents/GitHub/ch32h417/EVT/EXAM/SRC/Core\core_riscv.h ****  */
 309:c:/Users/User/Documents/GitHub/ch32h417/EVT/EXAM/SRC/Core\core_riscv.h **** __attribute__( ( always_inline ) ) RV_STATIC_INLINE uint32_t NVIC_GetActive(IRQn_Type IRQn)
 310:c:/Users/User/Documents/GitHub/ch32h417/EVT/EXAM/SRC/Core\core_riscv.h **** {
 311:c:/Users/User/Documents/GitHub/ch32h417/EVT/EXAM/SRC/Core\core_riscv.h ****   return((uint32_t)((NVIC->IACTR[(uint32_t)(IRQn) >> 5] & (1 << ((uint32_t)(IRQn) & 0x1F)))?1:0));
 312:c:/Users/User/Documents/GitHub/ch32h417/EVT/EXAM/SRC/Core\core_riscv.h **** }
 313:c:/Users/User/Documents/GitHub/ch32h417/EVT/EXAM/SRC/Core\core_riscv.h **** 
 314:c:/Users/User/Documents/GitHub/ch32h417/EVT/EXAM/SRC/Core\core_riscv.h **** /*********************************************************************
 315:c:/Users/User/Documents/GitHub/ch32h417/EVT/EXAM/SRC/Core\core_riscv.h ****  * @fn      NVIC_SetPriority
 316:c:/Users/User/Documents/GitHub/ch32h417/EVT/EXAM/SRC/Core\core_riscv.h ****  *
 317:c:/Users/User/Documents/GitHub/ch32h417/EVT/EXAM/SRC/Core\core_riscv.h ****  * @brief   Set Interrupt Priority
 318:c:/Users/User/Documents/GitHub/ch32h417/EVT/EXAM/SRC/Core\core_riscv.h ****  *
 319:c:/Users/User/Documents/GitHub/ch32h417/EVT/EXAM/SRC/Core\core_riscv.h ****  * @param   IRQn - Interrupt Numbers
 320:c:/Users/User/Documents/GitHub/ch32h417/EVT/EXAM/SRC/Core\core_riscv.h ****  *          V5F:
 321:c:/Users/User/Documents/GitHub/ch32h417/EVT/EXAM/SRC/Core\core_riscv.h ****  *            interrupt nesting enable- 5~8 Level(CSR-0x804 bit1 = 1 bit[3:2] = 3)
 322:c:/Users/User/Documents/GitHub/ch32h417/EVT/EXAM/SRC/Core\core_riscv.h ****  *              priority - bit[7:5] - Preemption Priority
 323:c:/Users/User/Documents/GitHub/ch32h417/EVT/EXAM/SRC/Core\core_riscv.h ****  *                         bit[4] - Sub priority
 324:c:/Users/User/Documents/GitHub/ch32h417/EVT/EXAM/SRC/Core\core_riscv.h ****  *                         bit[3:0] - Reserve
 325:c:/Users/User/Documents/GitHub/ch32h417/EVT/EXAM/SRC/Core\core_riscv.h ****  *            interrupt nesting enable- 3~4 Level(CSR-0x804 bit1 = 1 bit[3:2] = 2)
 326:c:/Users/User/Documents/GitHub/ch32h417/EVT/EXAM/SRC/Core\core_riscv.h ****  *              priority - bit[7:6] - Preemption Priority
 327:c:/Users/User/Documents/GitHub/ch32h417/EVT/EXAM/SRC/Core\core_riscv.h ****  *                         bit[5:4] - Sub priority
 328:c:/Users/User/Documents/GitHub/ch32h417/EVT/EXAM/SRC/Core\core_riscv.h ****  *                         bit[3:0] - Reserve
 329:c:/Users/User/Documents/GitHub/ch32h417/EVT/EXAM/SRC/Core\core_riscv.h ****  *            interrupt nesting enable-2 Level(CSR-0x804 bit1 = 1 bit[3:2] = 1)
 330:c:/Users/User/Documents/GitHub/ch32h417/EVT/EXAM/SRC/Core\core_riscv.h ****  *              priority - bit[7] - Preemption Priority
 331:c:/Users/User/Documents/GitHub/ch32h417/EVT/EXAM/SRC/Core\core_riscv.h ****  *                         bit[6:4] - Sub priority
 332:c:/Users/User/Documents/GitHub/ch32h417/EVT/EXAM/SRC/Core\core_riscv.h ****  *                         bit[3:0] - Reserve
 333:c:/Users/User/Documents/GitHub/ch32h417/EVT/EXAM/SRC/Core\core_riscv.h ****  *            interrupt nesting disable(CSR-0x804 bit1 = 0)
 334:c:/Users/User/Documents/GitHub/ch32h417/EVT/EXAM/SRC/Core\core_riscv.h ****  *             priority - bit[7:4] - Sub priority
 335:c:/Users/User/Documents/GitHub/ch32h417/EVT/EXAM/SRC/Core\core_riscv.h ****  *                         bit[3:0] - Reserve
 336:c:/Users/User/Documents/GitHub/ch32h417/EVT/EXAM/SRC/Core\core_riscv.h ****  *          V3F:
 337:c:/Users/User/Documents/GitHub/ch32h417/EVT/EXAM/SRC/Core\core_riscv.h ****  *            interrupt nesting enable-2 Level(CSR-0x804 bit1 = 1 bit[3:2] = 1)
 338:c:/Users/User/Documents/GitHub/ch32h417/EVT/EXAM/SRC/Core\core_riscv.h ****  *              priority - bit[7] - Preemption Priority
 339:c:/Users/User/Documents/GitHub/ch32h417/EVT/EXAM/SRC/Core\core_riscv.h ****  *                         bit[6:4] - Sub priority
 340:c:/Users/User/Documents/GitHub/ch32h417/EVT/EXAM/SRC/Core\core_riscv.h ****  *                         bit[3:0] - Reserve
 341:c:/Users/User/Documents/GitHub/ch32h417/EVT/EXAM/SRC/Core\core_riscv.h ****  *            interrupt nesting disable(CSR-0x804 bit1 = 0)
 342:c:/Users/User/Documents/GitHub/ch32h417/EVT/EXAM/SRC/Core\core_riscv.h ****  *              priority - bit[7:4] - Sub priority
 343:c:/Users/User/Documents/GitHub/ch32h417/EVT/EXAM/SRC/Core\core_riscv.h ****  *                         bit[3:0] - Reserve
 344:c:/Users/User/Documents/GitHub/ch32h417/EVT/EXAM/SRC/Core\core_riscv.h ****  *
 345:c:/Users/User/Documents/GitHub/ch32h417/EVT/EXAM/SRC/Core\core_riscv.h ****  * @return  none
 346:c:/Users/User/Documents/GitHub/ch32h417/EVT/EXAM/SRC/Core\core_riscv.h ****  */
 347:c:/Users/User/Documents/GitHub/ch32h417/EVT/EXAM/SRC/Core\core_riscv.h **** __attribute__( ( always_inline ) ) RV_STATIC_INLINE void NVIC_SetPriority(IRQn_Type IRQn, uint8_t p
 348:c:/Users/User/Documents/GitHub/ch32h417/EVT/EXAM/SRC/Core\core_riscv.h **** {
 349:c:/Users/User/Documents/GitHub/ch32h417/EVT/EXAM/SRC/Core\core_riscv.h ****   NVIC->IPRIOR[(uint32_t)(IRQn)] = priority;
 350:c:/Users/User/Documents/GitHub/ch32h417/EVT/EXAM/SRC/Core\core_riscv.h **** }
 351:c:/Users/User/Documents/GitHub/ch32h417/EVT/EXAM/SRC/Core\core_riscv.h **** 
 352:c:/Users/User/Documents/GitHub/ch32h417/EVT/EXAM/SRC/Core\core_riscv.h **** /*********************************************************************
 353:c:/Users/User/Documents/GitHub/ch32h417/EVT/EXAM/SRC/Core\core_riscv.h ****  * @fn      NVIC_GetAllocateIRQ
 354:c:/Users/User/Documents/GitHub/ch32h417/EVT/EXAM/SRC/Core\core_riscv.h ****  *
 355:c:/Users/User/Documents/GitHub/ch32h417/EVT/EXAM/SRC/Core\core_riscv.h ****  * @brief   Get Interrupt Allocate 
 356:c:/Users/User/Documents/GitHub/ch32h417/EVT/EXAM/SRC/Core\core_riscv.h ****  *
 357:c:/Users/User/Documents/GitHub/ch32h417/EVT/EXAM/SRC/Core\core_riscv.h ****  * @param   IRQn - Interrupt Numbers
 358:c:/Users/User/Documents/GitHub/ch32h417/EVT/EXAM/SRC/Core\core_riscv.h ****  *
 359:c:/Users/User/Documents/GitHub/ch32h417/EVT/EXAM/SRC/Core\core_riscv.h ****  * @return  1 - Allocate to V5F
 360:c:/Users/User/Documents/GitHub/ch32h417/EVT/EXAM/SRC/Core\core_riscv.h ****  *          0 - Allocate to V3F
 361:c:/Users/User/Documents/GitHub/ch32h417/EVT/EXAM/SRC/Core\core_riscv.h ****  */
 362:c:/Users/User/Documents/GitHub/ch32h417/EVT/EXAM/SRC/Core\core_riscv.h **** __attribute__( ( always_inline ) ) RV_STATIC_INLINE uint32_t NVIC_GetAllocateIRQ(IRQn_Type IRQn)
 363:c:/Users/User/Documents/GitHub/ch32h417/EVT/EXAM/SRC/Core\core_riscv.h **** {
 364:c:/Users/User/Documents/GitHub/ch32h417/EVT/EXAM/SRC/Core\core_riscv.h ****   return((uint32_t)((NVIC->IALLOCR[(uint32_t)(IRQn)] & (1 << 0))?1:0));
 365:c:/Users/User/Documents/GitHub/ch32h417/EVT/EXAM/SRC/Core\core_riscv.h **** }
 366:c:/Users/User/Documents/GitHub/ch32h417/EVT/EXAM/SRC/Core\core_riscv.h **** 
 367:c:/Users/User/Documents/GitHub/ch32h417/EVT/EXAM/SRC/Core\core_riscv.h **** /*********************************************************************
 368:c:/Users/User/Documents/GitHub/ch32h417/EVT/EXAM/SRC/Core\core_riscv.h ****  * @fn      NVIC_SetAllocateIRQ
 369:c:/Users/User/Documents/GitHub/ch32h417/EVT/EXAM/SRC/Core\core_riscv.h ****  *
 370:c:/Users/User/Documents/GitHub/ch32h417/EVT/EXAM/SRC/Core\core_riscv.h ****  * @brief   Set Interrupt Allocate
 371:c:/Users/User/Documents/GitHub/ch32h417/EVT/EXAM/SRC/Core\core_riscv.h ****  *
 372:c:/Users/User/Documents/GitHub/ch32h417/EVT/EXAM/SRC/Core\core_riscv.h ****  * @param   IRQn - Interrupt Numbers ( >31 )
 373:c:/Users/User/Documents/GitHub/ch32h417/EVT/EXAM/SRC/Core\core_riscv.h ****  *          Core_ID - Core ID
 374:c:/Users/User/Documents/GitHub/ch32h417/EVT/EXAM/SRC/Core\core_riscv.h ****  *            Core_ID_V5F - V5F
 375:c:/Users/User/Documents/GitHub/ch32h417/EVT/EXAM/SRC/Core\core_riscv.h ****  *            Core_ID_V3F - V3F
 376:c:/Users/User/Documents/GitHub/ch32h417/EVT/EXAM/SRC/Core\core_riscv.h ****  *
 377:c:/Users/User/Documents/GitHub/ch32h417/EVT/EXAM/SRC/Core\core_riscv.h ****  * @return  none
 378:c:/Users/User/Documents/GitHub/ch32h417/EVT/EXAM/SRC/Core\core_riscv.h ****  */
 379:c:/Users/User/Documents/GitHub/ch32h417/EVT/EXAM/SRC/Core\core_riscv.h **** __attribute__( ( always_inline ) ) RV_STATIC_INLINE void NVIC_SetAllocateIRQ(IRQn_Type IRQn, uint8_
 380:c:/Users/User/Documents/GitHub/ch32h417/EVT/EXAM/SRC/Core\core_riscv.h **** {
 381:c:/Users/User/Documents/GitHub/ch32h417/EVT/EXAM/SRC/Core\core_riscv.h ****   if(IRQn > 31)
 382:c:/Users/User/Documents/GitHub/ch32h417/EVT/EXAM/SRC/Core\core_riscv.h ****   NVIC->IALLOCR[(uint32_t)(IRQn)] = Core_ID;
 383:c:/Users/User/Documents/GitHub/ch32h417/EVT/EXAM/SRC/Core\core_riscv.h **** }
 384:c:/Users/User/Documents/GitHub/ch32h417/EVT/EXAM/SRC/Core\core_riscv.h **** 
 385:c:/Users/User/Documents/GitHub/ch32h417/EVT/EXAM/SRC/Core\core_riscv.h **** /*********************************************************************
 386:c:/Users/User/Documents/GitHub/ch32h417/EVT/EXAM/SRC/Core\core_riscv.h ****  * @fn      NVIC_OwnCoreGetAllocateIRQ
 387:c:/Users/User/Documents/GitHub/ch32h417/EVT/EXAM/SRC/Core\core_riscv.h ****  *
 388:c:/Users/User/Documents/GitHub/ch32h417/EVT/EXAM/SRC/Core\core_riscv.h ****  * @brief   Own Core Get Interrupt Allocate 
 389:c:/Users/User/Documents/GitHub/ch32h417/EVT/EXAM/SRC/Core\core_riscv.h ****  *
 390:c:/Users/User/Documents/GitHub/ch32h417/EVT/EXAM/SRC/Core\core_riscv.h ****  * @param   IRQn - Interrupt Numbers
 391:c:/Users/User/Documents/GitHub/ch32h417/EVT/EXAM/SRC/Core\core_riscv.h ****  *
 392:c:/Users/User/Documents/GitHub/ch32h417/EVT/EXAM/SRC/Core\core_riscv.h ****  * @return  1 - Allocate to own core
 393:c:/Users/User/Documents/GitHub/ch32h417/EVT/EXAM/SRC/Core\core_riscv.h ****  *          0 - No allocate to own core
 394:c:/Users/User/Documents/GitHub/ch32h417/EVT/EXAM/SRC/Core\core_riscv.h ****  */
 395:c:/Users/User/Documents/GitHub/ch32h417/EVT/EXAM/SRC/Core\core_riscv.h **** __attribute__( ( always_inline ) ) RV_STATIC_INLINE uint32_t NVIC_OwnCoreGetAllocateIRQ(IRQn_Type I
 396:c:/Users/User/Documents/GitHub/ch32h417/EVT/EXAM/SRC/Core\core_riscv.h **** {
 397:c:/Users/User/Documents/GitHub/ch32h417/EVT/EXAM/SRC/Core\core_riscv.h ****   return((uint32_t) ((NVIC->IAUTR[(uint32_t)(IRQn) >> 5] & (1 << ((uint32_t)(IRQn) & 0x1F)))?1:0));
 398:c:/Users/User/Documents/GitHub/ch32h417/EVT/EXAM/SRC/Core\core_riscv.h **** }
 399:c:/Users/User/Documents/GitHub/ch32h417/EVT/EXAM/SRC/Core\core_riscv.h **** 
 400:c:/Users/User/Documents/GitHub/ch32h417/EVT/EXAM/SRC/Core\core_riscv.h **** /*********************************************************************
 401:c:/Users/User/Documents/GitHub/ch32h417/EVT/EXAM/SRC/Core\core_riscv.h ****  * @fn      __WFI
 402:c:/Users/User/Documents/GitHub/ch32h417/EVT/EXAM/SRC/Core\core_riscv.h ****  *
 403:c:/Users/User/Documents/GitHub/ch32h417/EVT/EXAM/SRC/Core\core_riscv.h ****  * @brief   Wait for Interrupt
 404:c:/Users/User/Documents/GitHub/ch32h417/EVT/EXAM/SRC/Core\core_riscv.h ****  *
 405:c:/Users/User/Documents/GitHub/ch32h417/EVT/EXAM/SRC/Core\core_riscv.h ****  * @return  none
 406:c:/Users/User/Documents/GitHub/ch32h417/EVT/EXAM/SRC/Core\core_riscv.h ****  */
 407:c:/Users/User/Documents/GitHub/ch32h417/EVT/EXAM/SRC/Core\core_riscv.h **** __attribute__( ( always_inline ) ) RV_STATIC_INLINE void __WFI(void)
 408:c:/Users/User/Documents/GitHub/ch32h417/EVT/EXAM/SRC/Core\core_riscv.h **** {
 409:c:/Users/User/Documents/GitHub/ch32h417/EVT/EXAM/SRC/Core\core_riscv.h ****   NVIC->SCTLR &= ~(1<<3);	// wfi
 410:c:/Users/User/Documents/GitHub/ch32h417/EVT/EXAM/SRC/Core\core_riscv.h ****   asm volatile ("wfi");
 411:c:/Users/User/Documents/GitHub/ch32h417/EVT/EXAM/SRC/Core\core_riscv.h **** }
 412:c:/Users/User/Documents/GitHub/ch32h417/EVT/EXAM/SRC/Core\core_riscv.h **** 
 413:c:/Users/User/Documents/GitHub/ch32h417/EVT/EXAM/SRC/Core\core_riscv.h **** /*********************************************************************
 414:c:/Users/User/Documents/GitHub/ch32h417/EVT/EXAM/SRC/Core\core_riscv.h ****  * @fn      _SEV
 415:c:/Users/User/Documents/GitHub/ch32h417/EVT/EXAM/SRC/Core\core_riscv.h ****  *
 416:c:/Users/User/Documents/GitHub/ch32h417/EVT/EXAM/SRC/Core\core_riscv.h ****  * @brief   Set Event
 417:c:/Users/User/Documents/GitHub/ch32h417/EVT/EXAM/SRC/Core\core_riscv.h ****  *
 418:c:/Users/User/Documents/GitHub/ch32h417/EVT/EXAM/SRC/Core\core_riscv.h ****  * @return  none
 419:c:/Users/User/Documents/GitHub/ch32h417/EVT/EXAM/SRC/Core\core_riscv.h ****  */
 420:c:/Users/User/Documents/GitHub/ch32h417/EVT/EXAM/SRC/Core\core_riscv.h **** __attribute__( ( always_inline ) ) RV_STATIC_INLINE void _SEV(void)
 421:c:/Users/User/Documents/GitHub/ch32h417/EVT/EXAM/SRC/Core\core_riscv.h **** {
 422:c:/Users/User/Documents/GitHub/ch32h417/EVT/EXAM/SRC/Core\core_riscv.h ****   uint32_t t;
 423:c:/Users/User/Documents/GitHub/ch32h417/EVT/EXAM/SRC/Core\core_riscv.h **** 
 424:c:/Users/User/Documents/GitHub/ch32h417/EVT/EXAM/SRC/Core\core_riscv.h ****   t = NVIC->SCTLR;
 425:c:/Users/User/Documents/GitHub/ch32h417/EVT/EXAM/SRC/Core\core_riscv.h ****   NVIC->SCTLR |= (1<<3)|(1<<5);
 426:c:/Users/User/Documents/GitHub/ch32h417/EVT/EXAM/SRC/Core\core_riscv.h ****   NVIC->SCTLR = (NVIC->SCTLR & ~(1<<5)) | ( t & (1<<5));
 427:c:/Users/User/Documents/GitHub/ch32h417/EVT/EXAM/SRC/Core\core_riscv.h **** }
 428:c:/Users/User/Documents/GitHub/ch32h417/EVT/EXAM/SRC/Core\core_riscv.h **** 
 429:c:/Users/User/Documents/GitHub/ch32h417/EVT/EXAM/SRC/Core\core_riscv.h **** /*********************************************************************
 430:c:/Users/User/Documents/GitHub/ch32h417/EVT/EXAM/SRC/Core\core_riscv.h ****  * @fn      __WFE_IDSET
 431:c:/Users/User/Documents/GitHub/ch32h417/EVT/EXAM/SRC/Core\core_riscv.h ****  *
 432:c:/Users/User/Documents/GitHub/ch32h417/EVT/EXAM/SRC/Core\core_riscv.h ****  * @brief   Set Events ID
 433:c:/Users/User/Documents/GitHub/ch32h417/EVT/EXAM/SRC/Core\core_riscv.h ****  *
 434:c:/Users/User/Documents/GitHub/ch32h417/EVT/EXAM/SRC/Core\core_riscv.h ****  * @return  none
 435:c:/Users/User/Documents/GitHub/ch32h417/EVT/EXAM/SRC/Core\core_riscv.h ****  */
 436:c:/Users/User/Documents/GitHub/ch32h417/EVT/EXAM/SRC/Core\core_riscv.h **** __attribute__( ( always_inline ) ) RV_STATIC_INLINE void __WFE_IDSET(uint32_t LINE_ID)
 437:c:/Users/User/Documents/GitHub/ch32h417/EVT/EXAM/SRC/Core\core_riscv.h **** {
 438:c:/Users/User/Documents/GitHub/ch32h417/EVT/EXAM/SRC/Core\core_riscv.h ****   WFE_MASK |= LINE_ID;
 439:c:/Users/User/Documents/GitHub/ch32h417/EVT/EXAM/SRC/Core\core_riscv.h **** }
 440:c:/Users/User/Documents/GitHub/ch32h417/EVT/EXAM/SRC/Core\core_riscv.h **** 
 441:c:/Users/User/Documents/GitHub/ch32h417/EVT/EXAM/SRC/Core\core_riscv.h **** /*********************************************************************
 442:c:/Users/User/Documents/GitHub/ch32h417/EVT/EXAM/SRC/Core\core_riscv.h ****  * @fn      __WFE
 443:c:/Users/User/Documents/GitHub/ch32h417/EVT/EXAM/SRC/Core\core_riscv.h ****  *
 444:c:/Users/User/Documents/GitHub/ch32h417/EVT/EXAM/SRC/Core\core_riscv.h ****  * @brief   Wait for Events
 445:c:/Users/User/Documents/GitHub/ch32h417/EVT/EXAM/SRC/Core\core_riscv.h ****  *
 446:c:/Users/User/Documents/GitHub/ch32h417/EVT/EXAM/SRC/Core\core_riscv.h ****  * @return  none
 447:c:/Users/User/Documents/GitHub/ch32h417/EVT/EXAM/SRC/Core\core_riscv.h ****  */
 448:c:/Users/User/Documents/GitHub/ch32h417/EVT/EXAM/SRC/Core\core_riscv.h **** __attribute__( ( always_inline ) ) RV_STATIC_INLINE void __WFE(void)
 449:c:/Users/User/Documents/GitHub/ch32h417/EVT/EXAM/SRC/Core\core_riscv.h **** {
 450:c:/Users/User/Documents/GitHub/ch32h417/EVT/EXAM/SRC/Core\core_riscv.h ****   __attribute__((unused)) uint32_t t=0;
 451:c:/Users/User/Documents/GitHub/ch32h417/EVT/EXAM/SRC/Core\core_riscv.h **** 
 452:c:/Users/User/Documents/GitHub/ch32h417/EVT/EXAM/SRC/Core\core_riscv.h ****   *(__IO uint32_t*)0x40010400 |= WFE_MASK;
 453:c:/Users/User/Documents/GitHub/ch32h417/EVT/EXAM/SRC/Core\core_riscv.h **** 
 454:c:/Users/User/Documents/GitHub/ch32h417/EVT/EXAM/SRC/Core\core_riscv.h ****   WFE_WkupSource = 0;
 455:c:/Users/User/Documents/GitHub/ch32h417/EVT/EXAM/SRC/Core\core_riscv.h ****   NVIC->EPR = 0xFFFFFFFF;
 456:c:/Users/User/Documents/GitHub/ch32h417/EVT/EXAM/SRC/Core\core_riscv.h ****   NVIC->SCTLR |= (1<<3);
 457:c:/Users/User/Documents/GitHub/ch32h417/EVT/EXAM/SRC/Core\core_riscv.h ****   asm volatile ("wfi");
 458:c:/Users/User/Documents/GitHub/ch32h417/EVT/EXAM/SRC/Core\core_riscv.h **** 
 459:c:/Users/User/Documents/GitHub/ch32h417/EVT/EXAM/SRC/Core\core_riscv.h ****   for(;;)
 460:c:/Users/User/Documents/GitHub/ch32h417/EVT/EXAM/SRC/Core\core_riscv.h ****   {
 461:c:/Users/User/Documents/GitHub/ch32h417/EVT/EXAM/SRC/Core\core_riscv.h ****     t = *(__IO uint32_t*)0x40010414;
 462:c:/Users/User/Documents/GitHub/ch32h417/EVT/EXAM/SRC/Core\core_riscv.h ****     if((t & WFE_MASK) || (WFE_MASK == 0))
 463:c:/Users/User/Documents/GitHub/ch32h417/EVT/EXAM/SRC/Core\core_riscv.h ****     {
 464:c:/Users/User/Documents/GitHub/ch32h417/EVT/EXAM/SRC/Core\core_riscv.h ****       break;
 465:c:/Users/User/Documents/GitHub/ch32h417/EVT/EXAM/SRC/Core\core_riscv.h ****     } else{
 466:c:/Users/User/Documents/GitHub/ch32h417/EVT/EXAM/SRC/Core\core_riscv.h ****      asm volatile ("wfi");
 467:c:/Users/User/Documents/GitHub/ch32h417/EVT/EXAM/SRC/Core\core_riscv.h ****     }
 468:c:/Users/User/Documents/GitHub/ch32h417/EVT/EXAM/SRC/Core\core_riscv.h ****   }  
 469:c:/Users/User/Documents/GitHub/ch32h417/EVT/EXAM/SRC/Core\core_riscv.h ****   WFE_WkupSource = *(__IO uint32_t*)0x40010414;
 470:c:/Users/User/Documents/GitHub/ch32h417/EVT/EXAM/SRC/Core\core_riscv.h ****   *(__IO uint32_t*)0x40010400 &= ~WFE_MASK;
 471:c:/Users/User/Documents/GitHub/ch32h417/EVT/EXAM/SRC/Core\core_riscv.h ****   *(__IO uint32_t*)0x40010414 |= WFE_MASK;
 472:c:/Users/User/Documents/GitHub/ch32h417/EVT/EXAM/SRC/Core\core_riscv.h **** }
 473:c:/Users/User/Documents/GitHub/ch32h417/EVT/EXAM/SRC/Core\core_riscv.h **** 
 474:c:/Users/User/Documents/GitHub/ch32h417/EVT/EXAM/SRC/Core\core_riscv.h **** /*********************************************************************
 475:c:/Users/User/Documents/GitHub/ch32h417/EVT/EXAM/SRC/Core\core_riscv.h ****  * @fn      SetVTFIRQ
 476:c:/Users/User/Documents/GitHub/ch32h417/EVT/EXAM/SRC/Core\core_riscv.h ****  *
 477:c:/Users/User/Documents/GitHub/ch32h417/EVT/EXAM/SRC/Core\core_riscv.h ****  * @brief   Set VTF Interrupt
 478:c:/Users/User/Documents/GitHub/ch32h417/EVT/EXAM/SRC/Core\core_riscv.h ****  *
 479:c:/Users/User/Documents/GitHub/ch32h417/EVT/EXAM/SRC/Core\core_riscv.h ****  * @param   addr - VTF interrupt service function base address.
 480:c:/Users/User/Documents/GitHub/ch32h417/EVT/EXAM/SRC/Core\core_riscv.h ****  *          IRQn -Interrupt Numbers
 481:c:/Users/User/Documents/GitHub/ch32h417/EVT/EXAM/SRC/Core\core_riscv.h ****  *          num - VTF Interrupt Numbers
 482:c:/Users/User/Documents/GitHub/ch32h417/EVT/EXAM/SRC/Core\core_riscv.h ****  *          NewState - DISABLE or ENABLE
 483:c:/Users/User/Documents/GitHub/ch32h417/EVT/EXAM/SRC/Core\core_riscv.h ****  *
 484:c:/Users/User/Documents/GitHub/ch32h417/EVT/EXAM/SRC/Core\core_riscv.h ****  * @return  none
 485:c:/Users/User/Documents/GitHub/ch32h417/EVT/EXAM/SRC/Core\core_riscv.h ****  */
 486:c:/Users/User/Documents/GitHub/ch32h417/EVT/EXAM/SRC/Core\core_riscv.h **** __attribute__( ( always_inline ) ) RV_STATIC_INLINE void SetVTFIRQ(uint32_t addr, IRQn_Type IRQn, u
 487:c:/Users/User/Documents/GitHub/ch32h417/EVT/EXAM/SRC/Core\core_riscv.h **** {
 488:c:/Users/User/Documents/GitHub/ch32h417/EVT/EXAM/SRC/Core\core_riscv.h ****   if(num > 3)  return ;
 489:c:/Users/User/Documents/GitHub/ch32h417/EVT/EXAM/SRC/Core\core_riscv.h **** 
 490:c:/Users/User/Documents/GitHub/ch32h417/EVT/EXAM/SRC/Core\core_riscv.h ****   if (NewState != DISABLE)
 491:c:/Users/User/Documents/GitHub/ch32h417/EVT/EXAM/SRC/Core\core_riscv.h ****   {
 492:c:/Users/User/Documents/GitHub/ch32h417/EVT/EXAM/SRC/Core\core_riscv.h ****     NVIC->VTFIDR[num] = IRQn;
 493:c:/Users/User/Documents/GitHub/ch32h417/EVT/EXAM/SRC/Core\core_riscv.h ****     NVIC->VTFADDR[num] = ((addr&0xFFFFFFFE)|0x1);
 494:c:/Users/User/Documents/GitHub/ch32h417/EVT/EXAM/SRC/Core\core_riscv.h ****   }
 495:c:/Users/User/Documents/GitHub/ch32h417/EVT/EXAM/SRC/Core\core_riscv.h ****   else
 496:c:/Users/User/Documents/GitHub/ch32h417/EVT/EXAM/SRC/Core\core_riscv.h ****   {
 497:c:/Users/User/Documents/GitHub/ch32h417/EVT/EXAM/SRC/Core\core_riscv.h ****     NVIC->VTFIDR[num] = IRQn;
 498:c:/Users/User/Documents/GitHub/ch32h417/EVT/EXAM/SRC/Core\core_riscv.h ****     NVIC->VTFADDR[num] = ((addr&0xFFFFFFFE)&(~0x1));
 499:c:/Users/User/Documents/GitHub/ch32h417/EVT/EXAM/SRC/Core\core_riscv.h ****   }
 500:c:/Users/User/Documents/GitHub/ch32h417/EVT/EXAM/SRC/Core\core_riscv.h **** }
 501:c:/Users/User/Documents/GitHub/ch32h417/EVT/EXAM/SRC/Core\core_riscv.h **** 
 502:c:/Users/User/Documents/GitHub/ch32h417/EVT/EXAM/SRC/Core\core_riscv.h **** /*********************************************************************
 503:c:/Users/User/Documents/GitHub/ch32h417/EVT/EXAM/SRC/Core\core_riscv.h ****  * @fn      NVIC_SystemReset
 504:c:/Users/User/Documents/GitHub/ch32h417/EVT/EXAM/SRC/Core\core_riscv.h ****  *
 505:c:/Users/User/Documents/GitHub/ch32h417/EVT/EXAM/SRC/Core\core_riscv.h ****  * @brief   Initiate a system reset request
 506:c:/Users/User/Documents/GitHub/ch32h417/EVT/EXAM/SRC/Core\core_riscv.h ****  *
 507:c:/Users/User/Documents/GitHub/ch32h417/EVT/EXAM/SRC/Core\core_riscv.h ****  * @return  none
 508:c:/Users/User/Documents/GitHub/ch32h417/EVT/EXAM/SRC/Core\core_riscv.h ****  */
 509:c:/Users/User/Documents/GitHub/ch32h417/EVT/EXAM/SRC/Core\core_riscv.h **** __attribute__( ( always_inline ) ) RV_STATIC_INLINE void NVIC_SystemReset(void)
 510:c:/Users/User/Documents/GitHub/ch32h417/EVT/EXAM/SRC/Core\core_riscv.h **** {
 511:c:/Users/User/Documents/GitHub/ch32h417/EVT/EXAM/SRC/Core\core_riscv.h ****   NVIC->CFGR = NVIC_KEY3|(1<<7);
 512:c:/Users/User/Documents/GitHub/ch32h417/EVT/EXAM/SRC/Core\core_riscv.h **** }
 513:c:/Users/User/Documents/GitHub/ch32h417/EVT/EXAM/SRC/Core\core_riscv.h **** 
 514:c:/Users/User/Documents/GitHub/ch32h417/EVT/EXAM/SRC/Core\core_riscv.h **** /*********************************************************************
 515:c:/Users/User/Documents/GitHub/ch32h417/EVT/EXAM/SRC/Core\core_riscv.h ****  * @fn      NVIC_WakeUp_V3F
 516:c:/Users/User/Documents/GitHub/ch32h417/EVT/EXAM/SRC/Core\core_riscv.h ****  *
 517:c:/Users/User/Documents/GitHub/ch32h417/EVT/EXAM/SRC/Core\core_riscv.h ****  * @brief   Wake up V3F and set address for PC
 518:c:/Users/User/Documents/GitHub/ch32h417/EVT/EXAM/SRC/Core\core_riscv.h ****  *
 519:c:/Users/User/Documents/GitHub/ch32h417/EVT/EXAM/SRC/Core\core_riscv.h ****  * @param   addr - V3F wake up address for PC(addr%1024 == 0).
 520:c:/Users/User/Documents/GitHub/ch32h417/EVT/EXAM/SRC/Core\core_riscv.h ****  *
 521:c:/Users/User/Documents/GitHub/ch32h417/EVT/EXAM/SRC/Core\core_riscv.h ****  * @return  none
 522:c:/Users/User/Documents/GitHub/ch32h417/EVT/EXAM/SRC/Core\core_riscv.h ****  */
 523:c:/Users/User/Documents/GitHub/ch32h417/EVT/EXAM/SRC/Core\core_riscv.h **** __attribute__( ( always_inline ) ) RV_STATIC_INLINE void NVIC_WakeUp_V3F(uint32_t addr)
 524:c:/Users/User/Documents/GitHub/ch32h417/EVT/EXAM/SRC/Core\core_riscv.h **** {
 525:c:/Users/User/Documents/GitHub/ch32h417/EVT/EXAM/SRC/Core\core_riscv.h ****   addr &= ~0x3FF; 
 526:c:/Users/User/Documents/GitHub/ch32h417/EVT/EXAM/SRC/Core\core_riscv.h ****   NVIC->WAKEIP[0] = addr;
 527:c:/Users/User/Documents/GitHub/ch32h417/EVT/EXAM/SRC/Core\core_riscv.h ****   NVIC->SCTLR |= (1<<5);
 528:c:/Users/User/Documents/GitHub/ch32h417/EVT/EXAM/SRC/Core\core_riscv.h **** }
 529:c:/Users/User/Documents/GitHub/ch32h417/EVT/EXAM/SRC/Core\core_riscv.h **** 
 530:c:/Users/User/Documents/GitHub/ch32h417/EVT/EXAM/SRC/Core\core_riscv.h **** /*********************************************************************
 531:c:/Users/User/Documents/GitHub/ch32h417/EVT/EXAM/SRC/Core\core_riscv.h ****  * @fn      NVIC_WakeUp_V5F
 532:c:/Users/User/Documents/GitHub/ch32h417/EVT/EXAM/SRC/Core\core_riscv.h ****  *
 533:c:/Users/User/Documents/GitHub/ch32h417/EVT/EXAM/SRC/Core\core_riscv.h ****  * @brief   Wake up V5F and set address for PC
 534:c:/Users/User/Documents/GitHub/ch32h417/EVT/EXAM/SRC/Core\core_riscv.h ****  *
 535:c:/Users/User/Documents/GitHub/ch32h417/EVT/EXAM/SRC/Core\core_riscv.h ****  * @param   addr - V5F wake up address for PC(addr%1024 == 0).
 536:c:/Users/User/Documents/GitHub/ch32h417/EVT/EXAM/SRC/Core\core_riscv.h ****  *
 537:c:/Users/User/Documents/GitHub/ch32h417/EVT/EXAM/SRC/Core\core_riscv.h ****  * @return  none
 538:c:/Users/User/Documents/GitHub/ch32h417/EVT/EXAM/SRC/Core\core_riscv.h ****  */
 539:c:/Users/User/Documents/GitHub/ch32h417/EVT/EXAM/SRC/Core\core_riscv.h **** __attribute__( ( always_inline ) ) RV_STATIC_INLINE void NVIC_WakeUp_V5F(uint32_t addr)
 540:c:/Users/User/Documents/GitHub/ch32h417/EVT/EXAM/SRC/Core\core_riscv.h **** {
 541:c:/Users/User/Documents/GitHub/ch32h417/EVT/EXAM/SRC/Core\core_riscv.h ****   addr &= ~0x3FF; 
 542:c:/Users/User/Documents/GitHub/ch32h417/EVT/EXAM/SRC/Core\core_riscv.h ****   NVIC->WAKEIP[1] = addr;
 543:c:/Users/User/Documents/GitHub/ch32h417/EVT/EXAM/SRC/Core\core_riscv.h ****   NVIC->SCTLR |= (1<<5);
 544:c:/Users/User/Documents/GitHub/ch32h417/EVT/EXAM/SRC/Core\core_riscv.h **** }
 545:c:/Users/User/Documents/GitHub/ch32h417/EVT/EXAM/SRC/Core\core_riscv.h **** 
 546:c:/Users/User/Documents/GitHub/ch32h417/EVT/EXAM/SRC/Core\core_riscv.h **** /*********************************************************************
 547:c:/Users/User/Documents/GitHub/ch32h417/EVT/EXAM/SRC/Core\core_riscv.h ****  * @fn      NVIC_GetCurrentCoreID
 548:c:/Users/User/Documents/GitHub/ch32h417/EVT/EXAM/SRC/Core\core_riscv.h ****  *
 549:c:/Users/User/Documents/GitHub/ch32h417/EVT/EXAM/SRC/Core\core_riscv.h ****  * @brief   Get Current Core ID
 550:c:/Users/User/Documents/GitHub/ch32h417/EVT/EXAM/SRC/Core\core_riscv.h ****  *
 551:c:/Users/User/Documents/GitHub/ch32h417/EVT/EXAM/SRC/Core\core_riscv.h ****  * @return  1 - V5F
 552:c:/Users/User/Documents/GitHub/ch32h417/EVT/EXAM/SRC/Core\core_riscv.h ****  *          0 - V3F
 553:c:/Users/User/Documents/GitHub/ch32h417/EVT/EXAM/SRC/Core\core_riscv.h ****  */
 554:c:/Users/User/Documents/GitHub/ch32h417/EVT/EXAM/SRC/Core\core_riscv.h **** __attribute__( ( always_inline ) ) RV_STATIC_INLINE uint32_t NVIC_GetCurrentCoreID(void)
 555:c:/Users/User/Documents/GitHub/ch32h417/EVT/EXAM/SRC/Core\core_riscv.h **** {
 556:c:/Users/User/Documents/GitHub/ch32h417/EVT/EXAM/SRC/Core\core_riscv.h ****   return((uint32_t)(NVIC->SCTLR & (1<<16))?1:0);
 769              		.loc 2 556 10
 770 00c4 4166     		li	a2,65536
 771              	.LBE7:
 772              	.LBE6:
 619:c:/Users/User/Documents/GitHub/ch32h417/EVT/EXAM/SRC/Peripheral/src\ch32h417_rcc.c ****     presc1 = FPRETable[tmp];
 773              		.loc 1 619 35
 774 00c6 4183     		srli	a4,a4,16
 619:c:/Users/User/Documents/GitHub/ch32h417/EVT/EXAM/SRC/Peripheral/src\ch32h417_rcc.c ****     presc1 = FPRETable[tmp];
 775              		.loc 1 619 9
 776 00c8 0D8B     		andi	a4,a4,3
 777              	.LVL57:
 778              		.loc 1 620 5 is_stmt 1
 779              		.loc 1 620 23 is_stmt 0
 780 00ca 3697     		add	a4,a4,a3
 781              	.LVL58:
 782 00cc 1823     		lbu	a4,0(a4)
 783              	.LVL59:
 621:c:/Users/User/Documents/GitHub/ch32h417/EVT/EXAM/SRC/Peripheral/src\ch32h417_rcc.c ****     RCC_Clocks->HCLK_Frequency = tmp3 >> presc1;
 784              		.loc 1 621 5 is_stmt 1
 785              	.LBB10:
 786              	.LBB8:
 787              		.loc 2 556 25 is_stmt 0
 788 00ce B7F600E0 		li	a3,-536809472
 789              	.LBE8:
 790              	.LBE10:
 791              		.loc 1 621 39
 792 00d2 33D7E700 		srl	a4,a5,a4
 793              	.LVL60:
 794              		.loc 1 621 32
 795 00d6 58C1     		sw	a4,4(a0)
 622:c:/Users/User/Documents/GitHub/ch32h417/EVT/EXAM/SRC/Peripheral/src\ch32h417_rcc.c **** 
 623:c:/Users/User/Documents/GitHub/ch32h417/EVT/EXAM/SRC/Peripheral/src\ch32h417_rcc.c ****     if(NVIC_GetCurrentCoreID() == 0)//V3F
 796              		.loc 1 623 5 is_stmt 1
 797              	.LBB11:
 798              	.LBB9:
 799              		.loc 2 556 3
 800              		.loc 2 556 25 is_stmt 0
 801 00d8 83A606D1 		lw	a3,-752(a3)
 802              		.loc 2 556 10
 803 00dc F18E     		and	a3,a3,a2
 804              	.LBE9:
 805              	.LBE11:
 806              		.loc 1 623 7
 807 00de 91E2     		bne	a3,zero,.L52
 624:c:/Users/User/Documents/GitHub/ch32h417/EVT/EXAM/SRC/Peripheral/src\ch32h417_rcc.c ****     {
 625:c:/Users/User/Documents/GitHub/ch32h417/EVT/EXAM/SRC/Peripheral/src\ch32h417_rcc.c ****         RCC_Clocks->Core_Frequency = RCC_Clocks->HCLK_Frequency;
 808              		.loc 1 625 36
 809 00e0 BA87     		mv	a5,a4
 810              	.LVL61:
 811              	.L52:
 812 00e2 1CC5     		sw	a5,8(a0)
 626:c:/Users/User/Documents/GitHub/ch32h417/EVT/EXAM/SRC/Peripheral/src\ch32h417_rcc.c ****     }
 627:c:/Users/User/Documents/GitHub/ch32h417/EVT/EXAM/SRC/Peripheral/src\ch32h417_rcc.c ****     else 
 628:c:/Users/User/Documents/GitHub/ch32h417/EVT/EXAM/SRC/Peripheral/src\ch32h417_rcc.c ****     {
 629:c:/Users/User/Documents/GitHub/ch32h417/EVT/EXAM/SRC/Peripheral/src\ch32h417_rcc.c ****         RCC_Clocks->Core_Frequency = tmp3;
 630:c:/Users/User/Documents/GitHub/ch32h417/EVT/EXAM/SRC/Peripheral/src\ch32h417_rcc.c ****     }
 631:c:/Users/User/Documents/GitHub/ch32h417/EVT/EXAM/SRC/Peripheral/src\ch32h417_rcc.c **** 
 632:c:/Users/User/Documents/GitHub/ch32h417/EVT/EXAM/SRC/Peripheral/src\ch32h417_rcc.c ****     if((RCC->CFGR0 & RCC_ADCSRC) == RCC_ADCSRC)
 813              		.loc 1 632 5 is_stmt 1
 814              		.loc 1 632 12 is_stmt 0
 815 00e4 37160240 		li	a2,1073876992
 816 00e8 5C42     		lw	a5,4(a2)
 817              		.loc 1 632 7
 818 00ea 63DD0708 		bge	a5,zero,.L53
 633:c:/Users/User/Documents/GitHub/ch32h417/EVT/EXAM/SRC/Peripheral/src\ch32h417_rcc.c ****     {
 634:c:/Users/User/Documents/GitHub/ch32h417/EVT/EXAM/SRC/Peripheral/src\ch32h417_rcc.c ****         RCC_Clocks->ADCCLK_Frequency = 480000000 / (((RCC->CFGR0 & 0xF800) >> 11) + 5);
 819              		.loc 1 634 9 is_stmt 1
 820              		.loc 1 634 58 is_stmt 0
 821 00ee 5C42     		lw	a5,4(a2)
 822              		.loc 1 634 50
 823 00f0 37479C1C 		li	a4,480002048
 824 00f4 13070780 		addi	a4,a4,-2048
 825              		.loc 1 634 76
 826 00f8 AD83     		srli	a5,a5,11
 827 00fa FD8B     		andi	a5,a5,31
 828              		.loc 1 634 83
 829 00fc 9507     		addi	a5,a5,5
 830              	.LVL62:
 831              	.L61:
 635:c:/Users/User/Documents/GitHub/ch32h417/EVT/EXAM/SRC/Peripheral/src\ch32h417_rcc.c ****     }
 636:c:/Users/User/Documents/GitHub/ch32h417/EVT/EXAM/SRC/Peripheral/src\ch32h417_rcc.c ****     else
 637:c:/Users/User/Documents/GitHub/ch32h417/EVT/EXAM/SRC/Peripheral/src\ch32h417_rcc.c ****     {
 638:c:/Users/User/Documents/GitHub/ch32h417/EVT/EXAM/SRC/Peripheral/src\ch32h417_rcc.c ****         tmp = (RCC->CFGR0 & RCC_PPRE2) >> 11;
 639:c:/Users/User/Documents/GitHub/ch32h417/EVT/EXAM/SRC/Peripheral/src\ch32h417_rcc.c ****         presc = PPRE2Table[tmp];
 640:c:/Users/User/Documents/GitHub/ch32h417/EVT/EXAM/SRC/Peripheral/src\ch32h417_rcc.c ****         RCC_Clocks->ADCCLK_Frequency = RCC_Clocks->HCLK_Frequency >> presc;
 641:c:/Users/User/Documents/GitHub/ch32h417/EVT/EXAM/SRC/Peripheral/src\ch32h417_rcc.c ****         tmp = (RCC->CFGR0 & RCC_ADCPRE) >> 14;
 642:c:/Users/User/Documents/GitHub/ch32h417/EVT/EXAM/SRC/Peripheral/src\ch32h417_rcc.c ****         presc = ADCPRETable[tmp];
 643:c:/Users/User/Documents/GitHub/ch32h417/EVT/EXAM/SRC/Peripheral/src\ch32h417_rcc.c ****         RCC_Clocks->ADCCLK_Frequency = RCC_Clocks->ADCCLK_Frequency / presc;  
 832              		.loc 1 643 69
 833 00fe 3357F702 		divu	a4,a4,a5
 834 0102 58C5     		sw	a4,12(a0)
 644:c:/Users/User/Documents/GitHub/ch32h417/EVT/EXAM/SRC/Peripheral/src\ch32h417_rcc.c ****     }
 645:c:/Users/User/Documents/GitHub/ch32h417/EVT/EXAM/SRC/Peripheral/src\ch32h417_rcc.c **** }
 835              		.loc 1 645 1
 836 0104 8280     		ret
 837              	.LVL63:
 838              	.L45:
 555:c:/Users/User/Documents/GitHub/ch32h417/EVT/EXAM/SRC/Peripheral/src\ch32h417_rcc.c ****                     {
 839              		.loc 1 555 26 is_stmt 1
 555:c:/Users/User/Documents/GitHub/ch32h417/EVT/EXAM/SRC/Peripheral/src\ch32h417_rcc.c ****                     {
 840              		.loc 1 555 28 is_stmt 0
 841 0106 9305000E 		li	a1,224
 842 010a 6392B602 		bne	a3,a1,.L47
 557:c:/Users/User/Documents/GitHub/ch32h417/EVT/EXAM/SRC/Peripheral/src\ch32h417_rcc.c ****                     }
 843              		.loc 1 557 25 is_stmt 1
 557:c:/Users/User/Documents/GitHub/ch32h417/EVT/EXAM/SRC/Peripheral/src\ch32h417_rcc.c ****                     }
 844              		.loc 1 557 63 is_stmt 0
 845 010e D45B     		lw	a3,52(a5)
 846              	.LVL64:
 557:c:/Users/User/Documents/GitHub/ch32h417/EVT/EXAM/SRC/Peripheral/src\ch32h417_rcc.c ****                     }
 847              		.loc 1 557 59
 848 0110 B7070000 		lui	a5,%hi(SERDESPLLMULTable)
 849 0114 93870700 		addi	a5,a5,%lo(SERDESPLLMULTable)
 557:c:/Users/User/Documents/GitHub/ch32h417/EVT/EXAM/SRC/Peripheral/src\ch32h417_rcc.c ****                     }
 850              		.loc 1 557 73
 851 0118 C182     		srli	a3,a3,16
 557:c:/Users/User/Documents/GitHub/ch32h417/EVT/EXAM/SRC/Peripheral/src\ch32h417_rcc.c ****                     }
 852              		.loc 1 557 59
 853 011a B697     		add	a5,a5,a3
 854 011c 9C23     		lbu	a5,0(a5)
 557:c:/Users/User/Documents/GitHub/ch32h417/EVT/EXAM/SRC/Peripheral/src\ch32h417_rcc.c ****                     }
 855              		.loc 1 557 41
 856 011e B7867D01 		li	a3,25001984
 857 0122 93860684 		addi	a3,a3,-1984
 858 0126 B387D702 		mul	a5,a5,a3
 557:c:/Users/User/Documents/GitHub/ch32h417/EVT/EXAM/SRC/Peripheral/src\ch32h417_rcc.c ****                     }
 859              		.loc 1 557 78
 860 012a 8583     		srli	a5,a5,1
 861 012c A1B7     		j	.L59
 862              	.LVL65:
 863              	.L47:
 559:c:/Users/User/Documents/GitHub/ch32h417/EVT/EXAM/SRC/Peripheral/src\ch32h417_rcc.c ****                     {
 864              		.loc 1 559 26 is_stmt 1
 559:c:/Users/User/Documents/GitHub/ch32h417/EVT/EXAM/SRC/Peripheral/src\ch32h417_rcc.c ****                     {
 865              		.loc 1 559 28 is_stmt 0
 866 012e 93070008 		li	a5,128
 867 0132 6397F600 		bne	a3,a5,.L48
 561:c:/Users/User/Documents/GitHub/ch32h417/EVT/EXAM/SRC/Peripheral/src\ch32h417_rcc.c ****                     }
 868              		.loc 1 561 25 is_stmt 1
 561:c:/Users/User/Documents/GitHub/ch32h417/EVT/EXAM/SRC/Peripheral/src\ch32h417_rcc.c ****                     }
 869              		.loc 1 561 30 is_stmt 0
 870 0136 B7479C1C 		li	a5,480002048
 871 013a 93870780 		addi	a5,a5,-2048
 872 013e 1DBF     		j	.L59
 873              	.L48:
 563:c:/Users/User/Documents/GitHub/ch32h417/EVT/EXAM/SRC/Peripheral/src\ch32h417_rcc.c ****                     {
 874              		.loc 1 563 26 is_stmt 1
 563:c:/Users/User/Documents/GitHub/ch32h417/EVT/EXAM/SRC/Peripheral/src\ch32h417_rcc.c ****                     {
 875              		.loc 1 563 28 is_stmt 0
 876 0140 9307000C 		li	a5,192
 877 0144 6397F600 		bne	a3,a5,.L49
 565:c:/Users/User/Documents/GitHub/ch32h417/EVT/EXAM/SRC/Peripheral/src\ch32h417_rcc.c ****                     }
 878              		.loc 1 565 25 is_stmt 1
 565:c:/Users/User/Documents/GitHub/ch32h417/EVT/EXAM/SRC/Peripheral/src\ch32h417_rcc.c ****                     }
 879              		.loc 1 565 30 is_stmt 0
 880 0148 B7677307 		li	a5,125001728
 881 014c 93870794 		addi	a5,a5,-1728
 882 0150 15B7     		j	.L59
 883              	.L49:
 567:c:/Users/User/Documents/GitHub/ch32h417/EVT/EXAM/SRC/Peripheral/src\ch32h417_rcc.c ****                     {
 884              		.loc 1 567 26 is_stmt 1
 569:c:/Users/User/Documents/GitHub/ch32h417/EVT/EXAM/SRC/Peripheral/src\ch32h417_rcc.c ****                     }
 885              		.loc 1 569 30 is_stmt 0
 886 0152 B7877D01 		li	a5,25001984
 887 0156 93870784 		addi	a5,a5,-1984
 888 015a 29BF     		j	.L59
 889              	.LVL66:
 890              	.L44:
 595:c:/Users/User/Documents/GitHub/ch32h417/EVT/EXAM/SRC/Peripheral/src\ch32h417_rcc.c ****                     RCC_Clocks->SYSCLK_Frequency = HSE_VALUE*SERDESPLLMULTable[tmp1]/2;
 891              		.loc 1 595 21 is_stmt 1
 595:c:/Users/User/Documents/GitHub/ch32h417/EVT/EXAM/SRC/Peripheral/src\ch32h417_rcc.c ****                     RCC_Clocks->SYSCLK_Frequency = HSE_VALUE*SERDESPLLMULTable[tmp1]/2;
 892              		.loc 1 595 31 is_stmt 0
 893 015c D85B     		lw	a4,52(a5)
 894              	.LVL67:
 596:c:/Users/User/Documents/GitHub/ch32h417/EVT/EXAM/SRC/Peripheral/src\ch32h417_rcc.c ****                     break;
 895              		.loc 1 596 79
 896 015e B7070000 		lui	a5,%hi(SERDESPLLMULTable)
 897 0162 93870700 		addi	a5,a5,%lo(SERDESPLLMULTable)
 595:c:/Users/User/Documents/GitHub/ch32h417/EVT/EXAM/SRC/Peripheral/src\ch32h417_rcc.c ****                     RCC_Clocks->SYSCLK_Frequency = HSE_VALUE*SERDESPLLMULTable[tmp1]/2;
 898              		.loc 1 595 26
 899 0166 4183     		srli	a4,a4,16
 900              	.LVL68:
 596:c:/Users/User/Documents/GitHub/ch32h417/EVT/EXAM/SRC/Peripheral/src\ch32h417_rcc.c ****                     break;
 901              		.loc 1 596 21 is_stmt 1
 596:c:/Users/User/Documents/GitHub/ch32h417/EVT/EXAM/SRC/Peripheral/src\ch32h417_rcc.c ****                     break;
 902              		.loc 1 596 79 is_stmt 0
 903 0168 BA97     		add	a5,a5,a4
 904 016a 9C23     		lbu	a5,0(a5)
 596:c:/Users/User/Documents/GitHub/ch32h417/EVT/EXAM/SRC/Peripheral/src\ch32h417_rcc.c ****                     break;
 905              		.loc 1 596 61
 906 016c 37877D01 		li	a4,25001984
 907              	.LVL69:
 908 0170 13070784 		addi	a4,a4,-1984
 909 0174 B387E702 		mul	a5,a5,a4
 910 0178 15B7     		j	.L60
 911              	.LVL70:
 912              	.L56:
 913 017a B767CD1D 		li	a5,499998720
 914 017e 93870750 		addi	a5,a5,1280
 915 0182 31BF     		j	.L41
 916              	.LVL71:
 917              	.L53:
 638:c:/Users/User/Documents/GitHub/ch32h417/EVT/EXAM/SRC/Peripheral/src\ch32h417_rcc.c ****         presc = PPRE2Table[tmp];
 918              		.loc 1 638 9 is_stmt 1
 638:c:/Users/User/Documents/GitHub/ch32h417/EVT/EXAM/SRC/Peripheral/src\ch32h417_rcc.c ****         presc = PPRE2Table[tmp];
 919              		.loc 1 638 19 is_stmt 0
 920 0184 5442     		lw	a3,4(a2)
 639:c:/Users/User/Documents/GitHub/ch32h417/EVT/EXAM/SRC/Peripheral/src\ch32h417_rcc.c ****         RCC_Clocks->ADCCLK_Frequency = RCC_Clocks->HCLK_Frequency >> presc;
 921              		.loc 1 639 27
 922 0186 B7070000 		lui	a5,%hi(PPRE2Table)
 923 018a 93870700 		addi	a5,a5,%lo(PPRE2Table)
 638:c:/Users/User/Documents/GitHub/ch32h417/EVT/EXAM/SRC/Peripheral/src\ch32h417_rcc.c ****         presc = PPRE2Table[tmp];
 924              		.loc 1 638 40
 925 018e AD82     		srli	a3,a3,11
 638:c:/Users/User/Documents/GitHub/ch32h417/EVT/EXAM/SRC/Peripheral/src\ch32h417_rcc.c ****         presc = PPRE2Table[tmp];
 926              		.loc 1 638 13
 927 0190 9D8A     		andi	a3,a3,7
 928              	.LVL72:
 639:c:/Users/User/Documents/GitHub/ch32h417/EVT/EXAM/SRC/Peripheral/src\ch32h417_rcc.c ****         RCC_Clocks->ADCCLK_Frequency = RCC_Clocks->HCLK_Frequency >> presc;
 929              		.loc 1 639 9 is_stmt 1
 639:c:/Users/User/Documents/GitHub/ch32h417/EVT/EXAM/SRC/Peripheral/src\ch32h417_rcc.c ****         RCC_Clocks->ADCCLK_Frequency = RCC_Clocks->HCLK_Frequency >> presc;
 930              		.loc 1 639 27 is_stmt 0
 931 0192 B697     		add	a5,a5,a3
 932 0194 8C23     		lbu	a1,0(a5)
 933              	.LVL73:
 640:c:/Users/User/Documents/GitHub/ch32h417/EVT/EXAM/SRC/Peripheral/src\ch32h417_rcc.c ****         tmp = (RCC->CFGR0 & RCC_ADCPRE) >> 14;
 934              		.loc 1 640 9 is_stmt 1
 641:c:/Users/User/Documents/GitHub/ch32h417/EVT/EXAM/SRC/Peripheral/src\ch32h417_rcc.c ****         presc = ADCPRETable[tmp];
 935              		.loc 1 641 9
 641:c:/Users/User/Documents/GitHub/ch32h417/EVT/EXAM/SRC/Peripheral/src\ch32h417_rcc.c ****         presc = ADCPRETable[tmp];
 936              		.loc 1 641 19 is_stmt 0
 937 0196 5C42     		lw	a5,4(a2)
 642:c:/Users/User/Documents/GitHub/ch32h417/EVT/EXAM/SRC/Peripheral/src\ch32h417_rcc.c ****         RCC_Clocks->ADCCLK_Frequency = RCC_Clocks->ADCCLK_Frequency / presc;  
 938              		.loc 1 642 28
 939 0198 B7060000 		lui	a3,%hi(ADCPRETable)
 940              	.LVL74:
 941 019c 93860600 		addi	a3,a3,%lo(ADCPRETable)
 641:c:/Users/User/Documents/GitHub/ch32h417/EVT/EXAM/SRC/Peripheral/src\ch32h417_rcc.c ****         presc = ADCPRETable[tmp];
 942              		.loc 1 641 41
 943 01a0 B983     		srli	a5,a5,14
 641:c:/Users/User/Documents/GitHub/ch32h417/EVT/EXAM/SRC/Peripheral/src\ch32h417_rcc.c ****         presc = ADCPRETable[tmp];
 944              		.loc 1 641 13
 945 01a2 8D8B     		andi	a5,a5,3
 946              	.LVL75:
 642:c:/Users/User/Documents/GitHub/ch32h417/EVT/EXAM/SRC/Peripheral/src\ch32h417_rcc.c ****         RCC_Clocks->ADCCLK_Frequency = RCC_Clocks->ADCCLK_Frequency / presc;  
 947              		.loc 1 642 9 is_stmt 1
 642:c:/Users/User/Documents/GitHub/ch32h417/EVT/EXAM/SRC/Peripheral/src\ch32h417_rcc.c ****         RCC_Clocks->ADCCLK_Frequency = RCC_Clocks->ADCCLK_Frequency / presc;  
 948              		.loc 1 642 28 is_stmt 0
 949 01a4 B697     		add	a5,a5,a3
 950              	.LVL76:
 951 01a6 9C23     		lbu	a5,0(a5)
 952              	.LVL77:
 643:c:/Users/User/Documents/GitHub/ch32h417/EVT/EXAM/SRC/Peripheral/src\ch32h417_rcc.c ****     }
 953              		.loc 1 643 9 is_stmt 1
 640:c:/Users/User/Documents/GitHub/ch32h417/EVT/EXAM/SRC/Peripheral/src\ch32h417_rcc.c ****         tmp = (RCC->CFGR0 & RCC_ADCPRE) >> 14;
 954              		.loc 1 640 67 is_stmt 0
 955 01a8 3357B700 		srl	a4,a4,a1
 956 01ac 89BF     		j	.L61
 957              		.cfi_endproc
 958              	.LFE57:
 960              		.section	.text.RCC_HBPeriphClockCmd,"ax",@progbits
 961              		.align	1
 962              		.globl	RCC_HBPeriphClockCmd
 964              	RCC_HBPeriphClockCmd:
 965              	.LFB58:
 646:c:/Users/User/Documents/GitHub/ch32h417/EVT/EXAM/SRC/Peripheral/src\ch32h417_rcc.c **** 
 647:c:/Users/User/Documents/GitHub/ch32h417/EVT/EXAM/SRC/Peripheral/src\ch32h417_rcc.c **** /*********************************************************************
 648:c:/Users/User/Documents/GitHub/ch32h417/EVT/EXAM/SRC/Peripheral/src\ch32h417_rcc.c ****  * @fn      RCC_HBPeriphClockCmd
 649:c:/Users/User/Documents/GitHub/ch32h417/EVT/EXAM/SRC/Peripheral/src\ch32h417_rcc.c ****  *
 650:c:/Users/User/Documents/GitHub/ch32h417/EVT/EXAM/SRC/Peripheral/src\ch32h417_rcc.c ****  * @brief   Enables or disables the HB peripheral clock.
 651:c:/Users/User/Documents/GitHub/ch32h417/EVT/EXAM/SRC/Peripheral/src\ch32h417_rcc.c ****  *
 652:c:/Users/User/Documents/GitHub/ch32h417/EVT/EXAM/SRC/Peripheral/src\ch32h417_rcc.c ****  * @param   RCC_HBPeriph - specifies the HB peripheral to gates its clock.
 653:c:/Users/User/Documents/GitHub/ch32h417/EVT/EXAM/SRC/Peripheral/src\ch32h417_rcc.c ****  *            RCC_HBPeriph_DMA1
 654:c:/Users/User/Documents/GitHub/ch32h417/EVT/EXAM/SRC/Peripheral/src\ch32h417_rcc.c ****  *            RCC_HBPeriph_DMA2
 655:c:/Users/User/Documents/GitHub/ch32h417/EVT/EXAM/SRC/Peripheral/src\ch32h417_rcc.c ****  *            RCC_HBPeriph_CRC
 656:c:/Users/User/Documents/GitHub/ch32h417/EVT/EXAM/SRC/Peripheral/src\ch32h417_rcc.c ****  *            RCC_HBPeriph_FMC
 657:c:/Users/User/Documents/GitHub/ch32h417/EVT/EXAM/SRC/Peripheral/src\ch32h417_rcc.c ****  *            RCC_HBPeriph_RNG
 658:c:/Users/User/Documents/GitHub/ch32h417/EVT/EXAM/SRC/Peripheral/src\ch32h417_rcc.c ****  *            RCC_HBPeriph_SDMMC
 659:c:/Users/User/Documents/GitHub/ch32h417/EVT/EXAM/SRC/Peripheral/src\ch32h417_rcc.c ****  *            RCC_HBPeriph_USBHS
 660:c:/Users/User/Documents/GitHub/ch32h417/EVT/EXAM/SRC/Peripheral/src\ch32h417_rcc.c ****  *            RCC_HBPeriph_USBSS
 661:c:/Users/User/Documents/GitHub/ch32h417/EVT/EXAM/SRC/Peripheral/src\ch32h417_rcc.c ****  *            RCC_HBPeriph_DVP
 662:c:/Users/User/Documents/GitHub/ch32h417/EVT/EXAM/SRC/Peripheral/src\ch32h417_rcc.c ****  *            RCC_HBPeriph_ETH
 663:c:/Users/User/Documents/GitHub/ch32h417/EVT/EXAM/SRC/Peripheral/src\ch32h417_rcc.c ****  *            RCC_HBPeriph_OTG_FS
 664:c:/Users/User/Documents/GitHub/ch32h417/EVT/EXAM/SRC/Peripheral/src\ch32h417_rcc.c ****  *            RCC_HBPeriph_UHSIF
 665:c:/Users/User/Documents/GitHub/ch32h417/EVT/EXAM/SRC/Peripheral/src\ch32h417_rcc.c ****  *            RCC_HBPeriph_USBPD
 666:c:/Users/User/Documents/GitHub/ch32h417/EVT/EXAM/SRC/Peripheral/src\ch32h417_rcc.c ****  *            RCC_HBPeriph_SERDES
 667:c:/Users/User/Documents/GitHub/ch32h417/EVT/EXAM/SRC/Peripheral/src\ch32h417_rcc.c ****  *            RCC_HBPeriph_POIC
 668:c:/Users/User/Documents/GitHub/ch32h417/EVT/EXAM/SRC/Peripheral/src\ch32h417_rcc.c ****  *         
 669:c:/Users/User/Documents/GitHub/ch32h417/EVT/EXAM/SRC/Peripheral/src\ch32h417_rcc.c ****  *          NewState - ENABLE or DISABLE.
 670:c:/Users/User/Documents/GitHub/ch32h417/EVT/EXAM/SRC/Peripheral/src\ch32h417_rcc.c ****  *
 671:c:/Users/User/Documents/GitHub/ch32h417/EVT/EXAM/SRC/Peripheral/src\ch32h417_rcc.c ****  * @return  none
 672:c:/Users/User/Documents/GitHub/ch32h417/EVT/EXAM/SRC/Peripheral/src\ch32h417_rcc.c ****  */
 673:c:/Users/User/Documents/GitHub/ch32h417/EVT/EXAM/SRC/Peripheral/src\ch32h417_rcc.c **** void RCC_HBPeriphClockCmd(uint32_t RCC_HBPeriph, FunctionalState NewState)
 674:c:/Users/User/Documents/GitHub/ch32h417/EVT/EXAM/SRC/Peripheral/src\ch32h417_rcc.c **** {
 966              		.loc 1 674 1 is_stmt 1
 967              		.cfi_startproc
 968              	.LVL78:
 675:c:/Users/User/Documents/GitHub/ch32h417/EVT/EXAM/SRC/Peripheral/src\ch32h417_rcc.c ****     if(NewState != DISABLE)
 969              		.loc 1 675 5
 970              		.loc 1 675 7 is_stmt 0
 971 0000 99C5     		beq	a1,zero,.L65
 676:c:/Users/User/Documents/GitHub/ch32h417/EVT/EXAM/SRC/Peripheral/src\ch32h417_rcc.c ****     {
 677:c:/Users/User/Documents/GitHub/ch32h417/EVT/EXAM/SRC/Peripheral/src\ch32h417_rcc.c ****         RCC->HBPCENR |= RCC_HBPeriph;
 972              		.loc 1 677 9 is_stmt 1
 973              		.loc 1 677 12 is_stmt 0
 974 0002 37170240 		li	a4,1073876992
 975 0006 1C4F     		lw	a5,24(a4)
 976              		.loc 1 677 22
 977 0008 C98F     		or	a5,a5,a0
 978 000a 1CCF     		sw	a5,24(a4)
 979 000c 8280     		ret
 980              	.L65:
 678:c:/Users/User/Documents/GitHub/ch32h417/EVT/EXAM/SRC/Peripheral/src\ch32h417_rcc.c ****     }
 679:c:/Users/User/Documents/GitHub/ch32h417/EVT/EXAM/SRC/Peripheral/src\ch32h417_rcc.c ****     else
 680:c:/Users/User/Documents/GitHub/ch32h417/EVT/EXAM/SRC/Peripheral/src\ch32h417_rcc.c ****     {
 681:c:/Users/User/Documents/GitHub/ch32h417/EVT/EXAM/SRC/Peripheral/src\ch32h417_rcc.c ****         RCC->HBPCENR &= ~RCC_HBPeriph;
 981              		.loc 1 681 9 is_stmt 1
 982              		.loc 1 681 12 is_stmt 0
 983 000e B7170240 		li	a5,1073876992
 984 0012 984F     		lw	a4,24(a5)
 985              		.loc 1 681 22
 986 0014 3375A740 		andn	a0,a4,a0
 987              	.LVL79:
 988 0018 88CF     		sw	a0,24(a5)
 682:c:/Users/User/Documents/GitHub/ch32h417/EVT/EXAM/SRC/Peripheral/src\ch32h417_rcc.c ****     }
 683:c:/Users/User/Documents/GitHub/ch32h417/EVT/EXAM/SRC/Peripheral/src\ch32h417_rcc.c **** }
 989              		.loc 1 683 1
 990 001a 8280     		ret
 991              		.cfi_endproc
 992              	.LFE58:
 994              		.section	.text.RCC_HB2PeriphClockCmd,"ax",@progbits
 995              		.align	1
 996              		.globl	RCC_HB2PeriphClockCmd
 998              	RCC_HB2PeriphClockCmd:
 999              	.LFB59:
 684:c:/Users/User/Documents/GitHub/ch32h417/EVT/EXAM/SRC/Peripheral/src\ch32h417_rcc.c **** 
 685:c:/Users/User/Documents/GitHub/ch32h417/EVT/EXAM/SRC/Peripheral/src\ch32h417_rcc.c **** /*********************************************************************
 686:c:/Users/User/Documents/GitHub/ch32h417/EVT/EXAM/SRC/Peripheral/src\ch32h417_rcc.c ****  * @fn      RCC_HB2PeriphClockCmd
 687:c:/Users/User/Documents/GitHub/ch32h417/EVT/EXAM/SRC/Peripheral/src\ch32h417_rcc.c ****  *
 688:c:/Users/User/Documents/GitHub/ch32h417/EVT/EXAM/SRC/Peripheral/src\ch32h417_rcc.c ****  * @brief   Enables or disables the High Speed HB2 peripheral clock.
 689:c:/Users/User/Documents/GitHub/ch32h417/EVT/EXAM/SRC/Peripheral/src\ch32h417_rcc.c ****  *
 690:c:/Users/User/Documents/GitHub/ch32h417/EVT/EXAM/SRC/Peripheral/src\ch32h417_rcc.c ****  * @param   RCC_HB2Periph - specifies the HB2 peripheral to gates its clock.
 691:c:/Users/User/Documents/GitHub/ch32h417/EVT/EXAM/SRC/Peripheral/src\ch32h417_rcc.c ****  *            RCC_HB2Periph_AFIO
 692:c:/Users/User/Documents/GitHub/ch32h417/EVT/EXAM/SRC/Peripheral/src\ch32h417_rcc.c ****  *            RCC_HB2Periph_HSADC
 693:c:/Users/User/Documents/GitHub/ch32h417/EVT/EXAM/SRC/Peripheral/src\ch32h417_rcc.c ****  *            RCC_HB2Periph_GPIOA
 694:c:/Users/User/Documents/GitHub/ch32h417/EVT/EXAM/SRC/Peripheral/src\ch32h417_rcc.c ****  *            RCC_HB2Periph_GPIOB
 695:c:/Users/User/Documents/GitHub/ch32h417/EVT/EXAM/SRC/Peripheral/src\ch32h417_rcc.c ****  *            RCC_HB2Periph_GPIOC
 696:c:/Users/User/Documents/GitHub/ch32h417/EVT/EXAM/SRC/Peripheral/src\ch32h417_rcc.c ****  *            RCC_HB2Periph_GPIOD
 697:c:/Users/User/Documents/GitHub/ch32h417/EVT/EXAM/SRC/Peripheral/src\ch32h417_rcc.c ****  *            RCC_HB2Periph_GPIOE
 698:c:/Users/User/Documents/GitHub/ch32h417/EVT/EXAM/SRC/Peripheral/src\ch32h417_rcc.c ****  *            RCC_HB2Periph_GPIOF
 699:c:/Users/User/Documents/GitHub/ch32h417/EVT/EXAM/SRC/Peripheral/src\ch32h417_rcc.c ****  *            RCC_HB2Periph_ADC1
 700:c:/Users/User/Documents/GitHub/ch32h417/EVT/EXAM/SRC/Peripheral/src\ch32h417_rcc.c ****  *            RCC_HB2Periph_ADC2
 701:c:/Users/User/Documents/GitHub/ch32h417/EVT/EXAM/SRC/Peripheral/src\ch32h417_rcc.c ****  *            RCC_HB2Periph_TIM1
 702:c:/Users/User/Documents/GitHub/ch32h417/EVT/EXAM/SRC/Peripheral/src\ch32h417_rcc.c ****  *            RCC_HB2Periph_SPI1
 703:c:/Users/User/Documents/GitHub/ch32h417/EVT/EXAM/SRC/Peripheral/src\ch32h417_rcc.c ****  *            RCC_HB2Periph_TIM8
 704:c:/Users/User/Documents/GitHub/ch32h417/EVT/EXAM/SRC/Peripheral/src\ch32h417_rcc.c ****  *            RCC_HB2Periph_USART1
 705:c:/Users/User/Documents/GitHub/ch32h417/EVT/EXAM/SRC/Peripheral/src\ch32h417_rcc.c ****  *            RCC_HB2Periph_I2C4
 706:c:/Users/User/Documents/GitHub/ch32h417/EVT/EXAM/SRC/Peripheral/src\ch32h417_rcc.c ****  *            RCC_HB2Periph_SAI
 707:c:/Users/User/Documents/GitHub/ch32h417/EVT/EXAM/SRC/Peripheral/src\ch32h417_rcc.c ****  *            RCC_HB2Periph_SDIO
 708:c:/Users/User/Documents/GitHub/ch32h417/EVT/EXAM/SRC/Peripheral/src\ch32h417_rcc.c ****  *            RCC_HB2Periph_TIM9
 709:c:/Users/User/Documents/GitHub/ch32h417/EVT/EXAM/SRC/Peripheral/src\ch32h417_rcc.c ****  *            RCC_HB2Periph_TIM10
 710:c:/Users/User/Documents/GitHub/ch32h417/EVT/EXAM/SRC/Peripheral/src\ch32h417_rcc.c ****  *            RCC_HB2Periph_TIM11
 711:c:/Users/User/Documents/GitHub/ch32h417/EVT/EXAM/SRC/Peripheral/src\ch32h417_rcc.c ****  *            RCC_HB2Periph_TIM12
 712:c:/Users/User/Documents/GitHub/ch32h417/EVT/EXAM/SRC/Peripheral/src\ch32h417_rcc.c ****  *            RCC_HB2Periph_OPCM
 713:c:/Users/User/Documents/GitHub/ch32h417/EVT/EXAM/SRC/Peripheral/src\ch32h417_rcc.c ****  *            RCC_HB2Periph_DFSDM
 714:c:/Users/User/Documents/GitHub/ch32h417/EVT/EXAM/SRC/Peripheral/src\ch32h417_rcc.c ****  *            RCC_HB2Periph_ECDC
 715:c:/Users/User/Documents/GitHub/ch32h417/EVT/EXAM/SRC/Peripheral/src\ch32h417_rcc.c ****  *            RCC_HB2Periph_GPHA
 716:c:/Users/User/Documents/GitHub/ch32h417/EVT/EXAM/SRC/Peripheral/src\ch32h417_rcc.c ****  *            RCC_HB2Periph_LTDC
 717:c:/Users/User/Documents/GitHub/ch32h417/EVT/EXAM/SRC/Peripheral/src\ch32h417_rcc.c ****  *            RCC_HB2Periph_I3C
 718:c:/Users/User/Documents/GitHub/ch32h417/EVT/EXAM/SRC/Peripheral/src\ch32h417_rcc.c ****  *          NewState - ENABLE or DISABLE
 719:c:/Users/User/Documents/GitHub/ch32h417/EVT/EXAM/SRC/Peripheral/src\ch32h417_rcc.c ****  *
 720:c:/Users/User/Documents/GitHub/ch32h417/EVT/EXAM/SRC/Peripheral/src\ch32h417_rcc.c ****  * @return  none
 721:c:/Users/User/Documents/GitHub/ch32h417/EVT/EXAM/SRC/Peripheral/src\ch32h417_rcc.c ****  */
 722:c:/Users/User/Documents/GitHub/ch32h417/EVT/EXAM/SRC/Peripheral/src\ch32h417_rcc.c **** void RCC_HB2PeriphClockCmd(uint32_t RCC_HB2PCENR, FunctionalState NewState)
 723:c:/Users/User/Documents/GitHub/ch32h417/EVT/EXAM/SRC/Peripheral/src\ch32h417_rcc.c **** {
 1000              		.loc 1 723 1 is_stmt 1
 1001              		.cfi_startproc
 1002              	.LVL80:
 724:c:/Users/User/Documents/GitHub/ch32h417/EVT/EXAM/SRC/Peripheral/src\ch32h417_rcc.c ****     if(NewState != DISABLE)
 1003              		.loc 1 724 5
 1004              		.loc 1 724 7 is_stmt 0
 1005 0000 99C5     		beq	a1,zero,.L68
 725:c:/Users/User/Documents/GitHub/ch32h417/EVT/EXAM/SRC/Peripheral/src\ch32h417_rcc.c ****     {
 726:c:/Users/User/Documents/GitHub/ch32h417/EVT/EXAM/SRC/Peripheral/src\ch32h417_rcc.c ****         RCC->HB2PCENR |= RCC_HB2PCENR;
 1006              		.loc 1 726 9 is_stmt 1
 1007              		.loc 1 726 12 is_stmt 0
 1008 0002 37170240 		li	a4,1073876992
 1009 0006 5C4F     		lw	a5,28(a4)
 1010              		.loc 1 726 23
 1011 0008 C98F     		or	a5,a5,a0
 1012 000a 5CCF     		sw	a5,28(a4)
 1013 000c 8280     		ret
 1014              	.L68:
 1015              	.LVL81:
 1016              	.LBB14:
 1017              	.LBB15:
 727:c:/Users/User/Documents/GitHub/ch32h417/EVT/EXAM/SRC/Peripheral/src\ch32h417_rcc.c ****     }
 728:c:/Users/User/Documents/GitHub/ch32h417/EVT/EXAM/SRC/Peripheral/src\ch32h417_rcc.c ****     else
 729:c:/Users/User/Documents/GitHub/ch32h417/EVT/EXAM/SRC/Peripheral/src\ch32h417_rcc.c ****     {
 730:c:/Users/User/Documents/GitHub/ch32h417/EVT/EXAM/SRC/Peripheral/src\ch32h417_rcc.c ****         RCC->HB2PCENR &= ~ RCC_HB2PCENR;
 1018              		.loc 1 730 9 is_stmt 1
 1019              		.loc 1 730 12 is_stmt 0
 1020 000e B7170240 		li	a5,1073876992
 1021 0012 D84F     		lw	a4,28(a5)
 1022              		.loc 1 730 23
 1023 0014 3375A740 		andn	a0,a4,a0
 1024              	.LVL82:
 1025 0018 C8CF     		sw	a0,28(a5)
 1026              	.LVL83:
 1027              	.LBE15:
 1028              	.LBE14:
 731:c:/Users/User/Documents/GitHub/ch32h417/EVT/EXAM/SRC/Peripheral/src\ch32h417_rcc.c ****     }
 732:c:/Users/User/Documents/GitHub/ch32h417/EVT/EXAM/SRC/Peripheral/src\ch32h417_rcc.c **** }
 1029              		.loc 1 732 1
 1030 001a 8280     		ret
 1031              		.cfi_endproc
 1032              	.LFE59:
 1034              		.section	.text.RCC_HB1PeriphClockCmd,"ax",@progbits
 1035              		.align	1
 1036              		.globl	RCC_HB1PeriphClockCmd
 1038              	RCC_HB1PeriphClockCmd:
 1039              	.LFB60:
 733:c:/Users/User/Documents/GitHub/ch32h417/EVT/EXAM/SRC/Peripheral/src\ch32h417_rcc.c **** 
 734:c:/Users/User/Documents/GitHub/ch32h417/EVT/EXAM/SRC/Peripheral/src\ch32h417_rcc.c **** /*********************************************************************
 735:c:/Users/User/Documents/GitHub/ch32h417/EVT/EXAM/SRC/Peripheral/src\ch32h417_rcc.c ****  * @fn      RCC_HB1PeriphClockCmd
 736:c:/Users/User/Documents/GitHub/ch32h417/EVT/EXAM/SRC/Peripheral/src\ch32h417_rcc.c ****  *
 737:c:/Users/User/Documents/GitHub/ch32h417/EVT/EXAM/SRC/Peripheral/src\ch32h417_rcc.c ****  * @brief   Enables or disables the Low Speed HB1 peripheral clock.
 738:c:/Users/User/Documents/GitHub/ch32h417/EVT/EXAM/SRC/Peripheral/src\ch32h417_rcc.c ****  *
 739:c:/Users/User/Documents/GitHub/ch32h417/EVT/EXAM/SRC/Peripheral/src\ch32h417_rcc.c ****  * @param   RCC_HB1Periph - specifies the HB1 peripheral to gates its clock.
 740:c:/Users/User/Documents/GitHub/ch32h417/EVT/EXAM/SRC/Peripheral/src\ch32h417_rcc.c ****  *            RCC_HB1Periph_TIM2
 741:c:/Users/User/Documents/GitHub/ch32h417/EVT/EXAM/SRC/Peripheral/src\ch32h417_rcc.c ****  *            RCC_HB1Periph_TIM3
 742:c:/Users/User/Documents/GitHub/ch32h417/EVT/EXAM/SRC/Peripheral/src\ch32h417_rcc.c ****  *            RCC_HB1Periph_TIM4
 743:c:/Users/User/Documents/GitHub/ch32h417/EVT/EXAM/SRC/Peripheral/src\ch32h417_rcc.c ****  *            RCC_HB1Periph_TIM5
 744:c:/Users/User/Documents/GitHub/ch32h417/EVT/EXAM/SRC/Peripheral/src\ch32h417_rcc.c ****  *            RCC_HB1Periph_TIM6
 745:c:/Users/User/Documents/GitHub/ch32h417/EVT/EXAM/SRC/Peripheral/src\ch32h417_rcc.c ****  *            RCC_HB1Periph_TIM7
 746:c:/Users/User/Documents/GitHub/ch32h417/EVT/EXAM/SRC/Peripheral/src\ch32h417_rcc.c ****  *            RCC_HB1Periph_USART6
 747:c:/Users/User/Documents/GitHub/ch32h417/EVT/EXAM/SRC/Peripheral/src\ch32h417_rcc.c ****  *            RCC_HB1Periph_USART7
 748:c:/Users/User/Documents/GitHub/ch32h417/EVT/EXAM/SRC/Peripheral/src\ch32h417_rcc.c ****  *            RCC_HB1Periph_USART8
 749:c:/Users/User/Documents/GitHub/ch32h417/EVT/EXAM/SRC/Peripheral/src\ch32h417_rcc.c ****  *            RCC_HB1Periph_LPTIM1
 750:c:/Users/User/Documents/GitHub/ch32h417/EVT/EXAM/SRC/Peripheral/src\ch32h417_rcc.c ****  *            RCC_HB1Periph_LPTIM2
 751:c:/Users/User/Documents/GitHub/ch32h417/EVT/EXAM/SRC/Peripheral/src\ch32h417_rcc.c ****  *            RCC_HB1Periph_WWDG
 752:c:/Users/User/Documents/GitHub/ch32h417/EVT/EXAM/SRC/Peripheral/src\ch32h417_rcc.c ****  *            RCC_HB1Periph_QSPI1
 753:c:/Users/User/Documents/GitHub/ch32h417/EVT/EXAM/SRC/Peripheral/src\ch32h417_rcc.c ****  *            RCC_HB1Periph_QSPI2
 754:c:/Users/User/Documents/GitHub/ch32h417/EVT/EXAM/SRC/Peripheral/src\ch32h417_rcc.c ****  *            RCC_HB1Periph_SPI2
 755:c:/Users/User/Documents/GitHub/ch32h417/EVT/EXAM/SRC/Peripheral/src\ch32h417_rcc.c ****  *            RCC_HB1Periph_SPI3
 756:c:/Users/User/Documents/GitHub/ch32h417/EVT/EXAM/SRC/Peripheral/src\ch32h417_rcc.c ****  *            RCC_HB1Periph_SPI4
 757:c:/Users/User/Documents/GitHub/ch32h417/EVT/EXAM/SRC/Peripheral/src\ch32h417_rcc.c ****  *            RCC_HB1Periph_USART2
 758:c:/Users/User/Documents/GitHub/ch32h417/EVT/EXAM/SRC/Peripheral/src\ch32h417_rcc.c ****  *            RCC_HB1Periph_USART3
 759:c:/Users/User/Documents/GitHub/ch32h417/EVT/EXAM/SRC/Peripheral/src\ch32h417_rcc.c ****  *            RCC_HB1Periph_USART4
 760:c:/Users/User/Documents/GitHub/ch32h417/EVT/EXAM/SRC/Peripheral/src\ch32h417_rcc.c ****  *            RCC_HB1Periph_USART5
 761:c:/Users/User/Documents/GitHub/ch32h417/EVT/EXAM/SRC/Peripheral/src\ch32h417_rcc.c ****  *            RCC_HB1Periph_I2C1
 762:c:/Users/User/Documents/GitHub/ch32h417/EVT/EXAM/SRC/Peripheral/src\ch32h417_rcc.c ****  *            RCC_HB1Periph_I2C2
 763:c:/Users/User/Documents/GitHub/ch32h417/EVT/EXAM/SRC/Peripheral/src\ch32h417_rcc.c ****  *            RCC_HB1Periph_CAN3
 764:c:/Users/User/Documents/GitHub/ch32h417/EVT/EXAM/SRC/Peripheral/src\ch32h417_rcc.c ****  *            RCC_HB1Periph_CAN1
 765:c:/Users/User/Documents/GitHub/ch32h417/EVT/EXAM/SRC/Peripheral/src\ch32h417_rcc.c ****  *            RCC_HB1Periph_CAN2
 766:c:/Users/User/Documents/GitHub/ch32h417/EVT/EXAM/SRC/Peripheral/src\ch32h417_rcc.c ****  *            RCC_HB1Periph_BKP
 767:c:/Users/User/Documents/GitHub/ch32h417/EVT/EXAM/SRC/Peripheral/src\ch32h417_rcc.c ****  *            RCC_HB1Periph_PWR
 768:c:/Users/User/Documents/GitHub/ch32h417/EVT/EXAM/SRC/Peripheral/src\ch32h417_rcc.c ****  *            RCC_HB1Periph_DAC
 769:c:/Users/User/Documents/GitHub/ch32h417/EVT/EXAM/SRC/Peripheral/src\ch32h417_rcc.c ****  *            RCC_HB1Periph_I2C3
 770:c:/Users/User/Documents/GitHub/ch32h417/EVT/EXAM/SRC/Peripheral/src\ch32h417_rcc.c ****  *            RCC_HB1Periph_SWPMI
 771:c:/Users/User/Documents/GitHub/ch32h417/EVT/EXAM/SRC/Peripheral/src\ch32h417_rcc.c ****  *          NewState - ENABLE or DISABLE.
 772:c:/Users/User/Documents/GitHub/ch32h417/EVT/EXAM/SRC/Peripheral/src\ch32h417_rcc.c ****  *
 773:c:/Users/User/Documents/GitHub/ch32h417/EVT/EXAM/SRC/Peripheral/src\ch32h417_rcc.c ****  * @return  none
 774:c:/Users/User/Documents/GitHub/ch32h417/EVT/EXAM/SRC/Peripheral/src\ch32h417_rcc.c ****  */
 775:c:/Users/User/Documents/GitHub/ch32h417/EVT/EXAM/SRC/Peripheral/src\ch32h417_rcc.c **** void RCC_HB1PeriphClockCmd(uint32_t RCC_HB1PCENR, FunctionalState NewState)
 776:c:/Users/User/Documents/GitHub/ch32h417/EVT/EXAM/SRC/Peripheral/src\ch32h417_rcc.c **** {
 1040              		.loc 1 776 1 is_stmt 1
 1041              		.cfi_startproc
 1042              	.LVL84:
 777:c:/Users/User/Documents/GitHub/ch32h417/EVT/EXAM/SRC/Peripheral/src\ch32h417_rcc.c ****     if(NewState != DISABLE)
 1043              		.loc 1 777 5
 1044              		.loc 1 777 7 is_stmt 0
 1045 0000 99C5     		beq	a1,zero,.L71
 778:c:/Users/User/Documents/GitHub/ch32h417/EVT/EXAM/SRC/Peripheral/src\ch32h417_rcc.c ****     {
 779:c:/Users/User/Documents/GitHub/ch32h417/EVT/EXAM/SRC/Peripheral/src\ch32h417_rcc.c ****         RCC->HB1PCENR |= RCC_HB1PCENR;
 1046              		.loc 1 779 9 is_stmt 1
 1047              		.loc 1 779 12 is_stmt 0
 1048 0002 37170240 		li	a4,1073876992
 1049 0006 1C53     		lw	a5,32(a4)
 1050              		.loc 1 779 23
 1051 0008 C98F     		or	a5,a5,a0
 1052 000a 1CD3     		sw	a5,32(a4)
 1053 000c 8280     		ret
 1054              	.L71:
 780:c:/Users/User/Documents/GitHub/ch32h417/EVT/EXAM/SRC/Peripheral/src\ch32h417_rcc.c ****     }
 781:c:/Users/User/Documents/GitHub/ch32h417/EVT/EXAM/SRC/Peripheral/src\ch32h417_rcc.c ****     else
 782:c:/Users/User/Documents/GitHub/ch32h417/EVT/EXAM/SRC/Peripheral/src\ch32h417_rcc.c ****     {
 783:c:/Users/User/Documents/GitHub/ch32h417/EVT/EXAM/SRC/Peripheral/src\ch32h417_rcc.c ****         RCC->HB1PCENR &= ~RCC_HB1PCENR;
 1055              		.loc 1 783 9 is_stmt 1
 1056              		.loc 1 783 12 is_stmt 0
 1057 000e B7170240 		li	a5,1073876992
 1058 0012 9853     		lw	a4,32(a5)
 1059              		.loc 1 783 23
 1060 0014 3375A740 		andn	a0,a4,a0
 1061              	.LVL85:
 1062 0018 88D3     		sw	a0,32(a5)
 784:c:/Users/User/Documents/GitHub/ch32h417/EVT/EXAM/SRC/Peripheral/src\ch32h417_rcc.c ****     }
 785:c:/Users/User/Documents/GitHub/ch32h417/EVT/EXAM/SRC/Peripheral/src\ch32h417_rcc.c **** }
 1063              		.loc 1 785 1
 1064 001a 8280     		ret
 1065              		.cfi_endproc
 1066              	.LFE60:
 1068              		.section	.text.RCC_HBPeriphResetCmd,"ax",@progbits
 1069              		.align	1
 1070              		.globl	RCC_HBPeriphResetCmd
 1072              	RCC_HBPeriphResetCmd:
 1073              	.LFB61:
 786:c:/Users/User/Documents/GitHub/ch32h417/EVT/EXAM/SRC/Peripheral/src\ch32h417_rcc.c **** 
 787:c:/Users/User/Documents/GitHub/ch32h417/EVT/EXAM/SRC/Peripheral/src\ch32h417_rcc.c **** /*********************************************************************
 788:c:/Users/User/Documents/GitHub/ch32h417/EVT/EXAM/SRC/Peripheral/src\ch32h417_rcc.c ****  * @fn      RCC_HBPeriphResetCmd
 789:c:/Users/User/Documents/GitHub/ch32h417/EVT/EXAM/SRC/Peripheral/src\ch32h417_rcc.c ****  *
 790:c:/Users/User/Documents/GitHub/ch32h417/EVT/EXAM/SRC/Peripheral/src\ch32h417_rcc.c ****  * @brief   Forces or releases HB peripheral reset.
 791:c:/Users/User/Documents/GitHub/ch32h417/EVT/EXAM/SRC/Peripheral/src\ch32h417_rcc.c ****  *
 792:c:/Users/User/Documents/GitHub/ch32h417/EVT/EXAM/SRC/Peripheral/src\ch32h417_rcc.c ****  * @param   RCC_HBPeriph - specifies the HB peripheral to reset.
 793:c:/Users/User/Documents/GitHub/ch32h417/EVT/EXAM/SRC/Peripheral/src\ch32h417_rcc.c ****  *            RCC_HBPeriph_DMA1
 794:c:/Users/User/Documents/GitHub/ch32h417/EVT/EXAM/SRC/Peripheral/src\ch32h417_rcc.c ****  *            RCC_HBPeriph_DMA2
 795:c:/Users/User/Documents/GitHub/ch32h417/EVT/EXAM/SRC/Peripheral/src\ch32h417_rcc.c ****  *            RCC_HBPeriph_FMC
 796:c:/Users/User/Documents/GitHub/ch32h417/EVT/EXAM/SRC/Peripheral/src\ch32h417_rcc.c ****  *            RCC_HBPeriph_RNG
 797:c:/Users/User/Documents/GitHub/ch32h417/EVT/EXAM/SRC/Peripheral/src\ch32h417_rcc.c ****  *            RCC_HBPeriph_SDMMC
 798:c:/Users/User/Documents/GitHub/ch32h417/EVT/EXAM/SRC/Peripheral/src\ch32h417_rcc.c ****  *            RCC_HBPeriph_USBHS
 799:c:/Users/User/Documents/GitHub/ch32h417/EVT/EXAM/SRC/Peripheral/src\ch32h417_rcc.c ****  *            RCC_HBPeriph_USBSS
 800:c:/Users/User/Documents/GitHub/ch32h417/EVT/EXAM/SRC/Peripheral/src\ch32h417_rcc.c ****  *            RCC_HBPeriph_DVP
 801:c:/Users/User/Documents/GitHub/ch32h417/EVT/EXAM/SRC/Peripheral/src\ch32h417_rcc.c ****  *            RCC_HBPeriph_ETH
 802:c:/Users/User/Documents/GitHub/ch32h417/EVT/EXAM/SRC/Peripheral/src\ch32h417_rcc.c ****  *            RCC_HBPeriph_OTG_FS
 803:c:/Users/User/Documents/GitHub/ch32h417/EVT/EXAM/SRC/Peripheral/src\ch32h417_rcc.c ****  *            RCC_HBPeriph_UHSIF
 804:c:/Users/User/Documents/GitHub/ch32h417/EVT/EXAM/SRC/Peripheral/src\ch32h417_rcc.c ****  *            RCC_HBPeriph_USBPD
 805:c:/Users/User/Documents/GitHub/ch32h417/EVT/EXAM/SRC/Peripheral/src\ch32h417_rcc.c ****  *            RCC_HBPeriph_SERDES
 806:c:/Users/User/Documents/GitHub/ch32h417/EVT/EXAM/SRC/Peripheral/src\ch32h417_rcc.c ****  *            RCC_HBPeriph_POIC
 807:c:/Users/User/Documents/GitHub/ch32h417/EVT/EXAM/SRC/Peripheral/src\ch32h417_rcc.c ****  *          NewState - ENABLE or DISABLE.
 808:c:/Users/User/Documents/GitHub/ch32h417/EVT/EXAM/SRC/Peripheral/src\ch32h417_rcc.c ****  *
 809:c:/Users/User/Documents/GitHub/ch32h417/EVT/EXAM/SRC/Peripheral/src\ch32h417_rcc.c ****  * @return  none
 810:c:/Users/User/Documents/GitHub/ch32h417/EVT/EXAM/SRC/Peripheral/src\ch32h417_rcc.c ****  */
 811:c:/Users/User/Documents/GitHub/ch32h417/EVT/EXAM/SRC/Peripheral/src\ch32h417_rcc.c **** void RCC_HBPeriphResetCmd(uint32_t RCC_HBPeriph, FunctionalState NewState)
 812:c:/Users/User/Documents/GitHub/ch32h417/EVT/EXAM/SRC/Peripheral/src\ch32h417_rcc.c **** {
 1074              		.loc 1 812 1 is_stmt 1
 1075              		.cfi_startproc
 1076              	.LVL86:
 813:c:/Users/User/Documents/GitHub/ch32h417/EVT/EXAM/SRC/Peripheral/src\ch32h417_rcc.c ****     if(NewState != DISABLE)
 1077              		.loc 1 813 5
 1078              		.loc 1 813 7 is_stmt 0
 1079 0000 99C5     		beq	a1,zero,.L74
 814:c:/Users/User/Documents/GitHub/ch32h417/EVT/EXAM/SRC/Peripheral/src\ch32h417_rcc.c ****     {
 815:c:/Users/User/Documents/GitHub/ch32h417/EVT/EXAM/SRC/Peripheral/src\ch32h417_rcc.c ****         RCC->HBRSTR |= RCC_HBPeriph;
 1080              		.loc 1 815 9 is_stmt 1
 1081              		.loc 1 815 12 is_stmt 0
 1082 0002 37170240 		li	a4,1073876992
 1083 0006 5C57     		lw	a5,44(a4)
 1084              		.loc 1 815 21
 1085 0008 C98F     		or	a5,a5,a0
 1086 000a 5CD7     		sw	a5,44(a4)
 1087 000c 8280     		ret
 1088              	.L74:
 816:c:/Users/User/Documents/GitHub/ch32h417/EVT/EXAM/SRC/Peripheral/src\ch32h417_rcc.c ****     }
 817:c:/Users/User/Documents/GitHub/ch32h417/EVT/EXAM/SRC/Peripheral/src\ch32h417_rcc.c ****     else
 818:c:/Users/User/Documents/GitHub/ch32h417/EVT/EXAM/SRC/Peripheral/src\ch32h417_rcc.c ****     {
 819:c:/Users/User/Documents/GitHub/ch32h417/EVT/EXAM/SRC/Peripheral/src\ch32h417_rcc.c ****         RCC->HBRSTR &= ~RCC_HBPeriph;
 1089              		.loc 1 819 9 is_stmt 1
 1090              		.loc 1 819 12 is_stmt 0
 1091 000e B7170240 		li	a5,1073876992
 1092 0012 D857     		lw	a4,44(a5)
 1093              		.loc 1 819 21
 1094 0014 3375A740 		andn	a0,a4,a0
 1095              	.LVL87:
 1096 0018 C8D7     		sw	a0,44(a5)
 820:c:/Users/User/Documents/GitHub/ch32h417/EVT/EXAM/SRC/Peripheral/src\ch32h417_rcc.c ****     }
 821:c:/Users/User/Documents/GitHub/ch32h417/EVT/EXAM/SRC/Peripheral/src\ch32h417_rcc.c **** }
 1097              		.loc 1 821 1
 1098 001a 8280     		ret
 1099              		.cfi_endproc
 1100              	.LFE61:
 1102              		.section	.text.RCC_HB2PeriphResetCmd,"ax",@progbits
 1103              		.align	1
 1104              		.globl	RCC_HB2PeriphResetCmd
 1106              	RCC_HB2PeriphResetCmd:
 1107              	.LFB62:
 822:c:/Users/User/Documents/GitHub/ch32h417/EVT/EXAM/SRC/Peripheral/src\ch32h417_rcc.c **** 
 823:c:/Users/User/Documents/GitHub/ch32h417/EVT/EXAM/SRC/Peripheral/src\ch32h417_rcc.c **** /*********************************************************************
 824:c:/Users/User/Documents/GitHub/ch32h417/EVT/EXAM/SRC/Peripheral/src\ch32h417_rcc.c ****  * @fn      RCC_HB2PeriphResetCmd
 825:c:/Users/User/Documents/GitHub/ch32h417/EVT/EXAM/SRC/Peripheral/src\ch32h417_rcc.c ****  *
 826:c:/Users/User/Documents/GitHub/ch32h417/EVT/EXAM/SRC/Peripheral/src\ch32h417_rcc.c ****  * @brief   Forces or releases High Speed HB2 peripheral reset.
 827:c:/Users/User/Documents/GitHub/ch32h417/EVT/EXAM/SRC/Peripheral/src\ch32h417_rcc.c ****  *
 828:c:/Users/User/Documents/GitHub/ch32h417/EVT/EXAM/SRC/Peripheral/src\ch32h417_rcc.c ****  * @param   RCC_HB2Periph - specifies the HB2 peripheral to reset.
 829:c:/Users/User/Documents/GitHub/ch32h417/EVT/EXAM/SRC/Peripheral/src\ch32h417_rcc.c ****  *            RCC_HB2Periph_AFIO
 830:c:/Users/User/Documents/GitHub/ch32h417/EVT/EXAM/SRC/Peripheral/src\ch32h417_rcc.c ****  *            RCC_HB2Periph_HSADC
 831:c:/Users/User/Documents/GitHub/ch32h417/EVT/EXAM/SRC/Peripheral/src\ch32h417_rcc.c ****  *            RCC_HB2Periph_IOPA
 832:c:/Users/User/Documents/GitHub/ch32h417/EVT/EXAM/SRC/Peripheral/src\ch32h417_rcc.c ****  *            RCC_HB2Periph_IOPB
 833:c:/Users/User/Documents/GitHub/ch32h417/EVT/EXAM/SRC/Peripheral/src\ch32h417_rcc.c ****  *            RCC_HB2Periph_IOPC
 834:c:/Users/User/Documents/GitHub/ch32h417/EVT/EXAM/SRC/Peripheral/src\ch32h417_rcc.c ****  *            RCC_HB2Periph_IOPD
 835:c:/Users/User/Documents/GitHub/ch32h417/EVT/EXAM/SRC/Peripheral/src\ch32h417_rcc.c ****  *            RCC_HB2Periph_IOPE
 836:c:/Users/User/Documents/GitHub/ch32h417/EVT/EXAM/SRC/Peripheral/src\ch32h417_rcc.c ****  *            RCC_HB2Periph_IOPF
 837:c:/Users/User/Documents/GitHub/ch32h417/EVT/EXAM/SRC/Peripheral/src\ch32h417_rcc.c ****  *            RCC_HB2Periph_ADC1
 838:c:/Users/User/Documents/GitHub/ch32h417/EVT/EXAM/SRC/Peripheral/src\ch32h417_rcc.c ****  *            RCC_HB2Periph_ADC2
 839:c:/Users/User/Documents/GitHub/ch32h417/EVT/EXAM/SRC/Peripheral/src\ch32h417_rcc.c ****  *            RCC_HB2Periph_TIM1
 840:c:/Users/User/Documents/GitHub/ch32h417/EVT/EXAM/SRC/Peripheral/src\ch32h417_rcc.c ****  *            RCC_HB2Periph_SPI1
 841:c:/Users/User/Documents/GitHub/ch32h417/EVT/EXAM/SRC/Peripheral/src\ch32h417_rcc.c ****  *            RCC_HB2Periph_TIM8
 842:c:/Users/User/Documents/GitHub/ch32h417/EVT/EXAM/SRC/Peripheral/src\ch32h417_rcc.c ****  *            RCC_HB2Periph_USART1
 843:c:/Users/User/Documents/GitHub/ch32h417/EVT/EXAM/SRC/Peripheral/src\ch32h417_rcc.c ****  *            RCC_HB2Periph_I2C4
 844:c:/Users/User/Documents/GitHub/ch32h417/EVT/EXAM/SRC/Peripheral/src\ch32h417_rcc.c ****  *            RCC_HB2Periph_SAI
 845:c:/Users/User/Documents/GitHub/ch32h417/EVT/EXAM/SRC/Peripheral/src\ch32h417_rcc.c ****  *            RCC_HB2Periph_SDIO
 846:c:/Users/User/Documents/GitHub/ch32h417/EVT/EXAM/SRC/Peripheral/src\ch32h417_rcc.c ****  *            RCC_HB2Periph_TIM9
 847:c:/Users/User/Documents/GitHub/ch32h417/EVT/EXAM/SRC/Peripheral/src\ch32h417_rcc.c ****  *            RCC_HB2Periph_TIM10
 848:c:/Users/User/Documents/GitHub/ch32h417/EVT/EXAM/SRC/Peripheral/src\ch32h417_rcc.c ****  *            RCC_HB2Periph_TIM11
 849:c:/Users/User/Documents/GitHub/ch32h417/EVT/EXAM/SRC/Peripheral/src\ch32h417_rcc.c ****  *            RCC_HB2Periph_TIM12
 850:c:/Users/User/Documents/GitHub/ch32h417/EVT/EXAM/SRC/Peripheral/src\ch32h417_rcc.c ****  *            RCC_HB2Periph_OPCM
 851:c:/Users/User/Documents/GitHub/ch32h417/EVT/EXAM/SRC/Peripheral/src\ch32h417_rcc.c ****  *            RCC_HB2Periph_DFSDM
 852:c:/Users/User/Documents/GitHub/ch32h417/EVT/EXAM/SRC/Peripheral/src\ch32h417_rcc.c ****  *            RCC_HB2Periph_ECDC
 853:c:/Users/User/Documents/GitHub/ch32h417/EVT/EXAM/SRC/Peripheral/src\ch32h417_rcc.c ****  *            RCC_HB2Periph_GPHA
 854:c:/Users/User/Documents/GitHub/ch32h417/EVT/EXAM/SRC/Peripheral/src\ch32h417_rcc.c ****  *            RCC_HB2Periph_LTDC
 855:c:/Users/User/Documents/GitHub/ch32h417/EVT/EXAM/SRC/Peripheral/src\ch32h417_rcc.c ****  *            RCC_HB2Periph_I3C
 856:c:/Users/User/Documents/GitHub/ch32h417/EVT/EXAM/SRC/Peripheral/src\ch32h417_rcc.c ****  *          NewState - ENABLE or DISABLE
 857:c:/Users/User/Documents/GitHub/ch32h417/EVT/EXAM/SRC/Peripheral/src\ch32h417_rcc.c ****  *
 858:c:/Users/User/Documents/GitHub/ch32h417/EVT/EXAM/SRC/Peripheral/src\ch32h417_rcc.c ****  * @return  none
 859:c:/Users/User/Documents/GitHub/ch32h417/EVT/EXAM/SRC/Peripheral/src\ch32h417_rcc.c ****  */
 860:c:/Users/User/Documents/GitHub/ch32h417/EVT/EXAM/SRC/Peripheral/src\ch32h417_rcc.c **** void RCC_HB2PeriphResetCmd(uint32_t RCC_HB2Periph, FunctionalState NewState)
 861:c:/Users/User/Documents/GitHub/ch32h417/EVT/EXAM/SRC/Peripheral/src\ch32h417_rcc.c **** {
 1108              		.loc 1 861 1 is_stmt 1
 1109              		.cfi_startproc
 1110              	.LVL88:
 862:c:/Users/User/Documents/GitHub/ch32h417/EVT/EXAM/SRC/Peripheral/src\ch32h417_rcc.c ****     if(NewState != DISABLE)
 1111              		.loc 1 862 5
 1112              		.loc 1 862 7 is_stmt 0
 1113 0000 99C5     		beq	a1,zero,.L77
 863:c:/Users/User/Documents/GitHub/ch32h417/EVT/EXAM/SRC/Peripheral/src\ch32h417_rcc.c ****     {
 864:c:/Users/User/Documents/GitHub/ch32h417/EVT/EXAM/SRC/Peripheral/src\ch32h417_rcc.c ****         RCC->HB2PRSTR |= RCC_HB2Periph;
 1114              		.loc 1 864 9 is_stmt 1
 1115              		.loc 1 864 12 is_stmt 0
 1116 0002 37170240 		li	a4,1073876992
 1117 0006 1C4B     		lw	a5,16(a4)
 1118              		.loc 1 864 23
 1119 0008 C98F     		or	a5,a5,a0
 1120 000a 1CCB     		sw	a5,16(a4)
 1121 000c 8280     		ret
 1122              	.L77:
 865:c:/Users/User/Documents/GitHub/ch32h417/EVT/EXAM/SRC/Peripheral/src\ch32h417_rcc.c ****     }
 866:c:/Users/User/Documents/GitHub/ch32h417/EVT/EXAM/SRC/Peripheral/src\ch32h417_rcc.c ****     else
 867:c:/Users/User/Documents/GitHub/ch32h417/EVT/EXAM/SRC/Peripheral/src\ch32h417_rcc.c ****     {
 868:c:/Users/User/Documents/GitHub/ch32h417/EVT/EXAM/SRC/Peripheral/src\ch32h417_rcc.c ****         RCC->HB2PRSTR &= ~RCC_HB2Periph;
 1123              		.loc 1 868 9 is_stmt 1
 1124              		.loc 1 868 12 is_stmt 0
 1125 000e B7170240 		li	a5,1073876992
 1126 0012 984B     		lw	a4,16(a5)
 1127              		.loc 1 868 23
 1128 0014 3375A740 		andn	a0,a4,a0
 1129              	.LVL89:
 1130 0018 88CB     		sw	a0,16(a5)
 869:c:/Users/User/Documents/GitHub/ch32h417/EVT/EXAM/SRC/Peripheral/src\ch32h417_rcc.c ****     }
 870:c:/Users/User/Documents/GitHub/ch32h417/EVT/EXAM/SRC/Peripheral/src\ch32h417_rcc.c **** }
 1131              		.loc 1 870 1
 1132 001a 8280     		ret
 1133              		.cfi_endproc
 1134              	.LFE62:
 1136              		.section	.text.RCC_HB1PeriphResetCmd,"ax",@progbits
 1137              		.align	1
 1138              		.globl	RCC_HB1PeriphResetCmd
 1140              	RCC_HB1PeriphResetCmd:
 1141              	.LFB63:
 871:c:/Users/User/Documents/GitHub/ch32h417/EVT/EXAM/SRC/Peripheral/src\ch32h417_rcc.c **** 
 872:c:/Users/User/Documents/GitHub/ch32h417/EVT/EXAM/SRC/Peripheral/src\ch32h417_rcc.c **** /*********************************************************************
 873:c:/Users/User/Documents/GitHub/ch32h417/EVT/EXAM/SRC/Peripheral/src\ch32h417_rcc.c ****  * @fn      RCC_HB1PeriphResetCmd
 874:c:/Users/User/Documents/GitHub/ch32h417/EVT/EXAM/SRC/Peripheral/src\ch32h417_rcc.c ****  *
 875:c:/Users/User/Documents/GitHub/ch32h417/EVT/EXAM/SRC/Peripheral/src\ch32h417_rcc.c ****  * @brief   Forces or releases Low Speed HB1 peripheral reset.
 876:c:/Users/User/Documents/GitHub/ch32h417/EVT/EXAM/SRC/Peripheral/src\ch32h417_rcc.c ****  *
 877:c:/Users/User/Documents/GitHub/ch32h417/EVT/EXAM/SRC/Peripheral/src\ch32h417_rcc.c ****  * @param   RCC_HB1Periph - specifies the HB1 peripheral to reset.
 878:c:/Users/User/Documents/GitHub/ch32h417/EVT/EXAM/SRC/Peripheral/src\ch32h417_rcc.c ****  *            RCC_HB1Periph_TIM2
 879:c:/Users/User/Documents/GitHub/ch32h417/EVT/EXAM/SRC/Peripheral/src\ch32h417_rcc.c ****  *            RCC_HB1Periph_TIM3
 880:c:/Users/User/Documents/GitHub/ch32h417/EVT/EXAM/SRC/Peripheral/src\ch32h417_rcc.c ****  *            RCC_HB1Periph_TIM4
 881:c:/Users/User/Documents/GitHub/ch32h417/EVT/EXAM/SRC/Peripheral/src\ch32h417_rcc.c ****  *            RCC_HB1Periph_TIM5
 882:c:/Users/User/Documents/GitHub/ch32h417/EVT/EXAM/SRC/Peripheral/src\ch32h417_rcc.c ****  *            RCC_HB1Periph_TIM6
 883:c:/Users/User/Documents/GitHub/ch32h417/EVT/EXAM/SRC/Peripheral/src\ch32h417_rcc.c ****  *            RCC_HB1Periph_TIM7
 884:c:/Users/User/Documents/GitHub/ch32h417/EVT/EXAM/SRC/Peripheral/src\ch32h417_rcc.c ****  *            RCC_HB1Periph_USART6
 885:c:/Users/User/Documents/GitHub/ch32h417/EVT/EXAM/SRC/Peripheral/src\ch32h417_rcc.c ****  *            RCC_HB1Periph_USART7
 886:c:/Users/User/Documents/GitHub/ch32h417/EVT/EXAM/SRC/Peripheral/src\ch32h417_rcc.c ****  *            RCC_HB1Periph_USART8
 887:c:/Users/User/Documents/GitHub/ch32h417/EVT/EXAM/SRC/Peripheral/src\ch32h417_rcc.c ****  *            RCC_HB1Periph_LPTIM1
 888:c:/Users/User/Documents/GitHub/ch32h417/EVT/EXAM/SRC/Peripheral/src\ch32h417_rcc.c ****  *            RCC_HB1Periph_LPTIM2
 889:c:/Users/User/Documents/GitHub/ch32h417/EVT/EXAM/SRC/Peripheral/src\ch32h417_rcc.c ****  *            RCC_HB1Periph_WWDG
 890:c:/Users/User/Documents/GitHub/ch32h417/EVT/EXAM/SRC/Peripheral/src\ch32h417_rcc.c ****  *            RCC_HB1Periph_QSPI1
 891:c:/Users/User/Documents/GitHub/ch32h417/EVT/EXAM/SRC/Peripheral/src\ch32h417_rcc.c ****  *            RCC_HB1Periph_QSPI2
 892:c:/Users/User/Documents/GitHub/ch32h417/EVT/EXAM/SRC/Peripheral/src\ch32h417_rcc.c ****  *            RCC_HB1Periph_SPI2
 893:c:/Users/User/Documents/GitHub/ch32h417/EVT/EXAM/SRC/Peripheral/src\ch32h417_rcc.c ****  *            RCC_HB1Periph_SPI3
 894:c:/Users/User/Documents/GitHub/ch32h417/EVT/EXAM/SRC/Peripheral/src\ch32h417_rcc.c ****  *            RCC_HB1Periph_SPI4
 895:c:/Users/User/Documents/GitHub/ch32h417/EVT/EXAM/SRC/Peripheral/src\ch32h417_rcc.c ****  *            RCC_HB1Periph_USART2
 896:c:/Users/User/Documents/GitHub/ch32h417/EVT/EXAM/SRC/Peripheral/src\ch32h417_rcc.c ****  *            RCC_HB1Periph_USART3
 897:c:/Users/User/Documents/GitHub/ch32h417/EVT/EXAM/SRC/Peripheral/src\ch32h417_rcc.c ****  *            RCC_HB1Periph_USART4
 898:c:/Users/User/Documents/GitHub/ch32h417/EVT/EXAM/SRC/Peripheral/src\ch32h417_rcc.c ****  *            RCC_HB1Periph_USART5
 899:c:/Users/User/Documents/GitHub/ch32h417/EVT/EXAM/SRC/Peripheral/src\ch32h417_rcc.c ****  *            RCC_HB1Periph_I2C1
 900:c:/Users/User/Documents/GitHub/ch32h417/EVT/EXAM/SRC/Peripheral/src\ch32h417_rcc.c ****  *            RCC_HB1Periph_I2C2
 901:c:/Users/User/Documents/GitHub/ch32h417/EVT/EXAM/SRC/Peripheral/src\ch32h417_rcc.c ****  *            RCC_HB1Periph_CAN3
 902:c:/Users/User/Documents/GitHub/ch32h417/EVT/EXAM/SRC/Peripheral/src\ch32h417_rcc.c ****  *            RCC_HB1Periph_CAN1
 903:c:/Users/User/Documents/GitHub/ch32h417/EVT/EXAM/SRC/Peripheral/src\ch32h417_rcc.c ****  *            RCC_HB1Periph_CAN2
 904:c:/Users/User/Documents/GitHub/ch32h417/EVT/EXAM/SRC/Peripheral/src\ch32h417_rcc.c ****  *            RCC_HB1Periph_BKP
 905:c:/Users/User/Documents/GitHub/ch32h417/EVT/EXAM/SRC/Peripheral/src\ch32h417_rcc.c ****  *            RCC_HB1Periph_PWR
 906:c:/Users/User/Documents/GitHub/ch32h417/EVT/EXAM/SRC/Peripheral/src\ch32h417_rcc.c ****  *            RCC_HB1Periph_DAC
 907:c:/Users/User/Documents/GitHub/ch32h417/EVT/EXAM/SRC/Peripheral/src\ch32h417_rcc.c ****  *            RCC_HB1Periph_I2C3
 908:c:/Users/User/Documents/GitHub/ch32h417/EVT/EXAM/SRC/Peripheral/src\ch32h417_rcc.c ****  *            RCC_HB1Periph_SWPMI
 909:c:/Users/User/Documents/GitHub/ch32h417/EVT/EXAM/SRC/Peripheral/src\ch32h417_rcc.c ****  *          NewState - ENABLE or DISABLE.
 910:c:/Users/User/Documents/GitHub/ch32h417/EVT/EXAM/SRC/Peripheral/src\ch32h417_rcc.c ****  *
 911:c:/Users/User/Documents/GitHub/ch32h417/EVT/EXAM/SRC/Peripheral/src\ch32h417_rcc.c ****  * @return  none
 912:c:/Users/User/Documents/GitHub/ch32h417/EVT/EXAM/SRC/Peripheral/src\ch32h417_rcc.c ****  */
 913:c:/Users/User/Documents/GitHub/ch32h417/EVT/EXAM/SRC/Peripheral/src\ch32h417_rcc.c **** void RCC_HB1PeriphResetCmd(uint32_t RCC_HB1Periph, FunctionalState NewState)
 914:c:/Users/User/Documents/GitHub/ch32h417/EVT/EXAM/SRC/Peripheral/src\ch32h417_rcc.c **** {
 1142              		.loc 1 914 1 is_stmt 1
 1143              		.cfi_startproc
 1144              	.LVL90:
 915:c:/Users/User/Documents/GitHub/ch32h417/EVT/EXAM/SRC/Peripheral/src\ch32h417_rcc.c ****     if(NewState != DISABLE)
 1145              		.loc 1 915 5
 1146              		.loc 1 915 7 is_stmt 0
 1147 0000 99C5     		beq	a1,zero,.L80
 916:c:/Users/User/Documents/GitHub/ch32h417/EVT/EXAM/SRC/Peripheral/src\ch32h417_rcc.c ****     {
 917:c:/Users/User/Documents/GitHub/ch32h417/EVT/EXAM/SRC/Peripheral/src\ch32h417_rcc.c ****         RCC->HB1PRSTR |= RCC_HB1Periph;
 1148              		.loc 1 917 9 is_stmt 1
 1149              		.loc 1 917 12 is_stmt 0
 1150 0002 37170240 		li	a4,1073876992
 1151 0006 5C4B     		lw	a5,20(a4)
 1152              		.loc 1 917 23
 1153 0008 C98F     		or	a5,a5,a0
 1154 000a 5CCB     		sw	a5,20(a4)
 1155 000c 8280     		ret
 1156              	.L80:
 918:c:/Users/User/Documents/GitHub/ch32h417/EVT/EXAM/SRC/Peripheral/src\ch32h417_rcc.c ****     }
 919:c:/Users/User/Documents/GitHub/ch32h417/EVT/EXAM/SRC/Peripheral/src\ch32h417_rcc.c ****     else
 920:c:/Users/User/Documents/GitHub/ch32h417/EVT/EXAM/SRC/Peripheral/src\ch32h417_rcc.c ****     {
 921:c:/Users/User/Documents/GitHub/ch32h417/EVT/EXAM/SRC/Peripheral/src\ch32h417_rcc.c ****         RCC->HB1PRSTR &= ~RCC_HB1Periph;
 1157              		.loc 1 921 9 is_stmt 1
 1158              		.loc 1 921 12 is_stmt 0
 1159 000e B7170240 		li	a5,1073876992
 1160 0012 D84B     		lw	a4,20(a5)
 1161              		.loc 1 921 23
 1162 0014 3375A740 		andn	a0,a4,a0
 1163              	.LVL91:
 1164 0018 C8CB     		sw	a0,20(a5)
 922:c:/Users/User/Documents/GitHub/ch32h417/EVT/EXAM/SRC/Peripheral/src\ch32h417_rcc.c ****     }
 923:c:/Users/User/Documents/GitHub/ch32h417/EVT/EXAM/SRC/Peripheral/src\ch32h417_rcc.c **** }
 1165              		.loc 1 923 1
 1166 001a 8280     		ret
 1167              		.cfi_endproc
 1168              	.LFE63:
 1170              		.section	.text.RCC_BackupResetCmd,"ax",@progbits
 1171              		.align	1
 1172              		.globl	RCC_BackupResetCmd
 1174              	RCC_BackupResetCmd:
 1175              	.LFB64:
 924:c:/Users/User/Documents/GitHub/ch32h417/EVT/EXAM/SRC/Peripheral/src\ch32h417_rcc.c **** 
 925:c:/Users/User/Documents/GitHub/ch32h417/EVT/EXAM/SRC/Peripheral/src\ch32h417_rcc.c **** /*********************************************************************
 926:c:/Users/User/Documents/GitHub/ch32h417/EVT/EXAM/SRC/Peripheral/src\ch32h417_rcc.c ****  * @fn      RCC_BackupResetCmd
 927:c:/Users/User/Documents/GitHub/ch32h417/EVT/EXAM/SRC/Peripheral/src\ch32h417_rcc.c ****  *
 928:c:/Users/User/Documents/GitHub/ch32h417/EVT/EXAM/SRC/Peripheral/src\ch32h417_rcc.c ****  * @brief   Forces or releases the Backup domain reset.
 929:c:/Users/User/Documents/GitHub/ch32h417/EVT/EXAM/SRC/Peripheral/src\ch32h417_rcc.c ****  *
 930:c:/Users/User/Documents/GitHub/ch32h417/EVT/EXAM/SRC/Peripheral/src\ch32h417_rcc.c ****  * @param   NewState - ENABLE or DISABLE.
 931:c:/Users/User/Documents/GitHub/ch32h417/EVT/EXAM/SRC/Peripheral/src\ch32h417_rcc.c ****  *
 932:c:/Users/User/Documents/GitHub/ch32h417/EVT/EXAM/SRC/Peripheral/src\ch32h417_rcc.c ****  * @return  none
 933:c:/Users/User/Documents/GitHub/ch32h417/EVT/EXAM/SRC/Peripheral/src\ch32h417_rcc.c ****  */
 934:c:/Users/User/Documents/GitHub/ch32h417/EVT/EXAM/SRC/Peripheral/src\ch32h417_rcc.c **** void RCC_BackupResetCmd(FunctionalState NewState)
 935:c:/Users/User/Documents/GitHub/ch32h417/EVT/EXAM/SRC/Peripheral/src\ch32h417_rcc.c **** {
 1176              		.loc 1 935 1 is_stmt 1
 1177              		.cfi_startproc
 1178              	.LVL92:
 936:c:/Users/User/Documents/GitHub/ch32h417/EVT/EXAM/SRC/Peripheral/src\ch32h417_rcc.c ****     if(NewState)
 1179              		.loc 1 936 5
 937:c:/Users/User/Documents/GitHub/ch32h417/EVT/EXAM/SRC/Peripheral/src\ch32h417_rcc.c ****     {
 938:c:/Users/User/Documents/GitHub/ch32h417/EVT/EXAM/SRC/Peripheral/src\ch32h417_rcc.c ****         RCC->BDCTLR |= (1 << 16);
 1180              		.loc 1 938 12 is_stmt 0
 1181 0000 37170240 		li	a4,1073876992
 1182 0004 5C53     		lw	a5,36(a4)
 936:c:/Users/User/Documents/GitHub/ch32h417/EVT/EXAM/SRC/Peripheral/src\ch32h417_rcc.c ****     if(NewState)
 1183              		.loc 1 936 7
 1184 0006 09C5     		beq	a0,zero,.L83
 1185              		.loc 1 938 9 is_stmt 1
 1186              		.loc 1 938 21 is_stmt 0
 1187 0008 93970729 		bseti	a5,a5,16
 1188              	.L85:
 939:c:/Users/User/Documents/GitHub/ch32h417/EVT/EXAM/SRC/Peripheral/src\ch32h417_rcc.c ****     }
 940:c:/Users/User/Documents/GitHub/ch32h417/EVT/EXAM/SRC/Peripheral/src\ch32h417_rcc.c ****     else
 941:c:/Users/User/Documents/GitHub/ch32h417/EVT/EXAM/SRC/Peripheral/src\ch32h417_rcc.c ****     {
 942:c:/Users/User/Documents/GitHub/ch32h417/EVT/EXAM/SRC/Peripheral/src\ch32h417_rcc.c ****         RCC->BDCTLR &= ~(1 << 16);
 1189              		.loc 1 942 21
 1190 000c 5CD3     		sw	a5,36(a4)
 943:c:/Users/User/Documents/GitHub/ch32h417/EVT/EXAM/SRC/Peripheral/src\ch32h417_rcc.c ****     }
 944:c:/Users/User/Documents/GitHub/ch32h417/EVT/EXAM/SRC/Peripheral/src\ch32h417_rcc.c **** }
 1191              		.loc 1 944 1
 1192 000e 8280     		ret
 1193              	.L83:
 942:c:/Users/User/Documents/GitHub/ch32h417/EVT/EXAM/SRC/Peripheral/src\ch32h417_rcc.c ****     }
 1194              		.loc 1 942 9 is_stmt 1
 942:c:/Users/User/Documents/GitHub/ch32h417/EVT/EXAM/SRC/Peripheral/src\ch32h417_rcc.c ****     }
 1195              		.loc 1 942 21 is_stmt 0
 1196 0010 93970749 		bclri	a5,a5,16
 1197 0014 E5BF     		j	.L85
 1198              		.cfi_endproc
 1199              	.LFE64:
 1201              		.section	.text.RCC_ClockSecuritySystemCmd,"ax",@progbits
 1202              		.align	1
 1203              		.globl	RCC_ClockSecuritySystemCmd
 1205              	RCC_ClockSecuritySystemCmd:
 1206              	.LFB65:
 945:c:/Users/User/Documents/GitHub/ch32h417/EVT/EXAM/SRC/Peripheral/src\ch32h417_rcc.c **** 
 946:c:/Users/User/Documents/GitHub/ch32h417/EVT/EXAM/SRC/Peripheral/src\ch32h417_rcc.c **** /*********************************************************************
 947:c:/Users/User/Documents/GitHub/ch32h417/EVT/EXAM/SRC/Peripheral/src\ch32h417_rcc.c ****  * @fn      RCC_ClockSecuritySystemCmd
 948:c:/Users/User/Documents/GitHub/ch32h417/EVT/EXAM/SRC/Peripheral/src\ch32h417_rcc.c ****  *
 949:c:/Users/User/Documents/GitHub/ch32h417/EVT/EXAM/SRC/Peripheral/src\ch32h417_rcc.c ****  * @brief   Enables or disables the Clock Security System.
 950:c:/Users/User/Documents/GitHub/ch32h417/EVT/EXAM/SRC/Peripheral/src\ch32h417_rcc.c ****  *
 951:c:/Users/User/Documents/GitHub/ch32h417/EVT/EXAM/SRC/Peripheral/src\ch32h417_rcc.c ****  * @param   RCC_CSSHSEDIS - Enables or disables the Hardware shutdown of HSE and PLL.
 952:c:/Users/User/Documents/GitHub/ch32h417/EVT/EXAM/SRC/Peripheral/src\ch32h417_rcc.c ****  *            RCC_CSSHSEDIS_ENABLE - PLL will close when set CSSON (HSE have problem).
 953:c:/Users/User/Documents/GitHub/ch32h417/EVT/EXAM/SRC/Peripheral/src\ch32h417_rcc.c ****  *            RCC_CSSHSEDIS_DISABLE - Close CSSHSEDIS function
 954:c:/Users/User/Documents/GitHub/ch32h417/EVT/EXAM/SRC/Peripheral/src\ch32h417_rcc.c ****  *          RCC_CSSHSEDIS - Enables or disables the Clock Security System.
 955:c:/Users/User/Documents/GitHub/ch32h417/EVT/EXAM/SRC/Peripheral/src\ch32h417_rcc.c ****  *            RCC_CSSON_ENABLE - Open CSSON function
 956:c:/Users/User/Documents/GitHub/ch32h417/EVT/EXAM/SRC/Peripheral/src\ch32h417_rcc.c ****  *            RCC_CSSON_DISABLE -  Close CSSON function
 957:c:/Users/User/Documents/GitHub/ch32h417/EVT/EXAM/SRC/Peripheral/src\ch32h417_rcc.c ****  *
 958:c:/Users/User/Documents/GitHub/ch32h417/EVT/EXAM/SRC/Peripheral/src\ch32h417_rcc.c ****  * @return  none
 959:c:/Users/User/Documents/GitHub/ch32h417/EVT/EXAM/SRC/Peripheral/src\ch32h417_rcc.c ****  */
 960:c:/Users/User/Documents/GitHub/ch32h417/EVT/EXAM/SRC/Peripheral/src\ch32h417_rcc.c **** void RCC_ClockSecuritySystemCmd(uint8_t RCC_CSSHSEDIS, uint8_t RCC_CSSON_State)
 961:c:/Users/User/Documents/GitHub/ch32h417/EVT/EXAM/SRC/Peripheral/src\ch32h417_rcc.c **** {
 1207              		.loc 1 961 1 is_stmt 1
 1208              		.cfi_startproc
 1209              	.LVL93:
 962:c:/Users/User/Documents/GitHub/ch32h417/EVT/EXAM/SRC/Peripheral/src\ch32h417_rcc.c ****     if(RCC_CSSHSEDIS)
 1210              		.loc 1 962 5
 963:c:/Users/User/Documents/GitHub/ch32h417/EVT/EXAM/SRC/Peripheral/src\ch32h417_rcc.c ****     {
 964:c:/Users/User/Documents/GitHub/ch32h417/EVT/EXAM/SRC/Peripheral/src\ch32h417_rcc.c ****         RCC->CTLR |= (1 << 31);
 1211              		.loc 1 964 12 is_stmt 0
 1212 0000 37170240 		li	a4,1073876992
 1213 0004 1C43     		lw	a5,0(a4)
 962:c:/Users/User/Documents/GitHub/ch32h417/EVT/EXAM/SRC/Peripheral/src\ch32h417_rcc.c ****     if(RCC_CSSHSEDIS)
 1214              		.loc 1 962 7
 1215 0006 01CD     		beq	a0,zero,.L87
 1216              		.loc 1 964 9 is_stmt 1
 1217              		.loc 1 964 19 is_stmt 0
 1218 0008 9397F729 		bseti	a5,a5,31
 1219              	.L91:
 965:c:/Users/User/Documents/GitHub/ch32h417/EVT/EXAM/SRC/Peripheral/src\ch32h417_rcc.c ****     }
 966:c:/Users/User/Documents/GitHub/ch32h417/EVT/EXAM/SRC/Peripheral/src\ch32h417_rcc.c ****     else
 967:c:/Users/User/Documents/GitHub/ch32h417/EVT/EXAM/SRC/Peripheral/src\ch32h417_rcc.c ****     {
 968:c:/Users/User/Documents/GitHub/ch32h417/EVT/EXAM/SRC/Peripheral/src\ch32h417_rcc.c ****         RCC->CTLR &= ~(1 << 31);
 1220              		.loc 1 968 19
 1221 000c 1CC3     		sw	a5,0(a4)
 969:c:/Users/User/Documents/GitHub/ch32h417/EVT/EXAM/SRC/Peripheral/src\ch32h417_rcc.c ****     }
 970:c:/Users/User/Documents/GitHub/ch32h417/EVT/EXAM/SRC/Peripheral/src\ch32h417_rcc.c **** 
 971:c:/Users/User/Documents/GitHub/ch32h417/EVT/EXAM/SRC/Peripheral/src\ch32h417_rcc.c ****     if(RCC_CSSON_State)
 1222              		.loc 1 971 5 is_stmt 1
 972:c:/Users/User/Documents/GitHub/ch32h417/EVT/EXAM/SRC/Peripheral/src\ch32h417_rcc.c ****     {
 973:c:/Users/User/Documents/GitHub/ch32h417/EVT/EXAM/SRC/Peripheral/src\ch32h417_rcc.c ****         RCC->CTLR |= (1 << 19);
 1223              		.loc 1 973 12 is_stmt 0
 1224 000e 37170240 		li	a4,1073876992
 1225 0012 1C43     		lw	a5,0(a4)
 971:c:/Users/User/Documents/GitHub/ch32h417/EVT/EXAM/SRC/Peripheral/src\ch32h417_rcc.c ****     {
 1226              		.loc 1 971 7
 1227 0014 81C9     		beq	a1,zero,.L89
 1228              		.loc 1 973 9 is_stmt 1
 1229              		.loc 1 973 19 is_stmt 0
 1230 0016 93973729 		bseti	a5,a5,19
 1231              	.L92:
 974:c:/Users/User/Documents/GitHub/ch32h417/EVT/EXAM/SRC/Peripheral/src\ch32h417_rcc.c ****     }
 975:c:/Users/User/Documents/GitHub/ch32h417/EVT/EXAM/SRC/Peripheral/src\ch32h417_rcc.c ****     else
 976:c:/Users/User/Documents/GitHub/ch32h417/EVT/EXAM/SRC/Peripheral/src\ch32h417_rcc.c ****     {
 977:c:/Users/User/Documents/GitHub/ch32h417/EVT/EXAM/SRC/Peripheral/src\ch32h417_rcc.c ****         RCC->CTLR &= ~(1 << 19);
 1232              		.loc 1 977 19
 1233 001a 1CC3     		sw	a5,0(a4)
 978:c:/Users/User/Documents/GitHub/ch32h417/EVT/EXAM/SRC/Peripheral/src\ch32h417_rcc.c ****     }
 979:c:/Users/User/Documents/GitHub/ch32h417/EVT/EXAM/SRC/Peripheral/src\ch32h417_rcc.c **** }
 1234              		.loc 1 979 1
 1235 001c 8280     		ret
 1236              	.L87:
 968:c:/Users/User/Documents/GitHub/ch32h417/EVT/EXAM/SRC/Peripheral/src\ch32h417_rcc.c ****     }
 1237              		.loc 1 968 9 is_stmt 1
 968:c:/Users/User/Documents/GitHub/ch32h417/EVT/EXAM/SRC/Peripheral/src\ch32h417_rcc.c ****     }
 1238              		.loc 1 968 19 is_stmt 0
 1239 001e 9397F749 		bclri	a5,a5,31
 1240 0022 EDB7     		j	.L91
 1241              	.L89:
 977:c:/Users/User/Documents/GitHub/ch32h417/EVT/EXAM/SRC/Peripheral/src\ch32h417_rcc.c ****     }
 1242              		.loc 1 977 9 is_stmt 1
 977:c:/Users/User/Documents/GitHub/ch32h417/EVT/EXAM/SRC/Peripheral/src\ch32h417_rcc.c ****     }
 1243              		.loc 1 977 19 is_stmt 0
 1244 0024 93973749 		bclri	a5,a5,19
 1245 0028 CDBF     		j	.L92
 1246              		.cfi_endproc
 1247              	.LFE65:
 1249              		.section	.text.RCC_MCOConfig,"ax",@progbits
 1250              		.align	1
 1251              		.globl	RCC_MCOConfig
 1253              	RCC_MCOConfig:
 1254              	.LFB66:
 980:c:/Users/User/Documents/GitHub/ch32h417/EVT/EXAM/SRC/Peripheral/src\ch32h417_rcc.c **** 
 981:c:/Users/User/Documents/GitHub/ch32h417/EVT/EXAM/SRC/Peripheral/src\ch32h417_rcc.c **** /*********************************************************************
 982:c:/Users/User/Documents/GitHub/ch32h417/EVT/EXAM/SRC/Peripheral/src\ch32h417_rcc.c ****  * @fn      RCC_MCOConfig
 983:c:/Users/User/Documents/GitHub/ch32h417/EVT/EXAM/SRC/Peripheral/src\ch32h417_rcc.c ****  *
 984:c:/Users/User/Documents/GitHub/ch32h417/EVT/EXAM/SRC/Peripheral/src\ch32h417_rcc.c ****  * @brief   Selects the clock source to output on MCO pin.
 985:c:/Users/User/Documents/GitHub/ch32h417/EVT/EXAM/SRC/Peripheral/src\ch32h417_rcc.c ****  *
 986:c:/Users/User/Documents/GitHub/ch32h417/EVT/EXAM/SRC/Peripheral/src\ch32h417_rcc.c ****  * @param   RCC_MCO - specifies the clock source to output.
 987:c:/Users/User/Documents/GitHub/ch32h417/EVT/EXAM/SRC/Peripheral/src\ch32h417_rcc.c ****  *            RCC_MCO_NoClock - No clock selected.
 988:c:/Users/User/Documents/GitHub/ch32h417/EVT/EXAM/SRC/Peripheral/src\ch32h417_rcc.c ****  *            RCC_MCO_SYSCLK - System clock selected.
 989:c:/Users/User/Documents/GitHub/ch32h417/EVT/EXAM/SRC/Peripheral/src\ch32h417_rcc.c ****  *            RCC_MCO_HSI - HSI oscillator clock selected.
 990:c:/Users/User/Documents/GitHub/ch32h417/EVT/EXAM/SRC/Peripheral/src\ch32h417_rcc.c ****  *            RCC_MCO_HSE - HSE oscillator clock selected.
 991:c:/Users/User/Documents/GitHub/ch32h417/EVT/EXAM/SRC/Peripheral/src\ch32h417_rcc.c ****  *            RCC_MCO_PLLCLK_Div2 - PLL clock divided by 2 selected
 992:c:/Users/User/Documents/GitHub/ch32h417/EVT/EXAM/SRC/Peripheral/src\ch32h417_rcc.c ****  *            RCC_MCO_UTMI - UTMI clock selected.
 993:c:/Users/User/Documents/GitHub/ch32h417/EVT/EXAM/SRC/Peripheral/src\ch32h417_rcc.c ****  *            RCC_MCO_USBSSPLL_Div2 -  USBSS PLL clock divided by 2 selected
 994:c:/Users/User/Documents/GitHub/ch32h417/EVT/EXAM/SRC/Peripheral/src\ch32h417_rcc.c ****  *            RCC_MCO_ETHPLL_Div8 - ETH PLL clock divided by 8 selected
 995:c:/Users/User/Documents/GitHub/ch32h417/EVT/EXAM/SRC/Peripheral/src\ch32h417_rcc.c ****  *            RCC_MCO_SERDESPLL_Div16 - SERDES PLL clock divided by 16 selected
 996:c:/Users/User/Documents/GitHub/ch32h417/EVT/EXAM/SRC/Peripheral/src\ch32h417_rcc.c ****  *
 997:c:/Users/User/Documents/GitHub/ch32h417/EVT/EXAM/SRC/Peripheral/src\ch32h417_rcc.c ****  * @return  none
 998:c:/Users/User/Documents/GitHub/ch32h417/EVT/EXAM/SRC/Peripheral/src\ch32h417_rcc.c ****  */
 999:c:/Users/User/Documents/GitHub/ch32h417/EVT/EXAM/SRC/Peripheral/src\ch32h417_rcc.c **** void RCC_MCOConfig(uint8_t RCC_MCO)
1000:c:/Users/User/Documents/GitHub/ch32h417/EVT/EXAM/SRC/Peripheral/src\ch32h417_rcc.c **** {
 1255              		.loc 1 1000 1 is_stmt 1
 1256              		.cfi_startproc
 1257              	.LVL94:
1001:c:/Users/User/Documents/GitHub/ch32h417/EVT/EXAM/SRC/Peripheral/src\ch32h417_rcc.c ****     *(__IO uint8_t *)0x40021007 = RCC_MCO;
 1258              		.loc 1 1001 5
 1259              		.loc 1 1001 33 is_stmt 0
 1260 0000 B7170240 		li	a5,1073876992
 1261 0004 E8B3     		sb	a0,7(a5)
1002:c:/Users/User/Documents/GitHub/ch32h417/EVT/EXAM/SRC/Peripheral/src\ch32h417_rcc.c **** }
 1262              		.loc 1 1002 1
 1263 0006 8280     		ret
 1264              		.cfi_endproc
 1265              	.LFE66:
 1267              		.section	.text.RCC_GetFlagStatus,"ax",@progbits
 1268              		.align	1
 1269              		.globl	RCC_GetFlagStatus
 1271              	RCC_GetFlagStatus:
 1272              	.LFB67:
1003:c:/Users/User/Documents/GitHub/ch32h417/EVT/EXAM/SRC/Peripheral/src\ch32h417_rcc.c **** 
1004:c:/Users/User/Documents/GitHub/ch32h417/EVT/EXAM/SRC/Peripheral/src\ch32h417_rcc.c **** /*********************************************************************
1005:c:/Users/User/Documents/GitHub/ch32h417/EVT/EXAM/SRC/Peripheral/src\ch32h417_rcc.c ****  * @fn      RCC_GetFlagStatus
1006:c:/Users/User/Documents/GitHub/ch32h417/EVT/EXAM/SRC/Peripheral/src\ch32h417_rcc.c ****  *
1007:c:/Users/User/Documents/GitHub/ch32h417/EVT/EXAM/SRC/Peripheral/src\ch32h417_rcc.c ****  * @brief   Checks whether the specified RCC flag is set or not.
1008:c:/Users/User/Documents/GitHub/ch32h417/EVT/EXAM/SRC/Peripheral/src\ch32h417_rcc.c ****  *
1009:c:/Users/User/Documents/GitHub/ch32h417/EVT/EXAM/SRC/Peripheral/src\ch32h417_rcc.c ****  * @param   RCC_FLAG - specifies the flag to check.
1010:c:/Users/User/Documents/GitHub/ch32h417/EVT/EXAM/SRC/Peripheral/src\ch32h417_rcc.c ****  *            RCC_FLAG_HSIRDY - HSI oscillator clock ready.
1011:c:/Users/User/Documents/GitHub/ch32h417/EVT/EXAM/SRC/Peripheral/src\ch32h417_rcc.c ****  *            RCC_FLAG_HSERDY - HSE oscillator clock ready.
1012:c:/Users/User/Documents/GitHub/ch32h417/EVT/EXAM/SRC/Peripheral/src\ch32h417_rcc.c ****  *            RCC_FLAG_PLLRDY - PLL clock ready.
1013:c:/Users/User/Documents/GitHub/ch32h417/EVT/EXAM/SRC/Peripheral/src\ch32h417_rcc.c ****  *            RCC_FLAG_SERDESPLLRDY - SERDES PLL clock ready.
1014:c:/Users/User/Documents/GitHub/ch32h417/EVT/EXAM/SRC/Peripheral/src\ch32h417_rcc.c ****  *            RCC_FLAG_ETHPLLRDY - ETH PLL clock ready.
1015:c:/Users/User/Documents/GitHub/ch32h417/EVT/EXAM/SRC/Peripheral/src\ch32h417_rcc.c ****  *            RCC_FLAG_USBSSPLLRDY - USBSS PLL clock ready.
1016:c:/Users/User/Documents/GitHub/ch32h417/EVT/EXAM/SRC/Peripheral/src\ch32h417_rcc.c ****  *            RCC_FLAG_USBHSPLLRDY - USBHS PLL clock ready.
1017:c:/Users/User/Documents/GitHub/ch32h417/EVT/EXAM/SRC/Peripheral/src\ch32h417_rcc.c ****  *            RCC_FLAG_LSERDY - LSE oscillator clock ready.
1018:c:/Users/User/Documents/GitHub/ch32h417/EVT/EXAM/SRC/Peripheral/src\ch32h417_rcc.c ****  *            RCC_FLAG_LSIRDY - LSI oscillator clock ready.
1019:c:/Users/User/Documents/GitHub/ch32h417/EVT/EXAM/SRC/Peripheral/src\ch32h417_rcc.c ****  *            RCC_FLAG_PINRST - Pin reset.
1020:c:/Users/User/Documents/GitHub/ch32h417/EVT/EXAM/SRC/Peripheral/src\ch32h417_rcc.c ****  *            RCC_FLAG_PORRST - POR/PDR reset.
1021:c:/Users/User/Documents/GitHub/ch32h417/EVT/EXAM/SRC/Peripheral/src\ch32h417_rcc.c ****  *            RCC_FLAG_SFTRST - Software reset.
1022:c:/Users/User/Documents/GitHub/ch32h417/EVT/EXAM/SRC/Peripheral/src\ch32h417_rcc.c ****  *            RCC_FLAG_IWDGRST - Independent Watchdog reset.
1023:c:/Users/User/Documents/GitHub/ch32h417/EVT/EXAM/SRC/Peripheral/src\ch32h417_rcc.c ****  *            RCC_FLAG_WWDGRST - Window Watchdog reset.
1024:c:/Users/User/Documents/GitHub/ch32h417/EVT/EXAM/SRC/Peripheral/src\ch32h417_rcc.c ****  *            RCC_FLAG_LKUPRSTF - Lockup reset.
1025:c:/Users/User/Documents/GitHub/ch32h417/EVT/EXAM/SRC/Peripheral/src\ch32h417_rcc.c ****  *
1026:c:/Users/User/Documents/GitHub/ch32h417/EVT/EXAM/SRC/Peripheral/src\ch32h417_rcc.c ****  * @return  FlagStatus - SET or RESET.
1027:c:/Users/User/Documents/GitHub/ch32h417/EVT/EXAM/SRC/Peripheral/src\ch32h417_rcc.c ****  */
1028:c:/Users/User/Documents/GitHub/ch32h417/EVT/EXAM/SRC/Peripheral/src\ch32h417_rcc.c **** FlagStatus RCC_GetFlagStatus(uint8_t RCC_FLAG)
1029:c:/Users/User/Documents/GitHub/ch32h417/EVT/EXAM/SRC/Peripheral/src\ch32h417_rcc.c **** {
 1273              		.loc 1 1029 1 is_stmt 1
 1274              		.cfi_startproc
 1275              	.LVL95:
1030:c:/Users/User/Documents/GitHub/ch32h417/EVT/EXAM/SRC/Peripheral/src\ch32h417_rcc.c ****     uint32_t tmp = 0;
 1276              		.loc 1 1030 5
1031:c:/Users/User/Documents/GitHub/ch32h417/EVT/EXAM/SRC/Peripheral/src\ch32h417_rcc.c ****     uint32_t statusreg = 0;
 1277              		.loc 1 1031 5
1032:c:/Users/User/Documents/GitHub/ch32h417/EVT/EXAM/SRC/Peripheral/src\ch32h417_rcc.c **** 
1033:c:/Users/User/Documents/GitHub/ch32h417/EVT/EXAM/SRC/Peripheral/src\ch32h417_rcc.c ****     FlagStatus bitstatus = RESET;
 1278              		.loc 1 1033 5
1034:c:/Users/User/Documents/GitHub/ch32h417/EVT/EXAM/SRC/Peripheral/src\ch32h417_rcc.c ****     tmp = RCC_FLAG >> 5;
 1279              		.loc 1 1034 5
 1280              		.loc 1 1034 20 is_stmt 0
 1281 0000 93575500 		srli	a5,a0,5
 1282              	.LVL96:
1035:c:/Users/User/Documents/GitHub/ch32h417/EVT/EXAM/SRC/Peripheral/src\ch32h417_rcc.c **** 
1036:c:/Users/User/Documents/GitHub/ch32h417/EVT/EXAM/SRC/Peripheral/src\ch32h417_rcc.c ****     if(tmp == 1)
 1283              		.loc 1 1036 5 is_stmt 1
 1284              		.loc 1 1036 7 is_stmt 0
 1285 0004 0547     		li	a4,1
 1286 0006 6399E700 		bne	a5,a4,.L95
1037:c:/Users/User/Documents/GitHub/ch32h417/EVT/EXAM/SRC/Peripheral/src\ch32h417_rcc.c ****     {
1038:c:/Users/User/Documents/GitHub/ch32h417/EVT/EXAM/SRC/Peripheral/src\ch32h417_rcc.c ****         statusreg = RCC->CTLR;
 1287              		.loc 1 1038 9 is_stmt 1
 1288              		.loc 1 1038 19 is_stmt 0
 1289 000a B7170240 		li	a5,1073876992
 1290              	.LVL97:
 1291 000e 9C43     		lw	a5,0(a5)
 1292              	.LVL98:
 1293              	.L96:
1039:c:/Users/User/Documents/GitHub/ch32h417/EVT/EXAM/SRC/Peripheral/src\ch32h417_rcc.c ****     }
1040:c:/Users/User/Documents/GitHub/ch32h417/EVT/EXAM/SRC/Peripheral/src\ch32h417_rcc.c ****     else if(tmp == 2)
1041:c:/Users/User/Documents/GitHub/ch32h417/EVT/EXAM/SRC/Peripheral/src\ch32h417_rcc.c ****     {
1042:c:/Users/User/Documents/GitHub/ch32h417/EVT/EXAM/SRC/Peripheral/src\ch32h417_rcc.c ****         statusreg = RCC->BDCTLR;
1043:c:/Users/User/Documents/GitHub/ch32h417/EVT/EXAM/SRC/Peripheral/src\ch32h417_rcc.c ****     }
1044:c:/Users/User/Documents/GitHub/ch32h417/EVT/EXAM/SRC/Peripheral/src\ch32h417_rcc.c ****     else
1045:c:/Users/User/Documents/GitHub/ch32h417/EVT/EXAM/SRC/Peripheral/src\ch32h417_rcc.c ****     {
1046:c:/Users/User/Documents/GitHub/ch32h417/EVT/EXAM/SRC/Peripheral/src\ch32h417_rcc.c ****         statusreg = RCC->RSTSCKR;
1047:c:/Users/User/Documents/GitHub/ch32h417/EVT/EXAM/SRC/Peripheral/src\ch32h417_rcc.c ****     }
1048:c:/Users/User/Documents/GitHub/ch32h417/EVT/EXAM/SRC/Peripheral/src\ch32h417_rcc.c **** 
1049:c:/Users/User/Documents/GitHub/ch32h417/EVT/EXAM/SRC/Peripheral/src\ch32h417_rcc.c ****     tmp = RCC_FLAG & FLAG_Mask;
 1294              		.loc 1 1049 5 is_stmt 1
1050:c:/Users/User/Documents/GitHub/ch32h417/EVT/EXAM/SRC/Peripheral/src\ch32h417_rcc.c **** 
1051:c:/Users/User/Documents/GitHub/ch32h417/EVT/EXAM/SRC/Peripheral/src\ch32h417_rcc.c ****     if((statusreg & ((uint32_t)1 << tmp)) != (uint32_t)RESET)
 1295              		.loc 1 1051 5
1052:c:/Users/User/Documents/GitHub/ch32h417/EVT/EXAM/SRC/Peripheral/src\ch32h417_rcc.c ****     {
1053:c:/Users/User/Documents/GitHub/ch32h417/EVT/EXAM/SRC/Peripheral/src\ch32h417_rcc.c ****         bitstatus = SET;
1054:c:/Users/User/Documents/GitHub/ch32h417/EVT/EXAM/SRC/Peripheral/src\ch32h417_rcc.c ****     }
1055:c:/Users/User/Documents/GitHub/ch32h417/EVT/EXAM/SRC/Peripheral/src\ch32h417_rcc.c ****     else
1056:c:/Users/User/Documents/GitHub/ch32h417/EVT/EXAM/SRC/Peripheral/src\ch32h417_rcc.c ****     {
1057:c:/Users/User/Documents/GitHub/ch32h417/EVT/EXAM/SRC/Peripheral/src\ch32h417_rcc.c ****         bitstatus = RESET;
1058:c:/Users/User/Documents/GitHub/ch32h417/EVT/EXAM/SRC/Peripheral/src\ch32h417_rcc.c ****     }
1059:c:/Users/User/Documents/GitHub/ch32h417/EVT/EXAM/SRC/Peripheral/src\ch32h417_rcc.c **** 
1060:c:/Users/User/Documents/GitHub/ch32h417/EVT/EXAM/SRC/Peripheral/src\ch32h417_rcc.c ****     return bitstatus;
 1296              		.loc 1 1060 5
1051:c:/Users/User/Documents/GitHub/ch32h417/EVT/EXAM/SRC/Peripheral/src\ch32h417_rcc.c ****     {
 1297              		.loc 1 1051 43 is_stmt 0
 1298 0010 33D5A700 		srl	a0,a5,a0
 1299              	.LVL99:
1061:c:/Users/User/Documents/GitHub/ch32h417/EVT/EXAM/SRC/Peripheral/src\ch32h417_rcc.c **** }
 1300              		.loc 1 1061 1
 1301 0014 0589     		andi	a0,a0,1
 1302 0016 8280     		ret
 1303              	.LVL100:
 1304              	.L95:
1040:c:/Users/User/Documents/GitHub/ch32h417/EVT/EXAM/SRC/Peripheral/src\ch32h417_rcc.c ****     {
 1305              		.loc 1 1040 10 is_stmt 1
1040:c:/Users/User/Documents/GitHub/ch32h417/EVT/EXAM/SRC/Peripheral/src\ch32h417_rcc.c ****     {
 1306              		.loc 1 1040 12 is_stmt 0
 1307 0018 0947     		li	a4,2
 1308 001a 6396E700 		bne	a5,a4,.L97
1042:c:/Users/User/Documents/GitHub/ch32h417/EVT/EXAM/SRC/Peripheral/src\ch32h417_rcc.c ****     }
 1309              		.loc 1 1042 9 is_stmt 1
1042:c:/Users/User/Documents/GitHub/ch32h417/EVT/EXAM/SRC/Peripheral/src\ch32h417_rcc.c ****     }
 1310              		.loc 1 1042 19 is_stmt 0
 1311 001e B7170240 		li	a5,1073876992
 1312              	.LVL101:
 1313 0022 DC53     		lw	a5,36(a5)
 1314              	.LVL102:
 1315 0024 F5B7     		j	.L96
 1316              	.LVL103:
 1317              	.L97:
1046:c:/Users/User/Documents/GitHub/ch32h417/EVT/EXAM/SRC/Peripheral/src\ch32h417_rcc.c ****     }
 1318              		.loc 1 1046 9 is_stmt 1
1046:c:/Users/User/Documents/GitHub/ch32h417/EVT/EXAM/SRC/Peripheral/src\ch32h417_rcc.c ****     }
 1319              		.loc 1 1046 19 is_stmt 0
 1320 0026 B7170240 		li	a5,1073876992
 1321              	.LVL104:
 1322 002a 9C57     		lw	a5,40(a5)
 1323              	.LVL105:
 1324 002c D5B7     		j	.L96
 1325              		.cfi_endproc
 1326              	.LFE67:
 1328              		.section	.text.RCC_WaitForHSEStartUp,"ax",@progbits
 1329              		.align	1
 1330              		.globl	RCC_WaitForHSEStartUp
 1332              	RCC_WaitForHSEStartUp:
 1333              	.LFB42:
 116:c:/Users/User/Documents/GitHub/ch32h417/EVT/EXAM/SRC/Peripheral/src\ch32h417_rcc.c ****     __IO uint32_t StartUpCounter = 0;
 1334              		.loc 1 116 1 is_stmt 1
 1335              		.cfi_startproc
 1336 0000 17030000 		call	t0,__riscv_save_1
 1336      E7020300 
 1337              		.cfi_offset 8, -8
 1338              		.cfi_offset 1, -4
 1339              		.cfi_def_cfa_offset 16
 117:c:/Users/User/Documents/GitHub/ch32h417/EVT/EXAM/SRC/Peripheral/src\ch32h417_rcc.c **** 
 1340              		.loc 1 117 5
 116:c:/Users/User/Documents/GitHub/ch32h417/EVT/EXAM/SRC/Peripheral/src\ch32h417_rcc.c ****     __IO uint32_t StartUpCounter = 0;
 1341              		.loc 1 116 1 is_stmt 0
 1342 0008 4111     		addi	sp,sp,-16
 1343              		.cfi_def_cfa_offset 32
 117:c:/Users/User/Documents/GitHub/ch32h417/EVT/EXAM/SRC/Peripheral/src\ch32h417_rcc.c **** 
 1344              		.loc 1 117 19
 1345 000a 02C6     		sw	zero,12(sp)
 119:c:/Users/User/Documents/GitHub/ch32h417/EVT/EXAM/SRC/Peripheral/src\ch32h417_rcc.c ****     FlagStatus  HSEStatus = RESET;
 1346              		.loc 1 119 5 is_stmt 1
 1347              	.LVL106:
 120:c:/Users/User/Documents/GitHub/ch32h417/EVT/EXAM/SRC/Peripheral/src\ch32h417_rcc.c **** 
 1348              		.loc 1 120 5
 126:c:/Users/User/Documents/GitHub/ch32h417/EVT/EXAM/SRC/Peripheral/src\ch32h417_rcc.c **** 
 1349              		.loc 1 126 53 is_stmt 0
 1350 000c 37040001 		li	s0,16777216
 1351              	.LVL107:
 1352              	.L100:
 122:c:/Users/User/Documents/GitHub/ch32h417/EVT/EXAM/SRC/Peripheral/src\ch32h417_rcc.c ****     {
 1353              		.loc 1 122 5 is_stmt 1 discriminator 2
 124:c:/Users/User/Documents/GitHub/ch32h417/EVT/EXAM/SRC/Peripheral/src\ch32h417_rcc.c ****         StartUpCounter++;
 1354              		.loc 1 124 9 discriminator 2
 124:c:/Users/User/Documents/GitHub/ch32h417/EVT/EXAM/SRC/Peripheral/src\ch32h417_rcc.c ****         StartUpCounter++;
 1355              		.loc 1 124 21 is_stmt 0 discriminator 2
 1356 0010 13051003 		li	a0,49
 1357 0014 97000000 		call	RCC_GetFlagStatus
 1357      E7800000 
 1358              	.LVL108:
 125:c:/Users/User/Documents/GitHub/ch32h417/EVT/EXAM/SRC/Peripheral/src\ch32h417_rcc.c ****     } while((StartUpCounter != HSE_STARTUP_TIMEOUT) && (HSEStatus == RESET));
 1359              		.loc 1 125 9 is_stmt 1 discriminator 2
 125:c:/Users/User/Documents/GitHub/ch32h417/EVT/EXAM/SRC/Peripheral/src\ch32h417_rcc.c ****     } while((StartUpCounter != HSE_STARTUP_TIMEOUT) && (HSEStatus == RESET));
 1360              		.loc 1 125 23 is_stmt 0 discriminator 2
 1361 001c B247     		lw	a5,12(sp)
 1362 001e 8507     		addi	a5,a5,1
 1363 0020 3EC6     		sw	a5,12(sp)
 126:c:/Users/User/Documents/GitHub/ch32h417/EVT/EXAM/SRC/Peripheral/src\ch32h417_rcc.c **** 
 1364              		.loc 1 126 53 is_stmt 1 discriminator 2
 126:c:/Users/User/Documents/GitHub/ch32h417/EVT/EXAM/SRC/Peripheral/src\ch32h417_rcc.c **** 
 1365              		.loc 1 126 29 is_stmt 0 discriminator 2
 1366 0022 B247     		lw	a5,12(sp)
 126:c:/Users/User/Documents/GitHub/ch32h417/EVT/EXAM/SRC/Peripheral/src\ch32h417_rcc.c **** 
 1367              		.loc 1 126 53 discriminator 2
 1368 0024 63838700 		beq	a5,s0,.L99
 126:c:/Users/User/Documents/GitHub/ch32h417/EVT/EXAM/SRC/Peripheral/src\ch32h417_rcc.c **** 
 1369              		.loc 1 126 53 discriminator 1
 1370 0028 65D5     		beq	a0,zero,.L100
 1371              	.L99:
 128:c:/Users/User/Documents/GitHub/ch32h417/EVT/EXAM/SRC/Peripheral/src\ch32h417_rcc.c ****     {
 1372              		.loc 1 128 5 is_stmt 1
 128:c:/Users/User/Documents/GitHub/ch32h417/EVT/EXAM/SRC/Peripheral/src\ch32h417_rcc.c ****     {
 1373              		.loc 1 128 8 is_stmt 0
 1374 002a 13051003 		li	a0,49
 1375              	.LVL109:
 1376 002e 97000000 		call	RCC_GetFlagStatus
 1376      E7800000 
 1377              	.LVL110:
 137:c:/Users/User/Documents/GitHub/ch32h417/EVT/EXAM/SRC/Peripheral/src\ch32h417_rcc.c **** }
 1378              		.loc 1 137 5 is_stmt 1
 138:c:/Users/User/Documents/GitHub/ch32h417/EVT/EXAM/SRC/Peripheral/src\ch32h417_rcc.c **** 
 1379              		.loc 1 138 1 is_stmt 0
 1380 0036 3335A000 		snez	a0,a0
 1381              	.LVL111:
 1382 003a 4101     		addi	sp,sp,16
 1383              		.cfi_def_cfa_offset 0
 1384 003c 17030000 		tail	__riscv_restore_1
 1384      67000300 
 1385              		.cfi_restore 8
 1386              		.cfi_restore 1
 1387              		.cfi_def_cfa_offset -16
 1388              		.cfi_endproc
 1389              	.LFE42:
 1391              		.section	.text.RCC_ClearFlag,"ax",@progbits
 1392              		.align	1
 1393              		.globl	RCC_ClearFlag
 1395              	RCC_ClearFlag:
 1396              	.LFB68:
1062:c:/Users/User/Documents/GitHub/ch32h417/EVT/EXAM/SRC/Peripheral/src\ch32h417_rcc.c **** 
1063:c:/Users/User/Documents/GitHub/ch32h417/EVT/EXAM/SRC/Peripheral/src\ch32h417_rcc.c **** /*********************************************************************
1064:c:/Users/User/Documents/GitHub/ch32h417/EVT/EXAM/SRC/Peripheral/src\ch32h417_rcc.c ****  * @fn      RCC_ClearFlag
1065:c:/Users/User/Documents/GitHub/ch32h417/EVT/EXAM/SRC/Peripheral/src\ch32h417_rcc.c ****  *
1066:c:/Users/User/Documents/GitHub/ch32h417/EVT/EXAM/SRC/Peripheral/src\ch32h417_rcc.c ****  * @brief   Clears the RCC reset flags.
1067:c:/Users/User/Documents/GitHub/ch32h417/EVT/EXAM/SRC/Peripheral/src\ch32h417_rcc.c ****  *          Note-   
1068:c:/Users/User/Documents/GitHub/ch32h417/EVT/EXAM/SRC/Peripheral/src\ch32h417_rcc.c ****  *            The reset flags are: RCC_FLAG_PINRST, RCC_FLAG_PORRST, RCC_FLAG_SFTRST,
1069:c:/Users/User/Documents/GitHub/ch32h417/EVT/EXAM/SRC/Peripheral/src\ch32h417_rcc.c ****  *          RCC_FLAG_IWDGRST, RCC_FLAG_WWDGRST, RCC_FLAG_LKUPRSTF
1070:c:/Users/User/Documents/GitHub/ch32h417/EVT/EXAM/SRC/Peripheral/src\ch32h417_rcc.c ****  *
1071:c:/Users/User/Documents/GitHub/ch32h417/EVT/EXAM/SRC/Peripheral/src\ch32h417_rcc.c ****  * @return  none
1072:c:/Users/User/Documents/GitHub/ch32h417/EVT/EXAM/SRC/Peripheral/src\ch32h417_rcc.c ****  */
1073:c:/Users/User/Documents/GitHub/ch32h417/EVT/EXAM/SRC/Peripheral/src\ch32h417_rcc.c **** void RCC_ClearFlag(void)
1074:c:/Users/User/Documents/GitHub/ch32h417/EVT/EXAM/SRC/Peripheral/src\ch32h417_rcc.c **** {
 1397              		.loc 1 1074 1 is_stmt 1
 1398              		.cfi_startproc
1075:c:/Users/User/Documents/GitHub/ch32h417/EVT/EXAM/SRC/Peripheral/src\ch32h417_rcc.c ****     RCC->RSTSCKR |= RSTSCKR_RMVF_Set;
 1399              		.loc 1 1075 5
 1400              		.loc 1 1075 8 is_stmt 0
 1401 0000 37170240 		li	a4,1073876992
 1402 0004 1C57     		lw	a5,40(a4)
 1403              		.loc 1 1075 18
 1404 0006 93978729 		bseti	a5,a5,24
 1405 000a 1CD7     		sw	a5,40(a4)
1076:c:/Users/User/Documents/GitHub/ch32h417/EVT/EXAM/SRC/Peripheral/src\ch32h417_rcc.c **** }
 1406              		.loc 1 1076 1
 1407 000c 8280     		ret
 1408              		.cfi_endproc
 1409              	.LFE68:
 1411              		.section	.text.RCC_GetITStatus,"ax",@progbits
 1412              		.align	1
 1413              		.globl	RCC_GetITStatus
 1415              	RCC_GetITStatus:
 1416              	.LFB69:
1077:c:/Users/User/Documents/GitHub/ch32h417/EVT/EXAM/SRC/Peripheral/src\ch32h417_rcc.c **** 
1078:c:/Users/User/Documents/GitHub/ch32h417/EVT/EXAM/SRC/Peripheral/src\ch32h417_rcc.c **** /*********************************************************************
1079:c:/Users/User/Documents/GitHub/ch32h417/EVT/EXAM/SRC/Peripheral/src\ch32h417_rcc.c ****  * @fn      RCC_GetITStatus
1080:c:/Users/User/Documents/GitHub/ch32h417/EVT/EXAM/SRC/Peripheral/src\ch32h417_rcc.c ****  *
1081:c:/Users/User/Documents/GitHub/ch32h417/EVT/EXAM/SRC/Peripheral/src\ch32h417_rcc.c ****  * @brief   Checks whether the specified RCC interrupt has occurred or not.
1082:c:/Users/User/Documents/GitHub/ch32h417/EVT/EXAM/SRC/Peripheral/src\ch32h417_rcc.c ****  *
1083:c:/Users/User/Documents/GitHub/ch32h417/EVT/EXAM/SRC/Peripheral/src\ch32h417_rcc.c ****  * @param   RCC_IT - specifies the RCC interrupt source to check.
1084:c:/Users/User/Documents/GitHub/ch32h417/EVT/EXAM/SRC/Peripheral/src\ch32h417_rcc.c ****  *            RCC_IT_LSIRDY - LSI ready interrupt.
1085:c:/Users/User/Documents/GitHub/ch32h417/EVT/EXAM/SRC/Peripheral/src\ch32h417_rcc.c ****  *            RCC_IT_LSERDY - LSE ready interrupt.
1086:c:/Users/User/Documents/GitHub/ch32h417/EVT/EXAM/SRC/Peripheral/src\ch32h417_rcc.c ****  *            RCC_IT_HSIRDY - HSI ready interrupt.
1087:c:/Users/User/Documents/GitHub/ch32h417/EVT/EXAM/SRC/Peripheral/src\ch32h417_rcc.c ****  *            RCC_IT_HSERDY - HSE ready interrupt.
1088:c:/Users/User/Documents/GitHub/ch32h417/EVT/EXAM/SRC/Peripheral/src\ch32h417_rcc.c ****  *            RCC_IT_PLLRDY - PLL ready interrupt.
1089:c:/Users/User/Documents/GitHub/ch32h417/EVT/EXAM/SRC/Peripheral/src\ch32h417_rcc.c ****  *            RCC_IT_SERDESPLLRDY - SERDES PLL ready interrupt.
1090:c:/Users/User/Documents/GitHub/ch32h417/EVT/EXAM/SRC/Peripheral/src\ch32h417_rcc.c ****  *            RCC_IT_ETHPLLRDY - ETH PLL ready interrupt.
1091:c:/Users/User/Documents/GitHub/ch32h417/EVT/EXAM/SRC/Peripheral/src\ch32h417_rcc.c ****  *            RCC_IT_CSSF - Clock Security System interrupt.
1092:c:/Users/User/Documents/GitHub/ch32h417/EVT/EXAM/SRC/Peripheral/src\ch32h417_rcc.c ****  *
1093:c:/Users/User/Documents/GitHub/ch32h417/EVT/EXAM/SRC/Peripheral/src\ch32h417_rcc.c ****  * @return  ITStatus - SET or RESET.
1094:c:/Users/User/Documents/GitHub/ch32h417/EVT/EXAM/SRC/Peripheral/src\ch32h417_rcc.c ****  */
1095:c:/Users/User/Documents/GitHub/ch32h417/EVT/EXAM/SRC/Peripheral/src\ch32h417_rcc.c **** 
1096:c:/Users/User/Documents/GitHub/ch32h417/EVT/EXAM/SRC/Peripheral/src\ch32h417_rcc.c **** ITStatus RCC_GetITStatus(uint8_t RCC_IT)
1097:c:/Users/User/Documents/GitHub/ch32h417/EVT/EXAM/SRC/Peripheral/src\ch32h417_rcc.c **** {
 1417              		.loc 1 1097 1 is_stmt 1
 1418              		.cfi_startproc
 1419              	.LVL112:
1098:c:/Users/User/Documents/GitHub/ch32h417/EVT/EXAM/SRC/Peripheral/src\ch32h417_rcc.c ****     ITStatus bitstatus = RESET;
 1420              		.loc 1 1098 5
1099:c:/Users/User/Documents/GitHub/ch32h417/EVT/EXAM/SRC/Peripheral/src\ch32h417_rcc.c **** 
1100:c:/Users/User/Documents/GitHub/ch32h417/EVT/EXAM/SRC/Peripheral/src\ch32h417_rcc.c ****     if((RCC->INTR & RCC_IT) != (uint32_t)RESET)
 1421              		.loc 1 1100 5
 1422              		.loc 1 1100 12 is_stmt 0
 1423 0000 B7170240 		li	a5,1073876992
 1424 0004 DC47     		lw	a5,12(a5)
 1425              	.LVL113:
1101:c:/Users/User/Documents/GitHub/ch32h417/EVT/EXAM/SRC/Peripheral/src\ch32h417_rcc.c ****     {
1102:c:/Users/User/Documents/GitHub/ch32h417/EVT/EXAM/SRC/Peripheral/src\ch32h417_rcc.c ****         bitstatus = SET;
1103:c:/Users/User/Documents/GitHub/ch32h417/EVT/EXAM/SRC/Peripheral/src\ch32h417_rcc.c ****     }
1104:c:/Users/User/Documents/GitHub/ch32h417/EVT/EXAM/SRC/Peripheral/src\ch32h417_rcc.c ****     else
1105:c:/Users/User/Documents/GitHub/ch32h417/EVT/EXAM/SRC/Peripheral/src\ch32h417_rcc.c ****     {
1106:c:/Users/User/Documents/GitHub/ch32h417/EVT/EXAM/SRC/Peripheral/src\ch32h417_rcc.c ****         bitstatus = RESET;
1107:c:/Users/User/Documents/GitHub/ch32h417/EVT/EXAM/SRC/Peripheral/src\ch32h417_rcc.c ****     }
1108:c:/Users/User/Documents/GitHub/ch32h417/EVT/EXAM/SRC/Peripheral/src\ch32h417_rcc.c **** 
1109:c:/Users/User/Documents/GitHub/ch32h417/EVT/EXAM/SRC/Peripheral/src\ch32h417_rcc.c ****     return bitstatus;
 1426              		.loc 1 1109 5 is_stmt 1
1100:c:/Users/User/Documents/GitHub/ch32h417/EVT/EXAM/SRC/Peripheral/src\ch32h417_rcc.c ****     {
 1427              		.loc 1 1100 19 is_stmt 0
 1428 0006 7D8D     		and	a0,a0,a5
 1429              	.LVL114:
1110:c:/Users/User/Documents/GitHub/ch32h417/EVT/EXAM/SRC/Peripheral/src\ch32h417_rcc.c **** }
 1430              		.loc 1 1110 1
 1431 0008 3335A000 		snez	a0,a0
 1432 000c 8280     		ret
 1433              		.cfi_endproc
 1434              	.LFE69:
 1436              		.section	.text.RCC_ClearITPendingBit,"ax",@progbits
 1437              		.align	1
 1438              		.globl	RCC_ClearITPendingBit
 1440              	RCC_ClearITPendingBit:
 1441              	.LFB70:
1111:c:/Users/User/Documents/GitHub/ch32h417/EVT/EXAM/SRC/Peripheral/src\ch32h417_rcc.c **** 
1112:c:/Users/User/Documents/GitHub/ch32h417/EVT/EXAM/SRC/Peripheral/src\ch32h417_rcc.c **** /*********************************************************************
1113:c:/Users/User/Documents/GitHub/ch32h417/EVT/EXAM/SRC/Peripheral/src\ch32h417_rcc.c ****  * @fn      RCC_ClearITPendingBit
1114:c:/Users/User/Documents/GitHub/ch32h417/EVT/EXAM/SRC/Peripheral/src\ch32h417_rcc.c ****  *
1115:c:/Users/User/Documents/GitHub/ch32h417/EVT/EXAM/SRC/Peripheral/src\ch32h417_rcc.c ****  * @brief   Clears the RCC's interrupt pending bits.
1116:c:/Users/User/Documents/GitHub/ch32h417/EVT/EXAM/SRC/Peripheral/src\ch32h417_rcc.c ****  *
1117:c:/Users/User/Documents/GitHub/ch32h417/EVT/EXAM/SRC/Peripheral/src\ch32h417_rcc.c ****  * @param   RCC_IT - specifies the interrupt pending bit to clear.
1118:c:/Users/User/Documents/GitHub/ch32h417/EVT/EXAM/SRC/Peripheral/src\ch32h417_rcc.c ****  *            RCC_IT_LSIRDY - LSI ready interrupt.
1119:c:/Users/User/Documents/GitHub/ch32h417/EVT/EXAM/SRC/Peripheral/src\ch32h417_rcc.c ****  *            RCC_IT_LSERDY - LSE ready interrupt.
1120:c:/Users/User/Documents/GitHub/ch32h417/EVT/EXAM/SRC/Peripheral/src\ch32h417_rcc.c ****  *            RCC_IT_HSIRDY - HSI ready interrupt.
1121:c:/Users/User/Documents/GitHub/ch32h417/EVT/EXAM/SRC/Peripheral/src\ch32h417_rcc.c ****  *            RCC_IT_HSERDY - HSE ready interrupt.
1122:c:/Users/User/Documents/GitHub/ch32h417/EVT/EXAM/SRC/Peripheral/src\ch32h417_rcc.c ****  *            RCC_IT_PLLRDY - PLL ready interrupt.
1123:c:/Users/User/Documents/GitHub/ch32h417/EVT/EXAM/SRC/Peripheral/src\ch32h417_rcc.c ****  *            RCC_IT_SERDESPLLRDY - SERDES PLL ready interrupt.
1124:c:/Users/User/Documents/GitHub/ch32h417/EVT/EXAM/SRC/Peripheral/src\ch32h417_rcc.c ****  *            RCC_IT_ETHPLLRDY - ETH PLL ready interrupt.
1125:c:/Users/User/Documents/GitHub/ch32h417/EVT/EXAM/SRC/Peripheral/src\ch32h417_rcc.c ****  *            RCC_IT_CSSF - Clock Security System interrupt.
1126:c:/Users/User/Documents/GitHub/ch32h417/EVT/EXAM/SRC/Peripheral/src\ch32h417_rcc.c ****  *
1127:c:/Users/User/Documents/GitHub/ch32h417/EVT/EXAM/SRC/Peripheral/src\ch32h417_rcc.c ****  * @return  none
1128:c:/Users/User/Documents/GitHub/ch32h417/EVT/EXAM/SRC/Peripheral/src\ch32h417_rcc.c ****  */
1129:c:/Users/User/Documents/GitHub/ch32h417/EVT/EXAM/SRC/Peripheral/src\ch32h417_rcc.c **** void RCC_ClearITPendingBit(uint8_t RCC_IT)
1130:c:/Users/User/Documents/GitHub/ch32h417/EVT/EXAM/SRC/Peripheral/src\ch32h417_rcc.c **** {
 1442              		.loc 1 1130 1 is_stmt 1
 1443              		.cfi_startproc
 1444              	.LVL115:
1131:c:/Users/User/Documents/GitHub/ch32h417/EVT/EXAM/SRC/Peripheral/src\ch32h417_rcc.c ****     *(__IO uint8_t *)0x4002100E = RCC_IT;
 1445              		.loc 1 1131 5
 1446              		.loc 1 1131 33 is_stmt 0
 1447 0000 B7170240 		li	a5,1073876992
 1448 0004 E8A7     		sb	a0,14(a5)
1132:c:/Users/User/Documents/GitHub/ch32h417/EVT/EXAM/SRC/Peripheral/src\ch32h417_rcc.c **** }
 1449              		.loc 1 1132 1
 1450 0006 8280     		ret
 1451              		.cfi_endproc
 1452              	.LFE70:
 1454              		.section	.text.RCC_USBHS_PLLCmd,"ax",@progbits
 1455              		.align	1
 1456              		.globl	RCC_USBHS_PLLCmd
 1458              	RCC_USBHS_PLLCmd:
 1459              	.LFB71:
1133:c:/Users/User/Documents/GitHub/ch32h417/EVT/EXAM/SRC/Peripheral/src\ch32h417_rcc.c **** 
1134:c:/Users/User/Documents/GitHub/ch32h417/EVT/EXAM/SRC/Peripheral/src\ch32h417_rcc.c **** /*********************************************************************
1135:c:/Users/User/Documents/GitHub/ch32h417/EVT/EXAM/SRC/Peripheral/src\ch32h417_rcc.c ****  * @fn      RCC_USBHS_PLLCmd
1136:c:/Users/User/Documents/GitHub/ch32h417/EVT/EXAM/SRC/Peripheral/src\ch32h417_rcc.c ****  *
1137:c:/Users/User/Documents/GitHub/ch32h417/EVT/EXAM/SRC/Peripheral/src\ch32h417_rcc.c ****  * @brief   ENABLE or DISABLE USBHS PLL Clock.
1138:c:/Users/User/Documents/GitHub/ch32h417/EVT/EXAM/SRC/Peripheral/src\ch32h417_rcc.c ****  *
1139:c:/Users/User/Documents/GitHub/ch32h417/EVT/EXAM/SRC/Peripheral/src\ch32h417_rcc.c ****  * @param   NewState - ENABLE or DISABLE.
1140:c:/Users/User/Documents/GitHub/ch32h417/EVT/EXAM/SRC/Peripheral/src\ch32h417_rcc.c ****  *
1141:c:/Users/User/Documents/GitHub/ch32h417/EVT/EXAM/SRC/Peripheral/src\ch32h417_rcc.c ****  * @return  none
1142:c:/Users/User/Documents/GitHub/ch32h417/EVT/EXAM/SRC/Peripheral/src\ch32h417_rcc.c ****  */
1143:c:/Users/User/Documents/GitHub/ch32h417/EVT/EXAM/SRC/Peripheral/src\ch32h417_rcc.c **** void RCC_USBHS_PLLCmd(FunctionalState NewState)
1144:c:/Users/User/Documents/GitHub/ch32h417/EVT/EXAM/SRC/Peripheral/src\ch32h417_rcc.c **** {
 1460              		.loc 1 1144 1 is_stmt 1
 1461              		.cfi_startproc
 1462              	.LVL116:
1145:c:/Users/User/Documents/GitHub/ch32h417/EVT/EXAM/SRC/Peripheral/src\ch32h417_rcc.c ****     if(NewState)
 1463              		.loc 1 1145 5
1146:c:/Users/User/Documents/GitHub/ch32h417/EVT/EXAM/SRC/Peripheral/src\ch32h417_rcc.c ****     {
1147:c:/Users/User/Documents/GitHub/ch32h417/EVT/EXAM/SRC/Peripheral/src\ch32h417_rcc.c ****         RCC->CTLR |= RCC_USBHS_PLLON;
 1464              		.loc 1 1147 12 is_stmt 0
 1465 0000 37170240 		li	a4,1073876992
 1466 0004 1C43     		lw	a5,0(a4)
1145:c:/Users/User/Documents/GitHub/ch32h417/EVT/EXAM/SRC/Peripheral/src\ch32h417_rcc.c ****     if(NewState)
 1467              		.loc 1 1145 7
 1468 0006 09C5     		beq	a0,zero,.L108
 1469              		.loc 1 1147 9 is_stmt 1
 1470              		.loc 1 1147 19 is_stmt 0
 1471 0008 93974729 		bseti	a5,a5,20
 1472              	.L110:
1148:c:/Users/User/Documents/GitHub/ch32h417/EVT/EXAM/SRC/Peripheral/src\ch32h417_rcc.c ****     }
1149:c:/Users/User/Documents/GitHub/ch32h417/EVT/EXAM/SRC/Peripheral/src\ch32h417_rcc.c ****     else
1150:c:/Users/User/Documents/GitHub/ch32h417/EVT/EXAM/SRC/Peripheral/src\ch32h417_rcc.c ****     {
1151:c:/Users/User/Documents/GitHub/ch32h417/EVT/EXAM/SRC/Peripheral/src\ch32h417_rcc.c ****         RCC->CTLR &= ~RCC_USBHS_PLLON;
 1473              		.loc 1 1151 19
 1474 000c 1CC3     		sw	a5,0(a4)
1152:c:/Users/User/Documents/GitHub/ch32h417/EVT/EXAM/SRC/Peripheral/src\ch32h417_rcc.c ****     }
1153:c:/Users/User/Documents/GitHub/ch32h417/EVT/EXAM/SRC/Peripheral/src\ch32h417_rcc.c **** }
 1475              		.loc 1 1153 1
 1476 000e 8280     		ret
 1477              	.L108:
1151:c:/Users/User/Documents/GitHub/ch32h417/EVT/EXAM/SRC/Peripheral/src\ch32h417_rcc.c ****     }
 1478              		.loc 1 1151 9 is_stmt 1
1151:c:/Users/User/Documents/GitHub/ch32h417/EVT/EXAM/SRC/Peripheral/src\ch32h417_rcc.c ****     }
 1479              		.loc 1 1151 19 is_stmt 0
 1480 0010 93974749 		bclri	a5,a5,20
 1481 0014 E5BF     		j	.L110
 1482              		.cfi_endproc
 1483              	.LFE71:
 1485              		.section	.text.RCC_USBSS_PLLCmd,"ax",@progbits
 1486              		.align	1
 1487              		.globl	RCC_USBSS_PLLCmd
 1489              	RCC_USBSS_PLLCmd:
 1490              	.LFB72:
1154:c:/Users/User/Documents/GitHub/ch32h417/EVT/EXAM/SRC/Peripheral/src\ch32h417_rcc.c **** 
1155:c:/Users/User/Documents/GitHub/ch32h417/EVT/EXAM/SRC/Peripheral/src\ch32h417_rcc.c **** /*********************************************************************
1156:c:/Users/User/Documents/GitHub/ch32h417/EVT/EXAM/SRC/Peripheral/src\ch32h417_rcc.c ****  * @fn      RCC_USBSS_PLLCmd
1157:c:/Users/User/Documents/GitHub/ch32h417/EVT/EXAM/SRC/Peripheral/src\ch32h417_rcc.c ****  *
1158:c:/Users/User/Documents/GitHub/ch32h417/EVT/EXAM/SRC/Peripheral/src\ch32h417_rcc.c ****  * @brief   ENABLE or DISABLE USBSS PLL Clock.
1159:c:/Users/User/Documents/GitHub/ch32h417/EVT/EXAM/SRC/Peripheral/src\ch32h417_rcc.c ****  *
1160:c:/Users/User/Documents/GitHub/ch32h417/EVT/EXAM/SRC/Peripheral/src\ch32h417_rcc.c ****  * @param   NewState - ENABLE or DISABLE.
1161:c:/Users/User/Documents/GitHub/ch32h417/EVT/EXAM/SRC/Peripheral/src\ch32h417_rcc.c ****  *
1162:c:/Users/User/Documents/GitHub/ch32h417/EVT/EXAM/SRC/Peripheral/src\ch32h417_rcc.c ****  * @return  none
1163:c:/Users/User/Documents/GitHub/ch32h417/EVT/EXAM/SRC/Peripheral/src\ch32h417_rcc.c ****  */
1164:c:/Users/User/Documents/GitHub/ch32h417/EVT/EXAM/SRC/Peripheral/src\ch32h417_rcc.c **** void RCC_USBSS_PLLCmd(FunctionalState NewState)
1165:c:/Users/User/Documents/GitHub/ch32h417/EVT/EXAM/SRC/Peripheral/src\ch32h417_rcc.c **** {
 1491              		.loc 1 1165 1 is_stmt 1
 1492              		.cfi_startproc
 1493              	.LVL117:
1166:c:/Users/User/Documents/GitHub/ch32h417/EVT/EXAM/SRC/Peripheral/src\ch32h417_rcc.c ****     if(NewState)
 1494              		.loc 1 1166 5
1167:c:/Users/User/Documents/GitHub/ch32h417/EVT/EXAM/SRC/Peripheral/src\ch32h417_rcc.c ****     {
1168:c:/Users/User/Documents/GitHub/ch32h417/EVT/EXAM/SRC/Peripheral/src\ch32h417_rcc.c ****         RCC->CTLR |= RCC_USBSS_PLLON;
 1495              		.loc 1 1168 12 is_stmt 0
 1496 0000 37170240 		li	a4,1073876992
 1497 0004 1C43     		lw	a5,0(a4)
1166:c:/Users/User/Documents/GitHub/ch32h417/EVT/EXAM/SRC/Peripheral/src\ch32h417_rcc.c ****     if(NewState)
 1498              		.loc 1 1166 7
 1499 0006 09C5     		beq	a0,zero,.L112
 1500              		.loc 1 1168 9 is_stmt 1
 1501              		.loc 1 1168 19 is_stmt 0
 1502 0008 93976729 		bseti	a5,a5,22
 1503              	.L114:
1169:c:/Users/User/Documents/GitHub/ch32h417/EVT/EXAM/SRC/Peripheral/src\ch32h417_rcc.c ****     }
1170:c:/Users/User/Documents/GitHub/ch32h417/EVT/EXAM/SRC/Peripheral/src\ch32h417_rcc.c ****     else
1171:c:/Users/User/Documents/GitHub/ch32h417/EVT/EXAM/SRC/Peripheral/src\ch32h417_rcc.c ****     {
1172:c:/Users/User/Documents/GitHub/ch32h417/EVT/EXAM/SRC/Peripheral/src\ch32h417_rcc.c ****         RCC->CTLR &= ~RCC_USBSS_PLLON;
 1504              		.loc 1 1172 19
 1505 000c 1CC3     		sw	a5,0(a4)
1173:c:/Users/User/Documents/GitHub/ch32h417/EVT/EXAM/SRC/Peripheral/src\ch32h417_rcc.c ****     }
1174:c:/Users/User/Documents/GitHub/ch32h417/EVT/EXAM/SRC/Peripheral/src\ch32h417_rcc.c **** }
 1506              		.loc 1 1174 1
 1507 000e 8280     		ret
 1508              	.L112:
1172:c:/Users/User/Documents/GitHub/ch32h417/EVT/EXAM/SRC/Peripheral/src\ch32h417_rcc.c ****     }
 1509              		.loc 1 1172 9 is_stmt 1
1172:c:/Users/User/Documents/GitHub/ch32h417/EVT/EXAM/SRC/Peripheral/src\ch32h417_rcc.c ****     }
 1510              		.loc 1 1172 19 is_stmt 0
 1511 0010 93976749 		bclri	a5,a5,22
 1512 0014 E5BF     		j	.L114
 1513              		.cfi_endproc
 1514              	.LFE72:
 1516              		.section	.text.RCC_ETH_PLLCmd,"ax",@progbits
 1517              		.align	1
 1518              		.globl	RCC_ETH_PLLCmd
 1520              	RCC_ETH_PLLCmd:
 1521              	.LFB73:
1175:c:/Users/User/Documents/GitHub/ch32h417/EVT/EXAM/SRC/Peripheral/src\ch32h417_rcc.c **** 
1176:c:/Users/User/Documents/GitHub/ch32h417/EVT/EXAM/SRC/Peripheral/src\ch32h417_rcc.c **** /*********************************************************************
1177:c:/Users/User/Documents/GitHub/ch32h417/EVT/EXAM/SRC/Peripheral/src\ch32h417_rcc.c ****  * @fn      RCC_ETH_PLLCmd
1178:c:/Users/User/Documents/GitHub/ch32h417/EVT/EXAM/SRC/Peripheral/src\ch32h417_rcc.c ****  *
1179:c:/Users/User/Documents/GitHub/ch32h417/EVT/EXAM/SRC/Peripheral/src\ch32h417_rcc.c ****  * @brief   ENABLE or DISABLE ETH PLL Clock.
1180:c:/Users/User/Documents/GitHub/ch32h417/EVT/EXAM/SRC/Peripheral/src\ch32h417_rcc.c ****  *
1181:c:/Users/User/Documents/GitHub/ch32h417/EVT/EXAM/SRC/Peripheral/src\ch32h417_rcc.c ****  * @param   NewState - ENABLE or DISABLE.
1182:c:/Users/User/Documents/GitHub/ch32h417/EVT/EXAM/SRC/Peripheral/src\ch32h417_rcc.c ****  *
1183:c:/Users/User/Documents/GitHub/ch32h417/EVT/EXAM/SRC/Peripheral/src\ch32h417_rcc.c ****  * @return  none
1184:c:/Users/User/Documents/GitHub/ch32h417/EVT/EXAM/SRC/Peripheral/src\ch32h417_rcc.c ****  */
1185:c:/Users/User/Documents/GitHub/ch32h417/EVT/EXAM/SRC/Peripheral/src\ch32h417_rcc.c **** void RCC_ETH_PLLCmd(FunctionalState NewState)
1186:c:/Users/User/Documents/GitHub/ch32h417/EVT/EXAM/SRC/Peripheral/src\ch32h417_rcc.c **** {
 1522              		.loc 1 1186 1 is_stmt 1
 1523              		.cfi_startproc
 1524              	.LVL118:
1187:c:/Users/User/Documents/GitHub/ch32h417/EVT/EXAM/SRC/Peripheral/src\ch32h417_rcc.c ****     if(NewState)
 1525              		.loc 1 1187 5
1188:c:/Users/User/Documents/GitHub/ch32h417/EVT/EXAM/SRC/Peripheral/src\ch32h417_rcc.c ****     {
1189:c:/Users/User/Documents/GitHub/ch32h417/EVT/EXAM/SRC/Peripheral/src\ch32h417_rcc.c ****         RCC->CTLR |= RCC_ETH_PLLON;
 1526              		.loc 1 1189 12 is_stmt 0
 1527 0000 37170240 		li	a4,1073876992
 1528 0004 1C43     		lw	a5,0(a4)
1187:c:/Users/User/Documents/GitHub/ch32h417/EVT/EXAM/SRC/Peripheral/src\ch32h417_rcc.c ****     if(NewState)
 1529              		.loc 1 1187 7
 1530 0006 09C5     		beq	a0,zero,.L116
 1531              		.loc 1 1189 9 is_stmt 1
 1532              		.loc 1 1189 19 is_stmt 0
 1533 0008 9397A729 		bseti	a5,a5,26
 1534              	.L118:
1190:c:/Users/User/Documents/GitHub/ch32h417/EVT/EXAM/SRC/Peripheral/src\ch32h417_rcc.c ****     }
1191:c:/Users/User/Documents/GitHub/ch32h417/EVT/EXAM/SRC/Peripheral/src\ch32h417_rcc.c ****     else
1192:c:/Users/User/Documents/GitHub/ch32h417/EVT/EXAM/SRC/Peripheral/src\ch32h417_rcc.c ****     {
1193:c:/Users/User/Documents/GitHub/ch32h417/EVT/EXAM/SRC/Peripheral/src\ch32h417_rcc.c ****         RCC->CTLR &= ~RCC_ETH_PLLON;
 1535              		.loc 1 1193 19
 1536 000c 1CC3     		sw	a5,0(a4)
1194:c:/Users/User/Documents/GitHub/ch32h417/EVT/EXAM/SRC/Peripheral/src\ch32h417_rcc.c ****     }
1195:c:/Users/User/Documents/GitHub/ch32h417/EVT/EXAM/SRC/Peripheral/src\ch32h417_rcc.c **** }
 1537              		.loc 1 1195 1
 1538 000e 8280     		ret
 1539              	.L116:
1193:c:/Users/User/Documents/GitHub/ch32h417/EVT/EXAM/SRC/Peripheral/src\ch32h417_rcc.c ****     }
 1540              		.loc 1 1193 9 is_stmt 1
1193:c:/Users/User/Documents/GitHub/ch32h417/EVT/EXAM/SRC/Peripheral/src\ch32h417_rcc.c ****     }
 1541              		.loc 1 1193 19 is_stmt 0
 1542 0010 9397A749 		bclri	a5,a5,26
 1543 0014 E5BF     		j	.L118
 1544              		.cfi_endproc
 1545              	.LFE73:
 1547              		.section	.text.RCC_SERDES_PLLCmd,"ax",@progbits
 1548              		.align	1
 1549              		.globl	RCC_SERDES_PLLCmd
 1551              	RCC_SERDES_PLLCmd:
 1552              	.LFB74:
1196:c:/Users/User/Documents/GitHub/ch32h417/EVT/EXAM/SRC/Peripheral/src\ch32h417_rcc.c **** 
1197:c:/Users/User/Documents/GitHub/ch32h417/EVT/EXAM/SRC/Peripheral/src\ch32h417_rcc.c **** /*********************************************************************
1198:c:/Users/User/Documents/GitHub/ch32h417/EVT/EXAM/SRC/Peripheral/src\ch32h417_rcc.c ****  * @fn      RCC_SERDES_PLLCmd
1199:c:/Users/User/Documents/GitHub/ch32h417/EVT/EXAM/SRC/Peripheral/src\ch32h417_rcc.c ****  *
1200:c:/Users/User/Documents/GitHub/ch32h417/EVT/EXAM/SRC/Peripheral/src\ch32h417_rcc.c ****  * @brief   ENABLE or DISABLE SERDES PLL Clock.
1201:c:/Users/User/Documents/GitHub/ch32h417/EVT/EXAM/SRC/Peripheral/src\ch32h417_rcc.c ****  *
1202:c:/Users/User/Documents/GitHub/ch32h417/EVT/EXAM/SRC/Peripheral/src\ch32h417_rcc.c ****  * @param   NewState - ENABLE or DISABLE.
1203:c:/Users/User/Documents/GitHub/ch32h417/EVT/EXAM/SRC/Peripheral/src\ch32h417_rcc.c ****  *
1204:c:/Users/User/Documents/GitHub/ch32h417/EVT/EXAM/SRC/Peripheral/src\ch32h417_rcc.c ****  * @return  none
1205:c:/Users/User/Documents/GitHub/ch32h417/EVT/EXAM/SRC/Peripheral/src\ch32h417_rcc.c ****  */
1206:c:/Users/User/Documents/GitHub/ch32h417/EVT/EXAM/SRC/Peripheral/src\ch32h417_rcc.c **** void RCC_SERDES_PLLCmd(FunctionalState NewState)
1207:c:/Users/User/Documents/GitHub/ch32h417/EVT/EXAM/SRC/Peripheral/src\ch32h417_rcc.c **** {
 1553              		.loc 1 1207 1 is_stmt 1
 1554              		.cfi_startproc
 1555              	.LVL119:
1208:c:/Users/User/Documents/GitHub/ch32h417/EVT/EXAM/SRC/Peripheral/src\ch32h417_rcc.c ****     if(NewState)
 1556              		.loc 1 1208 5
1209:c:/Users/User/Documents/GitHub/ch32h417/EVT/EXAM/SRC/Peripheral/src\ch32h417_rcc.c ****     {
1210:c:/Users/User/Documents/GitHub/ch32h417/EVT/EXAM/SRC/Peripheral/src\ch32h417_rcc.c ****         RCC->CTLR |= RCC_SERDES_PLLON;
 1557              		.loc 1 1210 12 is_stmt 0
 1558 0000 37170240 		li	a4,1073876992
 1559 0004 1C43     		lw	a5,0(a4)
1208:c:/Users/User/Documents/GitHub/ch32h417/EVT/EXAM/SRC/Peripheral/src\ch32h417_rcc.c ****     if(NewState)
 1560              		.loc 1 1208 7
 1561 0006 09C5     		beq	a0,zero,.L120
 1562              		.loc 1 1210 9 is_stmt 1
 1563              		.loc 1 1210 19 is_stmt 0
 1564 0008 9397C729 		bseti	a5,a5,28
 1565              	.L122:
1211:c:/Users/User/Documents/GitHub/ch32h417/EVT/EXAM/SRC/Peripheral/src\ch32h417_rcc.c ****     }
1212:c:/Users/User/Documents/GitHub/ch32h417/EVT/EXAM/SRC/Peripheral/src\ch32h417_rcc.c ****     else
1213:c:/Users/User/Documents/GitHub/ch32h417/EVT/EXAM/SRC/Peripheral/src\ch32h417_rcc.c ****     {
1214:c:/Users/User/Documents/GitHub/ch32h417/EVT/EXAM/SRC/Peripheral/src\ch32h417_rcc.c ****         RCC->CTLR &= ~RCC_SERDES_PLLON;
 1566              		.loc 1 1214 19
 1567 000c 1CC3     		sw	a5,0(a4)
1215:c:/Users/User/Documents/GitHub/ch32h417/EVT/EXAM/SRC/Peripheral/src\ch32h417_rcc.c ****     }
1216:c:/Users/User/Documents/GitHub/ch32h417/EVT/EXAM/SRC/Peripheral/src\ch32h417_rcc.c **** }
 1568              		.loc 1 1216 1
 1569 000e 8280     		ret
 1570              	.L120:
1214:c:/Users/User/Documents/GitHub/ch32h417/EVT/EXAM/SRC/Peripheral/src\ch32h417_rcc.c ****     }
 1571              		.loc 1 1214 9 is_stmt 1
1214:c:/Users/User/Documents/GitHub/ch32h417/EVT/EXAM/SRC/Peripheral/src\ch32h417_rcc.c ****     }
 1572              		.loc 1 1214 19 is_stmt 0
 1573 0010 9397C749 		bclri	a5,a5,28
 1574 0014 E5BF     		j	.L122
 1575              		.cfi_endproc
 1576              	.LFE74:
 1578              		.section	.text.RCC_PIPECmd,"ax",@progbits
 1579              		.align	1
 1580              		.globl	RCC_PIPECmd
 1582              	RCC_PIPECmd:
 1583              	.LFB75:
1217:c:/Users/User/Documents/GitHub/ch32h417/EVT/EXAM/SRC/Peripheral/src\ch32h417_rcc.c **** 
1218:c:/Users/User/Documents/GitHub/ch32h417/EVT/EXAM/SRC/Peripheral/src\ch32h417_rcc.c **** /*********************************************************************
1219:c:/Users/User/Documents/GitHub/ch32h417/EVT/EXAM/SRC/Peripheral/src\ch32h417_rcc.c ****  * @fn      RCC_PIPEcmd
1220:c:/Users/User/Documents/GitHub/ch32h417/EVT/EXAM/SRC/Peripheral/src\ch32h417_rcc.c ****  *
1221:c:/Users/User/Documents/GitHub/ch32h417/EVT/EXAM/SRC/Peripheral/src\ch32h417_rcc.c ****  * @brief   ENABLE or DISABLE PIPE.
1222:c:/Users/User/Documents/GitHub/ch32h417/EVT/EXAM/SRC/Peripheral/src\ch32h417_rcc.c ****  *
1223:c:/Users/User/Documents/GitHub/ch32h417/EVT/EXAM/SRC/Peripheral/src\ch32h417_rcc.c ****  * @param   NewState - ENABLE or DISABLE.
1224:c:/Users/User/Documents/GitHub/ch32h417/EVT/EXAM/SRC/Peripheral/src\ch32h417_rcc.c ****  *
1225:c:/Users/User/Documents/GitHub/ch32h417/EVT/EXAM/SRC/Peripheral/src\ch32h417_rcc.c ****  * @return  none
1226:c:/Users/User/Documents/GitHub/ch32h417/EVT/EXAM/SRC/Peripheral/src\ch32h417_rcc.c ****  */
1227:c:/Users/User/Documents/GitHub/ch32h417/EVT/EXAM/SRC/Peripheral/src\ch32h417_rcc.c **** void RCC_PIPECmd(FunctionalState NewState)
1228:c:/Users/User/Documents/GitHub/ch32h417/EVT/EXAM/SRC/Peripheral/src\ch32h417_rcc.c **** {
 1584              		.loc 1 1228 1 is_stmt 1
 1585              		.cfi_startproc
 1586              	.LVL120:
1229:c:/Users/User/Documents/GitHub/ch32h417/EVT/EXAM/SRC/Peripheral/src\ch32h417_rcc.c ****     if(NewState)
 1587              		.loc 1 1229 5
1230:c:/Users/User/Documents/GitHub/ch32h417/EVT/EXAM/SRC/Peripheral/src\ch32h417_rcc.c ****     {
1231:c:/Users/User/Documents/GitHub/ch32h417/EVT/EXAM/SRC/Peripheral/src\ch32h417_rcc.c ****         RCC->CFGR0 |= RCC_PIPEON;
 1588              		.loc 1 1231 12 is_stmt 0
 1589 0000 37170240 		li	a4,1073876992
 1590 0004 5C43     		lw	a5,4(a4)
1229:c:/Users/User/Documents/GitHub/ch32h417/EVT/EXAM/SRC/Peripheral/src\ch32h417_rcc.c ****     if(NewState)
 1591              		.loc 1 1229 7
 1592 0006 09C5     		beq	a0,zero,.L124
 1593              		.loc 1 1231 9 is_stmt 1
 1594              		.loc 1 1231 20 is_stmt 0
 1595 0008 93976729 		bseti	a5,a5,22
 1596              	.L126:
1232:c:/Users/User/Documents/GitHub/ch32h417/EVT/EXAM/SRC/Peripheral/src\ch32h417_rcc.c ****     }
1233:c:/Users/User/Documents/GitHub/ch32h417/EVT/EXAM/SRC/Peripheral/src\ch32h417_rcc.c ****     else
1234:c:/Users/User/Documents/GitHub/ch32h417/EVT/EXAM/SRC/Peripheral/src\ch32h417_rcc.c ****     {
1235:c:/Users/User/Documents/GitHub/ch32h417/EVT/EXAM/SRC/Peripheral/src\ch32h417_rcc.c ****         RCC->CFGR0 &= ~RCC_PIPEON;
 1597              		.loc 1 1235 20
 1598 000c 5CC3     		sw	a5,4(a4)
1236:c:/Users/User/Documents/GitHub/ch32h417/EVT/EXAM/SRC/Peripheral/src\ch32h417_rcc.c ****     }
1237:c:/Users/User/Documents/GitHub/ch32h417/EVT/EXAM/SRC/Peripheral/src\ch32h417_rcc.c **** }
 1599              		.loc 1 1237 1
 1600 000e 8280     		ret
 1601              	.L124:
1235:c:/Users/User/Documents/GitHub/ch32h417/EVT/EXAM/SRC/Peripheral/src\ch32h417_rcc.c ****     }
 1602              		.loc 1 1235 9 is_stmt 1
1235:c:/Users/User/Documents/GitHub/ch32h417/EVT/EXAM/SRC/Peripheral/src\ch32h417_rcc.c ****     }
 1603              		.loc 1 1235 20 is_stmt 0
 1604 0010 93976749 		bclri	a5,a5,22
 1605 0014 E5BF     		j	.L126
 1606              		.cfi_endproc
 1607              	.LFE75:
 1609              		.section	.text.RCC_UTMIcmd,"ax",@progbits
 1610              		.align	1
 1611              		.globl	RCC_UTMIcmd
 1613              	RCC_UTMIcmd:
 1614              	.LFB76:
1238:c:/Users/User/Documents/GitHub/ch32h417/EVT/EXAM/SRC/Peripheral/src\ch32h417_rcc.c **** 
1239:c:/Users/User/Documents/GitHub/ch32h417/EVT/EXAM/SRC/Peripheral/src\ch32h417_rcc.c **** /*********************************************************************
1240:c:/Users/User/Documents/GitHub/ch32h417/EVT/EXAM/SRC/Peripheral/src\ch32h417_rcc.c ****  * @fn      RCC_UTMIcmd
1241:c:/Users/User/Documents/GitHub/ch32h417/EVT/EXAM/SRC/Peripheral/src\ch32h417_rcc.c ****  *
1242:c:/Users/User/Documents/GitHub/ch32h417/EVT/EXAM/SRC/Peripheral/src\ch32h417_rcc.c ****  * @brief   ENABLE or DISABLE UTMI.
1243:c:/Users/User/Documents/GitHub/ch32h417/EVT/EXAM/SRC/Peripheral/src\ch32h417_rcc.c ****  *
1244:c:/Users/User/Documents/GitHub/ch32h417/EVT/EXAM/SRC/Peripheral/src\ch32h417_rcc.c ****  * @param   NewState - ENABLE or DISABLE.
1245:c:/Users/User/Documents/GitHub/ch32h417/EVT/EXAM/SRC/Peripheral/src\ch32h417_rcc.c ****  *
1246:c:/Users/User/Documents/GitHub/ch32h417/EVT/EXAM/SRC/Peripheral/src\ch32h417_rcc.c ****  * @return  none
1247:c:/Users/User/Documents/GitHub/ch32h417/EVT/EXAM/SRC/Peripheral/src\ch32h417_rcc.c ****  */
1248:c:/Users/User/Documents/GitHub/ch32h417/EVT/EXAM/SRC/Peripheral/src\ch32h417_rcc.c **** void RCC_UTMIcmd(FunctionalState NewState)
1249:c:/Users/User/Documents/GitHub/ch32h417/EVT/EXAM/SRC/Peripheral/src\ch32h417_rcc.c **** {
 1615              		.loc 1 1249 1 is_stmt 1
 1616              		.cfi_startproc
 1617              	.LVL121:
1250:c:/Users/User/Documents/GitHub/ch32h417/EVT/EXAM/SRC/Peripheral/src\ch32h417_rcc.c ****     if(NewState)
 1618              		.loc 1 1250 5
1251:c:/Users/User/Documents/GitHub/ch32h417/EVT/EXAM/SRC/Peripheral/src\ch32h417_rcc.c ****     {
1252:c:/Users/User/Documents/GitHub/ch32h417/EVT/EXAM/SRC/Peripheral/src\ch32h417_rcc.c ****         RCC->CFGR0 |= RCC_UTMION;
 1619              		.loc 1 1252 12 is_stmt 0
 1620 0000 37170240 		li	a4,1073876992
 1621 0004 5C43     		lw	a5,4(a4)
1250:c:/Users/User/Documents/GitHub/ch32h417/EVT/EXAM/SRC/Peripheral/src\ch32h417_rcc.c ****     if(NewState)
 1622              		.loc 1 1250 7
 1623 0006 09C5     		beq	a0,zero,.L128
 1624              		.loc 1 1252 9 is_stmt 1
 1625              		.loc 1 1252 20 is_stmt 0
 1626 0008 93977729 		bseti	a5,a5,23
 1627              	.L130:
1253:c:/Users/User/Documents/GitHub/ch32h417/EVT/EXAM/SRC/Peripheral/src\ch32h417_rcc.c ****     }
1254:c:/Users/User/Documents/GitHub/ch32h417/EVT/EXAM/SRC/Peripheral/src\ch32h417_rcc.c ****     else
1255:c:/Users/User/Documents/GitHub/ch32h417/EVT/EXAM/SRC/Peripheral/src\ch32h417_rcc.c ****     {
1256:c:/Users/User/Documents/GitHub/ch32h417/EVT/EXAM/SRC/Peripheral/src\ch32h417_rcc.c ****         RCC->CFGR0 &= ~RCC_UTMION;
 1628              		.loc 1 1256 20
 1629 000c 5CC3     		sw	a5,4(a4)
1257:c:/Users/User/Documents/GitHub/ch32h417/EVT/EXAM/SRC/Peripheral/src\ch32h417_rcc.c ****     }
1258:c:/Users/User/Documents/GitHub/ch32h417/EVT/EXAM/SRC/Peripheral/src\ch32h417_rcc.c **** }
 1630              		.loc 1 1258 1
 1631 000e 8280     		ret
 1632              	.L128:
1256:c:/Users/User/Documents/GitHub/ch32h417/EVT/EXAM/SRC/Peripheral/src\ch32h417_rcc.c ****     }
 1633              		.loc 1 1256 9 is_stmt 1
1256:c:/Users/User/Documents/GitHub/ch32h417/EVT/EXAM/SRC/Peripheral/src\ch32h417_rcc.c ****     }
 1634              		.loc 1 1256 20 is_stmt 0
 1635 0010 93977749 		bclri	a5,a5,23
 1636 0014 E5BF     		j	.L130
 1637              		.cfi_endproc
 1638              	.LFE76:
 1640              		.section	.text.RCC_RGMIIcmd,"ax",@progbits
 1641              		.align	1
 1642              		.globl	RCC_RGMIIcmd
 1644              	RCC_RGMIIcmd:
 1645              	.LFB77:
1259:c:/Users/User/Documents/GitHub/ch32h417/EVT/EXAM/SRC/Peripheral/src\ch32h417_rcc.c **** 
1260:c:/Users/User/Documents/GitHub/ch32h417/EVT/EXAM/SRC/Peripheral/src\ch32h417_rcc.c **** /*********************************************************************
1261:c:/Users/User/Documents/GitHub/ch32h417/EVT/EXAM/SRC/Peripheral/src\ch32h417_rcc.c ****  * @fn      RCC_RGMIIcmd
1262:c:/Users/User/Documents/GitHub/ch32h417/EVT/EXAM/SRC/Peripheral/src\ch32h417_rcc.c ****  *
1263:c:/Users/User/Documents/GitHub/ch32h417/EVT/EXAM/SRC/Peripheral/src\ch32h417_rcc.c ****  * @brief   ENABLE or DISABLE RGMII.
1264:c:/Users/User/Documents/GitHub/ch32h417/EVT/EXAM/SRC/Peripheral/src\ch32h417_rcc.c ****  *
1265:c:/Users/User/Documents/GitHub/ch32h417/EVT/EXAM/SRC/Peripheral/src\ch32h417_rcc.c ****  * @param   NewState - ENABLE or DISABLE.
1266:c:/Users/User/Documents/GitHub/ch32h417/EVT/EXAM/SRC/Peripheral/src\ch32h417_rcc.c ****  *
1267:c:/Users/User/Documents/GitHub/ch32h417/EVT/EXAM/SRC/Peripheral/src\ch32h417_rcc.c ****  * @return  none
1268:c:/Users/User/Documents/GitHub/ch32h417/EVT/EXAM/SRC/Peripheral/src\ch32h417_rcc.c ****  */
1269:c:/Users/User/Documents/GitHub/ch32h417/EVT/EXAM/SRC/Peripheral/src\ch32h417_rcc.c **** void RCC_RGMIIcmd(FunctionalState NewState)
1270:c:/Users/User/Documents/GitHub/ch32h417/EVT/EXAM/SRC/Peripheral/src\ch32h417_rcc.c **** {
 1646              		.loc 1 1270 1 is_stmt 1
 1647              		.cfi_startproc
 1648              	.LVL122:
1271:c:/Users/User/Documents/GitHub/ch32h417/EVT/EXAM/SRC/Peripheral/src\ch32h417_rcc.c ****     if(NewState)
 1649              		.loc 1 1271 5
1272:c:/Users/User/Documents/GitHub/ch32h417/EVT/EXAM/SRC/Peripheral/src\ch32h417_rcc.c ****     {
1273:c:/Users/User/Documents/GitHub/ch32h417/EVT/EXAM/SRC/Peripheral/src\ch32h417_rcc.c ****         RCC->CFGR0 |= RCC_RGMIION;
 1650              		.loc 1 1273 12 is_stmt 0
 1651 0000 37170240 		li	a4,1073876992
 1652 0004 5C43     		lw	a5,4(a4)
1271:c:/Users/User/Documents/GitHub/ch32h417/EVT/EXAM/SRC/Peripheral/src\ch32h417_rcc.c ****     if(NewState)
 1653              		.loc 1 1271 7
 1654 0006 09C5     		beq	a0,zero,.L132
 1655              		.loc 1 1273 9 is_stmt 1
 1656              		.loc 1 1273 20 is_stmt 0
 1657 0008 93975729 		bseti	a5,a5,21
 1658              	.L134:
1274:c:/Users/User/Documents/GitHub/ch32h417/EVT/EXAM/SRC/Peripheral/src\ch32h417_rcc.c ****     }
1275:c:/Users/User/Documents/GitHub/ch32h417/EVT/EXAM/SRC/Peripheral/src\ch32h417_rcc.c ****     else
1276:c:/Users/User/Documents/GitHub/ch32h417/EVT/EXAM/SRC/Peripheral/src\ch32h417_rcc.c ****     {
1277:c:/Users/User/Documents/GitHub/ch32h417/EVT/EXAM/SRC/Peripheral/src\ch32h417_rcc.c ****         RCC->CFGR0 &= ~RCC_RGMIION;
 1659              		.loc 1 1277 20
 1660 000c 5CC3     		sw	a5,4(a4)
1278:c:/Users/User/Documents/GitHub/ch32h417/EVT/EXAM/SRC/Peripheral/src\ch32h417_rcc.c ****     }
1279:c:/Users/User/Documents/GitHub/ch32h417/EVT/EXAM/SRC/Peripheral/src\ch32h417_rcc.c **** }
 1661              		.loc 1 1279 1
 1662 000e 8280     		ret
 1663              	.L132:
1277:c:/Users/User/Documents/GitHub/ch32h417/EVT/EXAM/SRC/Peripheral/src\ch32h417_rcc.c ****     }
 1664              		.loc 1 1277 9 is_stmt 1
1277:c:/Users/User/Documents/GitHub/ch32h417/EVT/EXAM/SRC/Peripheral/src\ch32h417_rcc.c ****     }
 1665              		.loc 1 1277 20 is_stmt 0
 1666 0010 93975749 		bclri	a5,a5,21
 1667 0014 E5BF     		j	.L134
 1668              		.cfi_endproc
 1669              	.LFE77:
 1671              		.section	.text.RCC_ETH125MCLKConfig,"ax",@progbits
 1672              		.align	1
 1673              		.globl	RCC_ETH125MCLKConfig
 1675              	RCC_ETH125MCLKConfig:
 1676              	.LFB78:
1280:c:/Users/User/Documents/GitHub/ch32h417/EVT/EXAM/SRC/Peripheral/src\ch32h417_rcc.c **** 
1281:c:/Users/User/Documents/GitHub/ch32h417/EVT/EXAM/SRC/Peripheral/src\ch32h417_rcc.c **** /*********************************************************************
1282:c:/Users/User/Documents/GitHub/ch32h417/EVT/EXAM/SRC/Peripheral/src\ch32h417_rcc.c ****  * @fn      RCC_ETH125MCLKConfig
1283:c:/Users/User/Documents/GitHub/ch32h417/EVT/EXAM/SRC/Peripheral/src\ch32h417_rcc.c ****  *
1284:c:/Users/User/Documents/GitHub/ch32h417/EVT/EXAM/SRC/Peripheral/src\ch32h417_rcc.c ****  * @brief   Configures the ETH125M clock source.
1285:c:/Users/User/Documents/GitHub/ch32h417/EVT/EXAM/SRC/Peripheral/src\ch32h417_rcc.c ****  *
1286:c:/Users/User/Documents/GitHub/ch32h417/EVT/EXAM/SRC/Peripheral/src\ch32h417_rcc.c ****  * @param   RCC_ETH125MMSource - !000M ETH's 125M clock source. 
1287:c:/Users/User/Documents/GitHub/ch32h417/EVT/EXAM/SRC/Peripheral/src\ch32h417_rcc.c ****  *            RCC_ETH125MSource_PLLCLK - PLLCLK clock selected as ETH clock 125MHz  clock entry
1288:c:/Users/User/Documents/GitHub/ch32h417/EVT/EXAM/SRC/Peripheral/src\ch32h417_rcc.c ****  *            RCC_ETH125MSource_USBSS - USBSS_PLL clock selected as ETH clock 125MHz  clock entry
1289:c:/Users/User/Documents/GitHub/ch32h417/EVT/EXAM/SRC/Peripheral/src\ch32h417_rcc.c ****  *            RCC_ETH125MSource_ETH_Div4 - ETH_PLL_Div4 clock selected as ETH clock 125MHz  clock e
1290:c:/Users/User/Documents/GitHub/ch32h417/EVT/EXAM/SRC/Peripheral/src\ch32h417_rcc.c ****  *            RCC_ETH125MSource_SERDES_Div8 - SERDES_PLL_Div8 clock selected as ETH clock 125MHz  c
1291:c:/Users/User/Documents/GitHub/ch32h417/EVT/EXAM/SRC/Peripheral/src\ch32h417_rcc.c ****  *
1292:c:/Users/User/Documents/GitHub/ch32h417/EVT/EXAM/SRC/Peripheral/src\ch32h417_rcc.c ****  * @return  none
1293:c:/Users/User/Documents/GitHub/ch32h417/EVT/EXAM/SRC/Peripheral/src\ch32h417_rcc.c ****  */
1294:c:/Users/User/Documents/GitHub/ch32h417/EVT/EXAM/SRC/Peripheral/src\ch32h417_rcc.c **** void RCC_ETH125MCLKConfig(uint32_t RCC_ETH125MMSource)
1295:c:/Users/User/Documents/GitHub/ch32h417/EVT/EXAM/SRC/Peripheral/src\ch32h417_rcc.c **** {
 1677              		.loc 1 1295 1 is_stmt 1
 1678              		.cfi_startproc
 1679              	.LVL123:
1296:c:/Users/User/Documents/GitHub/ch32h417/EVT/EXAM/SRC/Peripheral/src\ch32h417_rcc.c ****     RCC->CFGR2 &= ~RCC_ETH1GSRC;
 1680              		.loc 1 1296 5
 1681              		.loc 1 1296 8 is_stmt 0
 1682 0000 37170240 		li	a4,1073876992
 1683 0004 1C5B     		lw	a5,48(a4)
1297:c:/Users/User/Documents/GitHub/ch32h417/EVT/EXAM/SRC/Peripheral/src\ch32h417_rcc.c ****     RCC->CFGR2 |= (RCC_ETH125MMSource << 30);
 1684              		.loc 1 1297 39
 1685 0006 7A05     		slli	a0,a0,30
 1686              	.LVL124:
1296:c:/Users/User/Documents/GitHub/ch32h417/EVT/EXAM/SRC/Peripheral/src\ch32h417_rcc.c ****     RCC->CFGR2 &= ~RCC_ETH1GSRC;
 1687              		.loc 1 1296 16
 1688 0008 8A07     		slli	a5,a5,2
 1689 000a 8983     		srli	a5,a5,2
 1690 000c 1CDB     		sw	a5,48(a4)
 1691              		.loc 1 1297 5 is_stmt 1
 1692              		.loc 1 1297 8 is_stmt 0
 1693 000e 1C5B     		lw	a5,48(a4)
 1694              		.loc 1 1297 16
 1695 0010 5D8D     		or	a0,a0,a5
 1696 0012 08DB     		sw	a0,48(a4)
1298:c:/Users/User/Documents/GitHub/ch32h417/EVT/EXAM/SRC/Peripheral/src\ch32h417_rcc.c **** }
 1697              		.loc 1 1298 1
 1698 0014 8280     		ret
 1699              		.cfi_endproc
 1700              	.LFE78:
 1702              		.section	.text.RCC_HSADCCLKConfig,"ax",@progbits
 1703              		.align	1
 1704              		.globl	RCC_HSADCCLKConfig
 1706              	RCC_HSADCCLKConfig:
 1707              	.LFB79:
1299:c:/Users/User/Documents/GitHub/ch32h417/EVT/EXAM/SRC/Peripheral/src\ch32h417_rcc.c **** 
1300:c:/Users/User/Documents/GitHub/ch32h417/EVT/EXAM/SRC/Peripheral/src\ch32h417_rcc.c **** /*********************************************************************
1301:c:/Users/User/Documents/GitHub/ch32h417/EVT/EXAM/SRC/Peripheral/src\ch32h417_rcc.c ****  * @fn      RCC_HSADCCLKConfig
1302:c:/Users/User/Documents/GitHub/ch32h417/EVT/EXAM/SRC/Peripheral/src\ch32h417_rcc.c ****  *
1303:c:/Users/User/Documents/GitHub/ch32h417/EVT/EXAM/SRC/Peripheral/src\ch32h417_rcc.c ****  * @brief   Configures the HSADC Clock source.
1304:c:/Users/User/Documents/GitHub/ch32h417/EVT/EXAM/SRC/Peripheral/src\ch32h417_rcc.c ****  *
1305:c:/Users/User/Documents/GitHub/ch32h417/EVT/EXAM/SRC/Peripheral/src\ch32h417_rcc.c ****  * @param   RCC_HSADCSource - specifies the HSADC source.
1306:c:/Users/User/Documents/GitHub/ch32h417/EVT/EXAM/SRC/Peripheral/src\ch32h417_rcc.c ****  *            RCC_HSADCSource_PLLCLK - PLLCLK clock selected as HSADC clock entry
1307:c:/Users/User/Documents/GitHub/ch32h417/EVT/EXAM/SRC/Peripheral/src\ch32h417_rcc.c ****  *            RCC_HSADCSource_SYSCLK - SYSCLK clock selected as HSADC clock entry
1308:c:/Users/User/Documents/GitHub/ch32h417/EVT/EXAM/SRC/Peripheral/src\ch32h417_rcc.c ****  *            RCC_HSADCSource_USBHS - USBHS clock selected as HSADC clock entry
1309:c:/Users/User/Documents/GitHub/ch32h417/EVT/EXAM/SRC/Peripheral/src\ch32h417_rcc.c ****  *            RCC_HSADCSource_ETH - TTH clock selected as HSADC clock entry
1310:c:/Users/User/Documents/GitHub/ch32h417/EVT/EXAM/SRC/Peripheral/src\ch32h417_rcc.c ****  *
1311:c:/Users/User/Documents/GitHub/ch32h417/EVT/EXAM/SRC/Peripheral/src\ch32h417_rcc.c ****  * @return  none
1312:c:/Users/User/Documents/GitHub/ch32h417/EVT/EXAM/SRC/Peripheral/src\ch32h417_rcc.c ****  */
1313:c:/Users/User/Documents/GitHub/ch32h417/EVT/EXAM/SRC/Peripheral/src\ch32h417_rcc.c **** void RCC_HSADCCLKConfig(uint32_t RCC_HSADCSource)
1314:c:/Users/User/Documents/GitHub/ch32h417/EVT/EXAM/SRC/Peripheral/src\ch32h417_rcc.c **** {
 1708              		.loc 1 1314 1 is_stmt 1
 1709              		.cfi_startproc
 1710              	.LVL125:
1315:c:/Users/User/Documents/GitHub/ch32h417/EVT/EXAM/SRC/Peripheral/src\ch32h417_rcc.c ****     RCC->CFGR2 &= ~RCC_HSADCSRC;
 1711              		.loc 1 1315 5
 1712              		.loc 1 1315 8 is_stmt 0
 1713 0000 B7170240 		li	a5,1073876992
 1714 0004 985B     		lw	a4,48(a5)
 1715              		.loc 1 1315 16
 1716 0006 B70600D0 		li	a3,-805306368
 1717 000a FD16     		addi	a3,a3,-1
 1718 000c 758F     		and	a4,a4,a3
 1719 000e 98DB     		sw	a4,48(a5)
1316:c:/Users/User/Documents/GitHub/ch32h417/EVT/EXAM/SRC/Peripheral/src\ch32h417_rcc.c ****     RCC->CFGR2 |= (RCC_HSADCSource << 28);
 1720              		.loc 1 1316 5 is_stmt 1
 1721              		.loc 1 1316 8 is_stmt 0
 1722 0010 985B     		lw	a4,48(a5)
 1723              		.loc 1 1316 36
 1724 0012 7205     		slli	a0,a0,28
 1725              	.LVL126:
 1726              		.loc 1 1316 16
 1727 0014 598D     		or	a0,a0,a4
 1728 0016 88DB     		sw	a0,48(a5)
1317:c:/Users/User/Documents/GitHub/ch32h417/EVT/EXAM/SRC/Peripheral/src\ch32h417_rcc.c **** }
 1729              		.loc 1 1317 1
 1730 0018 8280     		ret
 1731              		.cfi_endproc
 1732              	.LFE79:
 1734              		.section	.text.RCC_I2S3CLKConfig,"ax",@progbits
 1735              		.align	1
 1736              		.globl	RCC_I2S3CLKConfig
 1738              	RCC_I2S3CLKConfig:
 1739              	.LFB80:
1318:c:/Users/User/Documents/GitHub/ch32h417/EVT/EXAM/SRC/Peripheral/src\ch32h417_rcc.c **** 
1319:c:/Users/User/Documents/GitHub/ch32h417/EVT/EXAM/SRC/Peripheral/src\ch32h417_rcc.c **** /*********************************************************************
1320:c:/Users/User/Documents/GitHub/ch32h417/EVT/EXAM/SRC/Peripheral/src\ch32h417_rcc.c ****  * @fn      RCC_I2S3CLKConfig
1321:c:/Users/User/Documents/GitHub/ch32h417/EVT/EXAM/SRC/Peripheral/src\ch32h417_rcc.c ****  *
1322:c:/Users/User/Documents/GitHub/ch32h417/EVT/EXAM/SRC/Peripheral/src\ch32h417_rcc.c ****  * @brief   Configures the I2S3 clock source(I2S23CLK).
1323:c:/Users/User/Documents/GitHub/ch32h417/EVT/EXAM/SRC/Peripheral/src\ch32h417_rcc.c ****  *
1324:c:/Users/User/Documents/GitHub/ch32h417/EVT/EXAM/SRC/Peripheral/src\ch32h417_rcc.c ****  * @param   RCC_I2S3CLKSource - specifies the I2S3 clock source.
1325:c:/Users/User/Documents/GitHub/ch32h417/EVT/EXAM/SRC/Peripheral/src\ch32h417_rcc.c ****  *            RCC_I2S3CLKSource_SYSCLK - system clock selected as I2S3 clock entry
1326:c:/Users/User/Documents/GitHub/ch32h417/EVT/EXAM/SRC/Peripheral/src\ch32h417_rcc.c ****  *            RCC_I2S3CLKSource_PLLCLK - PLL clock selected as I2S3 clock entry
1327:c:/Users/User/Documents/GitHub/ch32h417/EVT/EXAM/SRC/Peripheral/src\ch32h417_rcc.c ****  *          
1328:c:/Users/User/Documents/GitHub/ch32h417/EVT/EXAM/SRC/Peripheral/src\ch32h417_rcc.c ****  * @return  none
1329:c:/Users/User/Documents/GitHub/ch32h417/EVT/EXAM/SRC/Peripheral/src\ch32h417_rcc.c ****  */
1330:c:/Users/User/Documents/GitHub/ch32h417/EVT/EXAM/SRC/Peripheral/src\ch32h417_rcc.c **** void RCC_I2S3CLKConfig(uint32_t RCC_I2S3CLKSource)
1331:c:/Users/User/Documents/GitHub/ch32h417/EVT/EXAM/SRC/Peripheral/src\ch32h417_rcc.c **** {
 1740              		.loc 1 1331 1 is_stmt 1
 1741              		.cfi_startproc
 1742              	.LVL127:
1332:c:/Users/User/Documents/GitHub/ch32h417/EVT/EXAM/SRC/Peripheral/src\ch32h417_rcc.c ****     RCC->CFGR2 &= ~RCC_I2S3SRC;
 1743              		.loc 1 1332 5
 1744              		.loc 1 1332 8 is_stmt 0
 1745 0000 B7170240 		li	a5,1073876992
 1746 0004 985B     		lw	a4,48(a5)
1333:c:/Users/User/Documents/GitHub/ch32h417/EVT/EXAM/SRC/Peripheral/src\ch32h417_rcc.c ****     RCC->CFGR2 |= (RCC_I2S3CLKSource << 25);
 1747              		.loc 1 1333 38
 1748 0006 6605     		slli	a0,a0,25
 1749              	.LVL128:
1332:c:/Users/User/Documents/GitHub/ch32h417/EVT/EXAM/SRC/Peripheral/src\ch32h417_rcc.c ****     RCC->CFGR2 &= ~RCC_I2S3SRC;
 1750              		.loc 1 1332 16
 1751 0008 13179749 		bclri	a4,a4,25
 1752 000c 98DB     		sw	a4,48(a5)
 1753              		.loc 1 1333 5 is_stmt 1
 1754              		.loc 1 1333 8 is_stmt 0
 1755 000e 985B     		lw	a4,48(a5)
 1756              		.loc 1 1333 16
 1757 0010 598D     		or	a0,a0,a4
 1758 0012 88DB     		sw	a0,48(a5)
1334:c:/Users/User/Documents/GitHub/ch32h417/EVT/EXAM/SRC/Peripheral/src\ch32h417_rcc.c **** }
 1759              		.loc 1 1334 1
 1760 0014 8280     		ret
 1761              		.cfi_endproc
 1762              	.LFE80:
 1764              		.section	.text.RCC_I2S2CLKConfig,"ax",@progbits
 1765              		.align	1
 1766              		.globl	RCC_I2S2CLKConfig
 1768              	RCC_I2S2CLKConfig:
 1769              	.LFB81:
1335:c:/Users/User/Documents/GitHub/ch32h417/EVT/EXAM/SRC/Peripheral/src\ch32h417_rcc.c **** 
1336:c:/Users/User/Documents/GitHub/ch32h417/EVT/EXAM/SRC/Peripheral/src\ch32h417_rcc.c **** /*********************************************************************
1337:c:/Users/User/Documents/GitHub/ch32h417/EVT/EXAM/SRC/Peripheral/src\ch32h417_rcc.c ****  * @fn      RCC_I2S2CLKConfig
1338:c:/Users/User/Documents/GitHub/ch32h417/EVT/EXAM/SRC/Peripheral/src\ch32h417_rcc.c ****  *
1339:c:/Users/User/Documents/GitHub/ch32h417/EVT/EXAM/SRC/Peripheral/src\ch32h417_rcc.c ****  * @brief   Configures the I2S2 clock source(I2S2CLK).
1340:c:/Users/User/Documents/GitHub/ch32h417/EVT/EXAM/SRC/Peripheral/src\ch32h417_rcc.c ****  *
1341:c:/Users/User/Documents/GitHub/ch32h417/EVT/EXAM/SRC/Peripheral/src\ch32h417_rcc.c ****  * @param   RCC_I2S2CLKSource - specifies the I2S2 clock source.
1342:c:/Users/User/Documents/GitHub/ch32h417/EVT/EXAM/SRC/Peripheral/src\ch32h417_rcc.c ****  *            RCC_I2S2CLKSource_SYSCLK - system clock selected as I2S2 clock entry
1343:c:/Users/User/Documents/GitHub/ch32h417/EVT/EXAM/SRC/Peripheral/src\ch32h417_rcc.c ****  *            RCC_I2S2CLKSource_PLLCLK - PLLclock selected as I2S2 clock entry
1344:c:/Users/User/Documents/GitHub/ch32h417/EVT/EXAM/SRC/Peripheral/src\ch32h417_rcc.c ****  *          
1345:c:/Users/User/Documents/GitHub/ch32h417/EVT/EXAM/SRC/Peripheral/src\ch32h417_rcc.c ****  * @return  none
1346:c:/Users/User/Documents/GitHub/ch32h417/EVT/EXAM/SRC/Peripheral/src\ch32h417_rcc.c ****  */
1347:c:/Users/User/Documents/GitHub/ch32h417/EVT/EXAM/SRC/Peripheral/src\ch32h417_rcc.c **** void RCC_I2S2CLKConfig(uint32_t RCC_I2S2CLKSource)
1348:c:/Users/User/Documents/GitHub/ch32h417/EVT/EXAM/SRC/Peripheral/src\ch32h417_rcc.c **** {
 1770              		.loc 1 1348 1 is_stmt 1
 1771              		.cfi_startproc
 1772              	.LVL129:
1349:c:/Users/User/Documents/GitHub/ch32h417/EVT/EXAM/SRC/Peripheral/src\ch32h417_rcc.c ****     RCC->CFGR2 &= ~RCC_I2S2SRC;
 1773              		.loc 1 1349 5
 1774              		.loc 1 1349 8 is_stmt 0
 1775 0000 B7170240 		li	a5,1073876992
 1776 0004 985B     		lw	a4,48(a5)
1350:c:/Users/User/Documents/GitHub/ch32h417/EVT/EXAM/SRC/Peripheral/src\ch32h417_rcc.c ****     RCC->CFGR2 |= (RCC_I2S2CLKSource << 24);
 1777              		.loc 1 1350 38
 1778 0006 6205     		slli	a0,a0,24
 1779              	.LVL130:
1349:c:/Users/User/Documents/GitHub/ch32h417/EVT/EXAM/SRC/Peripheral/src\ch32h417_rcc.c ****     RCC->CFGR2 &= ~RCC_I2S2SRC;
 1780              		.loc 1 1349 16
 1781 0008 13178749 		bclri	a4,a4,24
 1782 000c 98DB     		sw	a4,48(a5)
 1783              		.loc 1 1350 5 is_stmt 1
 1784              		.loc 1 1350 8 is_stmt 0
 1785 000e 985B     		lw	a4,48(a5)
 1786              		.loc 1 1350 16
 1787 0010 598D     		or	a0,a0,a4
 1788 0012 88DB     		sw	a0,48(a5)
1351:c:/Users/User/Documents/GitHub/ch32h417/EVT/EXAM/SRC/Peripheral/src\ch32h417_rcc.c **** }
 1789              		.loc 1 1351 1
 1790 0014 8280     		ret
 1791              		.cfi_endproc
 1792              	.LFE81:
 1794              		.section	.text.RCC_RNGCLKConfig,"ax",@progbits
 1795              		.align	1
 1796              		.globl	RCC_RNGCLKConfig
 1798              	RCC_RNGCLKConfig:
 1799              	.LFB82:
1352:c:/Users/User/Documents/GitHub/ch32h417/EVT/EXAM/SRC/Peripheral/src\ch32h417_rcc.c **** 
1353:c:/Users/User/Documents/GitHub/ch32h417/EVT/EXAM/SRC/Peripheral/src\ch32h417_rcc.c **** /*********************************************************************
1354:c:/Users/User/Documents/GitHub/ch32h417/EVT/EXAM/SRC/Peripheral/src\ch32h417_rcc.c ****  * @fn      RCC_RNGCLKConfig
1355:c:/Users/User/Documents/GitHub/ch32h417/EVT/EXAM/SRC/Peripheral/src\ch32h417_rcc.c ****  *
1356:c:/Users/User/Documents/GitHub/ch32h417/EVT/EXAM/SRC/Peripheral/src\ch32h417_rcc.c ****  * @brief   Configures the RNG clock source.
1357:c:/Users/User/Documents/GitHub/ch32h417/EVT/EXAM/SRC/Peripheral/src\ch32h417_rcc.c ****  *
1358:c:/Users/User/Documents/GitHub/ch32h417/EVT/EXAM/SRC/Peripheral/src\ch32h417_rcc.c ****  * @param   RCC_RNGCLKSource - specifies the RNG clock source.
1359:c:/Users/User/Documents/GitHub/ch32h417/EVT/EXAM/SRC/Peripheral/src\ch32h417_rcc.c ****  *            RCC_RNGCLKSource_SYSCLK - system clock selected as RNG clock entry
1360:c:/Users/User/Documents/GitHub/ch32h417/EVT/EXAM/SRC/Peripheral/src\ch32h417_rcc.c ****  *            RCC_RNGCLKSource_PLLCLK - PLL clock selected as RNG clock entry
1361:c:/Users/User/Documents/GitHub/ch32h417/EVT/EXAM/SRC/Peripheral/src\ch32h417_rcc.c ****  *
1362:c:/Users/User/Documents/GitHub/ch32h417/EVT/EXAM/SRC/Peripheral/src\ch32h417_rcc.c ****  * @return  none
1363:c:/Users/User/Documents/GitHub/ch32h417/EVT/EXAM/SRC/Peripheral/src\ch32h417_rcc.c ****  */
1364:c:/Users/User/Documents/GitHub/ch32h417/EVT/EXAM/SRC/Peripheral/src\ch32h417_rcc.c **** void RCC_RNGCLKConfig(uint32_t RCC_RNGCLKSource)
1365:c:/Users/User/Documents/GitHub/ch32h417/EVT/EXAM/SRC/Peripheral/src\ch32h417_rcc.c **** {
 1800              		.loc 1 1365 1 is_stmt 1
 1801              		.cfi_startproc
 1802              	.LVL131:
1366:c:/Users/User/Documents/GitHub/ch32h417/EVT/EXAM/SRC/Peripheral/src\ch32h417_rcc.c ****     RCC->CFGR2 &= ~RCC_RNGSRC;
 1803              		.loc 1 1366 5
 1804              		.loc 1 1366 8 is_stmt 0
 1805 0000 B7170240 		li	a5,1073876992
 1806 0004 985B     		lw	a4,48(a5)
1367:c:/Users/User/Documents/GitHub/ch32h417/EVT/EXAM/SRC/Peripheral/src\ch32h417_rcc.c ****     RCC->CFGR2 |= (RCC_RNGCLKSource << 23);
 1807              		.loc 1 1367 37
 1808 0006 5E05     		slli	a0,a0,23
 1809              	.LVL132:
1366:c:/Users/User/Documents/GitHub/ch32h417/EVT/EXAM/SRC/Peripheral/src\ch32h417_rcc.c ****     RCC->CFGR2 &= ~RCC_RNGSRC;
 1810              		.loc 1 1366 16
 1811 0008 13177749 		bclri	a4,a4,23
 1812 000c 98DB     		sw	a4,48(a5)
 1813              		.loc 1 1367 5 is_stmt 1
 1814              		.loc 1 1367 8 is_stmt 0
 1815 000e 985B     		lw	a4,48(a5)
 1816              		.loc 1 1367 16
 1817 0010 598D     		or	a0,a0,a4
 1818 0012 88DB     		sw	a0,48(a5)
1368:c:/Users/User/Documents/GitHub/ch32h417/EVT/EXAM/SRC/Peripheral/src\ch32h417_rcc.c **** }
 1819              		.loc 1 1368 1
 1820 0014 8280     		ret
 1821              		.cfi_endproc
 1822              	.LFE82:
 1824              		.section	.text.RCC_USBFSCLKConfig,"ax",@progbits
 1825              		.align	1
 1826              		.globl	RCC_USBFSCLKConfig
 1828              	RCC_USBFSCLKConfig:
 1829              	.LFB83:
1369:c:/Users/User/Documents/GitHub/ch32h417/EVT/EXAM/SRC/Peripheral/src\ch32h417_rcc.c **** 
1370:c:/Users/User/Documents/GitHub/ch32h417/EVT/EXAM/SRC/Peripheral/src\ch32h417_rcc.c **** /*********************************************************************
1371:c:/Users/User/Documents/GitHub/ch32h417/EVT/EXAM/SRC/Peripheral/src\ch32h417_rcc.c ****  * @fn      RCC_USBFSCLKConfig
1372:c:/Users/User/Documents/GitHub/ch32h417/EVT/EXAM/SRC/Peripheral/src\ch32h417_rcc.c ****  *
1373:c:/Users/User/Documents/GitHub/ch32h417/EVT/EXAM/SRC/Peripheral/src\ch32h417_rcc.c ****  * @brief   Configures the USBFS clock source.
1374:c:/Users/User/Documents/GitHub/ch32h417/EVT/EXAM/SRC/Peripheral/src\ch32h417_rcc.c ****  *
1375:c:/Users/User/Documents/GitHub/ch32h417/EVT/EXAM/SRC/Peripheral/src\ch32h417_rcc.c ****  * @param   RCC_USBFSCLKSource - specifies the RNG clock source.
1376:c:/Users/User/Documents/GitHub/ch32h417/EVT/EXAM/SRC/Peripheral/src\ch32h417_rcc.c ****  *            RCC_USBFSCLKSource_USBHSPLL - USBHS PLL clock selected as USBFS_48M clock entry
1377:c:/Users/User/Documents/GitHub/ch32h417/EVT/EXAM/SRC/Peripheral/src\ch32h417_rcc.c ****  *            RCC_USBFSCLKSource_PLL - PLL clock selected as USBFS_48M clock entry
1378:c:/Users/User/Documents/GitHub/ch32h417/EVT/EXAM/SRC/Peripheral/src\ch32h417_rcc.c ****  *
1379:c:/Users/User/Documents/GitHub/ch32h417/EVT/EXAM/SRC/Peripheral/src\ch32h417_rcc.c ****  * @return  none
1380:c:/Users/User/Documents/GitHub/ch32h417/EVT/EXAM/SRC/Peripheral/src\ch32h417_rcc.c ****  */
1381:c:/Users/User/Documents/GitHub/ch32h417/EVT/EXAM/SRC/Peripheral/src\ch32h417_rcc.c **** void RCC_USBFSCLKConfig(uint32_t RCC_USBFSCLKSource)
1382:c:/Users/User/Documents/GitHub/ch32h417/EVT/EXAM/SRC/Peripheral/src\ch32h417_rcc.c **** {
 1830              		.loc 1 1382 1 is_stmt 1
 1831              		.cfi_startproc
 1832              	.LVL133:
1383:c:/Users/User/Documents/GitHub/ch32h417/EVT/EXAM/SRC/Peripheral/src\ch32h417_rcc.c ****     RCC->CFGR2 &= ~RCC_USBFSSRC;
 1833              		.loc 1 1383 5
 1834              		.loc 1 1383 8 is_stmt 0
 1835 0000 B7170240 		li	a5,1073876992
 1836 0004 985B     		lw	a4,48(a5)
1384:c:/Users/User/Documents/GitHub/ch32h417/EVT/EXAM/SRC/Peripheral/src\ch32h417_rcc.c ****     RCC->CFGR2 |= (RCC_USBFSCLKSource << 20);
 1837              		.loc 1 1384 39
 1838 0006 5205     		slli	a0,a0,20
 1839              	.LVL134:
1383:c:/Users/User/Documents/GitHub/ch32h417/EVT/EXAM/SRC/Peripheral/src\ch32h417_rcc.c ****     RCC->CFGR2 &= ~RCC_USBFSSRC;
 1840              		.loc 1 1383 16
 1841 0008 13174749 		bclri	a4,a4,20
 1842 000c 98DB     		sw	a4,48(a5)
 1843              		.loc 1 1384 5 is_stmt 1
 1844              		.loc 1 1384 8 is_stmt 0
 1845 000e 985B     		lw	a4,48(a5)
 1846              		.loc 1 1384 16
 1847 0010 598D     		or	a0,a0,a4
 1848 0012 88DB     		sw	a0,48(a5)
1385:c:/Users/User/Documents/GitHub/ch32h417/EVT/EXAM/SRC/Peripheral/src\ch32h417_rcc.c **** }
 1849              		.loc 1 1385 1
 1850 0014 8280     		ret
 1851              		.cfi_endproc
 1852              	.LFE83:
 1854              		.section	.text.RCC_USBFS48ClockSourceDivConfig,"ax",@progbits
 1855              		.align	1
 1856              		.globl	RCC_USBFS48ClockSourceDivConfig
 1858              	RCC_USBFS48ClockSourceDivConfig:
 1859              	.LFB84:
1386:c:/Users/User/Documents/GitHub/ch32h417/EVT/EXAM/SRC/Peripheral/src\ch32h417_rcc.c **** 
1387:c:/Users/User/Documents/GitHub/ch32h417/EVT/EXAM/SRC/Peripheral/src\ch32h417_rcc.c **** /*********************************************************************
1388:c:/Users/User/Documents/GitHub/ch32h417/EVT/EXAM/SRC/Peripheral/src\ch32h417_rcc.c ****  * @fn      RCC_USBFS48ClockSourceDivConfig
1389:c:/Users/User/Documents/GitHub/ch32h417/EVT/EXAM/SRC/Peripheral/src\ch32h417_rcc.c ****  *
1390:c:/Users/User/Documents/GitHub/ch32h417/EVT/EXAM/SRC/Peripheral/src\ch32h417_rcc.c ****  * @brief   Configures the USBFS clock Source Division.
1391:c:/Users/User/Documents/GitHub/ch32h417/EVT/EXAM/SRC/Peripheral/src\ch32h417_rcc.c ****  *
1392:c:/Users/User/Documents/GitHub/ch32h417/EVT/EXAM/SRC/Peripheral/src\ch32h417_rcc.c ****  * @param   RCC_USBFS_DIV - USBFS clock Source Division.
1393:c:/Users/User/Documents/GitHub/ch32h417/EVT/EXAM/SRC/Peripheral/src\ch32h417_rcc.c ****  *            RCC_USBFS_Divx - x can select(1,2,3,4,5,6,8,10,1.5,2.5,3.5,4.5,
1394:c:/Users/User/Documents/GitHub/ch32h417/EVT/EXAM/SRC/Peripheral/src\ch32h417_rcc.c ****  *               5.5,6.5,7.5,9.5)
1395:c:/Users/User/Documents/GitHub/ch32h417/EVT/EXAM/SRC/Peripheral/src\ch32h417_rcc.c ****  *
1396:c:/Users/User/Documents/GitHub/ch32h417/EVT/EXAM/SRC/Peripheral/src\ch32h417_rcc.c ****  * @return  none
1397:c:/Users/User/Documents/GitHub/ch32h417/EVT/EXAM/SRC/Peripheral/src\ch32h417_rcc.c ****  */
1398:c:/Users/User/Documents/GitHub/ch32h417/EVT/EXAM/SRC/Peripheral/src\ch32h417_rcc.c **** void RCC_USBFS48ClockSourceDivConfig(uint32_t RCC_USBFS_DIV)
1399:c:/Users/User/Documents/GitHub/ch32h417/EVT/EXAM/SRC/Peripheral/src\ch32h417_rcc.c **** {
 1860              		.loc 1 1399 1 is_stmt 1
 1861              		.cfi_startproc
 1862              	.LVL135:
1400:c:/Users/User/Documents/GitHub/ch32h417/EVT/EXAM/SRC/Peripheral/src\ch32h417_rcc.c ****     RCC->CFGR2 &= ~RCC_USBFSDIV;
 1863              		.loc 1 1400 5
 1864              		.loc 1 1400 8 is_stmt 0
 1865 0000 B7170240 		li	a5,1073876992
 1866 0004 985B     		lw	a4,48(a5)
 1867              		.loc 1 1400 16
 1868 0006 B706F1FF 		li	a3,-983040
 1869 000a FD16     		addi	a3,a3,-1
 1870 000c 758F     		and	a4,a4,a3
 1871 000e 98DB     		sw	a4,48(a5)
1401:c:/Users/User/Documents/GitHub/ch32h417/EVT/EXAM/SRC/Peripheral/src\ch32h417_rcc.c ****     RCC->CFGR2 |= (RCC_USBFS_DIV << 16);
 1872              		.loc 1 1401 5 is_stmt 1
 1873              		.loc 1 1401 8 is_stmt 0
 1874 0010 985B     		lw	a4,48(a5)
 1875              		.loc 1 1401 34
 1876 0012 4205     		slli	a0,a0,16
 1877              	.LVL136:
 1878              		.loc 1 1401 16
 1879 0014 598D     		or	a0,a0,a4
 1880 0016 88DB     		sw	a0,48(a5)
1402:c:/Users/User/Documents/GitHub/ch32h417/EVT/EXAM/SRC/Peripheral/src\ch32h417_rcc.c **** }
 1881              		.loc 1 1402 1
 1882 0018 8280     		ret
 1883              		.cfi_endproc
 1884              	.LFE84:
 1886              		.section	.text.RCC_LTDCCLKConfig,"ax",@progbits
 1887              		.align	1
 1888              		.globl	RCC_LTDCCLKConfig
 1890              	RCC_LTDCCLKConfig:
 1891              	.LFB85:
1403:c:/Users/User/Documents/GitHub/ch32h417/EVT/EXAM/SRC/Peripheral/src\ch32h417_rcc.c **** 
1404:c:/Users/User/Documents/GitHub/ch32h417/EVT/EXAM/SRC/Peripheral/src\ch32h417_rcc.c **** /*********************************************************************
1405:c:/Users/User/Documents/GitHub/ch32h417/EVT/EXAM/SRC/Peripheral/src\ch32h417_rcc.c ****  * @fn      RCC_LTDCCLKConfig
1406:c:/Users/User/Documents/GitHub/ch32h417/EVT/EXAM/SRC/Peripheral/src\ch32h417_rcc.c ****  *
1407:c:/Users/User/Documents/GitHub/ch32h417/EVT/EXAM/SRC/Peripheral/src\ch32h417_rcc.c ****  * @brief   Configures the LTDC clock source.
1408:c:/Users/User/Documents/GitHub/ch32h417/EVT/EXAM/SRC/Peripheral/src\ch32h417_rcc.c ****  *
1409:c:/Users/User/Documents/GitHub/ch32h417/EVT/EXAM/SRC/Peripheral/src\ch32h417_rcc.c ****  * @param   RCC_LTDCClockSource - the LTDC clock source.
1410:c:/Users/User/Documents/GitHub/ch32h417/EVT/EXAM/SRC/Peripheral/src\ch32h417_rcc.c ****  *            RCC_LTDCClockSource_PLL - HCLK clock selected as LTDC clock entry
1411:c:/Users/User/Documents/GitHub/ch32h417/EVT/EXAM/SRC/Peripheral/src\ch32h417_rcc.c ****  *            RCC_LTDCClockSource_SERDESPLL - SERDES PLL clock selected as LTDC clock entry
1412:c:/Users/User/Documents/GitHub/ch32h417/EVT/EXAM/SRC/Peripheral/src\ch32h417_rcc.c ****  *            RCC_LTDCClockSource_ETHPLL - ETH PLL clock selected as LTDC clock entry
1413:c:/Users/User/Documents/GitHub/ch32h417/EVT/EXAM/SRC/Peripheral/src\ch32h417_rcc.c ****  *            RCC_LTDCClockSource_USBHSPLL - USBHS PLL clock selected as LTDC clock entry
1414:c:/Users/User/Documents/GitHub/ch32h417/EVT/EXAM/SRC/Peripheral/src\ch32h417_rcc.c ****  *
1415:c:/Users/User/Documents/GitHub/ch32h417/EVT/EXAM/SRC/Peripheral/src\ch32h417_rcc.c ****  * @return  none
1416:c:/Users/User/Documents/GitHub/ch32h417/EVT/EXAM/SRC/Peripheral/src\ch32h417_rcc.c ****  */
1417:c:/Users/User/Documents/GitHub/ch32h417/EVT/EXAM/SRC/Peripheral/src\ch32h417_rcc.c **** void RCC_LTDCCLKConfig(uint32_t RCC_LTDCClockSource)
1418:c:/Users/User/Documents/GitHub/ch32h417/EVT/EXAM/SRC/Peripheral/src\ch32h417_rcc.c **** {
 1892              		.loc 1 1418 1 is_stmt 1
 1893              		.cfi_startproc
 1894              	.LVL137:
1419:c:/Users/User/Documents/GitHub/ch32h417/EVT/EXAM/SRC/Peripheral/src\ch32h417_rcc.c ****     RCC->CFGR2 &= ~RCC_LTDCSRC;
 1895              		.loc 1 1419 5
 1896              		.loc 1 1419 8 is_stmt 0
 1897 0000 B7170240 		li	a5,1073876992
 1898 0004 985B     		lw	a4,48(a5)
 1899              		.loc 1 1419 16
 1900 0006 D176     		li	a3,-49152
 1901 0008 FD16     		addi	a3,a3,-1
 1902 000a 758F     		and	a4,a4,a3
 1903 000c 98DB     		sw	a4,48(a5)
1420:c:/Users/User/Documents/GitHub/ch32h417/EVT/EXAM/SRC/Peripheral/src\ch32h417_rcc.c ****     RCC->CFGR2 |= (RCC_LTDCClockSource << 14);
 1904              		.loc 1 1420 5 is_stmt 1
 1905              		.loc 1 1420 8 is_stmt 0
 1906 000e 985B     		lw	a4,48(a5)
 1907              		.loc 1 1420 40
 1908 0010 3A05     		slli	a0,a0,14
 1909              	.LVL138:
 1910              		.loc 1 1420 16
 1911 0012 598D     		or	a0,a0,a4
 1912 0014 88DB     		sw	a0,48(a5)
1421:c:/Users/User/Documents/GitHub/ch32h417/EVT/EXAM/SRC/Peripheral/src\ch32h417_rcc.c **** }
 1913              		.loc 1 1421 1
 1914 0016 8280     		ret
 1915              		.cfi_endproc
 1916              	.LFE85:
 1918              		.section	.text.RCC_LTDCClockSourceDivConfig,"ax",@progbits
 1919              		.align	1
 1920              		.globl	RCC_LTDCClockSourceDivConfig
 1922              	RCC_LTDCClockSourceDivConfig:
 1923              	.LFB86:
1422:c:/Users/User/Documents/GitHub/ch32h417/EVT/EXAM/SRC/Peripheral/src\ch32h417_rcc.c **** 
1423:c:/Users/User/Documents/GitHub/ch32h417/EVT/EXAM/SRC/Peripheral/src\ch32h417_rcc.c **** /*********************************************************************
1424:c:/Users/User/Documents/GitHub/ch32h417/EVT/EXAM/SRC/Peripheral/src\ch32h417_rcc.c ****  * @fn      RCC_LTDCClockSourceDivConfig
1425:c:/Users/User/Documents/GitHub/ch32h417/EVT/EXAM/SRC/Peripheral/src\ch32h417_rcc.c ****  *
1426:c:/Users/User/Documents/GitHub/ch32h417/EVT/EXAM/SRC/Peripheral/src\ch32h417_rcc.c ****  * @brief   Configures the LTDC clock Source Division.
1427:c:/Users/User/Documents/GitHub/ch32h417/EVT/EXAM/SRC/Peripheral/src\ch32h417_rcc.c ****  *
1428:c:/Users/User/Documents/GitHub/ch32h417/EVT/EXAM/SRC/Peripheral/src\ch32h417_rcc.c ****  * @param   RCC_LTDCClockSource_Div - the LTDC clock Source Division
1429:c:/Users/User/Documents/GitHub/ch32h417/EVT/EXAM/SRC/Peripheral/src\ch32h417_rcc.c ****  *            RCC_LTDCClockSource_Divx - x can select(1~64)
1430:c:/Users/User/Documents/GitHub/ch32h417/EVT/EXAM/SRC/Peripheral/src\ch32h417_rcc.c ****  *
1431:c:/Users/User/Documents/GitHub/ch32h417/EVT/EXAM/SRC/Peripheral/src\ch32h417_rcc.c ****  * @return  none
1432:c:/Users/User/Documents/GitHub/ch32h417/EVT/EXAM/SRC/Peripheral/src\ch32h417_rcc.c ****  */
1433:c:/Users/User/Documents/GitHub/ch32h417/EVT/EXAM/SRC/Peripheral/src\ch32h417_rcc.c **** void RCC_LTDCClockSourceDivConfig(uint32_t RCC_LTDCClockSource_Div)
1434:c:/Users/User/Documents/GitHub/ch32h417/EVT/EXAM/SRC/Peripheral/src\ch32h417_rcc.c **** {
 1924              		.loc 1 1434 1 is_stmt 1
 1925              		.cfi_startproc
 1926              	.LVL139:
1435:c:/Users/User/Documents/GitHub/ch32h417/EVT/EXAM/SRC/Peripheral/src\ch32h417_rcc.c ****     RCC->CFGR2 &= ~RCC_LTDCDIV;
 1927              		.loc 1 1435 5
 1928              		.loc 1 1435 8 is_stmt 0
 1929 0000 B7170240 		li	a5,1073876992
 1930 0004 985B     		lw	a4,48(a5)
 1931              		.loc 1 1435 16
 1932 0006 F176     		li	a3,-16384
 1933 0008 9386F60F 		addi	a3,a3,255
 1934 000c 758F     		and	a4,a4,a3
 1935 000e 98DB     		sw	a4,48(a5)
1436:c:/Users/User/Documents/GitHub/ch32h417/EVT/EXAM/SRC/Peripheral/src\ch32h417_rcc.c ****     RCC->CFGR2 |= RCC_LTDCClockSource_Div << 8;
 1936              		.loc 1 1436 5 is_stmt 1
 1937              		.loc 1 1436 8 is_stmt 0
 1938 0010 985B     		lw	a4,48(a5)
 1939              		.loc 1 1436 43
 1940 0012 2205     		slli	a0,a0,8
 1941              	.LVL140:
 1942              		.loc 1 1436 16
 1943 0014 598D     		or	a0,a0,a4
 1944 0016 88DB     		sw	a0,48(a5)
1437:c:/Users/User/Documents/GitHub/ch32h417/EVT/EXAM/SRC/Peripheral/src\ch32h417_rcc.c **** }
 1945              		.loc 1 1437 1
 1946 0018 8280     		ret
 1947              		.cfi_endproc
 1948              	.LFE86:
 1950              		.section	.text.RCC_UHSIFCLKConfig,"ax",@progbits
 1951              		.align	1
 1952              		.globl	RCC_UHSIFCLKConfig
 1954              	RCC_UHSIFCLKConfig:
 1955              	.LFB87:
1438:c:/Users/User/Documents/GitHub/ch32h417/EVT/EXAM/SRC/Peripheral/src\ch32h417_rcc.c **** 
1439:c:/Users/User/Documents/GitHub/ch32h417/EVT/EXAM/SRC/Peripheral/src\ch32h417_rcc.c **** /*********************************************************************
1440:c:/Users/User/Documents/GitHub/ch32h417/EVT/EXAM/SRC/Peripheral/src\ch32h417_rcc.c ****  * @fn      RCC_UHSIFCLKConfig
1441:c:/Users/User/Documents/GitHub/ch32h417/EVT/EXAM/SRC/Peripheral/src\ch32h417_rcc.c ****  *
1442:c:/Users/User/Documents/GitHub/ch32h417/EVT/EXAM/SRC/Peripheral/src\ch32h417_rcc.c ****  * @brief   Configures the UHSIF clock source.
1443:c:/Users/User/Documents/GitHub/ch32h417/EVT/EXAM/SRC/Peripheral/src\ch32h417_rcc.c ****  *
1444:c:/Users/User/Documents/GitHub/ch32h417/EVT/EXAM/SRC/Peripheral/src\ch32h417_rcc.c ****  * @param   RCC_UHSIFClockSource - the UHSIF clock source.
1445:c:/Users/User/Documents/GitHub/ch32h417/EVT/EXAM/SRC/Peripheral/src\ch32h417_rcc.c ****  *            RCC_UHSIFClockSource_SYSCLK - system clock as the UHSIF clock source 
1446:c:/Users/User/Documents/GitHub/ch32h417/EVT/EXAM/SRC/Peripheral/src\ch32h417_rcc.c ****  *            RCC_UHSIFClockSource_PLL - PLL as the UHSIF clock source
1447:c:/Users/User/Documents/GitHub/ch32h417/EVT/EXAM/SRC/Peripheral/src\ch32h417_rcc.c ****  *            RCC_UHSIFClockSource_USBHSPLL - USBHS PLL as  the UHSIF clock source
1448:c:/Users/User/Documents/GitHub/ch32h417/EVT/EXAM/SRC/Peripheral/src\ch32h417_rcc.c ****  *            RCC_UHSIFClockSource_ETHPLL - ETH PLL as  the UHSIF clock source
1449:c:/Users/User/Documents/GitHub/ch32h417/EVT/EXAM/SRC/Peripheral/src\ch32h417_rcc.c ****  *
1450:c:/Users/User/Documents/GitHub/ch32h417/EVT/EXAM/SRC/Peripheral/src\ch32h417_rcc.c ****  * @return  none
1451:c:/Users/User/Documents/GitHub/ch32h417/EVT/EXAM/SRC/Peripheral/src\ch32h417_rcc.c ****  */
1452:c:/Users/User/Documents/GitHub/ch32h417/EVT/EXAM/SRC/Peripheral/src\ch32h417_rcc.c **** void RCC_UHSIFCLKConfig(uint32_t RCC_UHSIFClockSource)
1453:c:/Users/User/Documents/GitHub/ch32h417/EVT/EXAM/SRC/Peripheral/src\ch32h417_rcc.c **** {
 1956              		.loc 1 1453 1 is_stmt 1
 1957              		.cfi_startproc
 1958              	.LVL141:
1454:c:/Users/User/Documents/GitHub/ch32h417/EVT/EXAM/SRC/Peripheral/src\ch32h417_rcc.c ****     RCC->CFGR2 &= ~RCC_UHSIFSRC;
 1959              		.loc 1 1454 5
 1960              		.loc 1 1454 8 is_stmt 0
 1961 0000 B7170240 		li	a5,1073876992
 1962 0004 985B     		lw	a4,48(a5)
1455:c:/Users/User/Documents/GitHub/ch32h417/EVT/EXAM/SRC/Peripheral/src\ch32h417_rcc.c ****     RCC->CFGR2 |= (RCC_UHSIFClockSource << 6);
 1963              		.loc 1 1455 41
 1964 0006 1A05     		slli	a0,a0,6
 1965              	.LVL142:
1454:c:/Users/User/Documents/GitHub/ch32h417/EVT/EXAM/SRC/Peripheral/src\ch32h417_rcc.c ****     RCC->CFGR2 &= ~RCC_UHSIFSRC;
 1966              		.loc 1 1454 16
 1967 0008 1377F7F3 		andi	a4,a4,-193
 1968 000c 98DB     		sw	a4,48(a5)
 1969              		.loc 1 1455 5 is_stmt 1
 1970              		.loc 1 1455 8 is_stmt 0
 1971 000e 985B     		lw	a4,48(a5)
 1972              		.loc 1 1455 16
 1973 0010 598D     		or	a0,a0,a4
 1974 0012 88DB     		sw	a0,48(a5)
1456:c:/Users/User/Documents/GitHub/ch32h417/EVT/EXAM/SRC/Peripheral/src\ch32h417_rcc.c **** }
 1975              		.loc 1 1456 1
 1976 0014 8280     		ret
 1977              		.cfi_endproc
 1978              	.LFE87:
 1980              		.section	.text.RCC_UHSIFClockSourceDivConfig,"ax",@progbits
 1981              		.align	1
 1982              		.globl	RCC_UHSIFClockSourceDivConfig
 1984              	RCC_UHSIFClockSourceDivConfig:
 1985              	.LFB88:
1457:c:/Users/User/Documents/GitHub/ch32h417/EVT/EXAM/SRC/Peripheral/src\ch32h417_rcc.c **** 
1458:c:/Users/User/Documents/GitHub/ch32h417/EVT/EXAM/SRC/Peripheral/src\ch32h417_rcc.c **** /*********************************************************************
1459:c:/Users/User/Documents/GitHub/ch32h417/EVT/EXAM/SRC/Peripheral/src\ch32h417_rcc.c ****  * @fn      RCC_UHSIFClockSourceDivConfig
1460:c:/Users/User/Documents/GitHub/ch32h417/EVT/EXAM/SRC/Peripheral/src\ch32h417_rcc.c ****  *
1461:c:/Users/User/Documents/GitHub/ch32h417/EVT/EXAM/SRC/Peripheral/src\ch32h417_rcc.c ****  * @brief   Configures the UHSIF clock Source Division.
1462:c:/Users/User/Documents/GitHub/ch32h417/EVT/EXAM/SRC/Peripheral/src\ch32h417_rcc.c ****  *
1463:c:/Users/User/Documents/GitHub/ch32h417/EVT/EXAM/SRC/Peripheral/src\ch32h417_rcc.c ****  * @param   RCC_UHSIFClockSource_Div - the UHSIF clock Source Division.
1464:c:/Users/User/Documents/GitHub/ch32h417/EVT/EXAM/SRC/Peripheral/src\ch32h417_rcc.c ****  *            RCC_UHSIFClockSource_Divx - x can select(1~64)
1465:c:/Users/User/Documents/GitHub/ch32h417/EVT/EXAM/SRC/Peripheral/src\ch32h417_rcc.c ****  *
1466:c:/Users/User/Documents/GitHub/ch32h417/EVT/EXAM/SRC/Peripheral/src\ch32h417_rcc.c ****  * @return  none
1467:c:/Users/User/Documents/GitHub/ch32h417/EVT/EXAM/SRC/Peripheral/src\ch32h417_rcc.c ****  */
1468:c:/Users/User/Documents/GitHub/ch32h417/EVT/EXAM/SRC/Peripheral/src\ch32h417_rcc.c **** void RCC_UHSIFClockSourceDivConfig(uint32_t RCC_UHSIFClockSource_Div)
1469:c:/Users/User/Documents/GitHub/ch32h417/EVT/EXAM/SRC/Peripheral/src\ch32h417_rcc.c **** {
 1986              		.loc 1 1469 1 is_stmt 1
 1987              		.cfi_startproc
 1988              	.LVL143:
1470:c:/Users/User/Documents/GitHub/ch32h417/EVT/EXAM/SRC/Peripheral/src\ch32h417_rcc.c ****     RCC->CFGR2 &= ~RCC_UHSIFDIV ;
 1989              		.loc 1 1470 5
 1990              		.loc 1 1470 8 is_stmt 0
 1991 0000 B7170240 		li	a5,1073876992
 1992 0004 985B     		lw	a4,48(a5)
 1993              		.loc 1 1470 16
 1994 0006 137707FC 		andi	a4,a4,-64
 1995 000a 98DB     		sw	a4,48(a5)
1471:c:/Users/User/Documents/GitHub/ch32h417/EVT/EXAM/SRC/Peripheral/src\ch32h417_rcc.c ****     RCC->CFGR2 |= RCC_UHSIFClockSource_Div;
 1996              		.loc 1 1471 5 is_stmt 1
 1997              		.loc 1 1471 8 is_stmt 0
 1998 000c 985B     		lw	a4,48(a5)
 1999              		.loc 1 1471 16
 2000 000e 498F     		or	a4,a4,a0
 2001 0010 98DB     		sw	a4,48(a5)
1472:c:/Users/User/Documents/GitHub/ch32h417/EVT/EXAM/SRC/Peripheral/src\ch32h417_rcc.c **** }
 2002              		.loc 1 1472 1
 2003 0012 8280     		ret
 2004              		.cfi_endproc
 2005              	.LFE88:
 2007              		.section	.text.RCC_USBHSPLLCLKConfig,"ax",@progbits
 2008              		.align	1
 2009              		.globl	RCC_USBHSPLLCLKConfig
 2011              	RCC_USBHSPLLCLKConfig:
 2012              	.LFB89:
1473:c:/Users/User/Documents/GitHub/ch32h417/EVT/EXAM/SRC/Peripheral/src\ch32h417_rcc.c **** 
1474:c:/Users/User/Documents/GitHub/ch32h417/EVT/EXAM/SRC/Peripheral/src\ch32h417_rcc.c **** /*********************************************************************
1475:c:/Users/User/Documents/GitHub/ch32h417/EVT/EXAM/SRC/Peripheral/src\ch32h417_rcc.c ****  * @fn      RCC_USBHSPLLCLKConfig
1476:c:/Users/User/Documents/GitHub/ch32h417/EVT/EXAM/SRC/Peripheral/src\ch32h417_rcc.c ****  *
1477:c:/Users/User/Documents/GitHub/ch32h417/EVT/EXAM/SRC/Peripheral/src\ch32h417_rcc.c ****  * @brief   Configures the USBHS PLL clock source.
1478:c:/Users/User/Documents/GitHub/ch32h417/EVT/EXAM/SRC/Peripheral/src\ch32h417_rcc.c ****  *
1479:c:/Users/User/Documents/GitHub/ch32h417/EVT/EXAM/SRC/Peripheral/src\ch32h417_rcc.c ****  * @param   RCC_USBHSPLLSource - the USBHS clock source.
1480:c:/Users/User/Documents/GitHub/ch32h417/EVT/EXAM/SRC/Peripheral/src\ch32h417_rcc.c ****  *            RCC_USBHSPLLSource_HSE - HSE clock selected as USBHS PLL clock entry
1481:c:/Users/User/Documents/GitHub/ch32h417/EVT/EXAM/SRC/Peripheral/src\ch32h417_rcc.c ****  *            RCC_USBHSPLLSource_HSI - HSI clock selected as USBHS PLL clock entry
1482:c:/Users/User/Documents/GitHub/ch32h417/EVT/EXAM/SRC/Peripheral/src\ch32h417_rcc.c ****  *            RCC_USBHSPLLSource_20METH  - ETH 20M clock selected as USBHS PLL clock entry
1483:c:/Users/User/Documents/GitHub/ch32h417/EVT/EXAM/SRC/Peripheral/src\ch32h417_rcc.c ****  *            RCC_USBHSPLLSource_PLL_CLK_DIV - PLL_CLK division clock selected as USBHS PLL clock e
1484:c:/Users/User/Documents/GitHub/ch32h417/EVT/EXAM/SRC/Peripheral/src\ch32h417_rcc.c ****  *
1485:c:/Users/User/Documents/GitHub/ch32h417/EVT/EXAM/SRC/Peripheral/src\ch32h417_rcc.c ****  * @return  none
1486:c:/Users/User/Documents/GitHub/ch32h417/EVT/EXAM/SRC/Peripheral/src\ch32h417_rcc.c ****  */
1487:c:/Users/User/Documents/GitHub/ch32h417/EVT/EXAM/SRC/Peripheral/src\ch32h417_rcc.c **** void RCC_USBHSPLLCLKConfig(uint32_t RCC_USBHSPLLSource)
1488:c:/Users/User/Documents/GitHub/ch32h417/EVT/EXAM/SRC/Peripheral/src\ch32h417_rcc.c **** {
 2013              		.loc 1 1488 1 is_stmt 1
 2014              		.cfi_startproc
 2015              	.LVL144:
1489:c:/Users/User/Documents/GitHub/ch32h417/EVT/EXAM/SRC/Peripheral/src\ch32h417_rcc.c ****     RCC->PLLCFGR2 &= ~RCC_USBHSPLLSRC;
 2016              		.loc 1 1489 5
 2017              		.loc 1 1489 8 is_stmt 0
 2018 0000 B7170240 		li	a5,1073876992
 2019 0004 D85B     		lw	a4,52(a5)
 2020              		.loc 1 1489 19
 2021 0006 719B     		andi	a4,a4,-4
 2022 0008 D8DB     		sw	a4,52(a5)
1490:c:/Users/User/Documents/GitHub/ch32h417/EVT/EXAM/SRC/Peripheral/src\ch32h417_rcc.c ****     RCC->PLLCFGR2 |= RCC_USBHSPLLSource;
 2023              		.loc 1 1490 5 is_stmt 1
 2024              		.loc 1 1490 8 is_stmt 0
 2025 000a D85B     		lw	a4,52(a5)
 2026              		.loc 1 1490 19
 2027 000c 498F     		or	a4,a4,a0
 2028 000e D8DB     		sw	a4,52(a5)
1491:c:/Users/User/Documents/GitHub/ch32h417/EVT/EXAM/SRC/Peripheral/src\ch32h417_rcc.c **** }
 2029              		.loc 1 1491 1
 2030 0010 8280     		ret
 2031              		.cfi_endproc
 2032              	.LFE89:
 2034              		.section	.text.RCC_USBHSPLLReferConfig,"ax",@progbits
 2035              		.align	1
 2036              		.globl	RCC_USBHSPLLReferConfig
 2038              	RCC_USBHSPLLReferConfig:
 2039              	.LFB90:
1492:c:/Users/User/Documents/GitHub/ch32h417/EVT/EXAM/SRC/Peripheral/src\ch32h417_rcc.c **** 
1493:c:/Users/User/Documents/GitHub/ch32h417/EVT/EXAM/SRC/Peripheral/src\ch32h417_rcc.c **** /*********************************************************************
1494:c:/Users/User/Documents/GitHub/ch32h417/EVT/EXAM/SRC/Peripheral/src\ch32h417_rcc.c ****  * @fn      RCC_USBHSPLLReferConfig
1495:c:/Users/User/Documents/GitHub/ch32h417/EVT/EXAM/SRC/Peripheral/src\ch32h417_rcc.c ****  *
1496:c:/Users/User/Documents/GitHub/ch32h417/EVT/EXAM/SRC/Peripheral/src\ch32h417_rcc.c ****  * @brief   Configures the USBHS PLL refer clock.
1497:c:/Users/User/Documents/GitHub/ch32h417/EVT/EXAM/SRC/Peripheral/src\ch32h417_rcc.c ****  *
1498:c:/Users/User/Documents/GitHub/ch32h417/EVT/EXAM/SRC/Peripheral/src\ch32h417_rcc.c ****  * @param   RCC_USBHSPLLRefer - the USBHS PLL refer clock.
1499:c:/Users/User/Documents/GitHub/ch32h417/EVT/EXAM/SRC/Peripheral/src\ch32h417_rcc.c ****  *            RCC_USBHSPLLRefer_25M - USBHS PLL Refer clock 25M
1500:c:/Users/User/Documents/GitHub/ch32h417/EVT/EXAM/SRC/Peripheral/src\ch32h417_rcc.c ****  *            RCC_USBHSPLLRefer_20M - USBHS PLL Refer clock 20M
1501:c:/Users/User/Documents/GitHub/ch32h417/EVT/EXAM/SRC/Peripheral/src\ch32h417_rcc.c ****  *            RCC_USBHSPLLRefer_24M  - USBHS PLL Refer clock 24M
1502:c:/Users/User/Documents/GitHub/ch32h417/EVT/EXAM/SRC/Peripheral/src\ch32h417_rcc.c ****  *            RCC_USBHSPLLRefer_32M - USBHS PLL Refer clock 32M
1503:c:/Users/User/Documents/GitHub/ch32h417/EVT/EXAM/SRC/Peripheral/src\ch32h417_rcc.c ****  *
1504:c:/Users/User/Documents/GitHub/ch32h417/EVT/EXAM/SRC/Peripheral/src\ch32h417_rcc.c ****  * @return  none
1505:c:/Users/User/Documents/GitHub/ch32h417/EVT/EXAM/SRC/Peripheral/src\ch32h417_rcc.c ****  */
1506:c:/Users/User/Documents/GitHub/ch32h417/EVT/EXAM/SRC/Peripheral/src\ch32h417_rcc.c **** void RCC_USBHSPLLReferConfig(uint32_t RCC_USBHSPLLRefer)
1507:c:/Users/User/Documents/GitHub/ch32h417/EVT/EXAM/SRC/Peripheral/src\ch32h417_rcc.c **** {
 2040              		.loc 1 1507 1 is_stmt 1
 2041              		.cfi_startproc
 2042              	.LVL145:
1508:c:/Users/User/Documents/GitHub/ch32h417/EVT/EXAM/SRC/Peripheral/src\ch32h417_rcc.c ****     RCC->PLLCFGR2 &= ~RCC_USBHSPLL_REFSEL;
 2043              		.loc 1 1508 5
 2044              		.loc 1 1508 8 is_stmt 0
 2045 0000 B7170240 		li	a5,1073876992
 2046 0004 D85B     		lw	a4,52(a5)
 2047              		.loc 1 1508 19
 2048 0006 4D9B     		andi	a4,a4,-13
 2049 0008 D8DB     		sw	a4,52(a5)
1509:c:/Users/User/Documents/GitHub/ch32h417/EVT/EXAM/SRC/Peripheral/src\ch32h417_rcc.c ****     RCC->PLLCFGR2 |= RCC_USBHSPLLRefer;
 2050              		.loc 1 1509 5 is_stmt 1
 2051              		.loc 1 1509 8 is_stmt 0
 2052 000a D85B     		lw	a4,52(a5)
 2053              		.loc 1 1509 19
 2054 000c 498F     		or	a4,a4,a0
 2055 000e D8DB     		sw	a4,52(a5)
1510:c:/Users/User/Documents/GitHub/ch32h417/EVT/EXAM/SRC/Peripheral/src\ch32h417_rcc.c **** }
 2056              		.loc 1 1510 1
 2057 0010 8280     		ret
 2058              		.cfi_endproc
 2059              	.LFE90:
 2061              		.section	.text.RCC_USBSSPLLReferConfig,"ax",@progbits
 2062              		.align	1
 2063              		.globl	RCC_USBSSPLLReferConfig
 2065              	RCC_USBSSPLLReferConfig:
 2066              	.LFB91:
1511:c:/Users/User/Documents/GitHub/ch32h417/EVT/EXAM/SRC/Peripheral/src\ch32h417_rcc.c **** 
1512:c:/Users/User/Documents/GitHub/ch32h417/EVT/EXAM/SRC/Peripheral/src\ch32h417_rcc.c **** /*********************************************************************
1513:c:/Users/User/Documents/GitHub/ch32h417/EVT/EXAM/SRC/Peripheral/src\ch32h417_rcc.c ****  * @fn      RCC_USBSSPLLReferConfig
1514:c:/Users/User/Documents/GitHub/ch32h417/EVT/EXAM/SRC/Peripheral/src\ch32h417_rcc.c ****  *
1515:c:/Users/User/Documents/GitHub/ch32h417/EVT/EXAM/SRC/Peripheral/src\ch32h417_rcc.c ****  * @brief   Configures the USBSS PLL refer clock.
1516:c:/Users/User/Documents/GitHub/ch32h417/EVT/EXAM/SRC/Peripheral/src\ch32h417_rcc.c ****  *
1517:c:/Users/User/Documents/GitHub/ch32h417/EVT/EXAM/SRC/Peripheral/src\ch32h417_rcc.c ****  * @param   RCC_USBSSPLLRefer - the USBSS PLL refer clock.
1518:c:/Users/User/Documents/GitHub/ch32h417/EVT/EXAM/SRC/Peripheral/src\ch32h417_rcc.c ****  *            RCC_USBSSPLLRefer_20M - USBSS PLL Refer clock 20M
1519:c:/Users/User/Documents/GitHub/ch32h417/EVT/EXAM/SRC/Peripheral/src\ch32h417_rcc.c ****  *            RCC_USBSSPLLRefer_24M - USBSS PLL Refer clock 24M
1520:c:/Users/User/Documents/GitHub/ch32h417/EVT/EXAM/SRC/Peripheral/src\ch32h417_rcc.c ****  *            RCC_USBSSPLLRefer_25M - USBSS PLL Refer clock 25M
1521:c:/Users/User/Documents/GitHub/ch32h417/EVT/EXAM/SRC/Peripheral/src\ch32h417_rcc.c ****  *            RCC_USBSSPLLRefer_30M - USBSS PLL Refer clock 30M
1522:c:/Users/User/Documents/GitHub/ch32h417/EVT/EXAM/SRC/Peripheral/src\ch32h417_rcc.c ****  *            RCC_USBSSPLLRefer_32M - USBSS PLL Refer clock 32M
1523:c:/Users/User/Documents/GitHub/ch32h417/EVT/EXAM/SRC/Peripheral/src\ch32h417_rcc.c ****  *            RCC_USBSSPLLRefer_40M - USBSS PLL Refer clock 40M
1524:c:/Users/User/Documents/GitHub/ch32h417/EVT/EXAM/SRC/Peripheral/src\ch32h417_rcc.c ****  *            RCC_USBSSPLLRefer_60M - USBSS PLL Refer clock 60M
1525:c:/Users/User/Documents/GitHub/ch32h417/EVT/EXAM/SRC/Peripheral/src\ch32h417_rcc.c ****  *            RCC_USBSSPLLRefer_80M - USBSS PLL Refer clock 80M
1526:c:/Users/User/Documents/GitHub/ch32h417/EVT/EXAM/SRC/Peripheral/src\ch32h417_rcc.c ****  *
1527:c:/Users/User/Documents/GitHub/ch32h417/EVT/EXAM/SRC/Peripheral/src\ch32h417_rcc.c ****  * @return  none
1528:c:/Users/User/Documents/GitHub/ch32h417/EVT/EXAM/SRC/Peripheral/src\ch32h417_rcc.c ****  */
1529:c:/Users/User/Documents/GitHub/ch32h417/EVT/EXAM/SRC/Peripheral/src\ch32h417_rcc.c **** void RCC_USBSSPLLReferConfig(uint32_t RCC_USBSSPLLRefer)
1530:c:/Users/User/Documents/GitHub/ch32h417/EVT/EXAM/SRC/Peripheral/src\ch32h417_rcc.c **** {
 2067              		.loc 1 1530 1 is_stmt 1
 2068              		.cfi_startproc
 2069              	.LVL146:
1531:c:/Users/User/Documents/GitHub/ch32h417/EVT/EXAM/SRC/Peripheral/src\ch32h417_rcc.c ****     RCC->PLLCFGR2 &= ~RCC_USBSSPLL_REFSEL;
 2070              		.loc 1 1531 5
 2071              		.loc 1 1531 8 is_stmt 0
 2072 0000 B7170240 		li	a5,1073876992
 2073 0004 D85B     		lw	a4,52(a5)
 2074              		.loc 1 1531 19
 2075 0006 1377F7F8 		andi	a4,a4,-113
 2076 000a D8DB     		sw	a4,52(a5)
1532:c:/Users/User/Documents/GitHub/ch32h417/EVT/EXAM/SRC/Peripheral/src\ch32h417_rcc.c ****     RCC->PLLCFGR2 |= RCC_USBSSPLLRefer;
 2077              		.loc 1 1532 5 is_stmt 1
 2078              		.loc 1 1532 8 is_stmt 0
 2079 000c D85B     		lw	a4,52(a5)
 2080              		.loc 1 1532 19
 2081 000e 498F     		or	a4,a4,a0
 2082 0010 D8DB     		sw	a4,52(a5)
1533:c:/Users/User/Documents/GitHub/ch32h417/EVT/EXAM/SRC/Peripheral/src\ch32h417_rcc.c **** }
 2083              		.loc 1 1533 1
 2084 0012 8280     		ret
 2085              		.cfi_endproc
 2086              	.LFE91:
 2088              		.section	.text.RCC_USBHSPLLClockSourceDivConfig,"ax",@progbits
 2089              		.align	1
 2090              		.globl	RCC_USBHSPLLClockSourceDivConfig
 2092              	RCC_USBHSPLLClockSourceDivConfig:
 2093              	.LFB92:
1534:c:/Users/User/Documents/GitHub/ch32h417/EVT/EXAM/SRC/Peripheral/src\ch32h417_rcc.c **** 
1535:c:/Users/User/Documents/GitHub/ch32h417/EVT/EXAM/SRC/Peripheral/src\ch32h417_rcc.c **** /*********************************************************************
1536:c:/Users/User/Documents/GitHub/ch32h417/EVT/EXAM/SRC/Peripheral/src\ch32h417_rcc.c ****  * @fn      RCC_USBHSPLLClockSourceDivConfig
1537:c:/Users/User/Documents/GitHub/ch32h417/EVT/EXAM/SRC/Peripheral/src\ch32h417_rcc.c ****  *
1538:c:/Users/User/Documents/GitHub/ch32h417/EVT/EXAM/SRC/Peripheral/src\ch32h417_rcc.c ****  * @brief   Configures the USBHS PLL source clock division.
1539:c:/Users/User/Documents/GitHub/ch32h417/EVT/EXAM/SRC/Peripheral/src\ch32h417_rcc.c ****  *
1540:c:/Users/User/Documents/GitHub/ch32h417/EVT/EXAM/SRC/Peripheral/src\ch32h417_rcc.c ****  * @param   RCC_USBHSPLL_IN_Div - the USBHS PLL source clock division.
1541:c:/Users/User/Documents/GitHub/ch32h417/EVT/EXAM/SRC/Peripheral/src\ch32h417_rcc.c ****  *            RCC_USBHSPLL_IN_Divx - x can select(1~32)
1542:c:/Users/User/Documents/GitHub/ch32h417/EVT/EXAM/SRC/Peripheral/src\ch32h417_rcc.c ****  *
1543:c:/Users/User/Documents/GitHub/ch32h417/EVT/EXAM/SRC/Peripheral/src\ch32h417_rcc.c ****  * @return  none
1544:c:/Users/User/Documents/GitHub/ch32h417/EVT/EXAM/SRC/Peripheral/src\ch32h417_rcc.c ****  */
1545:c:/Users/User/Documents/GitHub/ch32h417/EVT/EXAM/SRC/Peripheral/src\ch32h417_rcc.c **** void RCC_USBHSPLLClockSourceDivConfig(uint32_t RCC_USBHSPLL_IN_Div)
1546:c:/Users/User/Documents/GitHub/ch32h417/EVT/EXAM/SRC/Peripheral/src\ch32h417_rcc.c **** {
 2094              		.loc 1 1546 1 is_stmt 1
 2095              		.cfi_startproc
 2096              	.LVL147:
1547:c:/Users/User/Documents/GitHub/ch32h417/EVT/EXAM/SRC/Peripheral/src\ch32h417_rcc.c ****     RCC->PLLCFGR2 &= ~RCC_USBHSPLL_IN_DIV;
 2097              		.loc 1 1547 5
 2098              		.loc 1 1547 8 is_stmt 0
 2099 0000 B7170240 		li	a5,1073876992
 2100 0004 D85B     		lw	a4,52(a5)
 2101              		.loc 1 1547 19
 2102 0006 F976     		li	a3,-8192
 2103 0008 9386F60F 		addi	a3,a3,255
 2104 000c 758F     		and	a4,a4,a3
 2105 000e D8DB     		sw	a4,52(a5)
1548:c:/Users/User/Documents/GitHub/ch32h417/EVT/EXAM/SRC/Peripheral/src\ch32h417_rcc.c ****     RCC->PLLCFGR2 |= RCC_USBHSPLL_IN_Div;
 2106              		.loc 1 1548 5 is_stmt 1
 2107              		.loc 1 1548 8 is_stmt 0
 2108 0010 D85B     		lw	a4,52(a5)
 2109              		.loc 1 1548 19
 2110 0012 498F     		or	a4,a4,a0
 2111 0014 D8DB     		sw	a4,52(a5)
1549:c:/Users/User/Documents/GitHub/ch32h417/EVT/EXAM/SRC/Peripheral/src\ch32h417_rcc.c **** }
 2112              		.loc 1 1549 1
 2113 0016 8280     		ret
 2114              		.cfi_endproc
 2115              	.LFE92:
 2117              		.section	.text.RCC_SERDESPLLMulConfig,"ax",@progbits
 2118              		.align	1
 2119              		.globl	RCC_SERDESPLLMulConfig
 2121              	RCC_SERDESPLLMulConfig:
 2122              	.LFB93:
1550:c:/Users/User/Documents/GitHub/ch32h417/EVT/EXAM/SRC/Peripheral/src\ch32h417_rcc.c **** 
1551:c:/Users/User/Documents/GitHub/ch32h417/EVT/EXAM/SRC/Peripheral/src\ch32h417_rcc.c **** /*********************************************************************
1552:c:/Users/User/Documents/GitHub/ch32h417/EVT/EXAM/SRC/Peripheral/src\ch32h417_rcc.c ****  * @fn      RCC_SERDESPLLMulConfig
1553:c:/Users/User/Documents/GitHub/ch32h417/EVT/EXAM/SRC/Peripheral/src\ch32h417_rcc.c ****  *
1554:c:/Users/User/Documents/GitHub/ch32h417/EVT/EXAM/SRC/Peripheral/src\ch32h417_rcc.c ****  * @brief   Configures the SERDES PLL Mul.
1555:c:/Users/User/Documents/GitHub/ch32h417/EVT/EXAM/SRC/Peripheral/src\ch32h417_rcc.c ****  *
1556:c:/Users/User/Documents/GitHub/ch32h417/EVT/EXAM/SRC/Peripheral/src\ch32h417_rcc.c ****  * @param   RCC_SERDESMul_25 - the SERDES PLL Mul.
1557:c:/Users/User/Documents/GitHub/ch32h417/EVT/EXAM/SRC/Peripheral/src\ch32h417_rcc.c ****  *            RCC_SERDESPLLMul_x - x can select(25,28,30,32,35,38,40,45,50,
1558:c:/Users/User/Documents/GitHub/ch32h417/EVT/EXAM/SRC/Peripheral/src\ch32h417_rcc.c ****  *       56,60,64,70,76,80,90)
1559:c:/Users/User/Documents/GitHub/ch32h417/EVT/EXAM/SRC/Peripheral/src\ch32h417_rcc.c ****  *          
1560:c:/Users/User/Documents/GitHub/ch32h417/EVT/EXAM/SRC/Peripheral/src\ch32h417_rcc.c ****  * @return  none
1561:c:/Users/User/Documents/GitHub/ch32h417/EVT/EXAM/SRC/Peripheral/src\ch32h417_rcc.c ****  */
1562:c:/Users/User/Documents/GitHub/ch32h417/EVT/EXAM/SRC/Peripheral/src\ch32h417_rcc.c **** void RCC_SERDESPLLMulConfig(uint32_t RCC_SERDESPLLMul)
1563:c:/Users/User/Documents/GitHub/ch32h417/EVT/EXAM/SRC/Peripheral/src\ch32h417_rcc.c **** {
 2123              		.loc 1 1563 1 is_stmt 1
 2124              		.cfi_startproc
 2125              	.LVL148:
1564:c:/Users/User/Documents/GitHub/ch32h417/EVT/EXAM/SRC/Peripheral/src\ch32h417_rcc.c ****     RCC->PLLCFGR2 &= ~RCC_SERDESPLL_MUL;
 2126              		.loc 1 1564 5
 2127              		.loc 1 1564 8 is_stmt 0
 2128 0000 B7170240 		li	a5,1073876992
 2129 0004 D85B     		lw	a4,52(a5)
 2130              		.loc 1 1564 19
 2131 0006 B706F1FF 		li	a3,-983040
 2132 000a FD16     		addi	a3,a3,-1
 2133 000c 758F     		and	a4,a4,a3
 2134 000e D8DB     		sw	a4,52(a5)
1565:c:/Users/User/Documents/GitHub/ch32h417/EVT/EXAM/SRC/Peripheral/src\ch32h417_rcc.c ****     RCC->PLLCFGR2 |= (RCC_SERDESPLLMul);
 2135              		.loc 1 1565 5 is_stmt 1
 2136              		.loc 1 1565 8 is_stmt 0
 2137 0010 D85B     		lw	a4,52(a5)
 2138              		.loc 1 1565 19
 2139 0012 498F     		or	a4,a4,a0
 2140 0014 D8DB     		sw	a4,52(a5)
1566:c:/Users/User/Documents/GitHub/ch32h417/EVT/EXAM/SRC/Peripheral/src\ch32h417_rcc.c **** } 
 2141              		.loc 1 1566 1
 2142 0016 8280     		ret
 2143              		.cfi_endproc
 2144              	.LFE93:
 2146              		.section	.text.RCC_ADCCLKDutyCycleConfig,"ax",@progbits
 2147              		.align	1
 2148              		.globl	RCC_ADCCLKDutyCycleConfig
 2150              	RCC_ADCCLKDutyCycleConfig:
 2151              	.LFB94:
1567:c:/Users/User/Documents/GitHub/ch32h417/EVT/EXAM/SRC/Peripheral/src\ch32h417_rcc.c **** 
1568:c:/Users/User/Documents/GitHub/ch32h417/EVT/EXAM/SRC/Peripheral/src\ch32h417_rcc.c **** /*********************************************************************
1569:c:/Users/User/Documents/GitHub/ch32h417/EVT/EXAM/SRC/Peripheral/src\ch32h417_rcc.c ****  * @fn      RCC_ADCCLKDutyCycleConfig
1570:c:/Users/User/Documents/GitHub/ch32h417/EVT/EXAM/SRC/Peripheral/src\ch32h417_rcc.c ****  *
1571:c:/Users/User/Documents/GitHub/ch32h417/EVT/EXAM/SRC/Peripheral/src\ch32h417_rcc.c ****  * @brief   Configures the ADC clock high level duty cycle.
1572:c:/Users/User/Documents/GitHub/ch32h417/EVT/EXAM/SRC/Peripheral/src\ch32h417_rcc.c ****  *
1573:c:/Users/User/Documents/GitHub/ch32h417/EVT/EXAM/SRC/Peripheral/src\ch32h417_rcc.c ****  * @param   RCC_DutyCycle - high level duty cycle.
1574:c:/Users/User/Documents/GitHub/ch32h417/EVT/EXAM/SRC/Peripheral/src\ch32h417_rcc.c ****  *            RCC_ADC_H_Level_Mode0 - ADC clock high-level duty cycle is mode 0.
1575:c:/Users/User/Documents/GitHub/ch32h417/EVT/EXAM/SRC/Peripheral/src\ch32h417_rcc.c ****  *            RCC_ADC_H_Level_Mode1 - ADC clock high-level duty cycle is mode 1.
1576:c:/Users/User/Documents/GitHub/ch32h417/EVT/EXAM/SRC/Peripheral/src\ch32h417_rcc.c ****  *
1577:c:/Users/User/Documents/GitHub/ch32h417/EVT/EXAM/SRC/Peripheral/src\ch32h417_rcc.c ****  * @return  none
1578:c:/Users/User/Documents/GitHub/ch32h417/EVT/EXAM/SRC/Peripheral/src\ch32h417_rcc.c ****  */
1579:c:/Users/User/Documents/GitHub/ch32h417/EVT/EXAM/SRC/Peripheral/src\ch32h417_rcc.c **** void RCC_ADCCLKDutyCycleConfig(uint32_t RCC_DutyCycle)
1580:c:/Users/User/Documents/GitHub/ch32h417/EVT/EXAM/SRC/Peripheral/src\ch32h417_rcc.c **** {
 2152              		.loc 1 1580 1 is_stmt 1
 2153              		.cfi_startproc
 2154              	.LVL149:
1581:c:/Users/User/Documents/GitHub/ch32h417/EVT/EXAM/SRC/Peripheral/src\ch32h417_rcc.c ****     RCC->CFGR0 &= ~RCC_ADC_DUTY_SEL;
 2155              		.loc 1 1581 5
 2156              		.loc 1 1581 8 is_stmt 0
 2157 0000 B7170240 		li	a5,1073876992
 2158 0004 D843     		lw	a4,4(a5)
 2159              		.loc 1 1581 16
 2160 0006 1317E749 		bclri	a4,a4,30
 2161 000a D8C3     		sw	a4,4(a5)
1582:c:/Users/User/Documents/GitHub/ch32h417/EVT/EXAM/SRC/Peripheral/src\ch32h417_rcc.c ****     RCC->CFGR0 |= RCC_DutyCycle;
 2162              		.loc 1 1582 5 is_stmt 1
 2163              		.loc 1 1582 8 is_stmt 0
 2164 000c D843     		lw	a4,4(a5)
 2165              		.loc 1 1582 16
 2166 000e 498F     		or	a4,a4,a0
 2167 0010 D8C3     		sw	a4,4(a5)
1583:c:/Users/User/Documents/GitHub/ch32h417/EVT/EXAM/SRC/Peripheral/src\ch32h417_rcc.c **** }
 2168              		.loc 1 1583 1
 2169 0012 8280     		ret
 2170              		.cfi_endproc
 2171              	.LFE94:
 2173              		.section	.text.RCC_ADCCLKConfig,"ax",@progbits
 2174              		.align	1
 2175              		.globl	RCC_ADCCLKConfig
 2177              	RCC_ADCCLKConfig:
 2178              	.LFB95:
1584:c:/Users/User/Documents/GitHub/ch32h417/EVT/EXAM/SRC/Peripheral/src\ch32h417_rcc.c **** 
1585:c:/Users/User/Documents/GitHub/ch32h417/EVT/EXAM/SRC/Peripheral/src\ch32h417_rcc.c **** /*********************************************************************
1586:c:/Users/User/Documents/GitHub/ch32h417/EVT/EXAM/SRC/Peripheral/src\ch32h417_rcc.c ****  * @fn      RCC_ADCCLKConfig
1587:c:/Users/User/Documents/GitHub/ch32h417/EVT/EXAM/SRC/Peripheral/src\ch32h417_rcc.c ****  *
1588:c:/Users/User/Documents/GitHub/ch32h417/EVT/EXAM/SRC/Peripheral/src\ch32h417_rcc.c ****  * @brief   Configures the ADC clock source.
1589:c:/Users/User/Documents/GitHub/ch32h417/EVT/EXAM/SRC/Peripheral/src\ch32h417_rcc.c ****  *
1590:c:/Users/User/Documents/GitHub/ch32h417/EVT/EXAM/SRC/Peripheral/src\ch32h417_rcc.c ****  * @param   RCC_ADCCLKSource - specifies the RNG clock source.
1591:c:/Users/User/Documents/GitHub/ch32h417/EVT/EXAM/SRC/Peripheral/src\ch32h417_rcc.c ****  *            RCC_ADCCLKSource_HCLK -  HCLK clock selected as ADC clock entry
1592:c:/Users/User/Documents/GitHub/ch32h417/EVT/EXAM/SRC/Peripheral/src\ch32h417_rcc.c ****  *            RCC_ADCCLKSource_USBHSPLL - USBHS PLL clock selected as ADC clock entry
1593:c:/Users/User/Documents/GitHub/ch32h417/EVT/EXAM/SRC/Peripheral/src\ch32h417_rcc.c ****  *
1594:c:/Users/User/Documents/GitHub/ch32h417/EVT/EXAM/SRC/Peripheral/src\ch32h417_rcc.c ****  * @return  none
1595:c:/Users/User/Documents/GitHub/ch32h417/EVT/EXAM/SRC/Peripheral/src\ch32h417_rcc.c ****  */
1596:c:/Users/User/Documents/GitHub/ch32h417/EVT/EXAM/SRC/Peripheral/src\ch32h417_rcc.c **** void RCC_ADCCLKConfig(uint32_t RCC_ADCCLKSource)
1597:c:/Users/User/Documents/GitHub/ch32h417/EVT/EXAM/SRC/Peripheral/src\ch32h417_rcc.c **** {
 2179              		.loc 1 1597 1 is_stmt 1
 2180              		.cfi_startproc
 2181              	.LVL150:
1598:c:/Users/User/Documents/GitHub/ch32h417/EVT/EXAM/SRC/Peripheral/src\ch32h417_rcc.c ****     RCC->CFGR0 &= ~RCC_ADCSRC;
 2182              		.loc 1 1598 5
 2183              		.loc 1 1598 8 is_stmt 0
 2184 0000 B7170240 		li	a5,1073876992
 2185 0004 D843     		lw	a4,4(a5)
1599:c:/Users/User/Documents/GitHub/ch32h417/EVT/EXAM/SRC/Peripheral/src\ch32h417_rcc.c ****     RCC->CFGR0 |= (RCC_ADCCLKSource << 31);
 2186              		.loc 1 1599 37
 2187 0006 7E05     		slli	a0,a0,31
 2188              	.LVL151:
1598:c:/Users/User/Documents/GitHub/ch32h417/EVT/EXAM/SRC/Peripheral/src\ch32h417_rcc.c ****     RCC->CFGR0 &= ~RCC_ADCSRC;
 2189              		.loc 1 1598 16
 2190 0008 1317F749 		bclri	a4,a4,31
 2191 000c D8C3     		sw	a4,4(a5)
 2192              		.loc 1 1599 5 is_stmt 1
 2193              		.loc 1 1599 8 is_stmt 0
 2194 000e D843     		lw	a4,4(a5)
 2195              		.loc 1 1599 16
 2196 0010 598D     		or	a0,a0,a4
 2197 0012 C8C3     		sw	a0,4(a5)
1600:c:/Users/User/Documents/GitHub/ch32h417/EVT/EXAM/SRC/Peripheral/src\ch32h417_rcc.c **** }
 2198              		.loc 1 1600 1
 2199 0014 8280     		ret
 2200              		.cfi_endproc
 2201              	.LFE95:
 2203              		.section	.text.RCC_SYSPLLGATEcmd,"ax",@progbits
 2204              		.align	1
 2205              		.globl	RCC_SYSPLLGATEcmd
 2207              	RCC_SYSPLLGATEcmd:
 2208              	.LFB96:
1601:c:/Users/User/Documents/GitHub/ch32h417/EVT/EXAM/SRC/Peripheral/src\ch32h417_rcc.c **** 
1602:c:/Users/User/Documents/GitHub/ch32h417/EVT/EXAM/SRC/Peripheral/src\ch32h417_rcc.c **** /*********************************************************************
1603:c:/Users/User/Documents/GitHub/ch32h417/EVT/EXAM/SRC/Peripheral/src\ch32h417_rcc.c ****  * @fn      RCC_SYSPLLGATEcmd
1604:c:/Users/User/Documents/GitHub/ch32h417/EVT/EXAM/SRC/Peripheral/src\ch32h417_rcc.c ****  *
1605:c:/Users/User/Documents/GitHub/ch32h417/EVT/EXAM/SRC/Peripheral/src\ch32h417_rcc.c ****  * @brief   ENABLE or DISABLE System clock  gate.
1606:c:/Users/User/Documents/GitHub/ch32h417/EVT/EXAM/SRC/Peripheral/src\ch32h417_rcc.c ****  *
1607:c:/Users/User/Documents/GitHub/ch32h417/EVT/EXAM/SRC/Peripheral/src\ch32h417_rcc.c ****  * @param   NewState - ENABLE or DISABLE.
1608:c:/Users/User/Documents/GitHub/ch32h417/EVT/EXAM/SRC/Peripheral/src\ch32h417_rcc.c ****  *
1609:c:/Users/User/Documents/GitHub/ch32h417/EVT/EXAM/SRC/Peripheral/src\ch32h417_rcc.c ****  * @return  none
1610:c:/Users/User/Documents/GitHub/ch32h417/EVT/EXAM/SRC/Peripheral/src\ch32h417_rcc.c ****  */
1611:c:/Users/User/Documents/GitHub/ch32h417/EVT/EXAM/SRC/Peripheral/src\ch32h417_rcc.c **** void RCC_SYSPLLGATEcmd(FunctionalState NewState)
1612:c:/Users/User/Documents/GitHub/ch32h417/EVT/EXAM/SRC/Peripheral/src\ch32h417_rcc.c **** {
 2209              		.loc 1 1612 1 is_stmt 1
 2210              		.cfi_startproc
 2211              	.LVL152:
1613:c:/Users/User/Documents/GitHub/ch32h417/EVT/EXAM/SRC/Peripheral/src\ch32h417_rcc.c ****     if(NewState)
 2212              		.loc 1 1613 5
1614:c:/Users/User/Documents/GitHub/ch32h417/EVT/EXAM/SRC/Peripheral/src\ch32h417_rcc.c ****     {
1615:c:/Users/User/Documents/GitHub/ch32h417/EVT/EXAM/SRC/Peripheral/src\ch32h417_rcc.c ****         RCC->PLLCFGR |= RCC_SYSPLL_GATE;
 2213              		.loc 1 1615 12 is_stmt 0
 2214 0000 37170240 		li	a4,1073876992
 2215 0004 1C47     		lw	a5,8(a4)
1613:c:/Users/User/Documents/GitHub/ch32h417/EVT/EXAM/SRC/Peripheral/src\ch32h417_rcc.c ****     if(NewState)
 2216              		.loc 1 1613 7
 2217 0006 09C5     		beq	a0,zero,.L154
 2218              		.loc 1 1615 9 is_stmt 1
 2219              		.loc 1 1615 22 is_stmt 0
 2220 0008 9397F729 		bseti	a5,a5,31
 2221              	.L156:
1616:c:/Users/User/Documents/GitHub/ch32h417/EVT/EXAM/SRC/Peripheral/src\ch32h417_rcc.c ****     }
1617:c:/Users/User/Documents/GitHub/ch32h417/EVT/EXAM/SRC/Peripheral/src\ch32h417_rcc.c ****     else
1618:c:/Users/User/Documents/GitHub/ch32h417/EVT/EXAM/SRC/Peripheral/src\ch32h417_rcc.c ****     {
1619:c:/Users/User/Documents/GitHub/ch32h417/EVT/EXAM/SRC/Peripheral/src\ch32h417_rcc.c ****         RCC->PLLCFGR &= ~RCC_SYSPLL_GATE;
 2222              		.loc 1 1619 22
 2223 000c 1CC7     		sw	a5,8(a4)
1620:c:/Users/User/Documents/GitHub/ch32h417/EVT/EXAM/SRC/Peripheral/src\ch32h417_rcc.c ****     }
1621:c:/Users/User/Documents/GitHub/ch32h417/EVT/EXAM/SRC/Peripheral/src\ch32h417_rcc.c **** }
 2224              		.loc 1 1621 1
 2225 000e 8280     		ret
 2226              	.L154:
1619:c:/Users/User/Documents/GitHub/ch32h417/EVT/EXAM/SRC/Peripheral/src\ch32h417_rcc.c ****     }
 2227              		.loc 1 1619 9 is_stmt 1
1619:c:/Users/User/Documents/GitHub/ch32h417/EVT/EXAM/SRC/Peripheral/src\ch32h417_rcc.c ****     }
 2228              		.loc 1 1619 22 is_stmt 0
 2229 0010 9397F749 		bclri	a5,a5,31
 2230 0014 E5BF     		j	.L156
 2231              		.cfi_endproc
 2232              	.LFE96:
 2234              		.section	.text.RCC_SYSPLLConfig,"ax",@progbits
 2235              		.align	1
 2236              		.globl	RCC_SYSPLLConfig
 2238              	RCC_SYSPLLConfig:
 2239              	.LFB97:
1622:c:/Users/User/Documents/GitHub/ch32h417/EVT/EXAM/SRC/Peripheral/src\ch32h417_rcc.c **** 
1623:c:/Users/User/Documents/GitHub/ch32h417/EVT/EXAM/SRC/Peripheral/src\ch32h417_rcc.c **** /*********************************************************************
1624:c:/Users/User/Documents/GitHub/ch32h417/EVT/EXAM/SRC/Peripheral/src\ch32h417_rcc.c ****  * @fn      RCC_SYSPLLConfig
1625:c:/Users/User/Documents/GitHub/ch32h417/EVT/EXAM/SRC/Peripheral/src\ch32h417_rcc.c ****  *
1626:c:/Users/User/Documents/GitHub/ch32h417/EVT/EXAM/SRC/Peripheral/src\ch32h417_rcc.c ****  * @brief   Configures the System PLL clock source.
1627:c:/Users/User/Documents/GitHub/ch32h417/EVT/EXAM/SRC/Peripheral/src\ch32h417_rcc.c ****  *
1628:c:/Users/User/Documents/GitHub/ch32h417/EVT/EXAM/SRC/Peripheral/src\ch32h417_rcc.c ****  * @param   RCC_SYSPLLClockSource - the System PLL clock source.
1629:c:/Users/User/Documents/GitHub/ch32h417/EVT/EXAM/SRC/Peripheral/src\ch32h417_rcc.c ****  *            RCC_SYSPLLClockSource_PLL - PLL clock selected as System PLL clock entry
1630:c:/Users/User/Documents/GitHub/ch32h417/EVT/EXAM/SRC/Peripheral/src\ch32h417_rcc.c ****  *            RCC_SYSPLLClockSource_USBHSPLL - USBHS PLL clock selected as System PLL clock entry
1631:c:/Users/User/Documents/GitHub/ch32h417/EVT/EXAM/SRC/Peripheral/src\ch32h417_rcc.c ****  *            RCC_SYSPLLClockSource_ETHPLL - ETH PLL clock selected as System PLL clock entry
1632:c:/Users/User/Documents/GitHub/ch32h417/EVT/EXAM/SRC/Peripheral/src\ch32h417_rcc.c ****  *            RCC_SYSPLLClockSource_SERDESPLL - SERDES PLL clock selected as System PLL clock entry
1633:c:/Users/User/Documents/GitHub/ch32h417/EVT/EXAM/SRC/Peripheral/src\ch32h417_rcc.c ****  *            RCC_SYSPLLClockSource_USBSSPLL - USBSS PLL clock selected as System PLL clock entry
1634:c:/Users/User/Documents/GitHub/ch32h417/EVT/EXAM/SRC/Peripheral/src\ch32h417_rcc.c ****  *
1635:c:/Users/User/Documents/GitHub/ch32h417/EVT/EXAM/SRC/Peripheral/src\ch32h417_rcc.c ****  * @return  none
1636:c:/Users/User/Documents/GitHub/ch32h417/EVT/EXAM/SRC/Peripheral/src\ch32h417_rcc.c ****  */
1637:c:/Users/User/Documents/GitHub/ch32h417/EVT/EXAM/SRC/Peripheral/src\ch32h417_rcc.c **** void RCC_SYSPLLConfig(uint32_t RCC_SYSPLLClockSource)
1638:c:/Users/User/Documents/GitHub/ch32h417/EVT/EXAM/SRC/Peripheral/src\ch32h417_rcc.c **** {
 2240              		.loc 1 1638 1 is_stmt 1
 2241              		.cfi_startproc
 2242              	.LVL153:
1639:c:/Users/User/Documents/GitHub/ch32h417/EVT/EXAM/SRC/Peripheral/src\ch32h417_rcc.c ****     RCC->PLLCFGR &= ~RCC_SYSPLL_SEL;
 2243              		.loc 1 1639 5
 2244              		.loc 1 1639 8 is_stmt 0
 2245 0000 B7170240 		li	a5,1073876992
 2246 0004 9847     		lw	a4,8(a5)
 2247              		.loc 1 1639 18
 2248 0006 B7060090 		li	a3,-1879048192
 2249 000a FD16     		addi	a3,a3,-1
 2250 000c 758F     		and	a4,a4,a3
 2251 000e 98C7     		sw	a4,8(a5)
1640:c:/Users/User/Documents/GitHub/ch32h417/EVT/EXAM/SRC/Peripheral/src\ch32h417_rcc.c ****     RCC->PLLCFGR |= (RCC_SYSPLLClockSource << 28);
 2252              		.loc 1 1640 5 is_stmt 1
 2253              		.loc 1 1640 8 is_stmt 0
 2254 0010 9847     		lw	a4,8(a5)
 2255              		.loc 1 1640 44
 2256 0012 7205     		slli	a0,a0,28
 2257              	.LVL154:
 2258              		.loc 1 1640 18
 2259 0014 598D     		or	a0,a0,a4
 2260 0016 88C7     		sw	a0,8(a5)
1641:c:/Users/User/Documents/GitHub/ch32h417/EVT/EXAM/SRC/Peripheral/src\ch32h417_rcc.c **** }
 2261              		.loc 1 1641 1
 2262 0018 8280     		ret
 2263              		.cfi_endproc
 2264              	.LFE97:
 2266              		.section	.text.RCC_RTCOutputConfig,"ax",@progbits
 2267              		.align	1
 2268              		.globl	RCC_RTCOutputConfig
 2270              	RCC_RTCOutputConfig:
 2271              	.LFB98:
1642:c:/Users/User/Documents/GitHub/ch32h417/EVT/EXAM/SRC/Peripheral/src\ch32h417_rcc.c **** 
1643:c:/Users/User/Documents/GitHub/ch32h417/EVT/EXAM/SRC/Peripheral/src\ch32h417_rcc.c **** /*********************************************************************
1644:c:/Users/User/Documents/GitHub/ch32h417/EVT/EXAM/SRC/Peripheral/src\ch32h417_rcc.c ****  * @fn      RCC_RTCOutputConfig
1645:c:/Users/User/Documents/GitHub/ch32h417/EVT/EXAM/SRC/Peripheral/src\ch32h417_rcc.c ****  *
1646:c:/Users/User/Documents/GitHub/ch32h417/EVT/EXAM/SRC/Peripheral/src\ch32h417_rcc.c ****  * @brief   Select the RTC output source to output on the Tamper pin.
1647:c:/Users/User/Documents/GitHub/ch32h417/EVT/EXAM/SRC/Peripheral/src\ch32h417_rcc.c ****  *
1648:c:/Users/User/Documents/GitHub/ch32h417/EVT/EXAM/SRC/Peripheral/src\ch32h417_rcc.c ****  * @param   BKP_RTCOutputSource - specifies the RTC output source.
1649:c:/Users/User/Documents/GitHub/ch32h417/EVT/EXAM/SRC/Peripheral/src\ch32h417_rcc.c ****  *            RCC_RTCOutputSource_None - no RTC output on the Tamper pin.
1650:c:/Users/User/Documents/GitHub/ch32h417/EVT/EXAM/SRC/Peripheral/src\ch32h417_rcc.c ****  *            RCC_RTCOutputSource_CalibClock - output the RTC clock with
1651:c:/Users/User/Documents/GitHub/ch32h417/EVT/EXAM/SRC/Peripheral/src\ch32h417_rcc.c ****  *        frequency divided by 512 on the Tamper pin.
1652:c:/Users/User/Documents/GitHub/ch32h417/EVT/EXAM/SRC/Peripheral/src\ch32h417_rcc.c ****  *            RCC_RTCOutputSource_Alarm - output the RTC Alarm pulse signal
1653:c:/Users/User/Documents/GitHub/ch32h417/EVT/EXAM/SRC/Peripheral/src\ch32h417_rcc.c ****  *        on the Tamper pin.
1654:c:/Users/User/Documents/GitHub/ch32h417/EVT/EXAM/SRC/Peripheral/src\ch32h417_rcc.c ****  *            RCC_RTCOutputSource_Second - output the RTC Second pulse
1655:c:/Users/User/Documents/GitHub/ch32h417/EVT/EXAM/SRC/Peripheral/src\ch32h417_rcc.c ****  *        signal on the Tamper pin.
1656:c:/Users/User/Documents/GitHub/ch32h417/EVT/EXAM/SRC/Peripheral/src\ch32h417_rcc.c ****  *
1657:c:/Users/User/Documents/GitHub/ch32h417/EVT/EXAM/SRC/Peripheral/src\ch32h417_rcc.c ****  * @return  none
1658:c:/Users/User/Documents/GitHub/ch32h417/EVT/EXAM/SRC/Peripheral/src\ch32h417_rcc.c ****  */
1659:c:/Users/User/Documents/GitHub/ch32h417/EVT/EXAM/SRC/Peripheral/src\ch32h417_rcc.c **** void RCC_RTCOutputConfig(uint16_t RCC_RTCOutputSource)
1660:c:/Users/User/Documents/GitHub/ch32h417/EVT/EXAM/SRC/Peripheral/src\ch32h417_rcc.c **** {
 2272              		.loc 1 1660 1 is_stmt 1
 2273              		.cfi_startproc
 2274              	.LVL155:
 2275 0000 17030000 		call	t0,__riscv_save_2
 2275      E7020300 
 2276              		.cfi_offset 9, -12
 2277              		.cfi_offset 8, -8
 2278              		.cfi_offset 1, -4
 2279              		.cfi_def_cfa_offset 16
1661:c:/Users/User/Documents/GitHub/ch32h417/EVT/EXAM/SRC/Peripheral/src\ch32h417_rcc.c ****     uint16_t tmpreg = 0;
 2280              		.loc 1 1661 5
 2281              	.LVL156:
1662:c:/Users/User/Documents/GitHub/ch32h417/EVT/EXAM/SRC/Peripheral/src\ch32h417_rcc.c **** 
1663:c:/Users/User/Documents/GitHub/ch32h417/EVT/EXAM/SRC/Peripheral/src\ch32h417_rcc.c ****     GPIO_InitTypeDef GPIO_InitStruct = {0};
 2282              		.loc 1 1663 5
 2283              	.LBB16:
 2284              	.LBB17:
 726:c:/Users/User/Documents/GitHub/ch32h417/EVT/EXAM/SRC/Peripheral/src\ch32h417_rcc.c ****     }
 2285              		.loc 1 726 12 is_stmt 0
 2286 0008 37140240 		li	s0,1073876992
 2287 000c 5C4C     		lw	a5,28(s0)
 2288              	.LBE17:
 2289              	.LBE16:
1660:c:/Users/User/Documents/GitHub/ch32h417/EVT/EXAM/SRC/Peripheral/src\ch32h417_rcc.c ****     uint16_t tmpreg = 0;
 2290              		.loc 1 1660 1
 2291 000e 4111     		addi	sp,sp,-16
 2292              		.cfi_def_cfa_offset 32
 2293              		.loc 1 1663 22
 2294 0010 02C2     		sw	zero,4(sp)
 2295 0012 02C4     		sw	zero,8(sp)
 2296 0014 02C6     		sw	zero,12(sp)
1664:c:/Users/User/Documents/GitHub/ch32h417/EVT/EXAM/SRC/Peripheral/src\ch32h417_rcc.c ****     RCC_HB2PeriphClockCmd(RCC_HB2Periph_GPIOC|RCC_HB2Periph_AFIO, ENABLE);
 2297              		.loc 1 1664 5 is_stmt 1
 2298              	.LVL157:
 2299              	.LBB20:
 2300              	.LBB18:
 724:c:/Users/User/Documents/GitHub/ch32h417/EVT/EXAM/SRC/Peripheral/src\ch32h417_rcc.c ****     {
 2301              		.loc 1 724 5
 726:c:/Users/User/Documents/GitHub/ch32h417/EVT/EXAM/SRC/Peripheral/src\ch32h417_rcc.c ****     }
 2302              		.loc 1 726 9
 726:c:/Users/User/Documents/GitHub/ch32h417/EVT/EXAM/SRC/Peripheral/src\ch32h417_rcc.c ****     }
 2303              		.loc 1 726 23 is_stmt 0
 2304 0016 93E71701 		ori	a5,a5,17
 2305              	.LBE18:
 2306              	.LBE20:
1660:c:/Users/User/Documents/GitHub/ch32h417/EVT/EXAM/SRC/Peripheral/src\ch32h417_rcc.c ****     uint16_t tmpreg = 0;
 2307              		.loc 1 1660 1
 2308 001a AA84     		mv	s1,a0
 2309              	.LBB21:
 2310              	.LBB19:
 726:c:/Users/User/Documents/GitHub/ch32h417/EVT/EXAM/SRC/Peripheral/src\ch32h417_rcc.c ****     }
 2311              		.loc 1 726 23
 2312 001c 5CCC     		sw	a5,28(s0)
 2313              	.LVL158:
 2314              	.LBE19:
 2315              	.LBE21:
1665:c:/Users/User/Documents/GitHub/ch32h417/EVT/EXAM/SRC/Peripheral/src\ch32h417_rcc.c ****     GPIO_PinAFConfig(GPIOC, GPIO_PinSource13, GPIO_AF1);
 2316              		.loc 1 1665 5 is_stmt 1
 2317 001e 0546     		li	a2,1
 2318 0020 B545     		li	a1,13
 2319 0022 37150140 		li	a0,1073811456
 2320              	.LVL159:
 2321 0026 97000000 		call	GPIO_PinAFConfig
 2321      E7800000 
 2322              	.LVL160:
1666:c:/Users/User/Documents/GitHub/ch32h417/EVT/EXAM/SRC/Peripheral/src\ch32h417_rcc.c ****     GPIO_InitStruct.GPIO_Pin = GPIO_Pin_13;
 2323              		.loc 1 1666 5
 2324              		.loc 1 1666 30 is_stmt 0
 2325 002e 8967     		li	a5,8192
 2326 0030 7C82     		sh	a5,4(sp)
1667:c:/Users/User/Documents/GitHub/ch32h417/EVT/EXAM/SRC/Peripheral/src\ch32h417_rcc.c ****     GPIO_InitStruct.GPIO_Mode = GPIO_Mode_AF_PP;
 2327              		.loc 1 1667 5 is_stmt 1
 2328              		.loc 1 1667 31 is_stmt 0
 2329 0032 E147     		li	a5,24
 2330 0034 3EC6     		sw	a5,12(sp)
1668:c:/Users/User/Documents/GitHub/ch32h417/EVT/EXAM/SRC/Peripheral/src\ch32h417_rcc.c ****     GPIO_InitStruct.GPIO_Speed = GPIO_Speed_Very_High;
 2331              		.loc 1 1668 5 is_stmt 1
1669:c:/Users/User/Documents/GitHub/ch32h417/EVT/EXAM/SRC/Peripheral/src\ch32h417_rcc.c ****     GPIO_Init(GPIOC,&GPIO_InitStruct);
 2332              		.loc 1 1669 5 is_stmt 0
 2333 0036 4C00     		addi	a1,sp,4
1668:c:/Users/User/Documents/GitHub/ch32h417/EVT/EXAM/SRC/Peripheral/src\ch32h417_rcc.c ****     GPIO_InitStruct.GPIO_Speed = GPIO_Speed_Very_High;
 2334              		.loc 1 1668 32
 2335 0038 8D47     		li	a5,3
 2336              		.loc 1 1669 5
 2337 003a 37150140 		li	a0,1073811456
1668:c:/Users/User/Documents/GitHub/ch32h417/EVT/EXAM/SRC/Peripheral/src\ch32h417_rcc.c ****     GPIO_InitStruct.GPIO_Speed = GPIO_Speed_Very_High;
 2338              		.loc 1 1668 32
 2339 003e 3EC4     		sw	a5,8(sp)
 2340              		.loc 1 1669 5 is_stmt 1
 2341 0040 97000000 		call	GPIO_Init
 2341      E7800000 
 2342              	.LVL161:
1670:c:/Users/User/Documents/GitHub/ch32h417/EVT/EXAM/SRC/Peripheral/src\ch32h417_rcc.c **** 
1671:c:/Users/User/Documents/GitHub/ch32h417/EVT/EXAM/SRC/Peripheral/src\ch32h417_rcc.c ****     tmpreg = RCC->BDCTLR;
 2343              		.loc 1 1671 5
 2344              		.loc 1 1671 17 is_stmt 0
 2345 0048 5C50     		lw	a5,36(s0)
 2346              		.loc 1 1671 12
 2347 004a B3C70708 		zext.h	a5,a5
 2348              	.LVL162:
1672:c:/Users/User/Documents/GitHub/ch32h417/EVT/EXAM/SRC/Peripheral/src\ch32h417_rcc.c ****     tmpreg &= ~(7<<3);
 2349              		.loc 1 1672 5 is_stmt 1
 2350              		.loc 1 1672 12 is_stmt 0
 2351 004e 93F777FC 		andi	a5,a5,-57
 2352              	.LVL163:
1673:c:/Users/User/Documents/GitHub/ch32h417/EVT/EXAM/SRC/Peripheral/src\ch32h417_rcc.c ****     tmpreg |= RCC_RTCOutputSource;
 2353              		.loc 1 1673 5 is_stmt 1
1674:c:/Users/User/Documents/GitHub/ch32h417/EVT/EXAM/SRC/Peripheral/src\ch32h417_rcc.c ****     RCC->BDCTLR = tmpreg;
 2354              		.loc 1 1674 5
 2355              		.loc 1 1674 17 is_stmt 0
 2356 0052 33E59700 		or	a0,a5,s1
 2357 0056 48D0     		sw	a0,36(s0)
1675:c:/Users/User/Documents/GitHub/ch32h417/EVT/EXAM/SRC/Peripheral/src\ch32h417_rcc.c **** }
 2358              		.loc 1 1675 1
 2359 0058 4101     		addi	sp,sp,16
 2360              		.cfi_def_cfa_offset 0
 2361 005a 17030000 		tail	__riscv_restore_2
 2361      67000300 
 2362              		.cfi_restore 9
 2363              		.cfi_restore 8
 2364              		.cfi_restore 1
 2365              		.cfi_def_cfa_offset -16
 2366              		.cfi_endproc
 2367              	.LFE98:
 2369              		.section	.sdata.ADCPRETable,"aw"
 2370              		.align	2
 2373              	ADCPRETable:
 2374 0000 02040608 		.ascii	"\002\004\006\b"
 2375              		.section	.sdata.PPRE2Table,"aw"
 2376              		.align	2
 2379              	PPRE2Table:
 2380 0000 00       		.string	""
 2381 0001 00       		.string	""
 2382 0002 00       		.string	""
 2383 0003 00       		.string	""
 2384 0004 01020304 		.ascii	"\001\002\003\004"
 2385              		.section	.sdata.FPRETable,"aw"
 2386              		.align	2
 2389              	FPRETable:
 2390 0000 00       		.string	""
 2391 0001 010202   		.ascii	"\001\002\002"
 2392              		.section	.data.SERDESPLLMULTable,"aw"
 2393              		.align	2
 2396              	SERDESPLLMULTable:
 2397 0000 191C1E20 		.ascii	"\031\034\036 #&(-28<@FLPZ"
 2397      2326282D 
 2397      32383C40 
 2397      464C505A 
 2398              		.section	.data.HBPrescTable,"aw"
 2399              		.align	2
 2402              	HBPrescTable:
 2403 0000 00       		.string	""
 2404 0001 00       		.string	""
 2405 0002 00       		.string	""
 2406 0003 00       		.string	""
 2407 0004 00       		.string	""
 2408 0005 00       		.string	""
 2409 0006 00       		.string	""
 2410 0007 00       		.string	""
 2411 0008 01020304 		.ascii	"\001\002\003\004\006\007\b\t"
 2411      06070809 
 2412              		.section	.data.PLLMULTable,"aw"
 2413              		.align	2
 2416              	PLLMULTable:
 2417 0000 04060708 		.ascii	"\004\006\007\b\021\t\023\n\025\013\027\f\031\r\016\017\020\021"
 2417      1109130A 
 2417      150B170C 
 2417      190D0E0F 
 2417      1011
 2418 0012 12131416 		.ascii	"\022\023\024\026\030\032\034\036 \"$&(;"
 2418      181A1C1E 
 2418      20222426 
 2418      283B
 2419              		.text
 2420              	.Letext0:
 2421              		.file 3 "d:\\mounriver\\mounriver_studio2\\resources\\app\\resources\\win32\\components\\wch\\tool
 2422              		.file 4 "d:\\mounriver\\mounriver_studio2\\resources\\app\\resources\\win32\\components\\wch\\tool
 2423              		.file 5 "c:/Users/User/Documents/GitHub/ch32h417/EVT/EXAM/SRC/Peripheral/inc/ch32h417.h"
 2424              		.file 6 "c:/Users/User/Documents/GitHub/ch32h417/EVT/EXAM/SRC/Peripheral/inc/ch32h417_gpio.h"
 2425              		.file 7 "c:/Users/User/Documents/GitHub/ch32h417/EVT/EXAM/SRC/Peripheral/inc/ch32h417_rcc.h"
DEFINED SYMBOLS
                            *ABS*:0000000000000000 ch32h417_rcc.c
C:\Users\User\AppData\Local\Temp\ccyjN7oT.s:14     .text.RCC_DeInit:0000000000000000 RCC_DeInit
C:\Users\User\AppData\Local\Temp\ccyjN7oT.s:18     .text.RCC_DeInit:0000000000000000 .L0 
C:\Users\User\AppData\Local\Temp\ccyjN7oT.s:19     .text.RCC_DeInit:0000000000000000 .L0 
C:\Users\User\AppData\Local\Temp\ccyjN7oT.s:20     .text.RCC_DeInit:0000000000000000 .L0 
C:\Users\User\AppData\Local\Temp\ccyjN7oT.s:21     .text.RCC_DeInit:0000000000000000 $x
C:\Users\User\AppData\Local\Temp\ccyjN7oT.s:21     .text.RCC_DeInit:0000000000000000 .L0 
C:\Users\User\AppData\Local\Temp\ccyjN7oT.s:24     .text.RCC_DeInit:0000000000000006 .L0 
C:\Users\User\AppData\Local\Temp\ccyjN7oT.s:26     .text.RCC_DeInit:000000000000000a .L0 
C:\Users\User\AppData\Local\Temp\ccyjN7oT.s:29     .text.RCC_DeInit:0000000000000010 .L0 
C:\Users\User\AppData\Local\Temp\ccyjN7oT.s:30     .text.RCC_DeInit:0000000000000010 .L0 
C:\Users\User\AppData\Local\Temp\ccyjN7oT.s:32     .text.RCC_DeInit:0000000000000012 .L0 
C:\Users\User\AppData\Local\Temp\ccyjN7oT.s:35     .text.RCC_DeInit:0000000000000016 .L0 
C:\Users\User\AppData\Local\Temp\ccyjN7oT.s:36     .text.RCC_DeInit:0000000000000016 .L0 
C:\Users\User\AppData\Local\Temp\ccyjN7oT.s:39     .text.RCC_DeInit:000000000000001a .L0 
C:\Users\User\AppData\Local\Temp\ccyjN7oT.s:40     .text.RCC_DeInit:000000000000001a .L0 
C:\Users\User\AppData\Local\Temp\ccyjN7oT.s:41     .text.RCC_DeInit:000000000000001a .L0 
C:\Users\User\AppData\Local\Temp\ccyjN7oT.s:43     .text.RCC_DeInit:000000000000001c .L0 
C:\Users\User\AppData\Local\Temp\ccyjN7oT.s:45     .text.RCC_DeInit:000000000000001e .L0 
C:\Users\User\AppData\Local\Temp\ccyjN7oT.s:47     .text.RCC_DeInit:0000000000000020 .L0 
C:\Users\User\AppData\Local\Temp\ccyjN7oT.s:48     .text.RCC_DeInit:0000000000000020 .L0 
C:\Users\User\AppData\Local\Temp\ccyjN7oT.s:51     .text.RCC_DeInit:0000000000000026 .L0 
C:\Users\User\AppData\Local\Temp\ccyjN7oT.s:54     .text.RCC_DeInit:000000000000002c .L0 
C:\Users\User\AppData\Local\Temp\ccyjN7oT.s:57     .text.RCC_DeInit:0000000000000032 .L0 
C:\Users\User\AppData\Local\Temp\ccyjN7oT.s:58     .text.RCC_DeInit:0000000000000032 .L0 
C:\Users\User\AppData\Local\Temp\ccyjN7oT.s:60     .text.RCC_DeInit:0000000000000034 .L0 
C:\Users\User\AppData\Local\Temp\ccyjN7oT.s:63     .text.RCC_DeInit:000000000000003a .L0 
C:\Users\User\AppData\Local\Temp\ccyjN7oT.s:64     .text.RCC_DeInit:000000000000003a .L0 
C:\Users\User\AppData\Local\Temp\ccyjN7oT.s:66     .text.RCC_DeInit:000000000000003c .L0 
C:\Users\User\AppData\Local\Temp\ccyjN7oT.s:69     .text.RCC_DeInit:0000000000000040 .L0 
C:\Users\User\AppData\Local\Temp\ccyjN7oT.s:70     .text.RCC_DeInit:0000000000000040 .L0 
C:\Users\User\AppData\Local\Temp\ccyjN7oT.s:72     .text.RCC_DeInit:0000000000000042 .L0 
C:\Users\User\AppData\Local\Temp\ccyjN7oT.s:75     .text.RCC_DeInit:0000000000000048 .L0 
C:\Users\User\AppData\Local\Temp\ccyjN7oT.s:76     .text.RCC_DeInit:0000000000000048 .L0 
C:\Users\User\AppData\Local\Temp\ccyjN7oT.s:78     .text.RCC_DeInit:000000000000004a .L0 
C:\Users\User\AppData\Local\Temp\ccyjN7oT.s:82     .text.RCC_DeInit:0000000000000052 .L0 
C:\Users\User\AppData\Local\Temp\ccyjN7oT.s:83     .text.RCC_DeInit:0000000000000052 .L0 
C:\Users\User\AppData\Local\Temp\ccyjN7oT.s:85     .text.RCC_DeInit:0000000000000054 .L0 
C:\Users\User\AppData\Local\Temp\ccyjN7oT.s:87     .text.RCC_DeInit:0000000000000058 .L0 
C:\Users\User\AppData\Local\Temp\ccyjN7oT.s:90     .text.RCC_DeInit:000000000000005e .L0 
C:\Users\User\AppData\Local\Temp\ccyjN7oT.s:91     .text.RCC_DeInit:000000000000005e .L0 
C:\Users\User\AppData\Local\Temp\ccyjN7oT.s:94     .text.RCC_DeInit:0000000000000064 .L0 
C:\Users\User\AppData\Local\Temp\ccyjN7oT.s:95     .text.RCC_DeInit:0000000000000064 .L0 
C:\Users\User\AppData\Local\Temp\ccyjN7oT.s:97     .text.RCC_DeInit:0000000000000066 .L0 
C:\Users\User\AppData\Local\Temp\ccyjN7oT.s:100    .text.RCC_DeInit:000000000000006a .L0 
C:\Users\User\AppData\Local\Temp\ccyjN7oT.s:101    .text.RCC_DeInit:000000000000006a .L0 
C:\Users\User\AppData\Local\Temp\ccyjN7oT.s:103    .text.RCC_DeInit:000000000000006c .L0 
C:\Users\User\AppData\Local\Temp\ccyjN7oT.s:108    .text.RCC_DeInit:0000000000000078 .L0 
C:\Users\User\AppData\Local\Temp\ccyjN7oT.s:109    .text.RCC_DeInit:0000000000000078 .L0 
C:\Users\User\AppData\Local\Temp\ccyjN7oT.s:111    .text.RCC_DeInit:000000000000007a .L0 
C:\Users\User\AppData\Local\Temp\ccyjN7oT.s:116    .text.RCC_DeInit:0000000000000086 .L0 
C:\Users\User\AppData\Local\Temp\ccyjN7oT.s:117    .text.RCC_DeInit:0000000000000088 .L0 
C:\Users\User\AppData\Local\Temp\ccyjN7oT.s:124    .text.RCC_HSEConfig:0000000000000000 RCC_HSEConfig
C:\Users\User\AppData\Local\Temp\ccyjN7oT.s:127    .text.RCC_HSEConfig:0000000000000000 .L0 
C:\Users\User\AppData\Local\Temp\ccyjN7oT.s:129    .text.RCC_HSEConfig:0000000000000000 .L0 
C:\Users\User\AppData\Local\Temp\ccyjN7oT.s:130    .text.RCC_HSEConfig:0000000000000000 .L0 
C:\Users\User\AppData\Local\Temp\ccyjN7oT.s:131    .text.RCC_HSEConfig:0000000000000000 $x
C:\Users\User\AppData\Local\Temp\ccyjN7oT.s:131    .text.RCC_HSEConfig:0000000000000000 .L0 
C:\Users\User\AppData\Local\Temp\ccyjN7oT.s:134    .text.RCC_HSEConfig:0000000000000006 .L0 
C:\Users\User\AppData\Local\Temp\ccyjN7oT.s:137    .text.RCC_HSEConfig:000000000000000c .L0 
C:\Users\User\AppData\Local\Temp\ccyjN7oT.s:138    .text.RCC_HSEConfig:000000000000000c .L0 
C:\Users\User\AppData\Local\Temp\ccyjN7oT.s:140    .text.RCC_HSEConfig:000000000000000e .L0 
C:\Users\User\AppData\Local\Temp\ccyjN7oT.s:143    .text.RCC_HSEConfig:0000000000000014 .L0 
C:\Users\User\AppData\Local\Temp\ccyjN7oT.s:150    .text.RCC_HSEConfig:0000000000000024 .L0 
C:\Users\User\AppData\Local\Temp\ccyjN7oT.s:151    .text.RCC_HSEConfig:0000000000000024 .L0 
C:\Users\User\AppData\Local\Temp\ccyjN7oT.s:153    .text.RCC_HSEConfig:0000000000000026 .L0 
C:\Users\User\AppData\Local\Temp\ccyjN7oT.s:156    .text.RCC_HSEConfig:0000000000000028 .L0 
C:\Users\User\AppData\Local\Temp\ccyjN7oT.s:158    .text.RCC_HSEConfig:000000000000002a .L0 
C:\Users\User\AppData\Local\Temp\ccyjN7oT.s:159    .text.RCC_HSEConfig:000000000000002a .L0 
C:\Users\User\AppData\Local\Temp\ccyjN7oT.s:162    .text.RCC_HSEConfig:000000000000002c .L0 
C:\Users\User\AppData\Local\Temp\ccyjN7oT.s:163    .text.RCC_HSEConfig:000000000000002c .L0 
C:\Users\User\AppData\Local\Temp\ccyjN7oT.s:165    .text.RCC_HSEConfig:000000000000002e .L0 
C:\Users\User\AppData\Local\Temp\ccyjN7oT.s:168    .text.RCC_HSEConfig:0000000000000036 .L0 
C:\Users\User\AppData\Local\Temp\ccyjN7oT.s:175    .text.RCC_AdjustHSICalibrationValue:0000000000000000 RCC_AdjustHSICalibrationValue
C:\Users\User\AppData\Local\Temp\ccyjN7oT.s:178    .text.RCC_AdjustHSICalibrationValue:0000000000000000 .L0 
C:\Users\User\AppData\Local\Temp\ccyjN7oT.s:180    .text.RCC_AdjustHSICalibrationValue:0000000000000000 .L0 
C:\Users\User\AppData\Local\Temp\ccyjN7oT.s:181    .text.RCC_AdjustHSICalibrationValue:0000000000000000 .L0 
C:\Users\User\AppData\Local\Temp\ccyjN7oT.s:182    .text.RCC_AdjustHSICalibrationValue:0000000000000000 .L0 
C:\Users\User\AppData\Local\Temp\ccyjN7oT.s:183    .text.RCC_AdjustHSICalibrationValue:0000000000000000 $x
C:\Users\User\AppData\Local\Temp\ccyjN7oT.s:183    .text.RCC_AdjustHSICalibrationValue:0000000000000000 .L0 
C:\Users\User\AppData\Local\Temp\ccyjN7oT.s:187    .text.RCC_AdjustHSICalibrationValue:0000000000000006 .L0 
C:\Users\User\AppData\Local\Temp\ccyjN7oT.s:188    .text.RCC_AdjustHSICalibrationValue:0000000000000006 .L0 
C:\Users\User\AppData\Local\Temp\ccyjN7oT.s:191    .text.RCC_AdjustHSICalibrationValue:0000000000000008 .L0 
C:\Users\User\AppData\Local\Temp\ccyjN7oT.s:194    .text.RCC_AdjustHSICalibrationValue:000000000000000c .L0 
C:\Users\User\AppData\Local\Temp\ccyjN7oT.s:195    .text.RCC_AdjustHSICalibrationValue:000000000000000c .L0 
C:\Users\User\AppData\Local\Temp\ccyjN7oT.s:198    .text.RCC_AdjustHSICalibrationValue:000000000000000e .L0 
C:\Users\User\AppData\Local\Temp\ccyjN7oT.s:199    .text.RCC_AdjustHSICalibrationValue:000000000000000e .L0 
C:\Users\User\AppData\Local\Temp\ccyjN7oT.s:201    .text.RCC_AdjustHSICalibrationValue:0000000000000010 .L0 
C:\Users\User\AppData\Local\Temp\ccyjN7oT.s:202    .text.RCC_AdjustHSICalibrationValue:0000000000000012 .L0 
C:\Users\User\AppData\Local\Temp\ccyjN7oT.s:209    .text.RCC_HSICmd:0000000000000000 RCC_HSICmd
C:\Users\User\AppData\Local\Temp\ccyjN7oT.s:212    .text.RCC_HSICmd:0000000000000000 .L0 
C:\Users\User\AppData\Local\Temp\ccyjN7oT.s:214    .text.RCC_HSICmd:0000000000000000 .L0 
C:\Users\User\AppData\Local\Temp\ccyjN7oT.s:215    .text.RCC_HSICmd:0000000000000000 .L0 
C:\Users\User\AppData\Local\Temp\ccyjN7oT.s:216    .text.RCC_HSICmd:0000000000000000 $x
C:\Users\User\AppData\Local\Temp\ccyjN7oT.s:216    .text.RCC_HSICmd:0000000000000000 .L0 
C:\Users\User\AppData\Local\Temp\ccyjN7oT.s:219    .text.RCC_HSICmd:0000000000000006 .L0 
C:\Users\User\AppData\Local\Temp\ccyjN7oT.s:221    .text.RCC_HSICmd:0000000000000008 .L0 
C:\Users\User\AppData\Local\Temp\ccyjN7oT.s:222    .text.RCC_HSICmd:0000000000000008 .L0 
C:\Users\User\AppData\Local\Temp\ccyjN7oT.s:225    .text.RCC_HSICmd:000000000000000c .L0 
C:\Users\User\AppData\Local\Temp\ccyjN7oT.s:227    .text.RCC_HSICmd:000000000000000e .L0 
C:\Users\User\AppData\Local\Temp\ccyjN7oT.s:230    .text.RCC_HSICmd:0000000000000010 .L0 
C:\Users\User\AppData\Local\Temp\ccyjN7oT.s:231    .text.RCC_HSICmd:0000000000000010 .L0 
C:\Users\User\AppData\Local\Temp\ccyjN7oT.s:233    .text.RCC_HSICmd:0000000000000014 .L0 
C:\Users\User\AppData\Local\Temp\ccyjN7oT.s:240    .text.RCC_PLLConfig:0000000000000000 RCC_PLLConfig
C:\Users\User\AppData\Local\Temp\ccyjN7oT.s:243    .text.RCC_PLLConfig:0000000000000000 .L0 
C:\Users\User\AppData\Local\Temp\ccyjN7oT.s:245    .text.RCC_PLLConfig:0000000000000000 .L0 
C:\Users\User\AppData\Local\Temp\ccyjN7oT.s:246    .text.RCC_PLLConfig:0000000000000000 .L0 
C:\Users\User\AppData\Local\Temp\ccyjN7oT.s:247    .text.RCC_PLLConfig:0000000000000000 .L0 
C:\Users\User\AppData\Local\Temp\ccyjN7oT.s:248    .text.RCC_PLLConfig:0000000000000000 $x
C:\Users\User\AppData\Local\Temp\ccyjN7oT.s:248    .text.RCC_PLLConfig:0000000000000000 .L0 
C:\Users\User\AppData\Local\Temp\ccyjN7oT.s:252    .text.RCC_PLLConfig:0000000000000006 .L0 
C:\Users\User\AppData\Local\Temp\ccyjN7oT.s:253    .text.RCC_PLLConfig:0000000000000006 .L0 
C:\Users\User\AppData\Local\Temp\ccyjN7oT.s:254    .text.RCC_PLLConfig:0000000000000006 .L0 
C:\Users\User\AppData\Local\Temp\ccyjN7oT.s:261    .text.RCC_PLLConfig:000000000000000e .L0 
C:\Users\User\AppData\Local\Temp\ccyjN7oT.s:264    .text.RCC_PLLConfig:0000000000000010 .L0 
C:\Users\User\AppData\Local\Temp\ccyjN7oT.s:265    .text.RCC_PLLConfig:0000000000000010 .L0 
C:\Users\User\AppData\Local\Temp\ccyjN7oT.s:267    .text.RCC_PLLConfig:0000000000000012 .L0 
C:\Users\User\AppData\Local\Temp\ccyjN7oT.s:268    .text.RCC_PLLConfig:0000000000000014 .L0 
C:\Users\User\AppData\Local\Temp\ccyjN7oT.s:275    .text.RCC_PLLCmd:0000000000000000 RCC_PLLCmd
C:\Users\User\AppData\Local\Temp\ccyjN7oT.s:278    .text.RCC_PLLCmd:0000000000000000 .L0 
C:\Users\User\AppData\Local\Temp\ccyjN7oT.s:280    .text.RCC_PLLCmd:0000000000000000 .L0 
C:\Users\User\AppData\Local\Temp\ccyjN7oT.s:281    .text.RCC_PLLCmd:0000000000000000 .L0 
C:\Users\User\AppData\Local\Temp\ccyjN7oT.s:282    .text.RCC_PLLCmd:0000000000000000 $x
C:\Users\User\AppData\Local\Temp\ccyjN7oT.s:282    .text.RCC_PLLCmd:0000000000000000 .L0 
C:\Users\User\AppData\Local\Temp\ccyjN7oT.s:285    .text.RCC_PLLCmd:0000000000000006 .L0 
C:\Users\User\AppData\Local\Temp\ccyjN7oT.s:287    .text.RCC_PLLCmd:0000000000000008 .L0 
C:\Users\User\AppData\Local\Temp\ccyjN7oT.s:288    .text.RCC_PLLCmd:0000000000000008 .L0 
C:\Users\User\AppData\Local\Temp\ccyjN7oT.s:291    .text.RCC_PLLCmd:000000000000000c .L0 
C:\Users\User\AppData\Local\Temp\ccyjN7oT.s:293    .text.RCC_PLLCmd:000000000000000e .L0 
C:\Users\User\AppData\Local\Temp\ccyjN7oT.s:296    .text.RCC_PLLCmd:0000000000000010 .L0 
C:\Users\User\AppData\Local\Temp\ccyjN7oT.s:297    .text.RCC_PLLCmd:0000000000000010 .L0 
C:\Users\User\AppData\Local\Temp\ccyjN7oT.s:299    .text.RCC_PLLCmd:0000000000000016 .L0 
C:\Users\User\AppData\Local\Temp\ccyjN7oT.s:306    .text.RCC_SYSCLKConfig:0000000000000000 RCC_SYSCLKConfig
C:\Users\User\AppData\Local\Temp\ccyjN7oT.s:309    .text.RCC_SYSCLKConfig:0000000000000000 .L0 
C:\Users\User\AppData\Local\Temp\ccyjN7oT.s:311    .text.RCC_SYSCLKConfig:0000000000000000 .L0 
C:\Users\User\AppData\Local\Temp\ccyjN7oT.s:312    .text.RCC_SYSCLKConfig:0000000000000000 .L0 
C:\Users\User\AppData\Local\Temp\ccyjN7oT.s:313    .text.RCC_SYSCLKConfig:0000000000000000 .L0 
C:\Users\User\AppData\Local\Temp\ccyjN7oT.s:314    .text.RCC_SYSCLKConfig:0000000000000000 $x
C:\Users\User\AppData\Local\Temp\ccyjN7oT.s:314    .text.RCC_SYSCLKConfig:0000000000000000 .L0 
C:\Users\User\AppData\Local\Temp\ccyjN7oT.s:318    .text.RCC_SYSCLKConfig:0000000000000006 .L0 
C:\Users\User\AppData\Local\Temp\ccyjN7oT.s:319    .text.RCC_SYSCLKConfig:0000000000000006 .L0 
C:\Users\User\AppData\Local\Temp\ccyjN7oT.s:322    .text.RCC_SYSCLKConfig:0000000000000008 .L0 
C:\Users\User\AppData\Local\Temp\ccyjN7oT.s:323    .text.RCC_SYSCLKConfig:0000000000000008 .L0 
C:\Users\User\AppData\Local\Temp\ccyjN7oT.s:326    .text.RCC_SYSCLKConfig:000000000000000a .L0 
C:\Users\User\AppData\Local\Temp\ccyjN7oT.s:327    .text.RCC_SYSCLKConfig:000000000000000a .L0 
C:\Users\User\AppData\Local\Temp\ccyjN7oT.s:329    .text.RCC_SYSCLKConfig:000000000000000c .L0 
C:\Users\User\AppData\Local\Temp\ccyjN7oT.s:330    .text.RCC_SYSCLKConfig:000000000000000e .L0 
C:\Users\User\AppData\Local\Temp\ccyjN7oT.s:337    .text.RCC_GetSYSCLKSource:0000000000000000 RCC_GetSYSCLKSource
C:\Users\User\AppData\Local\Temp\ccyjN7oT.s:340    .text.RCC_GetSYSCLKSource:0000000000000000 .L0 
C:\Users\User\AppData\Local\Temp\ccyjN7oT.s:341    .text.RCC_GetSYSCLKSource:0000000000000000 .L0 
C:\Users\User\AppData\Local\Temp\ccyjN7oT.s:342    .text.RCC_GetSYSCLKSource:0000000000000000 .L0 
C:\Users\User\AppData\Local\Temp\ccyjN7oT.s:343    .text.RCC_GetSYSCLKSource:0000000000000000 $x
C:\Users\User\AppData\Local\Temp\ccyjN7oT.s:343    .text.RCC_GetSYSCLKSource:0000000000000000 .L0 
C:\Users\User\AppData\Local\Temp\ccyjN7oT.s:346    .text.RCC_GetSYSCLKSource:0000000000000006 .L0 
C:\Users\User\AppData\Local\Temp\ccyjN7oT.s:348    .text.RCC_GetSYSCLKSource:000000000000000a .L0 
C:\Users\User\AppData\Local\Temp\ccyjN7oT.s:355    .text.RCC_HCLKSourceDivConfig:0000000000000000 RCC_HCLKSourceDivConfig
C:\Users\User\AppData\Local\Temp\ccyjN7oT.s:358    .text.RCC_HCLKSourceDivConfig:0000000000000000 .L0 
C:\Users\User\AppData\Local\Temp\ccyjN7oT.s:360    .text.RCC_HCLKSourceDivConfig:0000000000000000 .L0 
C:\Users\User\AppData\Local\Temp\ccyjN7oT.s:361    .text.RCC_HCLKSourceDivConfig:0000000000000000 .L0 
C:\Users\User\AppData\Local\Temp\ccyjN7oT.s:362    .text.RCC_HCLKSourceDivConfig:0000000000000000 .L0 
C:\Users\User\AppData\Local\Temp\ccyjN7oT.s:363    .text.RCC_HCLKSourceDivConfig:0000000000000000 $x
C:\Users\User\AppData\Local\Temp\ccyjN7oT.s:363    .text.RCC_HCLKSourceDivConfig:0000000000000000 .L0 
C:\Users\User\AppData\Local\Temp\ccyjN7oT.s:367    .text.RCC_HCLKSourceDivConfig:0000000000000006 .L0 
C:\Users\User\AppData\Local\Temp\ccyjN7oT.s:368    .text.RCC_HCLKSourceDivConfig:0000000000000006 .L0 
C:\Users\User\AppData\Local\Temp\ccyjN7oT.s:369    .text.RCC_HCLKSourceDivConfig:0000000000000006 .L0 
C:\Users\User\AppData\Local\Temp\ccyjN7oT.s:375    .text.RCC_HCLKSourceDivConfig:0000000000000012 .L0 
C:\Users\User\AppData\Local\Temp\ccyjN7oT.s:378    .text.RCC_HCLKSourceDivConfig:0000000000000014 .L0 
C:\Users\User\AppData\Local\Temp\ccyjN7oT.s:379    .text.RCC_HCLKSourceDivConfig:0000000000000014 .L0 
C:\Users\User\AppData\Local\Temp\ccyjN7oT.s:381    .text.RCC_HCLKSourceDivConfig:0000000000000016 .L0 
C:\Users\User\AppData\Local\Temp\ccyjN7oT.s:382    .text.RCC_HCLKSourceDivConfig:0000000000000018 .L0 
C:\Users\User\AppData\Local\Temp\ccyjN7oT.s:389    .text.RCC_ITConfig:0000000000000000 RCC_ITConfig
C:\Users\User\AppData\Local\Temp\ccyjN7oT.s:392    .text.RCC_ITConfig:0000000000000000 .L0 
C:\Users\User\AppData\Local\Temp\ccyjN7oT.s:394    .text.RCC_ITConfig:0000000000000000 .L0 
C:\Users\User\AppData\Local\Temp\ccyjN7oT.s:395    .text.RCC_ITConfig:0000000000000000 .L0 
C:\Users\User\AppData\Local\Temp\ccyjN7oT.s:396    .text.RCC_ITConfig:0000000000000000 $x
C:\Users\User\AppData\Local\Temp\ccyjN7oT.s:396    .text.RCC_ITConfig:0000000000000000 .L0 
C:\Users\User\AppData\Local\Temp\ccyjN7oT.s:398    .text.RCC_ITConfig:0000000000000002 .L0 
C:\Users\User\AppData\Local\Temp\ccyjN7oT.s:401    .text.RCC_ITConfig:0000000000000008 .L0 
C:\Users\User\AppData\Local\Temp\ccyjN7oT.s:406    .text.RCC_ITConfig:000000000000000e .L0 
C:\Users\User\AppData\Local\Temp\ccyjN7oT.s:409    .text.RCC_ITConfig:0000000000000014 .L0 
C:\Users\User\AppData\Local\Temp\ccyjN7oT.s:413    .text.RCC_ITConfig:000000000000001a .L0 
C:\Users\User\AppData\Local\Temp\ccyjN7oT.s:414    .text.RCC_ITConfig:000000000000001c .L0 
C:\Users\User\AppData\Local\Temp\ccyjN7oT.s:421    .text.RCC_ADCUSBHSPLLCLKAsSourceConfig:0000000000000000 RCC_ADCUSBHSPLLCLKAsSourceConfig
C:\Users\User\AppData\Local\Temp\ccyjN7oT.s:424    .text.RCC_ADCUSBHSPLLCLKAsSourceConfig:0000000000000000 .L0 
C:\Users\User\AppData\Local\Temp\ccyjN7oT.s:426    .text.RCC_ADCUSBHSPLLCLKAsSourceConfig:0000000000000000 .L0 
C:\Users\User\AppData\Local\Temp\ccyjN7oT.s:427    .text.RCC_ADCUSBHSPLLCLKAsSourceConfig:0000000000000000 .L0 
C:\Users\User\AppData\Local\Temp\ccyjN7oT.s:428    .text.RCC_ADCUSBHSPLLCLKAsSourceConfig:0000000000000000 .L0 
C:\Users\User\AppData\Local\Temp\ccyjN7oT.s:429    .text.RCC_ADCUSBHSPLLCLKAsSourceConfig:0000000000000000 $x
C:\Users\User\AppData\Local\Temp\ccyjN7oT.s:429    .text.RCC_ADCUSBHSPLLCLKAsSourceConfig:0000000000000000 .L0 
C:\Users\User\AppData\Local\Temp\ccyjN7oT.s:433    .text.RCC_ADCUSBHSPLLCLKAsSourceConfig:0000000000000006 .L0 
C:\Users\User\AppData\Local\Temp\ccyjN7oT.s:434    .text.RCC_ADCUSBHSPLLCLKAsSourceConfig:0000000000000006 .L0 
C:\Users\User\AppData\Local\Temp\ccyjN7oT.s:439    .text.RCC_ADCUSBHSPLLCLKAsSourceConfig:000000000000000e .L0 
C:\Users\User\AppData\Local\Temp\ccyjN7oT.s:440    .text.RCC_ADCUSBHSPLLCLKAsSourceConfig:000000000000000e .L0 
C:\Users\User\AppData\Local\Temp\ccyjN7oT.s:443    .text.RCC_ADCUSBHSPLLCLKAsSourceConfig:0000000000000010 .L0 
C:\Users\User\AppData\Local\Temp\ccyjN7oT.s:446    .text.RCC_ADCUSBHSPLLCLKAsSourceConfig:0000000000000012 .L0 
C:\Users\User\AppData\Local\Temp\ccyjN7oT.s:447    .text.RCC_ADCUSBHSPLLCLKAsSourceConfig:0000000000000012 .L0 
C:\Users\User\AppData\Local\Temp\ccyjN7oT.s:449    .text.RCC_ADCUSBHSPLLCLKAsSourceConfig:0000000000000014 .L0 
C:\Users\User\AppData\Local\Temp\ccyjN7oT.s:450    .text.RCC_ADCUSBHSPLLCLKAsSourceConfig:0000000000000016 .L0 
C:\Users\User\AppData\Local\Temp\ccyjN7oT.s:457    .text.RCC_ADCHCLKCLKAsSourceConfig:0000000000000000 RCC_ADCHCLKCLKAsSourceConfig
C:\Users\User\AppData\Local\Temp\ccyjN7oT.s:460    .text.RCC_ADCHCLKCLKAsSourceConfig:0000000000000000 .L0 
C:\Users\User\AppData\Local\Temp\ccyjN7oT.s:462    .text.RCC_ADCHCLKCLKAsSourceConfig:0000000000000000 .L0 
C:\Users\User\AppData\Local\Temp\ccyjN7oT.s:463    .text.RCC_ADCHCLKCLKAsSourceConfig:0000000000000000 .L0 
C:\Users\User\AppData\Local\Temp\ccyjN7oT.s:464    .text.RCC_ADCHCLKCLKAsSourceConfig:0000000000000000 .L0 
C:\Users\User\AppData\Local\Temp\ccyjN7oT.s:465    .text.RCC_ADCHCLKCLKAsSourceConfig:0000000000000000 $x
C:\Users\User\AppData\Local\Temp\ccyjN7oT.s:465    .text.RCC_ADCHCLKCLKAsSourceConfig:0000000000000000 .L0 
C:\Users\User\AppData\Local\Temp\ccyjN7oT.s:469    .text.RCC_ADCHCLKCLKAsSourceConfig:0000000000000006 .L0 
C:\Users\User\AppData\Local\Temp\ccyjN7oT.s:470    .text.RCC_ADCHCLKCLKAsSourceConfig:0000000000000006 .L0 
C:\Users\User\AppData\Local\Temp\ccyjN7oT.s:471    .text.RCC_ADCHCLKCLKAsSourceConfig:0000000000000006 .L0 
C:\Users\User\AppData\Local\Temp\ccyjN7oT.s:474    .text.RCC_ADCHCLKCLKAsSourceConfig:000000000000000c .L0 
C:\Users\User\AppData\Local\Temp\ccyjN7oT.s:477    .text.RCC_ADCHCLKCLKAsSourceConfig:000000000000000e .L0 
C:\Users\User\AppData\Local\Temp\ccyjN7oT.s:481    .text.RCC_ADCHCLKCLKAsSourceConfig:0000000000000012 .L0 
C:\Users\User\AppData\Local\Temp\ccyjN7oT.s:484    .text.RCC_ADCHCLKCLKAsSourceConfig:0000000000000014 .L0 
C:\Users\User\AppData\Local\Temp\ccyjN7oT.s:487    .text.RCC_ADCHCLKCLKAsSourceConfig:0000000000000016 .L0 
C:\Users\User\AppData\Local\Temp\ccyjN7oT.s:488    .text.RCC_ADCHCLKCLKAsSourceConfig:0000000000000016 .L0 
C:\Users\User\AppData\Local\Temp\ccyjN7oT.s:490    .text.RCC_ADCHCLKCLKAsSourceConfig:0000000000000018 .L0 
C:\Users\User\AppData\Local\Temp\ccyjN7oT.s:491    .text.RCC_ADCHCLKCLKAsSourceConfig:000000000000001a .L0 
C:\Users\User\AppData\Local\Temp\ccyjN7oT.s:498    .text.RCC_LSEConfig:0000000000000000 RCC_LSEConfig
C:\Users\User\AppData\Local\Temp\ccyjN7oT.s:501    .text.RCC_LSEConfig:0000000000000000 .L0 
C:\Users\User\AppData\Local\Temp\ccyjN7oT.s:503    .text.RCC_LSEConfig:0000000000000000 .L0 
C:\Users\User\AppData\Local\Temp\ccyjN7oT.s:504    .text.RCC_LSEConfig:0000000000000000 .L0 
C:\Users\User\AppData\Local\Temp\ccyjN7oT.s:505    .text.RCC_LSEConfig:0000000000000000 $x
C:\Users\User\AppData\Local\Temp\ccyjN7oT.s:505    .text.RCC_LSEConfig:0000000000000000 .L0 
C:\Users\User\AppData\Local\Temp\ccyjN7oT.s:508    .text.RCC_LSEConfig:0000000000000008 .L0 
C:\Users\User\AppData\Local\Temp\ccyjN7oT.s:509    .text.RCC_LSEConfig:0000000000000008 .L0 
C:\Users\User\AppData\Local\Temp\ccyjN7oT.s:511    .text.RCC_LSEConfig:000000000000000c .L0 
C:\Users\User\AppData\Local\Temp\ccyjN7oT.s:518    .text.RCC_LSEConfig:000000000000001a .L0 
C:\Users\User\AppData\Local\Temp\ccyjN7oT.s:519    .text.RCC_LSEConfig:000000000000001a .L0 
C:\Users\User\AppData\Local\Temp\ccyjN7oT.s:521    .text.RCC_LSEConfig:000000000000001e .L0 
C:\Users\User\AppData\Local\Temp\ccyjN7oT.s:524    .text.RCC_LSEConfig:0000000000000020 .L0 
C:\Users\User\AppData\Local\Temp\ccyjN7oT.s:525    .text.RCC_LSEConfig:0000000000000020 .L0 
C:\Users\User\AppData\Local\Temp\ccyjN7oT.s:528    .text.RCC_LSEConfig:0000000000000026 .L0 
C:\Users\User\AppData\Local\Temp\ccyjN7oT.s:529    .text.RCC_LSEConfig:0000000000000026 .L0 
C:\Users\User\AppData\Local\Temp\ccyjN7oT.s:530    .text.RCC_LSEConfig:0000000000000028 .L0 
C:\Users\User\AppData\Local\Temp\ccyjN7oT.s:537    .text.RCC_LSICmd:0000000000000000 RCC_LSICmd
C:\Users\User\AppData\Local\Temp\ccyjN7oT.s:540    .text.RCC_LSICmd:0000000000000000 .L0 
C:\Users\User\AppData\Local\Temp\ccyjN7oT.s:542    .text.RCC_LSICmd:0000000000000000 .L0 
C:\Users\User\AppData\Local\Temp\ccyjN7oT.s:543    .text.RCC_LSICmd:0000000000000000 .L0 
C:\Users\User\AppData\Local\Temp\ccyjN7oT.s:544    .text.RCC_LSICmd:0000000000000000 $x
C:\Users\User\AppData\Local\Temp\ccyjN7oT.s:544    .text.RCC_LSICmd:0000000000000000 .L0 
C:\Users\User\AppData\Local\Temp\ccyjN7oT.s:547    .text.RCC_LSICmd:0000000000000006 .L0 
C:\Users\User\AppData\Local\Temp\ccyjN7oT.s:549    .text.RCC_LSICmd:0000000000000008 .L0 
C:\Users\User\AppData\Local\Temp\ccyjN7oT.s:550    .text.RCC_LSICmd:0000000000000008 .L0 
C:\Users\User\AppData\Local\Temp\ccyjN7oT.s:553    .text.RCC_LSICmd:000000000000000c .L0 
C:\Users\User\AppData\Local\Temp\ccyjN7oT.s:555    .text.RCC_LSICmd:000000000000000e .L0 
C:\Users\User\AppData\Local\Temp\ccyjN7oT.s:558    .text.RCC_LSICmd:0000000000000010 .L0 
C:\Users\User\AppData\Local\Temp\ccyjN7oT.s:559    .text.RCC_LSICmd:0000000000000010 .L0 
C:\Users\User\AppData\Local\Temp\ccyjN7oT.s:561    .text.RCC_LSICmd:0000000000000014 .L0 
C:\Users\User\AppData\Local\Temp\ccyjN7oT.s:568    .text.RCC_RTCCLKConfig:0000000000000000 RCC_RTCCLKConfig
C:\Users\User\AppData\Local\Temp\ccyjN7oT.s:571    .text.RCC_RTCCLKConfig:0000000000000000 .L0 
C:\Users\User\AppData\Local\Temp\ccyjN7oT.s:573    .text.RCC_RTCCLKConfig:0000000000000000 .L0 
C:\Users\User\AppData\Local\Temp\ccyjN7oT.s:574    .text.RCC_RTCCLKConfig:0000000000000000 .L0 
C:\Users\User\AppData\Local\Temp\ccyjN7oT.s:575    .text.RCC_RTCCLKConfig:0000000000000000 $x
C:\Users\User\AppData\Local\Temp\ccyjN7oT.s:575    .text.RCC_RTCCLKConfig:0000000000000000 .L0 
C:\Users\User\AppData\Local\Temp\ccyjN7oT.s:578    .text.RCC_RTCCLKConfig:0000000000000006 .L0 
C:\Users\User\AppData\Local\Temp\ccyjN7oT.s:581    .text.RCC_RTCCLKConfig:000000000000000c .L0 
C:\Users\User\AppData\Local\Temp\ccyjN7oT.s:582    .text.RCC_RTCCLKConfig:000000000000000c .L0 
C:\Users\User\AppData\Local\Temp\ccyjN7oT.s:584    .text.RCC_RTCCLKConfig:000000000000000e .L0 
C:\Users\User\AppData\Local\Temp\ccyjN7oT.s:587    .text.RCC_RTCCLKConfig:0000000000000012 .L0 
C:\Users\User\AppData\Local\Temp\ccyjN7oT.s:588    .text.RCC_RTCCLKConfig:0000000000000014 .L0 
C:\Users\User\AppData\Local\Temp\ccyjN7oT.s:595    .text.RCC_RTCCLKCmd:0000000000000000 RCC_RTCCLKCmd
C:\Users\User\AppData\Local\Temp\ccyjN7oT.s:598    .text.RCC_RTCCLKCmd:0000000000000000 .L0 
C:\Users\User\AppData\Local\Temp\ccyjN7oT.s:600    .text.RCC_RTCCLKCmd:0000000000000000 .L0 
C:\Users\User\AppData\Local\Temp\ccyjN7oT.s:601    .text.RCC_RTCCLKCmd:0000000000000000 .L0 
C:\Users\User\AppData\Local\Temp\ccyjN7oT.s:602    .text.RCC_RTCCLKCmd:0000000000000000 $x
C:\Users\User\AppData\Local\Temp\ccyjN7oT.s:602    .text.RCC_RTCCLKCmd:0000000000000000 .L0 
C:\Users\User\AppData\Local\Temp\ccyjN7oT.s:605    .text.RCC_RTCCLKCmd:0000000000000006 .L0 
C:\Users\User\AppData\Local\Temp\ccyjN7oT.s:607    .text.RCC_RTCCLKCmd:0000000000000008 .L0 
C:\Users\User\AppData\Local\Temp\ccyjN7oT.s:608    .text.RCC_RTCCLKCmd:0000000000000008 .L0 
C:\Users\User\AppData\Local\Temp\ccyjN7oT.s:611    .text.RCC_RTCCLKCmd:000000000000000c .L0 
C:\Users\User\AppData\Local\Temp\ccyjN7oT.s:613    .text.RCC_RTCCLKCmd:000000000000000e .L0 
C:\Users\User\AppData\Local\Temp\ccyjN7oT.s:616    .text.RCC_RTCCLKCmd:0000000000000010 .L0 
C:\Users\User\AppData\Local\Temp\ccyjN7oT.s:617    .text.RCC_RTCCLKCmd:0000000000000010 .L0 
C:\Users\User\AppData\Local\Temp\ccyjN7oT.s:619    .text.RCC_RTCCLKCmd:0000000000000016 .L0 
C:\Users\User\AppData\Local\Temp\ccyjN7oT.s:626    .text.RCC_GetClocksFreq:0000000000000000 RCC_GetClocksFreq
C:\Users\User\AppData\Local\Temp\ccyjN7oT.s:629    .text.RCC_GetClocksFreq:0000000000000000 .L0 
C:\Users\User\AppData\Local\Temp\ccyjN7oT.s:631    .text.RCC_GetClocksFreq:0000000000000000 .L0 
C:\Users\User\AppData\Local\Temp\ccyjN7oT.s:632    .text.RCC_GetClocksFreq:0000000000000000 .L0 
C:\Users\User\AppData\Local\Temp\ccyjN7oT.s:633    .text.RCC_GetClocksFreq:0000000000000000 .L0 
C:\Users\User\AppData\Local\Temp\ccyjN7oT.s:634    .text.RCC_GetClocksFreq:0000000000000000 $x
C:\Users\User\AppData\Local\Temp\ccyjN7oT.s:634    .text.RCC_GetClocksFreq:0000000000000000 .L0 
C:\Users\User\AppData\Local\Temp\ccyjN7oT.s:638    .text.RCC_GetClocksFreq:0000000000000006 .L0 
C:\Users\User\AppData\Local\Temp\ccyjN7oT.s:639    .text.RCC_GetClocksFreq:0000000000000006 .L0 
C:\Users\User\AppData\Local\Temp\ccyjN7oT.s:642    .text.RCC_GetClocksFreq:0000000000000008 .L0 
C:\Users\User\AppData\Local\Temp\ccyjN7oT.s:644    .text.RCC_GetClocksFreq:000000000000000a .L0 
C:\Users\User\AppData\Local\Temp\ccyjN7oT.s:647    .text.RCC_GetClocksFreq:000000000000000c .L0 
C:\Users\User\AppData\Local\Temp\ccyjN7oT.s:649    .text.RCC_GetClocksFreq:0000000000000010 .L0 
C:\Users\User\AppData\Local\Temp\ccyjN7oT.s:650    .text.RCC_GetClocksFreq:0000000000000010 .L0 
C:\Users\User\AppData\Local\Temp\ccyjN7oT.s:666    .text.RCC_GetClocksFreq:0000000000000034 .L0 
C:\Users\User\AppData\Local\Temp\ccyjN7oT.s:678    .text.RCC_GetClocksFreq:0000000000000050 .L0 
C:\Users\User\AppData\Local\Temp\ccyjN7oT.s:679    .text.RCC_GetClocksFreq:0000000000000050 .L0 
C:\Users\User\AppData\Local\Temp\ccyjN7oT.s:681    .text.RCC_GetClocksFreq:0000000000000052 .L0 
C:\Users\User\AppData\Local\Temp\ccyjN7oT.s:683    .text.RCC_GetClocksFreq:0000000000000054 .L0 
C:\Users\User\AppData\Local\Temp\ccyjN7oT.s:686    .text.RCC_GetClocksFreq:0000000000000056 .L0 
C:\Users\User\AppData\Local\Temp\ccyjN7oT.s:688    .text.RCC_GetClocksFreq:000000000000005a .L0 
C:\Users\User\AppData\Local\Temp\ccyjN7oT.s:690    .text.RCC_GetClocksFreq:000000000000005e .L0 
C:\Users\User\AppData\Local\Temp\ccyjN7oT.s:693    .text.RCC_GetClocksFreq:0000000000000064 .L0 
C:\Users\User\AppData\Local\Temp\ccyjN7oT.s:696    .text.RCC_GetClocksFreq:0000000000000066 .L0 
C:\Users\User\AppData\Local\Temp\ccyjN7oT.s:697    .text.RCC_GetClocksFreq:0000000000000066 .L0 
C:\Users\User\AppData\Local\Temp\ccyjN7oT.s:698    .text.RCC_GetClocksFreq:0000000000000066 .L0 
C:\Users\User\AppData\Local\Temp\ccyjN7oT.s:701    .text.RCC_GetClocksFreq:0000000000000068 .L0 
C:\Users\User\AppData\Local\Temp\ccyjN7oT.s:702    .text.RCC_GetClocksFreq:0000000000000068 .L0 
C:\Users\User\AppData\Local\Temp\ccyjN7oT.s:704    .text.RCC_GetClocksFreq:000000000000006c .L0 
C:\Users\User\AppData\Local\Temp\ccyjN7oT.s:705    .text.RCC_GetClocksFreq:000000000000006c .L0 
C:\Users\User\AppData\Local\Temp\ccyjN7oT.s:710    .text.RCC_GetClocksFreq:0000000000000074 .L0 
C:\Users\User\AppData\Local\Temp\ccyjN7oT.s:2416   .data.PLLMULTable:0000000000000000 PLLMULTable
C:\Users\User\AppData\Local\Temp\ccyjN7oT.s:713    .text.RCC_GetClocksFreq:0000000000000078 .L0 
C:\Users\User\AppData\Local\Temp\ccyjN7oT.s:716    .text.RCC_GetClocksFreq:0000000000000080 .L0 
C:\Users\User\AppData\Local\Temp\ccyjN7oT.s:719    .text.RCC_GetClocksFreq:0000000000000084 .L0 
C:\Users\User\AppData\Local\Temp\ccyjN7oT.s:721    .text.RCC_GetClocksFreq:0000000000000086 .L0 
C:\Users\User\AppData\Local\Temp\ccyjN7oT.s:723    .text.RCC_GetClocksFreq:000000000000008a .L0 
C:\Users\User\AppData\Local\Temp\ccyjN7oT.s:732    .text.RCC_GetClocksFreq:000000000000009c .L0 
C:\Users\User\AppData\Local\Temp\ccyjN7oT.s:735    .text.RCC_GetClocksFreq:000000000000009e .L0 
C:\Users\User\AppData\Local\Temp\ccyjN7oT.s:736    .text.RCC_GetClocksFreq:000000000000009e .L0 
C:\Users\User\AppData\Local\Temp\ccyjN7oT.s:738    .text.RCC_GetClocksFreq:00000000000000a0 .L0 
C:\Users\User\AppData\Local\Temp\ccyjN7oT.s:739    .text.RCC_GetClocksFreq:00000000000000a0 .L0 
C:\Users\User\AppData\Local\Temp\ccyjN7oT.s:2402   .data.HBPrescTable:0000000000000000 HBPrescTable
C:\Users\User\AppData\Local\Temp\ccyjN7oT.s:742    .text.RCC_GetClocksFreq:00000000000000a6 .L0 
C:\Users\User\AppData\Local\Temp\ccyjN7oT.s:745    .text.RCC_GetClocksFreq:00000000000000ae .L0 
C:\Users\User\AppData\Local\Temp\ccyjN7oT.s:747    .text.RCC_GetClocksFreq:00000000000000b0 .L0 
C:\Users\User\AppData\Local\Temp\ccyjN7oT.s:750    .text.RCC_GetClocksFreq:00000000000000b2 .L0 
C:\Users\User\AppData\Local\Temp\ccyjN7oT.s:751    .text.RCC_GetClocksFreq:00000000000000b2 .L0 
C:\Users\User\AppData\Local\Temp\ccyjN7oT.s:755    .text.RCC_GetClocksFreq:00000000000000b6 .L0 
C:\Users\User\AppData\Local\Temp\ccyjN7oT.s:2389   .sdata.FPRETable:0000000000000000 FPRETable
C:\Users\User\AppData\Local\Temp\ccyjN7oT.s:756    .text.RCC_GetClocksFreq:00000000000000b6 .L0 
C:\Users\User\AppData\Local\Temp\ccyjN7oT.s:760    .text.RCC_GetClocksFreq:00000000000000be .L0 
C:\Users\User\AppData\Local\Temp\ccyjN7oT.s:763    .text.RCC_GetClocksFreq:00000000000000c2 .L0 
C:\Users\User\AppData\Local\Temp\ccyjN7oT.s:764    .text.RCC_GetClocksFreq:00000000000000c2 .L0 
C:\Users\User\AppData\Local\Temp\ccyjN7oT.s:770    .text.RCC_GetClocksFreq:00000000000000c4 .L0 
C:\Users\User\AppData\Local\Temp\ccyjN7oT.s:774    .text.RCC_GetClocksFreq:00000000000000c6 .L0 
C:\Users\User\AppData\Local\Temp\ccyjN7oT.s:776    .text.RCC_GetClocksFreq:00000000000000c8 .L0 
C:\Users\User\AppData\Local\Temp\ccyjN7oT.s:779    .text.RCC_GetClocksFreq:00000000000000ca .L0 
C:\Users\User\AppData\Local\Temp\ccyjN7oT.s:780    .text.RCC_GetClocksFreq:00000000000000ca .L0 
C:\Users\User\AppData\Local\Temp\ccyjN7oT.s:787    .text.RCC_GetClocksFreq:00000000000000ce .L0 
C:\Users\User\AppData\Local\Temp\ccyjN7oT.s:788    .text.RCC_GetClocksFreq:00000000000000ce .L0 
C:\Users\User\AppData\Local\Temp\ccyjN7oT.s:792    .text.RCC_GetClocksFreq:00000000000000d2 .L0 
C:\Users\User\AppData\Local\Temp\ccyjN7oT.s:795    .text.RCC_GetClocksFreq:00000000000000d6 .L0 
C:\Users\User\AppData\Local\Temp\ccyjN7oT.s:799    .text.RCC_GetClocksFreq:00000000000000d8 .L0 
C:\Users\User\AppData\Local\Temp\ccyjN7oT.s:800    .text.RCC_GetClocksFreq:00000000000000d8 .L0 
C:\Users\User\AppData\Local\Temp\ccyjN7oT.s:801    .text.RCC_GetClocksFreq:00000000000000d8 .L0 
C:\Users\User\AppData\Local\Temp\ccyjN7oT.s:803    .text.RCC_GetClocksFreq:00000000000000dc .L0 
C:\Users\User\AppData\Local\Temp\ccyjN7oT.s:807    .text.RCC_GetClocksFreq:00000000000000de .L0 
C:\Users\User\AppData\Local\Temp\ccyjN7oT.s:809    .text.RCC_GetClocksFreq:00000000000000e0 .L0 
C:\Users\User\AppData\Local\Temp\ccyjN7oT.s:814    .text.RCC_GetClocksFreq:00000000000000e4 .L0 
C:\Users\User\AppData\Local\Temp\ccyjN7oT.s:815    .text.RCC_GetClocksFreq:00000000000000e4 .L0 
C:\Users\User\AppData\Local\Temp\ccyjN7oT.s:818    .text.RCC_GetClocksFreq:00000000000000ea .L0 
C:\Users\User\AppData\Local\Temp\ccyjN7oT.s:820    .text.RCC_GetClocksFreq:00000000000000ee .L0 
C:\Users\User\AppData\Local\Temp\ccyjN7oT.s:821    .text.RCC_GetClocksFreq:00000000000000ee .L0 
C:\Users\User\AppData\Local\Temp\ccyjN7oT.s:823    .text.RCC_GetClocksFreq:00000000000000f0 .L0 
C:\Users\User\AppData\Local\Temp\ccyjN7oT.s:826    .text.RCC_GetClocksFreq:00000000000000f8 .L0 
C:\Users\User\AppData\Local\Temp\ccyjN7oT.s:829    .text.RCC_GetClocksFreq:00000000000000fc .L0 
C:\Users\User\AppData\Local\Temp\ccyjN7oT.s:833    .text.RCC_GetClocksFreq:00000000000000fe .L0 
C:\Users\User\AppData\Local\Temp\ccyjN7oT.s:836    .text.RCC_GetClocksFreq:0000000000000104 .L0 
C:\Users\User\AppData\Local\Temp\ccyjN7oT.s:840    .text.RCC_GetClocksFreq:0000000000000106 .L0 
C:\Users\User\AppData\Local\Temp\ccyjN7oT.s:841    .text.RCC_GetClocksFreq:0000000000000106 .L0 
C:\Users\User\AppData\Local\Temp\ccyjN7oT.s:844    .text.RCC_GetClocksFreq:000000000000010e .L0 
C:\Users\User\AppData\Local\Temp\ccyjN7oT.s:845    .text.RCC_GetClocksFreq:000000000000010e .L0 
C:\Users\User\AppData\Local\Temp\ccyjN7oT.s:2396   .data.SERDESPLLMULTable:0000000000000000 SERDESPLLMULTable
C:\Users\User\AppData\Local\Temp\ccyjN7oT.s:848    .text.RCC_GetClocksFreq:0000000000000110 .L0 
C:\Users\User\AppData\Local\Temp\ccyjN7oT.s:851    .text.RCC_GetClocksFreq:0000000000000118 .L0 
C:\Users\User\AppData\Local\Temp\ccyjN7oT.s:853    .text.RCC_GetClocksFreq:000000000000011a .L0 
C:\Users\User\AppData\Local\Temp\ccyjN7oT.s:856    .text.RCC_GetClocksFreq:000000000000011e .L0 
C:\Users\User\AppData\Local\Temp\ccyjN7oT.s:860    .text.RCC_GetClocksFreq:000000000000012a .L0 
C:\Users\User\AppData\Local\Temp\ccyjN7oT.s:865    .text.RCC_GetClocksFreq:000000000000012e .L0 
C:\Users\User\AppData\Local\Temp\ccyjN7oT.s:866    .text.RCC_GetClocksFreq:000000000000012e .L0 
C:\Users\User\AppData\Local\Temp\ccyjN7oT.s:869    .text.RCC_GetClocksFreq:0000000000000136 .L0 
C:\Users\User\AppData\Local\Temp\ccyjN7oT.s:870    .text.RCC_GetClocksFreq:0000000000000136 .L0 
C:\Users\User\AppData\Local\Temp\ccyjN7oT.s:875    .text.RCC_GetClocksFreq:0000000000000140 .L0 
C:\Users\User\AppData\Local\Temp\ccyjN7oT.s:876    .text.RCC_GetClocksFreq:0000000000000140 .L0 
C:\Users\User\AppData\Local\Temp\ccyjN7oT.s:879    .text.RCC_GetClocksFreq:0000000000000148 .L0 
C:\Users\User\AppData\Local\Temp\ccyjN7oT.s:880    .text.RCC_GetClocksFreq:0000000000000148 .L0 
C:\Users\User\AppData\Local\Temp\ccyjN7oT.s:885    .text.RCC_GetClocksFreq:0000000000000152 .L0 
C:\Users\User\AppData\Local\Temp\ccyjN7oT.s:886    .text.RCC_GetClocksFreq:0000000000000152 .L0 
C:\Users\User\AppData\Local\Temp\ccyjN7oT.s:892    .text.RCC_GetClocksFreq:000000000000015c .L0 
C:\Users\User\AppData\Local\Temp\ccyjN7oT.s:893    .text.RCC_GetClocksFreq:000000000000015c .L0 
C:\Users\User\AppData\Local\Temp\ccyjN7oT.s:896    .text.RCC_GetClocksFreq:000000000000015e .L0 
C:\Users\User\AppData\Local\Temp\ccyjN7oT.s:899    .text.RCC_GetClocksFreq:0000000000000166 .L0 
C:\Users\User\AppData\Local\Temp\ccyjN7oT.s:902    .text.RCC_GetClocksFreq:0000000000000168 .L0 
C:\Users\User\AppData\Local\Temp\ccyjN7oT.s:903    .text.RCC_GetClocksFreq:0000000000000168 .L0 
C:\Users\User\AppData\Local\Temp\ccyjN7oT.s:906    .text.RCC_GetClocksFreq:000000000000016c .L0 
C:\Users\User\AppData\Local\Temp\ccyjN7oT.s:919    .text.RCC_GetClocksFreq:0000000000000184 .L0 
C:\Users\User\AppData\Local\Temp\ccyjN7oT.s:920    .text.RCC_GetClocksFreq:0000000000000184 .L0 
C:\Users\User\AppData\Local\Temp\ccyjN7oT.s:2379   .sdata.PPRE2Table:0000000000000000 PPRE2Table
C:\Users\User\AppData\Local\Temp\ccyjN7oT.s:922    .text.RCC_GetClocksFreq:0000000000000186 .L0 
C:\Users\User\AppData\Local\Temp\ccyjN7oT.s:925    .text.RCC_GetClocksFreq:000000000000018e .L0 
C:\Users\User\AppData\Local\Temp\ccyjN7oT.s:927    .text.RCC_GetClocksFreq:0000000000000190 .L0 
C:\Users\User\AppData\Local\Temp\ccyjN7oT.s:930    .text.RCC_GetClocksFreq:0000000000000192 .L0 
C:\Users\User\AppData\Local\Temp\ccyjN7oT.s:931    .text.RCC_GetClocksFreq:0000000000000192 .L0 
C:\Users\User\AppData\Local\Temp\ccyjN7oT.s:935    .text.RCC_GetClocksFreq:0000000000000196 .L0 
C:\Users\User\AppData\Local\Temp\ccyjN7oT.s:936    .text.RCC_GetClocksFreq:0000000000000196 .L0 
C:\Users\User\AppData\Local\Temp\ccyjN7oT.s:937    .text.RCC_GetClocksFreq:0000000000000196 .L0 
C:\Users\User\AppData\Local\Temp\ccyjN7oT.s:2373   .sdata.ADCPRETable:0000000000000000 ADCPRETable
C:\Users\User\AppData\Local\Temp\ccyjN7oT.s:939    .text.RCC_GetClocksFreq:0000000000000198 .L0 
C:\Users\User\AppData\Local\Temp\ccyjN7oT.s:943    .text.RCC_GetClocksFreq:00000000000001a0 .L0 
C:\Users\User\AppData\Local\Temp\ccyjN7oT.s:945    .text.RCC_GetClocksFreq:00000000000001a2 .L0 
C:\Users\User\AppData\Local\Temp\ccyjN7oT.s:948    .text.RCC_GetClocksFreq:00000000000001a4 .L0 
C:\Users\User\AppData\Local\Temp\ccyjN7oT.s:949    .text.RCC_GetClocksFreq:00000000000001a4 .L0 
C:\Users\User\AppData\Local\Temp\ccyjN7oT.s:954    .text.RCC_GetClocksFreq:00000000000001a8 .L0 
C:\Users\User\AppData\Local\Temp\ccyjN7oT.s:955    .text.RCC_GetClocksFreq:00000000000001a8 .L0 
C:\Users\User\AppData\Local\Temp\ccyjN7oT.s:957    .text.RCC_GetClocksFreq:00000000000001ae .L0 
C:\Users\User\AppData\Local\Temp\ccyjN7oT.s:964    .text.RCC_HBPeriphClockCmd:0000000000000000 RCC_HBPeriphClockCmd
C:\Users\User\AppData\Local\Temp\ccyjN7oT.s:967    .text.RCC_HBPeriphClockCmd:0000000000000000 .L0 
C:\Users\User\AppData\Local\Temp\ccyjN7oT.s:969    .text.RCC_HBPeriphClockCmd:0000000000000000 .L0 
C:\Users\User\AppData\Local\Temp\ccyjN7oT.s:970    .text.RCC_HBPeriphClockCmd:0000000000000000 .L0 
C:\Users\User\AppData\Local\Temp\ccyjN7oT.s:971    .text.RCC_HBPeriphClockCmd:0000000000000000 $x
C:\Users\User\AppData\Local\Temp\ccyjN7oT.s:971    .text.RCC_HBPeriphClockCmd:0000000000000000 .L0 
C:\Users\User\AppData\Local\Temp\ccyjN7oT.s:973    .text.RCC_HBPeriphClockCmd:0000000000000002 .L0 
C:\Users\User\AppData\Local\Temp\ccyjN7oT.s:974    .text.RCC_HBPeriphClockCmd:0000000000000002 .L0 
C:\Users\User\AppData\Local\Temp\ccyjN7oT.s:977    .text.RCC_HBPeriphClockCmd:0000000000000008 .L0 
C:\Users\User\AppData\Local\Temp\ccyjN7oT.s:982    .text.RCC_HBPeriphClockCmd:000000000000000e .L0 
C:\Users\User\AppData\Local\Temp\ccyjN7oT.s:983    .text.RCC_HBPeriphClockCmd:000000000000000e .L0 
C:\Users\User\AppData\Local\Temp\ccyjN7oT.s:986    .text.RCC_HBPeriphClockCmd:0000000000000014 .L0 
C:\Users\User\AppData\Local\Temp\ccyjN7oT.s:990    .text.RCC_HBPeriphClockCmd:000000000000001a .L0 
C:\Users\User\AppData\Local\Temp\ccyjN7oT.s:991    .text.RCC_HBPeriphClockCmd:000000000000001c .L0 
C:\Users\User\AppData\Local\Temp\ccyjN7oT.s:998    .text.RCC_HB2PeriphClockCmd:0000000000000000 RCC_HB2PeriphClockCmd
C:\Users\User\AppData\Local\Temp\ccyjN7oT.s:1001   .text.RCC_HB2PeriphClockCmd:0000000000000000 .L0 
C:\Users\User\AppData\Local\Temp\ccyjN7oT.s:1003   .text.RCC_HB2PeriphClockCmd:0000000000000000 .L0 
C:\Users\User\AppData\Local\Temp\ccyjN7oT.s:1004   .text.RCC_HB2PeriphClockCmd:0000000000000000 .L0 
C:\Users\User\AppData\Local\Temp\ccyjN7oT.s:1005   .text.RCC_HB2PeriphClockCmd:0000000000000000 $x
C:\Users\User\AppData\Local\Temp\ccyjN7oT.s:1005   .text.RCC_HB2PeriphClockCmd:0000000000000000 .L0 
C:\Users\User\AppData\Local\Temp\ccyjN7oT.s:1007   .text.RCC_HB2PeriphClockCmd:0000000000000002 .L0 
C:\Users\User\AppData\Local\Temp\ccyjN7oT.s:1008   .text.RCC_HB2PeriphClockCmd:0000000000000002 .L0 
C:\Users\User\AppData\Local\Temp\ccyjN7oT.s:1011   .text.RCC_HB2PeriphClockCmd:0000000000000008 .L0 
C:\Users\User\AppData\Local\Temp\ccyjN7oT.s:1019   .text.RCC_HB2PeriphClockCmd:000000000000000e .L0 
C:\Users\User\AppData\Local\Temp\ccyjN7oT.s:1020   .text.RCC_HB2PeriphClockCmd:000000000000000e .L0 
C:\Users\User\AppData\Local\Temp\ccyjN7oT.s:1023   .text.RCC_HB2PeriphClockCmd:0000000000000014 .L0 
C:\Users\User\AppData\Local\Temp\ccyjN7oT.s:1030   .text.RCC_HB2PeriphClockCmd:000000000000001a .L0 
C:\Users\User\AppData\Local\Temp\ccyjN7oT.s:1031   .text.RCC_HB2PeriphClockCmd:000000000000001c .L0 
C:\Users\User\AppData\Local\Temp\ccyjN7oT.s:1038   .text.RCC_HB1PeriphClockCmd:0000000000000000 RCC_HB1PeriphClockCmd
C:\Users\User\AppData\Local\Temp\ccyjN7oT.s:1041   .text.RCC_HB1PeriphClockCmd:0000000000000000 .L0 
C:\Users\User\AppData\Local\Temp\ccyjN7oT.s:1043   .text.RCC_HB1PeriphClockCmd:0000000000000000 .L0 
C:\Users\User\AppData\Local\Temp\ccyjN7oT.s:1044   .text.RCC_HB1PeriphClockCmd:0000000000000000 .L0 
C:\Users\User\AppData\Local\Temp\ccyjN7oT.s:1045   .text.RCC_HB1PeriphClockCmd:0000000000000000 $x
C:\Users\User\AppData\Local\Temp\ccyjN7oT.s:1045   .text.RCC_HB1PeriphClockCmd:0000000000000000 .L0 
C:\Users\User\AppData\Local\Temp\ccyjN7oT.s:1047   .text.RCC_HB1PeriphClockCmd:0000000000000002 .L0 
C:\Users\User\AppData\Local\Temp\ccyjN7oT.s:1048   .text.RCC_HB1PeriphClockCmd:0000000000000002 .L0 
C:\Users\User\AppData\Local\Temp\ccyjN7oT.s:1051   .text.RCC_HB1PeriphClockCmd:0000000000000008 .L0 
C:\Users\User\AppData\Local\Temp\ccyjN7oT.s:1056   .text.RCC_HB1PeriphClockCmd:000000000000000e .L0 
C:\Users\User\AppData\Local\Temp\ccyjN7oT.s:1057   .text.RCC_HB1PeriphClockCmd:000000000000000e .L0 
C:\Users\User\AppData\Local\Temp\ccyjN7oT.s:1060   .text.RCC_HB1PeriphClockCmd:0000000000000014 .L0 
C:\Users\User\AppData\Local\Temp\ccyjN7oT.s:1064   .text.RCC_HB1PeriphClockCmd:000000000000001a .L0 
C:\Users\User\AppData\Local\Temp\ccyjN7oT.s:1065   .text.RCC_HB1PeriphClockCmd:000000000000001c .L0 
C:\Users\User\AppData\Local\Temp\ccyjN7oT.s:1072   .text.RCC_HBPeriphResetCmd:0000000000000000 RCC_HBPeriphResetCmd
C:\Users\User\AppData\Local\Temp\ccyjN7oT.s:1075   .text.RCC_HBPeriphResetCmd:0000000000000000 .L0 
C:\Users\User\AppData\Local\Temp\ccyjN7oT.s:1077   .text.RCC_HBPeriphResetCmd:0000000000000000 .L0 
C:\Users\User\AppData\Local\Temp\ccyjN7oT.s:1078   .text.RCC_HBPeriphResetCmd:0000000000000000 .L0 
C:\Users\User\AppData\Local\Temp\ccyjN7oT.s:1079   .text.RCC_HBPeriphResetCmd:0000000000000000 $x
C:\Users\User\AppData\Local\Temp\ccyjN7oT.s:1079   .text.RCC_HBPeriphResetCmd:0000000000000000 .L0 
C:\Users\User\AppData\Local\Temp\ccyjN7oT.s:1081   .text.RCC_HBPeriphResetCmd:0000000000000002 .L0 
C:\Users\User\AppData\Local\Temp\ccyjN7oT.s:1082   .text.RCC_HBPeriphResetCmd:0000000000000002 .L0 
C:\Users\User\AppData\Local\Temp\ccyjN7oT.s:1085   .text.RCC_HBPeriphResetCmd:0000000000000008 .L0 
C:\Users\User\AppData\Local\Temp\ccyjN7oT.s:1090   .text.RCC_HBPeriphResetCmd:000000000000000e .L0 
C:\Users\User\AppData\Local\Temp\ccyjN7oT.s:1091   .text.RCC_HBPeriphResetCmd:000000000000000e .L0 
C:\Users\User\AppData\Local\Temp\ccyjN7oT.s:1094   .text.RCC_HBPeriphResetCmd:0000000000000014 .L0 
C:\Users\User\AppData\Local\Temp\ccyjN7oT.s:1098   .text.RCC_HBPeriphResetCmd:000000000000001a .L0 
C:\Users\User\AppData\Local\Temp\ccyjN7oT.s:1099   .text.RCC_HBPeriphResetCmd:000000000000001c .L0 
C:\Users\User\AppData\Local\Temp\ccyjN7oT.s:1106   .text.RCC_HB2PeriphResetCmd:0000000000000000 RCC_HB2PeriphResetCmd
C:\Users\User\AppData\Local\Temp\ccyjN7oT.s:1109   .text.RCC_HB2PeriphResetCmd:0000000000000000 .L0 
C:\Users\User\AppData\Local\Temp\ccyjN7oT.s:1111   .text.RCC_HB2PeriphResetCmd:0000000000000000 .L0 
C:\Users\User\AppData\Local\Temp\ccyjN7oT.s:1112   .text.RCC_HB2PeriphResetCmd:0000000000000000 .L0 
C:\Users\User\AppData\Local\Temp\ccyjN7oT.s:1113   .text.RCC_HB2PeriphResetCmd:0000000000000000 $x
C:\Users\User\AppData\Local\Temp\ccyjN7oT.s:1113   .text.RCC_HB2PeriphResetCmd:0000000000000000 .L0 
C:\Users\User\AppData\Local\Temp\ccyjN7oT.s:1115   .text.RCC_HB2PeriphResetCmd:0000000000000002 .L0 
C:\Users\User\AppData\Local\Temp\ccyjN7oT.s:1116   .text.RCC_HB2PeriphResetCmd:0000000000000002 .L0 
C:\Users\User\AppData\Local\Temp\ccyjN7oT.s:1119   .text.RCC_HB2PeriphResetCmd:0000000000000008 .L0 
C:\Users\User\AppData\Local\Temp\ccyjN7oT.s:1124   .text.RCC_HB2PeriphResetCmd:000000000000000e .L0 
C:\Users\User\AppData\Local\Temp\ccyjN7oT.s:1125   .text.RCC_HB2PeriphResetCmd:000000000000000e .L0 
C:\Users\User\AppData\Local\Temp\ccyjN7oT.s:1128   .text.RCC_HB2PeriphResetCmd:0000000000000014 .L0 
C:\Users\User\AppData\Local\Temp\ccyjN7oT.s:1132   .text.RCC_HB2PeriphResetCmd:000000000000001a .L0 
C:\Users\User\AppData\Local\Temp\ccyjN7oT.s:1133   .text.RCC_HB2PeriphResetCmd:000000000000001c .L0 
C:\Users\User\AppData\Local\Temp\ccyjN7oT.s:1140   .text.RCC_HB1PeriphResetCmd:0000000000000000 RCC_HB1PeriphResetCmd
C:\Users\User\AppData\Local\Temp\ccyjN7oT.s:1143   .text.RCC_HB1PeriphResetCmd:0000000000000000 .L0 
C:\Users\User\AppData\Local\Temp\ccyjN7oT.s:1145   .text.RCC_HB1PeriphResetCmd:0000000000000000 .L0 
C:\Users\User\AppData\Local\Temp\ccyjN7oT.s:1146   .text.RCC_HB1PeriphResetCmd:0000000000000000 .L0 
C:\Users\User\AppData\Local\Temp\ccyjN7oT.s:1147   .text.RCC_HB1PeriphResetCmd:0000000000000000 $x
C:\Users\User\AppData\Local\Temp\ccyjN7oT.s:1147   .text.RCC_HB1PeriphResetCmd:0000000000000000 .L0 
C:\Users\User\AppData\Local\Temp\ccyjN7oT.s:1149   .text.RCC_HB1PeriphResetCmd:0000000000000002 .L0 
C:\Users\User\AppData\Local\Temp\ccyjN7oT.s:1150   .text.RCC_HB1PeriphResetCmd:0000000000000002 .L0 
C:\Users\User\AppData\Local\Temp\ccyjN7oT.s:1153   .text.RCC_HB1PeriphResetCmd:0000000000000008 .L0 
C:\Users\User\AppData\Local\Temp\ccyjN7oT.s:1158   .text.RCC_HB1PeriphResetCmd:000000000000000e .L0 
C:\Users\User\AppData\Local\Temp\ccyjN7oT.s:1159   .text.RCC_HB1PeriphResetCmd:000000000000000e .L0 
C:\Users\User\AppData\Local\Temp\ccyjN7oT.s:1162   .text.RCC_HB1PeriphResetCmd:0000000000000014 .L0 
C:\Users\User\AppData\Local\Temp\ccyjN7oT.s:1166   .text.RCC_HB1PeriphResetCmd:000000000000001a .L0 
C:\Users\User\AppData\Local\Temp\ccyjN7oT.s:1167   .text.RCC_HB1PeriphResetCmd:000000000000001c .L0 
C:\Users\User\AppData\Local\Temp\ccyjN7oT.s:1174   .text.RCC_BackupResetCmd:0000000000000000 RCC_BackupResetCmd
C:\Users\User\AppData\Local\Temp\ccyjN7oT.s:1177   .text.RCC_BackupResetCmd:0000000000000000 .L0 
C:\Users\User\AppData\Local\Temp\ccyjN7oT.s:1179   .text.RCC_BackupResetCmd:0000000000000000 .L0 
C:\Users\User\AppData\Local\Temp\ccyjN7oT.s:1180   .text.RCC_BackupResetCmd:0000000000000000 .L0 
C:\Users\User\AppData\Local\Temp\ccyjN7oT.s:1181   .text.RCC_BackupResetCmd:0000000000000000 $x
C:\Users\User\AppData\Local\Temp\ccyjN7oT.s:1181   .text.RCC_BackupResetCmd:0000000000000000 .L0 
C:\Users\User\AppData\Local\Temp\ccyjN7oT.s:1184   .text.RCC_BackupResetCmd:0000000000000006 .L0 
C:\Users\User\AppData\Local\Temp\ccyjN7oT.s:1186   .text.RCC_BackupResetCmd:0000000000000008 .L0 
C:\Users\User\AppData\Local\Temp\ccyjN7oT.s:1187   .text.RCC_BackupResetCmd:0000000000000008 .L0 
C:\Users\User\AppData\Local\Temp\ccyjN7oT.s:1190   .text.RCC_BackupResetCmd:000000000000000c .L0 
C:\Users\User\AppData\Local\Temp\ccyjN7oT.s:1192   .text.RCC_BackupResetCmd:000000000000000e .L0 
C:\Users\User\AppData\Local\Temp\ccyjN7oT.s:1195   .text.RCC_BackupResetCmd:0000000000000010 .L0 
C:\Users\User\AppData\Local\Temp\ccyjN7oT.s:1196   .text.RCC_BackupResetCmd:0000000000000010 .L0 
C:\Users\User\AppData\Local\Temp\ccyjN7oT.s:1198   .text.RCC_BackupResetCmd:0000000000000016 .L0 
C:\Users\User\AppData\Local\Temp\ccyjN7oT.s:1205   .text.RCC_ClockSecuritySystemCmd:0000000000000000 RCC_ClockSecuritySystemCmd
C:\Users\User\AppData\Local\Temp\ccyjN7oT.s:1208   .text.RCC_ClockSecuritySystemCmd:0000000000000000 .L0 
C:\Users\User\AppData\Local\Temp\ccyjN7oT.s:1210   .text.RCC_ClockSecuritySystemCmd:0000000000000000 .L0 
C:\Users\User\AppData\Local\Temp\ccyjN7oT.s:1211   .text.RCC_ClockSecuritySystemCmd:0000000000000000 .L0 
C:\Users\User\AppData\Local\Temp\ccyjN7oT.s:1212   .text.RCC_ClockSecuritySystemCmd:0000000000000000 $x
C:\Users\User\AppData\Local\Temp\ccyjN7oT.s:1212   .text.RCC_ClockSecuritySystemCmd:0000000000000000 .L0 
C:\Users\User\AppData\Local\Temp\ccyjN7oT.s:1215   .text.RCC_ClockSecuritySystemCmd:0000000000000006 .L0 
C:\Users\User\AppData\Local\Temp\ccyjN7oT.s:1217   .text.RCC_ClockSecuritySystemCmd:0000000000000008 .L0 
C:\Users\User\AppData\Local\Temp\ccyjN7oT.s:1218   .text.RCC_ClockSecuritySystemCmd:0000000000000008 .L0 
C:\Users\User\AppData\Local\Temp\ccyjN7oT.s:1221   .text.RCC_ClockSecuritySystemCmd:000000000000000c .L0 
C:\Users\User\AppData\Local\Temp\ccyjN7oT.s:1223   .text.RCC_ClockSecuritySystemCmd:000000000000000e .L0 
C:\Users\User\AppData\Local\Temp\ccyjN7oT.s:1224   .text.RCC_ClockSecuritySystemCmd:000000000000000e .L0 
C:\Users\User\AppData\Local\Temp\ccyjN7oT.s:1227   .text.RCC_ClockSecuritySystemCmd:0000000000000014 .L0 
C:\Users\User\AppData\Local\Temp\ccyjN7oT.s:1229   .text.RCC_ClockSecuritySystemCmd:0000000000000016 .L0 
C:\Users\User\AppData\Local\Temp\ccyjN7oT.s:1230   .text.RCC_ClockSecuritySystemCmd:0000000000000016 .L0 
C:\Users\User\AppData\Local\Temp\ccyjN7oT.s:1233   .text.RCC_ClockSecuritySystemCmd:000000000000001a .L0 
C:\Users\User\AppData\Local\Temp\ccyjN7oT.s:1235   .text.RCC_ClockSecuritySystemCmd:000000000000001c .L0 
C:\Users\User\AppData\Local\Temp\ccyjN7oT.s:1238   .text.RCC_ClockSecuritySystemCmd:000000000000001e .L0 
C:\Users\User\AppData\Local\Temp\ccyjN7oT.s:1239   .text.RCC_ClockSecuritySystemCmd:000000000000001e .L0 
C:\Users\User\AppData\Local\Temp\ccyjN7oT.s:1243   .text.RCC_ClockSecuritySystemCmd:0000000000000024 .L0 
C:\Users\User\AppData\Local\Temp\ccyjN7oT.s:1244   .text.RCC_ClockSecuritySystemCmd:0000000000000024 .L0 
C:\Users\User\AppData\Local\Temp\ccyjN7oT.s:1246   .text.RCC_ClockSecuritySystemCmd:000000000000002a .L0 
C:\Users\User\AppData\Local\Temp\ccyjN7oT.s:1253   .text.RCC_MCOConfig:0000000000000000 RCC_MCOConfig
C:\Users\User\AppData\Local\Temp\ccyjN7oT.s:1256   .text.RCC_MCOConfig:0000000000000000 .L0 
C:\Users\User\AppData\Local\Temp\ccyjN7oT.s:1258   .text.RCC_MCOConfig:0000000000000000 .L0 
C:\Users\User\AppData\Local\Temp\ccyjN7oT.s:1259   .text.RCC_MCOConfig:0000000000000000 .L0 
C:\Users\User\AppData\Local\Temp\ccyjN7oT.s:1260   .text.RCC_MCOConfig:0000000000000000 $x
C:\Users\User\AppData\Local\Temp\ccyjN7oT.s:1260   .text.RCC_MCOConfig:0000000000000000 .L0 
C:\Users\User\AppData\Local\Temp\ccyjN7oT.s:1263   .text.RCC_MCOConfig:0000000000000006 .L0 
C:\Users\User\AppData\Local\Temp\ccyjN7oT.s:1264   .text.RCC_MCOConfig:0000000000000008 .L0 
C:\Users\User\AppData\Local\Temp\ccyjN7oT.s:1271   .text.RCC_GetFlagStatus:0000000000000000 RCC_GetFlagStatus
C:\Users\User\AppData\Local\Temp\ccyjN7oT.s:1274   .text.RCC_GetFlagStatus:0000000000000000 .L0 
C:\Users\User\AppData\Local\Temp\ccyjN7oT.s:1276   .text.RCC_GetFlagStatus:0000000000000000 .L0 
C:\Users\User\AppData\Local\Temp\ccyjN7oT.s:1277   .text.RCC_GetFlagStatus:0000000000000000 .L0 
C:\Users\User\AppData\Local\Temp\ccyjN7oT.s:1278   .text.RCC_GetFlagStatus:0000000000000000 .L0 
C:\Users\User\AppData\Local\Temp\ccyjN7oT.s:1279   .text.RCC_GetFlagStatus:0000000000000000 .L0 
C:\Users\User\AppData\Local\Temp\ccyjN7oT.s:1280   .text.RCC_GetFlagStatus:0000000000000000 .L0 
C:\Users\User\AppData\Local\Temp\ccyjN7oT.s:1281   .text.RCC_GetFlagStatus:0000000000000000 $x
C:\Users\User\AppData\Local\Temp\ccyjN7oT.s:1281   .text.RCC_GetFlagStatus:0000000000000000 .L0 
C:\Users\User\AppData\Local\Temp\ccyjN7oT.s:1284   .text.RCC_GetFlagStatus:0000000000000004 .L0 
C:\Users\User\AppData\Local\Temp\ccyjN7oT.s:1285   .text.RCC_GetFlagStatus:0000000000000004 .L0 
C:\Users\User\AppData\Local\Temp\ccyjN7oT.s:1288   .text.RCC_GetFlagStatus:000000000000000a .L0 
C:\Users\User\AppData\Local\Temp\ccyjN7oT.s:1289   .text.RCC_GetFlagStatus:000000000000000a .L0 
C:\Users\User\AppData\Local\Temp\ccyjN7oT.s:1295   .text.RCC_GetFlagStatus:0000000000000010 .L0 
C:\Users\User\AppData\Local\Temp\ccyjN7oT.s:1296   .text.RCC_GetFlagStatus:0000000000000010 .L0 
C:\Users\User\AppData\Local\Temp\ccyjN7oT.s:1297   .text.RCC_GetFlagStatus:0000000000000010 .L0 
C:\Users\User\AppData\Local\Temp\ccyjN7oT.s:1298   .text.RCC_GetFlagStatus:0000000000000010 .L0 
C:\Users\User\AppData\Local\Temp\ccyjN7oT.s:1301   .text.RCC_GetFlagStatus:0000000000000014 .L0 
C:\Users\User\AppData\Local\Temp\ccyjN7oT.s:1306   .text.RCC_GetFlagStatus:0000000000000018 .L0 
C:\Users\User\AppData\Local\Temp\ccyjN7oT.s:1307   .text.RCC_GetFlagStatus:0000000000000018 .L0 
C:\Users\User\AppData\Local\Temp\ccyjN7oT.s:1310   .text.RCC_GetFlagStatus:000000000000001e .L0 
C:\Users\User\AppData\Local\Temp\ccyjN7oT.s:1311   .text.RCC_GetFlagStatus:000000000000001e .L0 
C:\Users\User\AppData\Local\Temp\ccyjN7oT.s:1319   .text.RCC_GetFlagStatus:0000000000000026 .L0 
C:\Users\User\AppData\Local\Temp\ccyjN7oT.s:1320   .text.RCC_GetFlagStatus:0000000000000026 .L0 
C:\Users\User\AppData\Local\Temp\ccyjN7oT.s:1325   .text.RCC_GetFlagStatus:000000000000002e .L0 
C:\Users\User\AppData\Local\Temp\ccyjN7oT.s:1332   .text.RCC_WaitForHSEStartUp:0000000000000000 RCC_WaitForHSEStartUp
C:\Users\User\AppData\Local\Temp\ccyjN7oT.s:1335   .text.RCC_WaitForHSEStartUp:0000000000000000 .L0 
C:\Users\User\AppData\Local\Temp\ccyjN7oT.s:1336   .text.RCC_WaitForHSEStartUp:0000000000000000 $x
C:\Users\User\AppData\Local\Temp\ccyjN7oT.s:1336   .text.RCC_WaitForHSEStartUp:0000000000000000 .L0 
C:\Users\User\AppData\Local\Temp\ccyjN7oT.s:1337   .text.RCC_WaitForHSEStartUp:0000000000000008 .L0 
C:\Users\User\AppData\Local\Temp\ccyjN7oT.s:1338   .text.RCC_WaitForHSEStartUp:0000000000000008 .L0 
C:\Users\User\AppData\Local\Temp\ccyjN7oT.s:1339   .text.RCC_WaitForHSEStartUp:0000000000000008 .L0 
C:\Users\User\AppData\Local\Temp\ccyjN7oT.s:1341   .text.RCC_WaitForHSEStartUp:0000000000000008 .L0 
C:\Users\User\AppData\Local\Temp\ccyjN7oT.s:1342   .text.RCC_WaitForHSEStartUp:0000000000000008 .L0 
C:\Users\User\AppData\Local\Temp\ccyjN7oT.s:1343   .text.RCC_WaitForHSEStartUp:000000000000000a .L0 
C:\Users\User\AppData\Local\Temp\ccyjN7oT.s:1345   .text.RCC_WaitForHSEStartUp:000000000000000a .L0 
C:\Users\User\AppData\Local\Temp\ccyjN7oT.s:1348   .text.RCC_WaitForHSEStartUp:000000000000000c .L0 
C:\Users\User\AppData\Local\Temp\ccyjN7oT.s:1349   .text.RCC_WaitForHSEStartUp:000000000000000c .L0 
C:\Users\User\AppData\Local\Temp\ccyjN7oT.s:1350   .text.RCC_WaitForHSEStartUp:000000000000000c .L0 
C:\Users\User\AppData\Local\Temp\ccyjN7oT.s:1354   .text.RCC_WaitForHSEStartUp:0000000000000010 .L0 
C:\Users\User\AppData\Local\Temp\ccyjN7oT.s:1355   .text.RCC_WaitForHSEStartUp:0000000000000010 .L0 
C:\Users\User\AppData\Local\Temp\ccyjN7oT.s:1356   .text.RCC_WaitForHSEStartUp:0000000000000010 .L0 
C:\Users\User\AppData\Local\Temp\ccyjN7oT.s:1360   .text.RCC_WaitForHSEStartUp:000000000000001c .L0 
C:\Users\User\AppData\Local\Temp\ccyjN7oT.s:1361   .text.RCC_WaitForHSEStartUp:000000000000001c .L0 
C:\Users\User\AppData\Local\Temp\ccyjN7oT.s:1365   .text.RCC_WaitForHSEStartUp:0000000000000022 .L0 
C:\Users\User\AppData\Local\Temp\ccyjN7oT.s:1366   .text.RCC_WaitForHSEStartUp:0000000000000022 .L0 
C:\Users\User\AppData\Local\Temp\ccyjN7oT.s:1368   .text.RCC_WaitForHSEStartUp:0000000000000024 .L0 
C:\Users\User\AppData\Local\Temp\ccyjN7oT.s:1370   .text.RCC_WaitForHSEStartUp:0000000000000028 .L0 
C:\Users\User\AppData\Local\Temp\ccyjN7oT.s:1373   .text.RCC_WaitForHSEStartUp:000000000000002a .L0 
C:\Users\User\AppData\Local\Temp\ccyjN7oT.s:1374   .text.RCC_WaitForHSEStartUp:000000000000002a .L0 
C:\Users\User\AppData\Local\Temp\ccyjN7oT.s:1379   .text.RCC_WaitForHSEStartUp:0000000000000036 .L0 
C:\Users\User\AppData\Local\Temp\ccyjN7oT.s:1380   .text.RCC_WaitForHSEStartUp:0000000000000036 .L0 
C:\Users\User\AppData\Local\Temp\ccyjN7oT.s:1383   .text.RCC_WaitForHSEStartUp:000000000000003c .L0 
C:\Users\User\AppData\Local\Temp\ccyjN7oT.s:1385   .text.RCC_WaitForHSEStartUp:0000000000000044 .L0 
C:\Users\User\AppData\Local\Temp\ccyjN7oT.s:1386   .text.RCC_WaitForHSEStartUp:0000000000000044 .L0 
C:\Users\User\AppData\Local\Temp\ccyjN7oT.s:1387   .text.RCC_WaitForHSEStartUp:0000000000000044 .L0 
C:\Users\User\AppData\Local\Temp\ccyjN7oT.s:1388   .text.RCC_WaitForHSEStartUp:0000000000000044 .L0 
C:\Users\User\AppData\Local\Temp\ccyjN7oT.s:1395   .text.RCC_ClearFlag:0000000000000000 RCC_ClearFlag
C:\Users\User\AppData\Local\Temp\ccyjN7oT.s:1398   .text.RCC_ClearFlag:0000000000000000 .L0 
C:\Users\User\AppData\Local\Temp\ccyjN7oT.s:1399   .text.RCC_ClearFlag:0000000000000000 .L0 
C:\Users\User\AppData\Local\Temp\ccyjN7oT.s:1400   .text.RCC_ClearFlag:0000000000000000 .L0 
C:\Users\User\AppData\Local\Temp\ccyjN7oT.s:1401   .text.RCC_ClearFlag:0000000000000000 $x
C:\Users\User\AppData\Local\Temp\ccyjN7oT.s:1401   .text.RCC_ClearFlag:0000000000000000 .L0 
C:\Users\User\AppData\Local\Temp\ccyjN7oT.s:1404   .text.RCC_ClearFlag:0000000000000006 .L0 
C:\Users\User\AppData\Local\Temp\ccyjN7oT.s:1407   .text.RCC_ClearFlag:000000000000000c .L0 
C:\Users\User\AppData\Local\Temp\ccyjN7oT.s:1408   .text.RCC_ClearFlag:000000000000000e .L0 
C:\Users\User\AppData\Local\Temp\ccyjN7oT.s:1415   .text.RCC_GetITStatus:0000000000000000 RCC_GetITStatus
C:\Users\User\AppData\Local\Temp\ccyjN7oT.s:1418   .text.RCC_GetITStatus:0000000000000000 .L0 
C:\Users\User\AppData\Local\Temp\ccyjN7oT.s:1420   .text.RCC_GetITStatus:0000000000000000 .L0 
C:\Users\User\AppData\Local\Temp\ccyjN7oT.s:1421   .text.RCC_GetITStatus:0000000000000000 .L0 
C:\Users\User\AppData\Local\Temp\ccyjN7oT.s:1422   .text.RCC_GetITStatus:0000000000000000 .L0 
C:\Users\User\AppData\Local\Temp\ccyjN7oT.s:1423   .text.RCC_GetITStatus:0000000000000000 $x
C:\Users\User\AppData\Local\Temp\ccyjN7oT.s:1423   .text.RCC_GetITStatus:0000000000000000 .L0 
C:\Users\User\AppData\Local\Temp\ccyjN7oT.s:1427   .text.RCC_GetITStatus:0000000000000006 .L0 
C:\Users\User\AppData\Local\Temp\ccyjN7oT.s:1428   .text.RCC_GetITStatus:0000000000000006 .L0 
C:\Users\User\AppData\Local\Temp\ccyjN7oT.s:1431   .text.RCC_GetITStatus:0000000000000008 .L0 
C:\Users\User\AppData\Local\Temp\ccyjN7oT.s:1433   .text.RCC_GetITStatus:000000000000000e .L0 
C:\Users\User\AppData\Local\Temp\ccyjN7oT.s:1440   .text.RCC_ClearITPendingBit:0000000000000000 RCC_ClearITPendingBit
C:\Users\User\AppData\Local\Temp\ccyjN7oT.s:1443   .text.RCC_ClearITPendingBit:0000000000000000 .L0 
C:\Users\User\AppData\Local\Temp\ccyjN7oT.s:1445   .text.RCC_ClearITPendingBit:0000000000000000 .L0 
C:\Users\User\AppData\Local\Temp\ccyjN7oT.s:1446   .text.RCC_ClearITPendingBit:0000000000000000 .L0 
C:\Users\User\AppData\Local\Temp\ccyjN7oT.s:1447   .text.RCC_ClearITPendingBit:0000000000000000 $x
C:\Users\User\AppData\Local\Temp\ccyjN7oT.s:1447   .text.RCC_ClearITPendingBit:0000000000000000 .L0 
C:\Users\User\AppData\Local\Temp\ccyjN7oT.s:1450   .text.RCC_ClearITPendingBit:0000000000000006 .L0 
C:\Users\User\AppData\Local\Temp\ccyjN7oT.s:1451   .text.RCC_ClearITPendingBit:0000000000000008 .L0 
C:\Users\User\AppData\Local\Temp\ccyjN7oT.s:1458   .text.RCC_USBHS_PLLCmd:0000000000000000 RCC_USBHS_PLLCmd
C:\Users\User\AppData\Local\Temp\ccyjN7oT.s:1461   .text.RCC_USBHS_PLLCmd:0000000000000000 .L0 
C:\Users\User\AppData\Local\Temp\ccyjN7oT.s:1463   .text.RCC_USBHS_PLLCmd:0000000000000000 .L0 
C:\Users\User\AppData\Local\Temp\ccyjN7oT.s:1464   .text.RCC_USBHS_PLLCmd:0000000000000000 .L0 
C:\Users\User\AppData\Local\Temp\ccyjN7oT.s:1465   .text.RCC_USBHS_PLLCmd:0000000000000000 $x
C:\Users\User\AppData\Local\Temp\ccyjN7oT.s:1465   .text.RCC_USBHS_PLLCmd:0000000000000000 .L0 
C:\Users\User\AppData\Local\Temp\ccyjN7oT.s:1468   .text.RCC_USBHS_PLLCmd:0000000000000006 .L0 
C:\Users\User\AppData\Local\Temp\ccyjN7oT.s:1470   .text.RCC_USBHS_PLLCmd:0000000000000008 .L0 
C:\Users\User\AppData\Local\Temp\ccyjN7oT.s:1471   .text.RCC_USBHS_PLLCmd:0000000000000008 .L0 
C:\Users\User\AppData\Local\Temp\ccyjN7oT.s:1474   .text.RCC_USBHS_PLLCmd:000000000000000c .L0 
C:\Users\User\AppData\Local\Temp\ccyjN7oT.s:1476   .text.RCC_USBHS_PLLCmd:000000000000000e .L0 
C:\Users\User\AppData\Local\Temp\ccyjN7oT.s:1479   .text.RCC_USBHS_PLLCmd:0000000000000010 .L0 
C:\Users\User\AppData\Local\Temp\ccyjN7oT.s:1480   .text.RCC_USBHS_PLLCmd:0000000000000010 .L0 
C:\Users\User\AppData\Local\Temp\ccyjN7oT.s:1482   .text.RCC_USBHS_PLLCmd:0000000000000016 .L0 
C:\Users\User\AppData\Local\Temp\ccyjN7oT.s:1489   .text.RCC_USBSS_PLLCmd:0000000000000000 RCC_USBSS_PLLCmd
C:\Users\User\AppData\Local\Temp\ccyjN7oT.s:1492   .text.RCC_USBSS_PLLCmd:0000000000000000 .L0 
C:\Users\User\AppData\Local\Temp\ccyjN7oT.s:1494   .text.RCC_USBSS_PLLCmd:0000000000000000 .L0 
C:\Users\User\AppData\Local\Temp\ccyjN7oT.s:1495   .text.RCC_USBSS_PLLCmd:0000000000000000 .L0 
C:\Users\User\AppData\Local\Temp\ccyjN7oT.s:1496   .text.RCC_USBSS_PLLCmd:0000000000000000 $x
C:\Users\User\AppData\Local\Temp\ccyjN7oT.s:1496   .text.RCC_USBSS_PLLCmd:0000000000000000 .L0 
C:\Users\User\AppData\Local\Temp\ccyjN7oT.s:1499   .text.RCC_USBSS_PLLCmd:0000000000000006 .L0 
C:\Users\User\AppData\Local\Temp\ccyjN7oT.s:1501   .text.RCC_USBSS_PLLCmd:0000000000000008 .L0 
C:\Users\User\AppData\Local\Temp\ccyjN7oT.s:1502   .text.RCC_USBSS_PLLCmd:0000000000000008 .L0 
C:\Users\User\AppData\Local\Temp\ccyjN7oT.s:1505   .text.RCC_USBSS_PLLCmd:000000000000000c .L0 
C:\Users\User\AppData\Local\Temp\ccyjN7oT.s:1507   .text.RCC_USBSS_PLLCmd:000000000000000e .L0 
C:\Users\User\AppData\Local\Temp\ccyjN7oT.s:1510   .text.RCC_USBSS_PLLCmd:0000000000000010 .L0 
C:\Users\User\AppData\Local\Temp\ccyjN7oT.s:1511   .text.RCC_USBSS_PLLCmd:0000000000000010 .L0 
C:\Users\User\AppData\Local\Temp\ccyjN7oT.s:1513   .text.RCC_USBSS_PLLCmd:0000000000000016 .L0 
C:\Users\User\AppData\Local\Temp\ccyjN7oT.s:1520   .text.RCC_ETH_PLLCmd:0000000000000000 RCC_ETH_PLLCmd
C:\Users\User\AppData\Local\Temp\ccyjN7oT.s:1523   .text.RCC_ETH_PLLCmd:0000000000000000 .L0 
C:\Users\User\AppData\Local\Temp\ccyjN7oT.s:1525   .text.RCC_ETH_PLLCmd:0000000000000000 .L0 
C:\Users\User\AppData\Local\Temp\ccyjN7oT.s:1526   .text.RCC_ETH_PLLCmd:0000000000000000 .L0 
C:\Users\User\AppData\Local\Temp\ccyjN7oT.s:1527   .text.RCC_ETH_PLLCmd:0000000000000000 $x
C:\Users\User\AppData\Local\Temp\ccyjN7oT.s:1527   .text.RCC_ETH_PLLCmd:0000000000000000 .L0 
C:\Users\User\AppData\Local\Temp\ccyjN7oT.s:1530   .text.RCC_ETH_PLLCmd:0000000000000006 .L0 
C:\Users\User\AppData\Local\Temp\ccyjN7oT.s:1532   .text.RCC_ETH_PLLCmd:0000000000000008 .L0 
C:\Users\User\AppData\Local\Temp\ccyjN7oT.s:1533   .text.RCC_ETH_PLLCmd:0000000000000008 .L0 
C:\Users\User\AppData\Local\Temp\ccyjN7oT.s:1536   .text.RCC_ETH_PLLCmd:000000000000000c .L0 
C:\Users\User\AppData\Local\Temp\ccyjN7oT.s:1538   .text.RCC_ETH_PLLCmd:000000000000000e .L0 
C:\Users\User\AppData\Local\Temp\ccyjN7oT.s:1541   .text.RCC_ETH_PLLCmd:0000000000000010 .L0 
C:\Users\User\AppData\Local\Temp\ccyjN7oT.s:1542   .text.RCC_ETH_PLLCmd:0000000000000010 .L0 
C:\Users\User\AppData\Local\Temp\ccyjN7oT.s:1544   .text.RCC_ETH_PLLCmd:0000000000000016 .L0 
C:\Users\User\AppData\Local\Temp\ccyjN7oT.s:1551   .text.RCC_SERDES_PLLCmd:0000000000000000 RCC_SERDES_PLLCmd
C:\Users\User\AppData\Local\Temp\ccyjN7oT.s:1554   .text.RCC_SERDES_PLLCmd:0000000000000000 .L0 
C:\Users\User\AppData\Local\Temp\ccyjN7oT.s:1556   .text.RCC_SERDES_PLLCmd:0000000000000000 .L0 
C:\Users\User\AppData\Local\Temp\ccyjN7oT.s:1557   .text.RCC_SERDES_PLLCmd:0000000000000000 .L0 
C:\Users\User\AppData\Local\Temp\ccyjN7oT.s:1558   .text.RCC_SERDES_PLLCmd:0000000000000000 $x
C:\Users\User\AppData\Local\Temp\ccyjN7oT.s:1558   .text.RCC_SERDES_PLLCmd:0000000000000000 .L0 
C:\Users\User\AppData\Local\Temp\ccyjN7oT.s:1561   .text.RCC_SERDES_PLLCmd:0000000000000006 .L0 
C:\Users\User\AppData\Local\Temp\ccyjN7oT.s:1563   .text.RCC_SERDES_PLLCmd:0000000000000008 .L0 
C:\Users\User\AppData\Local\Temp\ccyjN7oT.s:1564   .text.RCC_SERDES_PLLCmd:0000000000000008 .L0 
C:\Users\User\AppData\Local\Temp\ccyjN7oT.s:1567   .text.RCC_SERDES_PLLCmd:000000000000000c .L0 
C:\Users\User\AppData\Local\Temp\ccyjN7oT.s:1569   .text.RCC_SERDES_PLLCmd:000000000000000e .L0 
C:\Users\User\AppData\Local\Temp\ccyjN7oT.s:1572   .text.RCC_SERDES_PLLCmd:0000000000000010 .L0 
C:\Users\User\AppData\Local\Temp\ccyjN7oT.s:1573   .text.RCC_SERDES_PLLCmd:0000000000000010 .L0 
C:\Users\User\AppData\Local\Temp\ccyjN7oT.s:1575   .text.RCC_SERDES_PLLCmd:0000000000000016 .L0 
C:\Users\User\AppData\Local\Temp\ccyjN7oT.s:1582   .text.RCC_PIPECmd:0000000000000000 RCC_PIPECmd
C:\Users\User\AppData\Local\Temp\ccyjN7oT.s:1585   .text.RCC_PIPECmd:0000000000000000 .L0 
C:\Users\User\AppData\Local\Temp\ccyjN7oT.s:1587   .text.RCC_PIPECmd:0000000000000000 .L0 
C:\Users\User\AppData\Local\Temp\ccyjN7oT.s:1588   .text.RCC_PIPECmd:0000000000000000 .L0 
C:\Users\User\AppData\Local\Temp\ccyjN7oT.s:1589   .text.RCC_PIPECmd:0000000000000000 $x
C:\Users\User\AppData\Local\Temp\ccyjN7oT.s:1589   .text.RCC_PIPECmd:0000000000000000 .L0 
C:\Users\User\AppData\Local\Temp\ccyjN7oT.s:1592   .text.RCC_PIPECmd:0000000000000006 .L0 
C:\Users\User\AppData\Local\Temp\ccyjN7oT.s:1594   .text.RCC_PIPECmd:0000000000000008 .L0 
C:\Users\User\AppData\Local\Temp\ccyjN7oT.s:1595   .text.RCC_PIPECmd:0000000000000008 .L0 
C:\Users\User\AppData\Local\Temp\ccyjN7oT.s:1598   .text.RCC_PIPECmd:000000000000000c .L0 
C:\Users\User\AppData\Local\Temp\ccyjN7oT.s:1600   .text.RCC_PIPECmd:000000000000000e .L0 
C:\Users\User\AppData\Local\Temp\ccyjN7oT.s:1603   .text.RCC_PIPECmd:0000000000000010 .L0 
C:\Users\User\AppData\Local\Temp\ccyjN7oT.s:1604   .text.RCC_PIPECmd:0000000000000010 .L0 
C:\Users\User\AppData\Local\Temp\ccyjN7oT.s:1606   .text.RCC_PIPECmd:0000000000000016 .L0 
C:\Users\User\AppData\Local\Temp\ccyjN7oT.s:1613   .text.RCC_UTMIcmd:0000000000000000 RCC_UTMIcmd
C:\Users\User\AppData\Local\Temp\ccyjN7oT.s:1616   .text.RCC_UTMIcmd:0000000000000000 .L0 
C:\Users\User\AppData\Local\Temp\ccyjN7oT.s:1618   .text.RCC_UTMIcmd:0000000000000000 .L0 
C:\Users\User\AppData\Local\Temp\ccyjN7oT.s:1619   .text.RCC_UTMIcmd:0000000000000000 .L0 
C:\Users\User\AppData\Local\Temp\ccyjN7oT.s:1620   .text.RCC_UTMIcmd:0000000000000000 $x
C:\Users\User\AppData\Local\Temp\ccyjN7oT.s:1620   .text.RCC_UTMIcmd:0000000000000000 .L0 
C:\Users\User\AppData\Local\Temp\ccyjN7oT.s:1623   .text.RCC_UTMIcmd:0000000000000006 .L0 
C:\Users\User\AppData\Local\Temp\ccyjN7oT.s:1625   .text.RCC_UTMIcmd:0000000000000008 .L0 
C:\Users\User\AppData\Local\Temp\ccyjN7oT.s:1626   .text.RCC_UTMIcmd:0000000000000008 .L0 
C:\Users\User\AppData\Local\Temp\ccyjN7oT.s:1629   .text.RCC_UTMIcmd:000000000000000c .L0 
C:\Users\User\AppData\Local\Temp\ccyjN7oT.s:1631   .text.RCC_UTMIcmd:000000000000000e .L0 
C:\Users\User\AppData\Local\Temp\ccyjN7oT.s:1634   .text.RCC_UTMIcmd:0000000000000010 .L0 
C:\Users\User\AppData\Local\Temp\ccyjN7oT.s:1635   .text.RCC_UTMIcmd:0000000000000010 .L0 
C:\Users\User\AppData\Local\Temp\ccyjN7oT.s:1637   .text.RCC_UTMIcmd:0000000000000016 .L0 
C:\Users\User\AppData\Local\Temp\ccyjN7oT.s:1644   .text.RCC_RGMIIcmd:0000000000000000 RCC_RGMIIcmd
C:\Users\User\AppData\Local\Temp\ccyjN7oT.s:1647   .text.RCC_RGMIIcmd:0000000000000000 .L0 
C:\Users\User\AppData\Local\Temp\ccyjN7oT.s:1649   .text.RCC_RGMIIcmd:0000000000000000 .L0 
C:\Users\User\AppData\Local\Temp\ccyjN7oT.s:1650   .text.RCC_RGMIIcmd:0000000000000000 .L0 
C:\Users\User\AppData\Local\Temp\ccyjN7oT.s:1651   .text.RCC_RGMIIcmd:0000000000000000 $x
C:\Users\User\AppData\Local\Temp\ccyjN7oT.s:1651   .text.RCC_RGMIIcmd:0000000000000000 .L0 
C:\Users\User\AppData\Local\Temp\ccyjN7oT.s:1654   .text.RCC_RGMIIcmd:0000000000000006 .L0 
C:\Users\User\AppData\Local\Temp\ccyjN7oT.s:1656   .text.RCC_RGMIIcmd:0000000000000008 .L0 
C:\Users\User\AppData\Local\Temp\ccyjN7oT.s:1657   .text.RCC_RGMIIcmd:0000000000000008 .L0 
C:\Users\User\AppData\Local\Temp\ccyjN7oT.s:1660   .text.RCC_RGMIIcmd:000000000000000c .L0 
C:\Users\User\AppData\Local\Temp\ccyjN7oT.s:1662   .text.RCC_RGMIIcmd:000000000000000e .L0 
C:\Users\User\AppData\Local\Temp\ccyjN7oT.s:1665   .text.RCC_RGMIIcmd:0000000000000010 .L0 
C:\Users\User\AppData\Local\Temp\ccyjN7oT.s:1666   .text.RCC_RGMIIcmd:0000000000000010 .L0 
C:\Users\User\AppData\Local\Temp\ccyjN7oT.s:1668   .text.RCC_RGMIIcmd:0000000000000016 .L0 
C:\Users\User\AppData\Local\Temp\ccyjN7oT.s:1675   .text.RCC_ETH125MCLKConfig:0000000000000000 RCC_ETH125MCLKConfig
C:\Users\User\AppData\Local\Temp\ccyjN7oT.s:1678   .text.RCC_ETH125MCLKConfig:0000000000000000 .L0 
C:\Users\User\AppData\Local\Temp\ccyjN7oT.s:1680   .text.RCC_ETH125MCLKConfig:0000000000000000 .L0 
C:\Users\User\AppData\Local\Temp\ccyjN7oT.s:1681   .text.RCC_ETH125MCLKConfig:0000000000000000 .L0 
C:\Users\User\AppData\Local\Temp\ccyjN7oT.s:1682   .text.RCC_ETH125MCLKConfig:0000000000000000 $x
C:\Users\User\AppData\Local\Temp\ccyjN7oT.s:1682   .text.RCC_ETH125MCLKConfig:0000000000000000 .L0 
C:\Users\User\AppData\Local\Temp\ccyjN7oT.s:1685   .text.RCC_ETH125MCLKConfig:0000000000000006 .L0 
C:\Users\User\AppData\Local\Temp\ccyjN7oT.s:1688   .text.RCC_ETH125MCLKConfig:0000000000000008 .L0 
C:\Users\User\AppData\Local\Temp\ccyjN7oT.s:1692   .text.RCC_ETH125MCLKConfig:000000000000000e .L0 
C:\Users\User\AppData\Local\Temp\ccyjN7oT.s:1693   .text.RCC_ETH125MCLKConfig:000000000000000e .L0 
C:\Users\User\AppData\Local\Temp\ccyjN7oT.s:1695   .text.RCC_ETH125MCLKConfig:0000000000000010 .L0 
C:\Users\User\AppData\Local\Temp\ccyjN7oT.s:1698   .text.RCC_ETH125MCLKConfig:0000000000000014 .L0 
C:\Users\User\AppData\Local\Temp\ccyjN7oT.s:1699   .text.RCC_ETH125MCLKConfig:0000000000000016 .L0 
C:\Users\User\AppData\Local\Temp\ccyjN7oT.s:1706   .text.RCC_HSADCCLKConfig:0000000000000000 RCC_HSADCCLKConfig
C:\Users\User\AppData\Local\Temp\ccyjN7oT.s:1709   .text.RCC_HSADCCLKConfig:0000000000000000 .L0 
C:\Users\User\AppData\Local\Temp\ccyjN7oT.s:1711   .text.RCC_HSADCCLKConfig:0000000000000000 .L0 
C:\Users\User\AppData\Local\Temp\ccyjN7oT.s:1712   .text.RCC_HSADCCLKConfig:0000000000000000 .L0 
C:\Users\User\AppData\Local\Temp\ccyjN7oT.s:1713   .text.RCC_HSADCCLKConfig:0000000000000000 $x
C:\Users\User\AppData\Local\Temp\ccyjN7oT.s:1713   .text.RCC_HSADCCLKConfig:0000000000000000 .L0 
C:\Users\User\AppData\Local\Temp\ccyjN7oT.s:1716   .text.RCC_HSADCCLKConfig:0000000000000006 .L0 
C:\Users\User\AppData\Local\Temp\ccyjN7oT.s:1721   .text.RCC_HSADCCLKConfig:0000000000000010 .L0 
C:\Users\User\AppData\Local\Temp\ccyjN7oT.s:1722   .text.RCC_HSADCCLKConfig:0000000000000010 .L0 
C:\Users\User\AppData\Local\Temp\ccyjN7oT.s:1724   .text.RCC_HSADCCLKConfig:0000000000000012 .L0 
C:\Users\User\AppData\Local\Temp\ccyjN7oT.s:1727   .text.RCC_HSADCCLKConfig:0000000000000014 .L0 
C:\Users\User\AppData\Local\Temp\ccyjN7oT.s:1730   .text.RCC_HSADCCLKConfig:0000000000000018 .L0 
C:\Users\User\AppData\Local\Temp\ccyjN7oT.s:1731   .text.RCC_HSADCCLKConfig:000000000000001a .L0 
C:\Users\User\AppData\Local\Temp\ccyjN7oT.s:1738   .text.RCC_I2S3CLKConfig:0000000000000000 RCC_I2S3CLKConfig
C:\Users\User\AppData\Local\Temp\ccyjN7oT.s:1741   .text.RCC_I2S3CLKConfig:0000000000000000 .L0 
C:\Users\User\AppData\Local\Temp\ccyjN7oT.s:1743   .text.RCC_I2S3CLKConfig:0000000000000000 .L0 
C:\Users\User\AppData\Local\Temp\ccyjN7oT.s:1744   .text.RCC_I2S3CLKConfig:0000000000000000 .L0 
C:\Users\User\AppData\Local\Temp\ccyjN7oT.s:1745   .text.RCC_I2S3CLKConfig:0000000000000000 $x
C:\Users\User\AppData\Local\Temp\ccyjN7oT.s:1745   .text.RCC_I2S3CLKConfig:0000000000000000 .L0 
C:\Users\User\AppData\Local\Temp\ccyjN7oT.s:1748   .text.RCC_I2S3CLKConfig:0000000000000006 .L0 
C:\Users\User\AppData\Local\Temp\ccyjN7oT.s:1751   .text.RCC_I2S3CLKConfig:0000000000000008 .L0 
C:\Users\User\AppData\Local\Temp\ccyjN7oT.s:1754   .text.RCC_I2S3CLKConfig:000000000000000e .L0 
C:\Users\User\AppData\Local\Temp\ccyjN7oT.s:1755   .text.RCC_I2S3CLKConfig:000000000000000e .L0 
C:\Users\User\AppData\Local\Temp\ccyjN7oT.s:1757   .text.RCC_I2S3CLKConfig:0000000000000010 .L0 
C:\Users\User\AppData\Local\Temp\ccyjN7oT.s:1760   .text.RCC_I2S3CLKConfig:0000000000000014 .L0 
C:\Users\User\AppData\Local\Temp\ccyjN7oT.s:1761   .text.RCC_I2S3CLKConfig:0000000000000016 .L0 
C:\Users\User\AppData\Local\Temp\ccyjN7oT.s:1768   .text.RCC_I2S2CLKConfig:0000000000000000 RCC_I2S2CLKConfig
C:\Users\User\AppData\Local\Temp\ccyjN7oT.s:1771   .text.RCC_I2S2CLKConfig:0000000000000000 .L0 
C:\Users\User\AppData\Local\Temp\ccyjN7oT.s:1773   .text.RCC_I2S2CLKConfig:0000000000000000 .L0 
C:\Users\User\AppData\Local\Temp\ccyjN7oT.s:1774   .text.RCC_I2S2CLKConfig:0000000000000000 .L0 
C:\Users\User\AppData\Local\Temp\ccyjN7oT.s:1775   .text.RCC_I2S2CLKConfig:0000000000000000 $x
C:\Users\User\AppData\Local\Temp\ccyjN7oT.s:1775   .text.RCC_I2S2CLKConfig:0000000000000000 .L0 
C:\Users\User\AppData\Local\Temp\ccyjN7oT.s:1778   .text.RCC_I2S2CLKConfig:0000000000000006 .L0 
C:\Users\User\AppData\Local\Temp\ccyjN7oT.s:1781   .text.RCC_I2S2CLKConfig:0000000000000008 .L0 
C:\Users\User\AppData\Local\Temp\ccyjN7oT.s:1784   .text.RCC_I2S2CLKConfig:000000000000000e .L0 
C:\Users\User\AppData\Local\Temp\ccyjN7oT.s:1785   .text.RCC_I2S2CLKConfig:000000000000000e .L0 
C:\Users\User\AppData\Local\Temp\ccyjN7oT.s:1787   .text.RCC_I2S2CLKConfig:0000000000000010 .L0 
C:\Users\User\AppData\Local\Temp\ccyjN7oT.s:1790   .text.RCC_I2S2CLKConfig:0000000000000014 .L0 
C:\Users\User\AppData\Local\Temp\ccyjN7oT.s:1791   .text.RCC_I2S2CLKConfig:0000000000000016 .L0 
C:\Users\User\AppData\Local\Temp\ccyjN7oT.s:1798   .text.RCC_RNGCLKConfig:0000000000000000 RCC_RNGCLKConfig
C:\Users\User\AppData\Local\Temp\ccyjN7oT.s:1801   .text.RCC_RNGCLKConfig:0000000000000000 .L0 
C:\Users\User\AppData\Local\Temp\ccyjN7oT.s:1803   .text.RCC_RNGCLKConfig:0000000000000000 .L0 
C:\Users\User\AppData\Local\Temp\ccyjN7oT.s:1804   .text.RCC_RNGCLKConfig:0000000000000000 .L0 
C:\Users\User\AppData\Local\Temp\ccyjN7oT.s:1805   .text.RCC_RNGCLKConfig:0000000000000000 $x
C:\Users\User\AppData\Local\Temp\ccyjN7oT.s:1805   .text.RCC_RNGCLKConfig:0000000000000000 .L0 
C:\Users\User\AppData\Local\Temp\ccyjN7oT.s:1808   .text.RCC_RNGCLKConfig:0000000000000006 .L0 
C:\Users\User\AppData\Local\Temp\ccyjN7oT.s:1811   .text.RCC_RNGCLKConfig:0000000000000008 .L0 
C:\Users\User\AppData\Local\Temp\ccyjN7oT.s:1814   .text.RCC_RNGCLKConfig:000000000000000e .L0 
C:\Users\User\AppData\Local\Temp\ccyjN7oT.s:1815   .text.RCC_RNGCLKConfig:000000000000000e .L0 
C:\Users\User\AppData\Local\Temp\ccyjN7oT.s:1817   .text.RCC_RNGCLKConfig:0000000000000010 .L0 
C:\Users\User\AppData\Local\Temp\ccyjN7oT.s:1820   .text.RCC_RNGCLKConfig:0000000000000014 .L0 
C:\Users\User\AppData\Local\Temp\ccyjN7oT.s:1821   .text.RCC_RNGCLKConfig:0000000000000016 .L0 
C:\Users\User\AppData\Local\Temp\ccyjN7oT.s:1828   .text.RCC_USBFSCLKConfig:0000000000000000 RCC_USBFSCLKConfig
C:\Users\User\AppData\Local\Temp\ccyjN7oT.s:1831   .text.RCC_USBFSCLKConfig:0000000000000000 .L0 
C:\Users\User\AppData\Local\Temp\ccyjN7oT.s:1833   .text.RCC_USBFSCLKConfig:0000000000000000 .L0 
C:\Users\User\AppData\Local\Temp\ccyjN7oT.s:1834   .text.RCC_USBFSCLKConfig:0000000000000000 .L0 
C:\Users\User\AppData\Local\Temp\ccyjN7oT.s:1835   .text.RCC_USBFSCLKConfig:0000000000000000 $x
C:\Users\User\AppData\Local\Temp\ccyjN7oT.s:1835   .text.RCC_USBFSCLKConfig:0000000000000000 .L0 
C:\Users\User\AppData\Local\Temp\ccyjN7oT.s:1838   .text.RCC_USBFSCLKConfig:0000000000000006 .L0 
C:\Users\User\AppData\Local\Temp\ccyjN7oT.s:1841   .text.RCC_USBFSCLKConfig:0000000000000008 .L0 
C:\Users\User\AppData\Local\Temp\ccyjN7oT.s:1844   .text.RCC_USBFSCLKConfig:000000000000000e .L0 
C:\Users\User\AppData\Local\Temp\ccyjN7oT.s:1845   .text.RCC_USBFSCLKConfig:000000000000000e .L0 
C:\Users\User\AppData\Local\Temp\ccyjN7oT.s:1847   .text.RCC_USBFSCLKConfig:0000000000000010 .L0 
C:\Users\User\AppData\Local\Temp\ccyjN7oT.s:1850   .text.RCC_USBFSCLKConfig:0000000000000014 .L0 
C:\Users\User\AppData\Local\Temp\ccyjN7oT.s:1851   .text.RCC_USBFSCLKConfig:0000000000000016 .L0 
C:\Users\User\AppData\Local\Temp\ccyjN7oT.s:1858   .text.RCC_USBFS48ClockSourceDivConfig:0000000000000000 RCC_USBFS48ClockSourceDivConfig
C:\Users\User\AppData\Local\Temp\ccyjN7oT.s:1861   .text.RCC_USBFS48ClockSourceDivConfig:0000000000000000 .L0 
C:\Users\User\AppData\Local\Temp\ccyjN7oT.s:1863   .text.RCC_USBFS48ClockSourceDivConfig:0000000000000000 .L0 
C:\Users\User\AppData\Local\Temp\ccyjN7oT.s:1864   .text.RCC_USBFS48ClockSourceDivConfig:0000000000000000 .L0 
C:\Users\User\AppData\Local\Temp\ccyjN7oT.s:1865   .text.RCC_USBFS48ClockSourceDivConfig:0000000000000000 $x
C:\Users\User\AppData\Local\Temp\ccyjN7oT.s:1865   .text.RCC_USBFS48ClockSourceDivConfig:0000000000000000 .L0 
C:\Users\User\AppData\Local\Temp\ccyjN7oT.s:1868   .text.RCC_USBFS48ClockSourceDivConfig:0000000000000006 .L0 
C:\Users\User\AppData\Local\Temp\ccyjN7oT.s:1873   .text.RCC_USBFS48ClockSourceDivConfig:0000000000000010 .L0 
C:\Users\User\AppData\Local\Temp\ccyjN7oT.s:1874   .text.RCC_USBFS48ClockSourceDivConfig:0000000000000010 .L0 
C:\Users\User\AppData\Local\Temp\ccyjN7oT.s:1876   .text.RCC_USBFS48ClockSourceDivConfig:0000000000000012 .L0 
C:\Users\User\AppData\Local\Temp\ccyjN7oT.s:1879   .text.RCC_USBFS48ClockSourceDivConfig:0000000000000014 .L0 
C:\Users\User\AppData\Local\Temp\ccyjN7oT.s:1882   .text.RCC_USBFS48ClockSourceDivConfig:0000000000000018 .L0 
C:\Users\User\AppData\Local\Temp\ccyjN7oT.s:1883   .text.RCC_USBFS48ClockSourceDivConfig:000000000000001a .L0 
C:\Users\User\AppData\Local\Temp\ccyjN7oT.s:1890   .text.RCC_LTDCCLKConfig:0000000000000000 RCC_LTDCCLKConfig
C:\Users\User\AppData\Local\Temp\ccyjN7oT.s:1893   .text.RCC_LTDCCLKConfig:0000000000000000 .L0 
C:\Users\User\AppData\Local\Temp\ccyjN7oT.s:1895   .text.RCC_LTDCCLKConfig:0000000000000000 .L0 
C:\Users\User\AppData\Local\Temp\ccyjN7oT.s:1896   .text.RCC_LTDCCLKConfig:0000000000000000 .L0 
C:\Users\User\AppData\Local\Temp\ccyjN7oT.s:1897   .text.RCC_LTDCCLKConfig:0000000000000000 $x
C:\Users\User\AppData\Local\Temp\ccyjN7oT.s:1897   .text.RCC_LTDCCLKConfig:0000000000000000 .L0 
C:\Users\User\AppData\Local\Temp\ccyjN7oT.s:1900   .text.RCC_LTDCCLKConfig:0000000000000006 .L0 
C:\Users\User\AppData\Local\Temp\ccyjN7oT.s:1905   .text.RCC_LTDCCLKConfig:000000000000000e .L0 
C:\Users\User\AppData\Local\Temp\ccyjN7oT.s:1906   .text.RCC_LTDCCLKConfig:000000000000000e .L0 
C:\Users\User\AppData\Local\Temp\ccyjN7oT.s:1908   .text.RCC_LTDCCLKConfig:0000000000000010 .L0 
C:\Users\User\AppData\Local\Temp\ccyjN7oT.s:1911   .text.RCC_LTDCCLKConfig:0000000000000012 .L0 
C:\Users\User\AppData\Local\Temp\ccyjN7oT.s:1914   .text.RCC_LTDCCLKConfig:0000000000000016 .L0 
C:\Users\User\AppData\Local\Temp\ccyjN7oT.s:1915   .text.RCC_LTDCCLKConfig:0000000000000018 .L0 
C:\Users\User\AppData\Local\Temp\ccyjN7oT.s:1922   .text.RCC_LTDCClockSourceDivConfig:0000000000000000 RCC_LTDCClockSourceDivConfig
C:\Users\User\AppData\Local\Temp\ccyjN7oT.s:1925   .text.RCC_LTDCClockSourceDivConfig:0000000000000000 .L0 
C:\Users\User\AppData\Local\Temp\ccyjN7oT.s:1927   .text.RCC_LTDCClockSourceDivConfig:0000000000000000 .L0 
C:\Users\User\AppData\Local\Temp\ccyjN7oT.s:1928   .text.RCC_LTDCClockSourceDivConfig:0000000000000000 .L0 
C:\Users\User\AppData\Local\Temp\ccyjN7oT.s:1929   .text.RCC_LTDCClockSourceDivConfig:0000000000000000 $x
C:\Users\User\AppData\Local\Temp\ccyjN7oT.s:1929   .text.RCC_LTDCClockSourceDivConfig:0000000000000000 .L0 
C:\Users\User\AppData\Local\Temp\ccyjN7oT.s:1932   .text.RCC_LTDCClockSourceDivConfig:0000000000000006 .L0 
C:\Users\User\AppData\Local\Temp\ccyjN7oT.s:1937   .text.RCC_LTDCClockSourceDivConfig:0000000000000010 .L0 
C:\Users\User\AppData\Local\Temp\ccyjN7oT.s:1938   .text.RCC_LTDCClockSourceDivConfig:0000000000000010 .L0 
C:\Users\User\AppData\Local\Temp\ccyjN7oT.s:1940   .text.RCC_LTDCClockSourceDivConfig:0000000000000012 .L0 
C:\Users\User\AppData\Local\Temp\ccyjN7oT.s:1943   .text.RCC_LTDCClockSourceDivConfig:0000000000000014 .L0 
C:\Users\User\AppData\Local\Temp\ccyjN7oT.s:1946   .text.RCC_LTDCClockSourceDivConfig:0000000000000018 .L0 
C:\Users\User\AppData\Local\Temp\ccyjN7oT.s:1947   .text.RCC_LTDCClockSourceDivConfig:000000000000001a .L0 
C:\Users\User\AppData\Local\Temp\ccyjN7oT.s:1954   .text.RCC_UHSIFCLKConfig:0000000000000000 RCC_UHSIFCLKConfig
C:\Users\User\AppData\Local\Temp\ccyjN7oT.s:1957   .text.RCC_UHSIFCLKConfig:0000000000000000 .L0 
C:\Users\User\AppData\Local\Temp\ccyjN7oT.s:1959   .text.RCC_UHSIFCLKConfig:0000000000000000 .L0 
C:\Users\User\AppData\Local\Temp\ccyjN7oT.s:1960   .text.RCC_UHSIFCLKConfig:0000000000000000 .L0 
C:\Users\User\AppData\Local\Temp\ccyjN7oT.s:1961   .text.RCC_UHSIFCLKConfig:0000000000000000 $x
C:\Users\User\AppData\Local\Temp\ccyjN7oT.s:1961   .text.RCC_UHSIFCLKConfig:0000000000000000 .L0 
C:\Users\User\AppData\Local\Temp\ccyjN7oT.s:1964   .text.RCC_UHSIFCLKConfig:0000000000000006 .L0 
C:\Users\User\AppData\Local\Temp\ccyjN7oT.s:1967   .text.RCC_UHSIFCLKConfig:0000000000000008 .L0 
C:\Users\User\AppData\Local\Temp\ccyjN7oT.s:1970   .text.RCC_UHSIFCLKConfig:000000000000000e .L0 
C:\Users\User\AppData\Local\Temp\ccyjN7oT.s:1971   .text.RCC_UHSIFCLKConfig:000000000000000e .L0 
C:\Users\User\AppData\Local\Temp\ccyjN7oT.s:1973   .text.RCC_UHSIFCLKConfig:0000000000000010 .L0 
C:\Users\User\AppData\Local\Temp\ccyjN7oT.s:1976   .text.RCC_UHSIFCLKConfig:0000000000000014 .L0 
C:\Users\User\AppData\Local\Temp\ccyjN7oT.s:1977   .text.RCC_UHSIFCLKConfig:0000000000000016 .L0 
C:\Users\User\AppData\Local\Temp\ccyjN7oT.s:1984   .text.RCC_UHSIFClockSourceDivConfig:0000000000000000 RCC_UHSIFClockSourceDivConfig
C:\Users\User\AppData\Local\Temp\ccyjN7oT.s:1987   .text.RCC_UHSIFClockSourceDivConfig:0000000000000000 .L0 
C:\Users\User\AppData\Local\Temp\ccyjN7oT.s:1989   .text.RCC_UHSIFClockSourceDivConfig:0000000000000000 .L0 
C:\Users\User\AppData\Local\Temp\ccyjN7oT.s:1990   .text.RCC_UHSIFClockSourceDivConfig:0000000000000000 .L0 
C:\Users\User\AppData\Local\Temp\ccyjN7oT.s:1991   .text.RCC_UHSIFClockSourceDivConfig:0000000000000000 $x
C:\Users\User\AppData\Local\Temp\ccyjN7oT.s:1991   .text.RCC_UHSIFClockSourceDivConfig:0000000000000000 .L0 
C:\Users\User\AppData\Local\Temp\ccyjN7oT.s:1994   .text.RCC_UHSIFClockSourceDivConfig:0000000000000006 .L0 
C:\Users\User\AppData\Local\Temp\ccyjN7oT.s:1997   .text.RCC_UHSIFClockSourceDivConfig:000000000000000c .L0 
C:\Users\User\AppData\Local\Temp\ccyjN7oT.s:1998   .text.RCC_UHSIFClockSourceDivConfig:000000000000000c .L0 
C:\Users\User\AppData\Local\Temp\ccyjN7oT.s:2000   .text.RCC_UHSIFClockSourceDivConfig:000000000000000e .L0 
C:\Users\User\AppData\Local\Temp\ccyjN7oT.s:2003   .text.RCC_UHSIFClockSourceDivConfig:0000000000000012 .L0 
C:\Users\User\AppData\Local\Temp\ccyjN7oT.s:2004   .text.RCC_UHSIFClockSourceDivConfig:0000000000000014 .L0 
C:\Users\User\AppData\Local\Temp\ccyjN7oT.s:2011   .text.RCC_USBHSPLLCLKConfig:0000000000000000 RCC_USBHSPLLCLKConfig
C:\Users\User\AppData\Local\Temp\ccyjN7oT.s:2014   .text.RCC_USBHSPLLCLKConfig:0000000000000000 .L0 
C:\Users\User\AppData\Local\Temp\ccyjN7oT.s:2016   .text.RCC_USBHSPLLCLKConfig:0000000000000000 .L0 
C:\Users\User\AppData\Local\Temp\ccyjN7oT.s:2017   .text.RCC_USBHSPLLCLKConfig:0000000000000000 .L0 
C:\Users\User\AppData\Local\Temp\ccyjN7oT.s:2018   .text.RCC_USBHSPLLCLKConfig:0000000000000000 $x
C:\Users\User\AppData\Local\Temp\ccyjN7oT.s:2018   .text.RCC_USBHSPLLCLKConfig:0000000000000000 .L0 
C:\Users\User\AppData\Local\Temp\ccyjN7oT.s:2021   .text.RCC_USBHSPLLCLKConfig:0000000000000006 .L0 
C:\Users\User\AppData\Local\Temp\ccyjN7oT.s:2024   .text.RCC_USBHSPLLCLKConfig:000000000000000a .L0 
C:\Users\User\AppData\Local\Temp\ccyjN7oT.s:2025   .text.RCC_USBHSPLLCLKConfig:000000000000000a .L0 
C:\Users\User\AppData\Local\Temp\ccyjN7oT.s:2027   .text.RCC_USBHSPLLCLKConfig:000000000000000c .L0 
C:\Users\User\AppData\Local\Temp\ccyjN7oT.s:2030   .text.RCC_USBHSPLLCLKConfig:0000000000000010 .L0 
C:\Users\User\AppData\Local\Temp\ccyjN7oT.s:2031   .text.RCC_USBHSPLLCLKConfig:0000000000000012 .L0 
C:\Users\User\AppData\Local\Temp\ccyjN7oT.s:2038   .text.RCC_USBHSPLLReferConfig:0000000000000000 RCC_USBHSPLLReferConfig
C:\Users\User\AppData\Local\Temp\ccyjN7oT.s:2041   .text.RCC_USBHSPLLReferConfig:0000000000000000 .L0 
C:\Users\User\AppData\Local\Temp\ccyjN7oT.s:2043   .text.RCC_USBHSPLLReferConfig:0000000000000000 .L0 
C:\Users\User\AppData\Local\Temp\ccyjN7oT.s:2044   .text.RCC_USBHSPLLReferConfig:0000000000000000 .L0 
C:\Users\User\AppData\Local\Temp\ccyjN7oT.s:2045   .text.RCC_USBHSPLLReferConfig:0000000000000000 $x
C:\Users\User\AppData\Local\Temp\ccyjN7oT.s:2045   .text.RCC_USBHSPLLReferConfig:0000000000000000 .L0 
C:\Users\User\AppData\Local\Temp\ccyjN7oT.s:2048   .text.RCC_USBHSPLLReferConfig:0000000000000006 .L0 
C:\Users\User\AppData\Local\Temp\ccyjN7oT.s:2051   .text.RCC_USBHSPLLReferConfig:000000000000000a .L0 
C:\Users\User\AppData\Local\Temp\ccyjN7oT.s:2052   .text.RCC_USBHSPLLReferConfig:000000000000000a .L0 
C:\Users\User\AppData\Local\Temp\ccyjN7oT.s:2054   .text.RCC_USBHSPLLReferConfig:000000000000000c .L0 
C:\Users\User\AppData\Local\Temp\ccyjN7oT.s:2057   .text.RCC_USBHSPLLReferConfig:0000000000000010 .L0 
C:\Users\User\AppData\Local\Temp\ccyjN7oT.s:2058   .text.RCC_USBHSPLLReferConfig:0000000000000012 .L0 
C:\Users\User\AppData\Local\Temp\ccyjN7oT.s:2065   .text.RCC_USBSSPLLReferConfig:0000000000000000 RCC_USBSSPLLReferConfig
C:\Users\User\AppData\Local\Temp\ccyjN7oT.s:2068   .text.RCC_USBSSPLLReferConfig:0000000000000000 .L0 
C:\Users\User\AppData\Local\Temp\ccyjN7oT.s:2070   .text.RCC_USBSSPLLReferConfig:0000000000000000 .L0 
C:\Users\User\AppData\Local\Temp\ccyjN7oT.s:2071   .text.RCC_USBSSPLLReferConfig:0000000000000000 .L0 
C:\Users\User\AppData\Local\Temp\ccyjN7oT.s:2072   .text.RCC_USBSSPLLReferConfig:0000000000000000 $x
C:\Users\User\AppData\Local\Temp\ccyjN7oT.s:2072   .text.RCC_USBSSPLLReferConfig:0000000000000000 .L0 
C:\Users\User\AppData\Local\Temp\ccyjN7oT.s:2075   .text.RCC_USBSSPLLReferConfig:0000000000000006 .L0 
C:\Users\User\AppData\Local\Temp\ccyjN7oT.s:2078   .text.RCC_USBSSPLLReferConfig:000000000000000c .L0 
C:\Users\User\AppData\Local\Temp\ccyjN7oT.s:2079   .text.RCC_USBSSPLLReferConfig:000000000000000c .L0 
C:\Users\User\AppData\Local\Temp\ccyjN7oT.s:2081   .text.RCC_USBSSPLLReferConfig:000000000000000e .L0 
C:\Users\User\AppData\Local\Temp\ccyjN7oT.s:2084   .text.RCC_USBSSPLLReferConfig:0000000000000012 .L0 
C:\Users\User\AppData\Local\Temp\ccyjN7oT.s:2085   .text.RCC_USBSSPLLReferConfig:0000000000000014 .L0 
C:\Users\User\AppData\Local\Temp\ccyjN7oT.s:2092   .text.RCC_USBHSPLLClockSourceDivConfig:0000000000000000 RCC_USBHSPLLClockSourceDivConfig
C:\Users\User\AppData\Local\Temp\ccyjN7oT.s:2095   .text.RCC_USBHSPLLClockSourceDivConfig:0000000000000000 .L0 
C:\Users\User\AppData\Local\Temp\ccyjN7oT.s:2097   .text.RCC_USBHSPLLClockSourceDivConfig:0000000000000000 .L0 
C:\Users\User\AppData\Local\Temp\ccyjN7oT.s:2098   .text.RCC_USBHSPLLClockSourceDivConfig:0000000000000000 .L0 
C:\Users\User\AppData\Local\Temp\ccyjN7oT.s:2099   .text.RCC_USBHSPLLClockSourceDivConfig:0000000000000000 $x
C:\Users\User\AppData\Local\Temp\ccyjN7oT.s:2099   .text.RCC_USBHSPLLClockSourceDivConfig:0000000000000000 .L0 
C:\Users\User\AppData\Local\Temp\ccyjN7oT.s:2102   .text.RCC_USBHSPLLClockSourceDivConfig:0000000000000006 .L0 
C:\Users\User\AppData\Local\Temp\ccyjN7oT.s:2107   .text.RCC_USBHSPLLClockSourceDivConfig:0000000000000010 .L0 
C:\Users\User\AppData\Local\Temp\ccyjN7oT.s:2108   .text.RCC_USBHSPLLClockSourceDivConfig:0000000000000010 .L0 
C:\Users\User\AppData\Local\Temp\ccyjN7oT.s:2110   .text.RCC_USBHSPLLClockSourceDivConfig:0000000000000012 .L0 
C:\Users\User\AppData\Local\Temp\ccyjN7oT.s:2113   .text.RCC_USBHSPLLClockSourceDivConfig:0000000000000016 .L0 
C:\Users\User\AppData\Local\Temp\ccyjN7oT.s:2114   .text.RCC_USBHSPLLClockSourceDivConfig:0000000000000018 .L0 
C:\Users\User\AppData\Local\Temp\ccyjN7oT.s:2121   .text.RCC_SERDESPLLMulConfig:0000000000000000 RCC_SERDESPLLMulConfig
C:\Users\User\AppData\Local\Temp\ccyjN7oT.s:2124   .text.RCC_SERDESPLLMulConfig:0000000000000000 .L0 
C:\Users\User\AppData\Local\Temp\ccyjN7oT.s:2126   .text.RCC_SERDESPLLMulConfig:0000000000000000 .L0 
C:\Users\User\AppData\Local\Temp\ccyjN7oT.s:2127   .text.RCC_SERDESPLLMulConfig:0000000000000000 .L0 
C:\Users\User\AppData\Local\Temp\ccyjN7oT.s:2128   .text.RCC_SERDESPLLMulConfig:0000000000000000 $x
C:\Users\User\AppData\Local\Temp\ccyjN7oT.s:2128   .text.RCC_SERDESPLLMulConfig:0000000000000000 .L0 
C:\Users\User\AppData\Local\Temp\ccyjN7oT.s:2131   .text.RCC_SERDESPLLMulConfig:0000000000000006 .L0 
C:\Users\User\AppData\Local\Temp\ccyjN7oT.s:2136   .text.RCC_SERDESPLLMulConfig:0000000000000010 .L0 
C:\Users\User\AppData\Local\Temp\ccyjN7oT.s:2137   .text.RCC_SERDESPLLMulConfig:0000000000000010 .L0 
C:\Users\User\AppData\Local\Temp\ccyjN7oT.s:2139   .text.RCC_SERDESPLLMulConfig:0000000000000012 .L0 
C:\Users\User\AppData\Local\Temp\ccyjN7oT.s:2142   .text.RCC_SERDESPLLMulConfig:0000000000000016 .L0 
C:\Users\User\AppData\Local\Temp\ccyjN7oT.s:2143   .text.RCC_SERDESPLLMulConfig:0000000000000018 .L0 
C:\Users\User\AppData\Local\Temp\ccyjN7oT.s:2150   .text.RCC_ADCCLKDutyCycleConfig:0000000000000000 RCC_ADCCLKDutyCycleConfig
C:\Users\User\AppData\Local\Temp\ccyjN7oT.s:2153   .text.RCC_ADCCLKDutyCycleConfig:0000000000000000 .L0 
C:\Users\User\AppData\Local\Temp\ccyjN7oT.s:2155   .text.RCC_ADCCLKDutyCycleConfig:0000000000000000 .L0 
C:\Users\User\AppData\Local\Temp\ccyjN7oT.s:2156   .text.RCC_ADCCLKDutyCycleConfig:0000000000000000 .L0 
C:\Users\User\AppData\Local\Temp\ccyjN7oT.s:2157   .text.RCC_ADCCLKDutyCycleConfig:0000000000000000 $x
C:\Users\User\AppData\Local\Temp\ccyjN7oT.s:2157   .text.RCC_ADCCLKDutyCycleConfig:0000000000000000 .L0 
C:\Users\User\AppData\Local\Temp\ccyjN7oT.s:2160   .text.RCC_ADCCLKDutyCycleConfig:0000000000000006 .L0 
C:\Users\User\AppData\Local\Temp\ccyjN7oT.s:2163   .text.RCC_ADCCLKDutyCycleConfig:000000000000000c .L0 
C:\Users\User\AppData\Local\Temp\ccyjN7oT.s:2164   .text.RCC_ADCCLKDutyCycleConfig:000000000000000c .L0 
C:\Users\User\AppData\Local\Temp\ccyjN7oT.s:2166   .text.RCC_ADCCLKDutyCycleConfig:000000000000000e .L0 
C:\Users\User\AppData\Local\Temp\ccyjN7oT.s:2169   .text.RCC_ADCCLKDutyCycleConfig:0000000000000012 .L0 
C:\Users\User\AppData\Local\Temp\ccyjN7oT.s:2170   .text.RCC_ADCCLKDutyCycleConfig:0000000000000014 .L0 
C:\Users\User\AppData\Local\Temp\ccyjN7oT.s:2177   .text.RCC_ADCCLKConfig:0000000000000000 RCC_ADCCLKConfig
C:\Users\User\AppData\Local\Temp\ccyjN7oT.s:2180   .text.RCC_ADCCLKConfig:0000000000000000 .L0 
C:\Users\User\AppData\Local\Temp\ccyjN7oT.s:2182   .text.RCC_ADCCLKConfig:0000000000000000 .L0 
C:\Users\User\AppData\Local\Temp\ccyjN7oT.s:2183   .text.RCC_ADCCLKConfig:0000000000000000 .L0 
C:\Users\User\AppData\Local\Temp\ccyjN7oT.s:2184   .text.RCC_ADCCLKConfig:0000000000000000 $x
C:\Users\User\AppData\Local\Temp\ccyjN7oT.s:2184   .text.RCC_ADCCLKConfig:0000000000000000 .L0 
C:\Users\User\AppData\Local\Temp\ccyjN7oT.s:2187   .text.RCC_ADCCLKConfig:0000000000000006 .L0 
C:\Users\User\AppData\Local\Temp\ccyjN7oT.s:2190   .text.RCC_ADCCLKConfig:0000000000000008 .L0 
C:\Users\User\AppData\Local\Temp\ccyjN7oT.s:2193   .text.RCC_ADCCLKConfig:000000000000000e .L0 
C:\Users\User\AppData\Local\Temp\ccyjN7oT.s:2194   .text.RCC_ADCCLKConfig:000000000000000e .L0 
C:\Users\User\AppData\Local\Temp\ccyjN7oT.s:2196   .text.RCC_ADCCLKConfig:0000000000000010 .L0 
C:\Users\User\AppData\Local\Temp\ccyjN7oT.s:2199   .text.RCC_ADCCLKConfig:0000000000000014 .L0 
C:\Users\User\AppData\Local\Temp\ccyjN7oT.s:2200   .text.RCC_ADCCLKConfig:0000000000000016 .L0 
C:\Users\User\AppData\Local\Temp\ccyjN7oT.s:2207   .text.RCC_SYSPLLGATEcmd:0000000000000000 RCC_SYSPLLGATEcmd
C:\Users\User\AppData\Local\Temp\ccyjN7oT.s:2210   .text.RCC_SYSPLLGATEcmd:0000000000000000 .L0 
C:\Users\User\AppData\Local\Temp\ccyjN7oT.s:2212   .text.RCC_SYSPLLGATEcmd:0000000000000000 .L0 
C:\Users\User\AppData\Local\Temp\ccyjN7oT.s:2213   .text.RCC_SYSPLLGATEcmd:0000000000000000 .L0 
C:\Users\User\AppData\Local\Temp\ccyjN7oT.s:2214   .text.RCC_SYSPLLGATEcmd:0000000000000000 $x
C:\Users\User\AppData\Local\Temp\ccyjN7oT.s:2214   .text.RCC_SYSPLLGATEcmd:0000000000000000 .L0 
C:\Users\User\AppData\Local\Temp\ccyjN7oT.s:2217   .text.RCC_SYSPLLGATEcmd:0000000000000006 .L0 
C:\Users\User\AppData\Local\Temp\ccyjN7oT.s:2219   .text.RCC_SYSPLLGATEcmd:0000000000000008 .L0 
C:\Users\User\AppData\Local\Temp\ccyjN7oT.s:2220   .text.RCC_SYSPLLGATEcmd:0000000000000008 .L0 
C:\Users\User\AppData\Local\Temp\ccyjN7oT.s:2223   .text.RCC_SYSPLLGATEcmd:000000000000000c .L0 
C:\Users\User\AppData\Local\Temp\ccyjN7oT.s:2225   .text.RCC_SYSPLLGATEcmd:000000000000000e .L0 
C:\Users\User\AppData\Local\Temp\ccyjN7oT.s:2228   .text.RCC_SYSPLLGATEcmd:0000000000000010 .L0 
C:\Users\User\AppData\Local\Temp\ccyjN7oT.s:2229   .text.RCC_SYSPLLGATEcmd:0000000000000010 .L0 
C:\Users\User\AppData\Local\Temp\ccyjN7oT.s:2231   .text.RCC_SYSPLLGATEcmd:0000000000000016 .L0 
C:\Users\User\AppData\Local\Temp\ccyjN7oT.s:2238   .text.RCC_SYSPLLConfig:0000000000000000 RCC_SYSPLLConfig
C:\Users\User\AppData\Local\Temp\ccyjN7oT.s:2241   .text.RCC_SYSPLLConfig:0000000000000000 .L0 
C:\Users\User\AppData\Local\Temp\ccyjN7oT.s:2243   .text.RCC_SYSPLLConfig:0000000000000000 .L0 
C:\Users\User\AppData\Local\Temp\ccyjN7oT.s:2244   .text.RCC_SYSPLLConfig:0000000000000000 .L0 
C:\Users\User\AppData\Local\Temp\ccyjN7oT.s:2245   .text.RCC_SYSPLLConfig:0000000000000000 $x
C:\Users\User\AppData\Local\Temp\ccyjN7oT.s:2245   .text.RCC_SYSPLLConfig:0000000000000000 .L0 
C:\Users\User\AppData\Local\Temp\ccyjN7oT.s:2248   .text.RCC_SYSPLLConfig:0000000000000006 .L0 
C:\Users\User\AppData\Local\Temp\ccyjN7oT.s:2253   .text.RCC_SYSPLLConfig:0000000000000010 .L0 
C:\Users\User\AppData\Local\Temp\ccyjN7oT.s:2254   .text.RCC_SYSPLLConfig:0000000000000010 .L0 
C:\Users\User\AppData\Local\Temp\ccyjN7oT.s:2256   .text.RCC_SYSPLLConfig:0000000000000012 .L0 
C:\Users\User\AppData\Local\Temp\ccyjN7oT.s:2259   .text.RCC_SYSPLLConfig:0000000000000014 .L0 
C:\Users\User\AppData\Local\Temp\ccyjN7oT.s:2262   .text.RCC_SYSPLLConfig:0000000000000018 .L0 
C:\Users\User\AppData\Local\Temp\ccyjN7oT.s:2263   .text.RCC_SYSPLLConfig:000000000000001a .L0 
C:\Users\User\AppData\Local\Temp\ccyjN7oT.s:2270   .text.RCC_RTCOutputConfig:0000000000000000 RCC_RTCOutputConfig
C:\Users\User\AppData\Local\Temp\ccyjN7oT.s:2273   .text.RCC_RTCOutputConfig:0000000000000000 .L0 
C:\Users\User\AppData\Local\Temp\ccyjN7oT.s:2275   .text.RCC_RTCOutputConfig:0000000000000000 $x
C:\Users\User\AppData\Local\Temp\ccyjN7oT.s:2275   .text.RCC_RTCOutputConfig:0000000000000000 .L0 
C:\Users\User\AppData\Local\Temp\ccyjN7oT.s:2276   .text.RCC_RTCOutputConfig:0000000000000008 .L0 
C:\Users\User\AppData\Local\Temp\ccyjN7oT.s:2277   .text.RCC_RTCOutputConfig:0000000000000008 .L0 
C:\Users\User\AppData\Local\Temp\ccyjN7oT.s:2278   .text.RCC_RTCOutputConfig:0000000000000008 .L0 
C:\Users\User\AppData\Local\Temp\ccyjN7oT.s:2279   .text.RCC_RTCOutputConfig:0000000000000008 .L0 
C:\Users\User\AppData\Local\Temp\ccyjN7oT.s:2282   .text.RCC_RTCOutputConfig:0000000000000008 .L0 
C:\Users\User\AppData\Local\Temp\ccyjN7oT.s:2285   .text.RCC_RTCOutputConfig:0000000000000008 .L0 
C:\Users\User\AppData\Local\Temp\ccyjN7oT.s:2286   .text.RCC_RTCOutputConfig:0000000000000008 .L0 
C:\Users\User\AppData\Local\Temp\ccyjN7oT.s:2291   .text.RCC_RTCOutputConfig:000000000000000e .L0 
C:\Users\User\AppData\Local\Temp\ccyjN7oT.s:2292   .text.RCC_RTCOutputConfig:0000000000000010 .L0 
C:\Users\User\AppData\Local\Temp\ccyjN7oT.s:2294   .text.RCC_RTCOutputConfig:0000000000000010 .L0 
C:\Users\User\AppData\Local\Temp\ccyjN7oT.s:2301   .text.RCC_RTCOutputConfig:0000000000000016 .L0 
C:\Users\User\AppData\Local\Temp\ccyjN7oT.s:2302   .text.RCC_RTCOutputConfig:0000000000000016 .L0 
C:\Users\User\AppData\Local\Temp\ccyjN7oT.s:2303   .text.RCC_RTCOutputConfig:0000000000000016 .L0 
C:\Users\User\AppData\Local\Temp\ccyjN7oT.s:2304   .text.RCC_RTCOutputConfig:0000000000000016 .L0 
C:\Users\User\AppData\Local\Temp\ccyjN7oT.s:2308   .text.RCC_RTCOutputConfig:000000000000001a .L0 
C:\Users\User\AppData\Local\Temp\ccyjN7oT.s:2312   .text.RCC_RTCOutputConfig:000000000000001c .L0 
C:\Users\User\AppData\Local\Temp\ccyjN7oT.s:2317   .text.RCC_RTCOutputConfig:000000000000001e .L0 
C:\Users\User\AppData\Local\Temp\ccyjN7oT.s:2324   .text.RCC_RTCOutputConfig:000000000000002e .L0 
C:\Users\User\AppData\Local\Temp\ccyjN7oT.s:2325   .text.RCC_RTCOutputConfig:000000000000002e .L0 
C:\Users\User\AppData\Local\Temp\ccyjN7oT.s:2328   .text.RCC_RTCOutputConfig:0000000000000032 .L0 
C:\Users\User\AppData\Local\Temp\ccyjN7oT.s:2329   .text.RCC_RTCOutputConfig:0000000000000032 .L0 
C:\Users\User\AppData\Local\Temp\ccyjN7oT.s:2332   .text.RCC_RTCOutputConfig:0000000000000036 .L0 
C:\Users\User\AppData\Local\Temp\ccyjN7oT.s:2333   .text.RCC_RTCOutputConfig:0000000000000036 .L0 
C:\Users\User\AppData\Local\Temp\ccyjN7oT.s:2335   .text.RCC_RTCOutputConfig:0000000000000038 .L0 
C:\Users\User\AppData\Local\Temp\ccyjN7oT.s:2337   .text.RCC_RTCOutputConfig:000000000000003a .L0 
C:\Users\User\AppData\Local\Temp\ccyjN7oT.s:2339   .text.RCC_RTCOutputConfig:000000000000003e .L0 
C:\Users\User\AppData\Local\Temp\ccyjN7oT.s:2341   .text.RCC_RTCOutputConfig:0000000000000040 .L0 
C:\Users\User\AppData\Local\Temp\ccyjN7oT.s:2344   .text.RCC_RTCOutputConfig:0000000000000048 .L0 
C:\Users\User\AppData\Local\Temp\ccyjN7oT.s:2345   .text.RCC_RTCOutputConfig:0000000000000048 .L0 
C:\Users\User\AppData\Local\Temp\ccyjN7oT.s:2347   .text.RCC_RTCOutputConfig:000000000000004a .L0 
C:\Users\User\AppData\Local\Temp\ccyjN7oT.s:2350   .text.RCC_RTCOutputConfig:000000000000004e .L0 
C:\Users\User\AppData\Local\Temp\ccyjN7oT.s:2351   .text.RCC_RTCOutputConfig:000000000000004e .L0 
C:\Users\User\AppData\Local\Temp\ccyjN7oT.s:2354   .text.RCC_RTCOutputConfig:0000000000000052 .L0 
C:\Users\User\AppData\Local\Temp\ccyjN7oT.s:2355   .text.RCC_RTCOutputConfig:0000000000000052 .L0 
C:\Users\User\AppData\Local\Temp\ccyjN7oT.s:2356   .text.RCC_RTCOutputConfig:0000000000000052 .L0 
C:\Users\User\AppData\Local\Temp\ccyjN7oT.s:2359   .text.RCC_RTCOutputConfig:0000000000000058 .L0 
C:\Users\User\AppData\Local\Temp\ccyjN7oT.s:2360   .text.RCC_RTCOutputConfig:000000000000005a .L0 
C:\Users\User\AppData\Local\Temp\ccyjN7oT.s:2362   .text.RCC_RTCOutputConfig:0000000000000062 .L0 
C:\Users\User\AppData\Local\Temp\ccyjN7oT.s:2363   .text.RCC_RTCOutputConfig:0000000000000062 .L0 
C:\Users\User\AppData\Local\Temp\ccyjN7oT.s:2364   .text.RCC_RTCOutputConfig:0000000000000062 .L0 
C:\Users\User\AppData\Local\Temp\ccyjN7oT.s:2365   .text.RCC_RTCOutputConfig:0000000000000062 .L0 
C:\Users\User\AppData\Local\Temp\ccyjN7oT.s:2366   .text.RCC_RTCOutputConfig:0000000000000062 .L0 
C:\Users\User\AppData\Local\Temp\ccyjN7oT.s:7385   .debug_line_str:00000000000000a5 .L0 
C:\Users\User\AppData\Local\Temp\ccyjN7oT.s:7385   .debug_line_str:00000000000000f7 .L0 
C:\Users\User\AppData\Local\Temp\ccyjN7oT.s:7385   .debug_line_str:000000000000013b .L0 
C:\Users\User\AppData\Local\Temp\ccyjN7oT.s:7385   .debug_line_str:0000000000000175 .L0 
C:\Users\User\AppData\Local\Temp\ccyjN7oT.s:7385   .debug_line_str:00000000000001ff .L0 
C:\Users\User\AppData\Local\Temp\ccyjN7oT.s:7385   .debug_line_str:0000000000000285 .L0 
C:\Users\User\AppData\Local\Temp\ccyjN7oT.s:7385   .debug_line_str:00000000000002c9 .L0 
C:\Users\User\AppData\Local\Temp\ccyjN7oT.s:7385   .debug_line_str:00000000000002d8 .L0 
C:\Users\User\AppData\Local\Temp\ccyjN7oT.s:7385   .debug_line_str:00000000000002e7 .L0 
C:\Users\User\AppData\Local\Temp\ccyjN7oT.s:7385   .debug_line_str:00000000000002f4 .L0 
C:\Users\User\AppData\Local\Temp\ccyjN7oT.s:7385   .debug_line_str:0000000000000305 .L0 
C:\Users\User\AppData\Local\Temp\ccyjN7oT.s:7385   .debug_line_str:000000000000030f .L0 
C:\Users\User\AppData\Local\Temp\ccyjN7oT.s:7385   .debug_line_str:000000000000031a .L0 
C:\Users\User\AppData\Local\Temp\ccyjN7oT.s:7385   .debug_line_str:000000000000032a .L0 
C:\Users\User\AppData\Local\Temp\ccyjN7oT.s:120    .text.RCC_DeInit:0000000000000088 .L0 
C:\Users\User\AppData\Local\Temp\ccyjN7oT.s:171    .text.RCC_HSEConfig:0000000000000036 .L0 
C:\Users\User\AppData\Local\Temp\ccyjN7oT.s:205    .text.RCC_AdjustHSICalibrationValue:0000000000000012 .L0 
C:\Users\User\AppData\Local\Temp\ccyjN7oT.s:236    .text.RCC_HSICmd:0000000000000014 .L0 
C:\Users\User\AppData\Local\Temp\ccyjN7oT.s:271    .text.RCC_PLLConfig:0000000000000014 .L0 
C:\Users\User\AppData\Local\Temp\ccyjN7oT.s:302    .text.RCC_PLLCmd:0000000000000016 .L0 
C:\Users\User\AppData\Local\Temp\ccyjN7oT.s:333    .text.RCC_SYSCLKConfig:000000000000000e .L0 
C:\Users\User\AppData\Local\Temp\ccyjN7oT.s:351    .text.RCC_GetSYSCLKSource:000000000000000a .L0 
C:\Users\User\AppData\Local\Temp\ccyjN7oT.s:385    .text.RCC_HCLKSourceDivConfig:0000000000000018 .L0 
C:\Users\User\AppData\Local\Temp\ccyjN7oT.s:417    .text.RCC_ITConfig:000000000000001c .L0 
C:\Users\User\AppData\Local\Temp\ccyjN7oT.s:453    .text.RCC_ADCUSBHSPLLCLKAsSourceConfig:0000000000000016 .L0 
C:\Users\User\AppData\Local\Temp\ccyjN7oT.s:494    .text.RCC_ADCHCLKCLKAsSourceConfig:000000000000001a .L0 
C:\Users\User\AppData\Local\Temp\ccyjN7oT.s:533    .text.RCC_LSEConfig:0000000000000028 .L0 
C:\Users\User\AppData\Local\Temp\ccyjN7oT.s:564    .text.RCC_LSICmd:0000000000000014 .L0 
C:\Users\User\AppData\Local\Temp\ccyjN7oT.s:591    .text.RCC_RTCCLKConfig:0000000000000014 .L0 
C:\Users\User\AppData\Local\Temp\ccyjN7oT.s:622    .text.RCC_RTCCLKCmd:0000000000000016 .L0 
C:\Users\User\AppData\Local\Temp\ccyjN7oT.s:960    .text.RCC_GetClocksFreq:00000000000001ae .L0 
C:\Users\User\AppData\Local\Temp\ccyjN7oT.s:994    .text.RCC_HBPeriphClockCmd:000000000000001c .L0 
C:\Users\User\AppData\Local\Temp\ccyjN7oT.s:1034   .text.RCC_HB2PeriphClockCmd:000000000000001c .L0 
C:\Users\User\AppData\Local\Temp\ccyjN7oT.s:1068   .text.RCC_HB1PeriphClockCmd:000000000000001c .L0 
C:\Users\User\AppData\Local\Temp\ccyjN7oT.s:1102   .text.RCC_HBPeriphResetCmd:000000000000001c .L0 
C:\Users\User\AppData\Local\Temp\ccyjN7oT.s:1136   .text.RCC_HB2PeriphResetCmd:000000000000001c .L0 
C:\Users\User\AppData\Local\Temp\ccyjN7oT.s:1170   .text.RCC_HB1PeriphResetCmd:000000000000001c .L0 
C:\Users\User\AppData\Local\Temp\ccyjN7oT.s:1201   .text.RCC_BackupResetCmd:0000000000000016 .L0 
C:\Users\User\AppData\Local\Temp\ccyjN7oT.s:1249   .text.RCC_ClockSecuritySystemCmd:000000000000002a .L0 
C:\Users\User\AppData\Local\Temp\ccyjN7oT.s:1267   .text.RCC_MCOConfig:0000000000000008 .L0 
C:\Users\User\AppData\Local\Temp\ccyjN7oT.s:1328   .text.RCC_GetFlagStatus:000000000000002e .L0 
C:\Users\User\AppData\Local\Temp\ccyjN7oT.s:1391   .text.RCC_WaitForHSEStartUp:0000000000000044 .L0 
C:\Users\User\AppData\Local\Temp\ccyjN7oT.s:1411   .text.RCC_ClearFlag:000000000000000e .L0 
C:\Users\User\AppData\Local\Temp\ccyjN7oT.s:1436   .text.RCC_GetITStatus:000000000000000e .L0 
C:\Users\User\AppData\Local\Temp\ccyjN7oT.s:1454   .text.RCC_ClearITPendingBit:0000000000000008 .L0 
C:\Users\User\AppData\Local\Temp\ccyjN7oT.s:1485   .text.RCC_USBHS_PLLCmd:0000000000000016 .L0 
C:\Users\User\AppData\Local\Temp\ccyjN7oT.s:1516   .text.RCC_USBSS_PLLCmd:0000000000000016 .L0 
C:\Users\User\AppData\Local\Temp\ccyjN7oT.s:1547   .text.RCC_ETH_PLLCmd:0000000000000016 .L0 
C:\Users\User\AppData\Local\Temp\ccyjN7oT.s:1578   .text.RCC_SERDES_PLLCmd:0000000000000016 .L0 
C:\Users\User\AppData\Local\Temp\ccyjN7oT.s:1609   .text.RCC_PIPECmd:0000000000000016 .L0 
C:\Users\User\AppData\Local\Temp\ccyjN7oT.s:1640   .text.RCC_UTMIcmd:0000000000000016 .L0 
C:\Users\User\AppData\Local\Temp\ccyjN7oT.s:1671   .text.RCC_RGMIIcmd:0000000000000016 .L0 
C:\Users\User\AppData\Local\Temp\ccyjN7oT.s:1702   .text.RCC_ETH125MCLKConfig:0000000000000016 .L0 
C:\Users\User\AppData\Local\Temp\ccyjN7oT.s:1734   .text.RCC_HSADCCLKConfig:000000000000001a .L0 
C:\Users\User\AppData\Local\Temp\ccyjN7oT.s:1764   .text.RCC_I2S3CLKConfig:0000000000000016 .L0 
C:\Users\User\AppData\Local\Temp\ccyjN7oT.s:1794   .text.RCC_I2S2CLKConfig:0000000000000016 .L0 
C:\Users\User\AppData\Local\Temp\ccyjN7oT.s:1824   .text.RCC_RNGCLKConfig:0000000000000016 .L0 
C:\Users\User\AppData\Local\Temp\ccyjN7oT.s:1854   .text.RCC_USBFSCLKConfig:0000000000000016 .L0 
C:\Users\User\AppData\Local\Temp\ccyjN7oT.s:1886   .text.RCC_USBFS48ClockSourceDivConfig:000000000000001a .L0 
C:\Users\User\AppData\Local\Temp\ccyjN7oT.s:1918   .text.RCC_LTDCCLKConfig:0000000000000018 .L0 
C:\Users\User\AppData\Local\Temp\ccyjN7oT.s:1950   .text.RCC_LTDCClockSourceDivConfig:000000000000001a .L0 
C:\Users\User\AppData\Local\Temp\ccyjN7oT.s:1980   .text.RCC_UHSIFCLKConfig:0000000000000016 .L0 
C:\Users\User\AppData\Local\Temp\ccyjN7oT.s:2007   .text.RCC_UHSIFClockSourceDivConfig:0000000000000014 .L0 
C:\Users\User\AppData\Local\Temp\ccyjN7oT.s:2034   .text.RCC_USBHSPLLCLKConfig:0000000000000012 .L0 
C:\Users\User\AppData\Local\Temp\ccyjN7oT.s:2061   .text.RCC_USBHSPLLReferConfig:0000000000000012 .L0 
C:\Users\User\AppData\Local\Temp\ccyjN7oT.s:2088   .text.RCC_USBSSPLLReferConfig:0000000000000014 .L0 
C:\Users\User\AppData\Local\Temp\ccyjN7oT.s:2117   .text.RCC_USBHSPLLClockSourceDivConfig:0000000000000018 .L0 
C:\Users\User\AppData\Local\Temp\ccyjN7oT.s:2146   .text.RCC_SERDESPLLMulConfig:0000000000000018 .L0 
C:\Users\User\AppData\Local\Temp\ccyjN7oT.s:2173   .text.RCC_ADCCLKDutyCycleConfig:0000000000000014 .L0 
C:\Users\User\AppData\Local\Temp\ccyjN7oT.s:2203   .text.RCC_ADCCLKConfig:0000000000000016 .L0 
C:\Users\User\AppData\Local\Temp\ccyjN7oT.s:2234   .text.RCC_SYSPLLGATEcmd:0000000000000016 .L0 
C:\Users\User\AppData\Local\Temp\ccyjN7oT.s:2266   .text.RCC_SYSPLLConfig:000000000000001a .L0 
C:\Users\User\AppData\Local\Temp\ccyjN7oT.s:2369   .text.RCC_RTCOutputConfig:0000000000000062 .L0 
                     .debug_frame:0000000000000000 .L0 
C:\Users\User\AppData\Local\Temp\ccyjN7oT.s:37     .text.RCC_DeInit:000000000000001a .L2
C:\Users\User\AppData\Local\Temp\ccyjN7oT.s:148    .text.RCC_HSEConfig:0000000000000024 .L5
C:\Users\User\AppData\Local\Temp\ccyjN7oT.s:160    .text.RCC_HSEConfig:000000000000002c .L6
C:\Users\User\AppData\Local\Temp\ccyjN7oT.s:154    .text.RCC_HSEConfig:0000000000000028 .L8
C:\Users\User\AppData\Local\Temp\ccyjN7oT.s:228    .text.RCC_HSICmd:0000000000000010 .L11
C:\Users\User\AppData\Local\Temp\ccyjN7oT.s:223    .text.RCC_HSICmd:000000000000000c .L13
C:\Users\User\AppData\Local\Temp\ccyjN7oT.s:294    .text.RCC_PLLCmd:0000000000000010 .L16
C:\Users\User\AppData\Local\Temp\ccyjN7oT.s:289    .text.RCC_PLLCmd:000000000000000c .L18
C:\Users\User\AppData\Local\Temp\ccyjN7oT.s:404    .text.RCC_ITConfig:000000000000000e .L23
C:\Users\User\AppData\Local\Temp\ccyjN7oT.s:516    .text.RCC_LSEConfig:000000000000001a .L28
C:\Users\User\AppData\Local\Temp\ccyjN7oT.s:522    .text.RCC_LSEConfig:0000000000000020 .L29
C:\Users\User\AppData\Local\Temp\ccyjN7oT.s:556    .text.RCC_LSICmd:0000000000000010 .L32
C:\Users\User\AppData\Local\Temp\ccyjN7oT.s:551    .text.RCC_LSICmd:000000000000000c .L34
C:\Users\User\AppData\Local\Temp\ccyjN7oT.s:614    .text.RCC_RTCCLKCmd:0000000000000010 .L37
C:\Users\User\AppData\Local\Temp\ccyjN7oT.s:609    .text.RCC_RTCCLKCmd:000000000000000c .L39
C:\Users\User\AppData\Local\Temp\ccyjN7oT.s:664    .text.RCC_GetClocksFreq:0000000000000034 .L55
C:\Users\User\AppData\Local\Temp\ccyjN7oT.s:912    .text.RCC_GetClocksFreq:000000000000017a .L56
C:\Users\User\AppData\Local\Temp\ccyjN7oT.s:670    .text.RCC_GetClocksFreq:000000000000003e .L42
C:\Users\User\AppData\Local\Temp\ccyjN7oT.s:676    .text.RCC_GetClocksFreq:0000000000000050 .L43
C:\Users\User\AppData\Local\Temp\ccyjN7oT.s:734    .text.RCC_GetClocksFreq:000000000000009e .L41
C:\Users\User\AppData\Local\Temp\ccyjN7oT.s:890    .text.RCC_GetClocksFreq:000000000000015c .L44
C:\Users\User\AppData\Local\Temp\ccyjN7oT.s:661    .text.RCC_GetClocksFreq:0000000000000030 .L63
C:\Users\User\AppData\Local\Temp\ccyjN7oT.s:838    .text.RCC_GetClocksFreq:0000000000000106 .L45
C:\Users\User\AppData\Local\Temp\ccyjN7oT.s:730    .text.RCC_GetClocksFreq:000000000000009c .L60
C:\Users\User\AppData\Local\Temp\ccyjN7oT.s:811    .text.RCC_GetClocksFreq:00000000000000e2 .L52
C:\Users\User\AppData\Local\Temp\ccyjN7oT.s:917    .text.RCC_GetClocksFreq:0000000000000184 .L53
C:\Users\User\AppData\Local\Temp\ccyjN7oT.s:863    .text.RCC_GetClocksFreq:000000000000012e .L47
C:\Users\User\AppData\Local\Temp\ccyjN7oT.s:708    .text.RCC_GetClocksFreq:0000000000000074 .L59
C:\Users\User\AppData\Local\Temp\ccyjN7oT.s:873    .text.RCC_GetClocksFreq:0000000000000140 .L48
C:\Users\User\AppData\Local\Temp\ccyjN7oT.s:883    .text.RCC_GetClocksFreq:0000000000000152 .L49
C:\Users\User\AppData\Local\Temp\ccyjN7oT.s:831    .text.RCC_GetClocksFreq:00000000000000fe .L61
C:\Users\User\AppData\Local\Temp\ccyjN7oT.s:980    .text.RCC_HBPeriphClockCmd:000000000000000e .L65
C:\Users\User\AppData\Local\Temp\ccyjN7oT.s:1014   .text.RCC_HB2PeriphClockCmd:000000000000000e .L68
C:\Users\User\AppData\Local\Temp\ccyjN7oT.s:1054   .text.RCC_HB1PeriphClockCmd:000000000000000e .L71
C:\Users\User\AppData\Local\Temp\ccyjN7oT.s:1088   .text.RCC_HBPeriphResetCmd:000000000000000e .L74
C:\Users\User\AppData\Local\Temp\ccyjN7oT.s:1122   .text.RCC_HB2PeriphResetCmd:000000000000000e .L77
C:\Users\User\AppData\Local\Temp\ccyjN7oT.s:1156   .text.RCC_HB1PeriphResetCmd:000000000000000e .L80
C:\Users\User\AppData\Local\Temp\ccyjN7oT.s:1193   .text.RCC_BackupResetCmd:0000000000000010 .L83
C:\Users\User\AppData\Local\Temp\ccyjN7oT.s:1188   .text.RCC_BackupResetCmd:000000000000000c .L85
C:\Users\User\AppData\Local\Temp\ccyjN7oT.s:1236   .text.RCC_ClockSecuritySystemCmd:000000000000001e .L87
C:\Users\User\AppData\Local\Temp\ccyjN7oT.s:1241   .text.RCC_ClockSecuritySystemCmd:0000000000000024 .L89
C:\Users\User\AppData\Local\Temp\ccyjN7oT.s:1219   .text.RCC_ClockSecuritySystemCmd:000000000000000c .L91
C:\Users\User\AppData\Local\Temp\ccyjN7oT.s:1231   .text.RCC_ClockSecuritySystemCmd:000000000000001a .L92
C:\Users\User\AppData\Local\Temp\ccyjN7oT.s:1304   .text.RCC_GetFlagStatus:0000000000000018 .L95
C:\Users\User\AppData\Local\Temp\ccyjN7oT.s:1317   .text.RCC_GetFlagStatus:0000000000000026 .L97
C:\Users\User\AppData\Local\Temp\ccyjN7oT.s:1293   .text.RCC_GetFlagStatus:0000000000000010 .L96
C:\Users\User\AppData\Local\Temp\ccyjN7oT.s:1371   .text.RCC_WaitForHSEStartUp:000000000000002a .L99
C:\Users\User\AppData\Local\Temp\ccyjN7oT.s:1352   .text.RCC_WaitForHSEStartUp:0000000000000010 .L100
C:\Users\User\AppData\Local\Temp\ccyjN7oT.s:1477   .text.RCC_USBHS_PLLCmd:0000000000000010 .L108
C:\Users\User\AppData\Local\Temp\ccyjN7oT.s:1472   .text.RCC_USBHS_PLLCmd:000000000000000c .L110
C:\Users\User\AppData\Local\Temp\ccyjN7oT.s:1508   .text.RCC_USBSS_PLLCmd:0000000000000010 .L112
C:\Users\User\AppData\Local\Temp\ccyjN7oT.s:1503   .text.RCC_USBSS_PLLCmd:000000000000000c .L114
C:\Users\User\AppData\Local\Temp\ccyjN7oT.s:1539   .text.RCC_ETH_PLLCmd:0000000000000010 .L116
C:\Users\User\AppData\Local\Temp\ccyjN7oT.s:1534   .text.RCC_ETH_PLLCmd:000000000000000c .L118
C:\Users\User\AppData\Local\Temp\ccyjN7oT.s:1570   .text.RCC_SERDES_PLLCmd:0000000000000010 .L120
C:\Users\User\AppData\Local\Temp\ccyjN7oT.s:1565   .text.RCC_SERDES_PLLCmd:000000000000000c .L122
C:\Users\User\AppData\Local\Temp\ccyjN7oT.s:1601   .text.RCC_PIPECmd:0000000000000010 .L124
C:\Users\User\AppData\Local\Temp\ccyjN7oT.s:1596   .text.RCC_PIPECmd:000000000000000c .L126
C:\Users\User\AppData\Local\Temp\ccyjN7oT.s:1632   .text.RCC_UTMIcmd:0000000000000010 .L128
C:\Users\User\AppData\Local\Temp\ccyjN7oT.s:1627   .text.RCC_UTMIcmd:000000000000000c .L130
C:\Users\User\AppData\Local\Temp\ccyjN7oT.s:1663   .text.RCC_RGMIIcmd:0000000000000010 .L132
C:\Users\User\AppData\Local\Temp\ccyjN7oT.s:1658   .text.RCC_RGMIIcmd:000000000000000c .L134
C:\Users\User\AppData\Local\Temp\ccyjN7oT.s:2226   .text.RCC_SYSPLLGATEcmd:0000000000000010 .L154
C:\Users\User\AppData\Local\Temp\ccyjN7oT.s:2221   .text.RCC_SYSPLLGATEcmd:000000000000000c .L156
C:\Users\User\AppData\Local\Temp\ccyjN7oT.s:4560   .debug_abbrev:0000000000000000 .Ldebug_abbrev0
C:\Users\User\AppData\Local\Temp\ccyjN7oT.s:7018   .debug_str:0000000000000283 .LASF229
C:\Users\User\AppData\Local\Temp\ccyjN7oT.s:7383   .debug_line_str:0000000000000052 .LASF0
C:\Users\User\AppData\Local\Temp\ccyjN7oT.s:7381   .debug_line_str:0000000000000000 .LASF1
C:\Users\User\AppData\Local\Temp\ccyjN7oT.s:6737   .debug_rnglists:0000000000000044 .LLRL55
C:\Users\User\AppData\Local\Temp\ccyjN7oT.s:6918   .debug_line:0000000000000000 .Ldebug_line0
C:\Users\User\AppData\Local\Temp\ccyjN7oT.s:7086   .debug_str:0000000000000509 .LASF2
C:\Users\User\AppData\Local\Temp\ccyjN7oT.s:6992   .debug_str:00000000000001c1 .LASF3
C:\Users\User\AppData\Local\Temp\ccyjN7oT.s:6946   .debug_str:00000000000000a0 .LASF6
C:\Users\User\AppData\Local\Temp\ccyjN7oT.s:7230   .debug_str:000000000000091b .LASF4
C:\Users\User\AppData\Local\Temp\ccyjN7oT.s:7192   .debug_str:0000000000000820 .LASF5
C:\Users\User\AppData\Local\Temp\ccyjN7oT.s:7296   .debug_str:0000000000000afc .LASF7
C:\Users\User\AppData\Local\Temp\ccyjN7oT.s:7122   .debug_str:0000000000000610 .LASF8
C:\Users\User\AppData\Local\Temp\ccyjN7oT.s:6960   .debug_str:0000000000000105 .LASF9
C:\Users\User\AppData\Local\Temp\ccyjN7oT.s:7058   .debug_str:0000000000000448 .LASF10
C:\Users\User\AppData\Local\Temp\ccyjN7oT.s:7100   .debug_str:0000000000000576 .LASF11
C:\Users\User\AppData\Local\Temp\ccyjN7oT.s:7124   .debug_str:0000000000000623 .LASF12
C:\Users\User\AppData\Local\Temp\ccyjN7oT.s:6966   .debug_str:0000000000000126 .LASF13
C:\Users\User\AppData\Local\Temp\ccyjN7oT.s:7350   .debug_str:0000000000000c65 .LASF14
C:\Users\User\AppData\Local\Temp\ccyjN7oT.s:7030   .debug_str:00000000000003a2 .LASF15
C:\Users\User\AppData\Local\Temp\ccyjN7oT.s:7278   .debug_str:0000000000000a67 .LASF16
C:\Users\User\AppData\Local\Temp\ccyjN7oT.s:7232   .debug_str:0000000000000929 .LASF17
C:\Users\User\AppData\Local\Temp\ccyjN7oT.s:6974   .debug_str:0000000000000171 .LASF18
C:\Users\User\AppData\Local\Temp\ccyjN7oT.s:7062   .debug_str:0000000000000463 .LASF19
C:\Users\User\AppData\Local\Temp\ccyjN7oT.s:6964   .debug_str:000000000000011e .LASF20
C:\Users\User\AppData\Local\Temp\ccyjN7oT.s:7024   .debug_str:0000000000000378 .LASF21
C:\Users\User\AppData\Local\Temp\ccyjN7oT.s:6952   .debug_str:00000000000000ca .LASF22
C:\Users\User\AppData\Local\Temp\ccyjN7oT.s:7214   .debug_str:00000000000008b6 .LASF23
C:\Users\User\AppData\Local\Temp\ccyjN7oT.s:6940   .debug_str:0000000000000085 .LASF24
C:\Users\User\AppData\Local\Temp\ccyjN7oT.s:7082   .debug_str:00000000000004f8 .LASF25
C:\Users\User\AppData\Local\Temp\ccyjN7oT.s:7352   .debug_str:0000000000000c6d .LASF26
C:\Users\User\AppData\Local\Temp\ccyjN7oT.s:7254   .debug_str:00000000000009bf .LASF27
C:\Users\User\AppData\Local\Temp\ccyjN7oT.s:7272   .debug_str:0000000000000a45 .LASF28
C:\Users\User\AppData\Local\Temp\ccyjN7oT.s:7172   .debug_str:00000000000007bb .LASF29
C:\Users\User\AppData\Local\Temp\ccyjN7oT.s:7276   .debug_str:0000000000000a60 .LASF30
C:\Users\User\AppData\Local\Temp\ccyjN7oT.s:7200   .debug_str:0000000000000868 .LASF31
C:\Users\User\AppData\Local\Temp\ccyjN7oT.s:7224   .debug_str:00000000000008f1 .LASF32
C:\Users\User\AppData\Local\Temp\ccyjN7oT.s:7202   .debug_str:0000000000000872 .LASF33
C:\Users\User\AppData\Local\Temp\ccyjN7oT.s:7118   .debug_str:00000000000005fb .LASF34
C:\Users\User\AppData\Local\Temp\ccyjN7oT.s:7204   .debug_str:000000000000087c .LASF35
C:\Users\User\AppData\Local\Temp\ccyjN7oT.s:7328   .debug_str:0000000000000bd2 .LASF36
C:\Users\User\AppData\Local\Temp\ccyjN7oT.s:7268   .debug_str:0000000000000a31 .LASF37
C:\Users\User\AppData\Local\Temp\ccyjN7oT.s:7348   .debug_str:0000000000000c60 .LASF38
C:\Users\User\AppData\Local\Temp\ccyjN7oT.s:7270   .debug_str:0000000000000a3b .LASF39
C:\Users\User\AppData\Local\Temp\ccyjN7oT.s:7354   .debug_str:0000000000000c76 .LASF40
C:\Users\User\AppData\Local\Temp\ccyjN7oT.s:7210   .debug_str:00000000000008a2 .LASF41
C:\Users\User\AppData\Local\Temp\ccyjN7oT.s:7050   .debug_str:0000000000000421 .LASF42
C:\Users\User\AppData\Local\Temp\ccyjN7oT.s:7212   .debug_str:00000000000008ac .LASF43
C:\Users\User\AppData\Local\Temp\ccyjN7oT.s:7182   .debug_str:00000000000007e5 .LASF44
C:\Users\User\AppData\Local\Temp\ccyjN7oT.s:7374   .debug_str:0000000000000cfb .LASF45
C:\Users\User\AppData\Local\Temp\ccyjN7oT.s:7368   .debug_str:0000000000000ccf .LASF46
C:\Users\User\AppData\Local\Temp\ccyjN7oT.s:6928   .debug_str:000000000000002d .LASF47
C:\Users\User\AppData\Local\Temp\ccyjN7oT.s:7280   .debug_str:0000000000000a70 .LASF48
C:\Users\User\AppData\Local\Temp\ccyjN7oT.s:7216   .debug_str:00000000000008bc .LASF49
C:\Users\User\AppData\Local\Temp\ccyjN7oT.s:7362   .debug_str:0000000000000caa .LASF50
C:\Users\User\AppData\Local\Temp\ccyjN7oT.s:7218   .debug_str:00000000000008c6 .LASF51
C:\Users\User\AppData\Local\Temp\ccyjN7oT.s:7318   .debug_str:0000000000000ba2 .LASF52
C:\Users\User\AppData\Local\Temp\ccyjN7oT.s:6980   .debug_str:0000000000000193 .LASF53
C:\Users\User\AppData\Local\Temp\ccyjN7oT.s:7006   .debug_str:000000000000023f .LASF54
C:\Users\User\AppData\Local\Temp\ccyjN7oT.s:7022   .debug_str:0000000000000372 .LASF55
C:\Users\User\AppData\Local\Temp\ccyjN7oT.s:7020   .debug_str:0000000000000368 .LASF56
C:\Users\User\AppData\Local\Temp\ccyjN7oT.s:7002   .debug_str:0000000000000229 .LASF57
C:\Users\User\AppData\Local\Temp\ccyjN7oT.s:7048   .debug_str:000000000000041b .LASF58
C:\Users\User\AppData\Local\Temp\ccyjN7oT.s:7140   .debug_str:00000000000006bb .LASF59
C:\Users\User\AppData\Local\Temp\ccyjN7oT.s:7242   .debug_str:000000000000096c .LASF60
C:\Users\User\AppData\Local\Temp\ccyjN7oT.s:7324   .debug_str:0000000000000bbc .LASF61
C:\Users\User\AppData\Local\Temp\ccyjN7oT.s:6932   .debug_str:0000000000000049 .LASF62
C:\Users\User\AppData\Local\Temp\ccyjN7oT.s:7174   .debug_str:00000000000007c0 .LASF63
C:\Users\User\AppData\Local\Temp\ccyjN7oT.s:7102   .debug_str:0000000000000588 .LASF64
C:\Users\User\AppData\Local\Temp\ccyjN7oT.s:6956   .debug_str:00000000000000f2 .LASF65
C:\Users\User\AppData\Local\Temp\ccyjN7oT.s:7310   .debug_str:0000000000000b66 .LASF66
C:\Users\User\AppData\Local\Temp\ccyjN7oT.s:7044   .debug_str:0000000000000400 .LASF67
C:\Users\User\AppData\Local\Temp\ccyjN7oT.s:7178   .debug_str:00000000000007d4 .LASF68
C:\Users\User\AppData\Local\Temp\ccyjN7oT.s:7056   .debug_str:000000000000043f .LASF69
C:\Users\User\AppData\Local\Temp\ccyjN7oT.s:7330   .debug_str:0000000000000bd7 .LASF70
C:\Users\User\AppData\Local\Temp\ccyjN7oT.s:7084   .debug_str:0000000000000501 .LASF71
C:\Users\User\AppData\Local\Temp\ccyjN7oT.s:7246   .debug_str:0000000000000981 .LASF72
C:\Users\User\AppData\Local\Temp\ccyjN7oT.s:7036   .debug_str:00000000000003c2 .LASF73
C:\Users\User\AppData\Local\Temp\ccyjN7oT.s:7314   .debug_str:0000000000000b89 .LASF74
C:\Users\User\AppData\Local\Temp\ccyjN7oT.s:6944   .debug_str:0000000000000098 .LASF75
C:\Users\User\AppData\Local\Temp\ccyjN7oT.s:7008   .debug_str:000000000000024a .LASF76
C:\Users\User\AppData\Local\Temp\ccyjN7oT.s:7104   .debug_str:0000000000000595 .LASF77
C:\Users\User\AppData\Local\Temp\ccyjN7oT.s:7340   .debug_str:0000000000000c27 .LASF78
C:\Users\User\AppData\Local\Temp\ccyjN7oT.s:7106   .debug_str:000000000000059b .LASF79
C:\Users\User\AppData\Local\Temp\ccyjN7oT.s:6948   .debug_str:00000000000000aa .LASF80
C:\Users\User\AppData\Local\Temp\ccyjN7oT.s:7154   .debug_str:0000000000000722 .LASF81
C:\Users\User\AppData\Local\Temp\ccyjN7oT.s:6962   .debug_str:000000000000010e .LASF82
C:\Users\User\AppData\Local\Temp\ccyjN7oT.s:7264   .debug_str:0000000000000a11 .LASF83
C:\Users\User\AppData\Local\Temp\ccyjN7oT.s:7078   .debug_str:00000000000004dd .LASF84
C:\Users\User\AppData\Local\Temp\ccyjN7oT.s:7248   .debug_str:000000000000098a .LASF85
C:\Users\User\AppData\Local\Temp\ccyjN7oT.s:7026   .debug_str:000000000000037f .LASF86
C:\Users\User\AppData\Local\Temp\ccyjN7oT.s:7364   .debug_str:0000000000000cb0 .LASF87
C:\Users\User\AppData\Local\Temp\ccyjN7oT.s:7012   .debug_str:0000000000000258 .LASF88
C:\Users\User\AppData\Local\Temp\ccyjN7oT.s:7130   .debug_str:0000000000000658 .LASF89
C:\Users\User\AppData\Local\Temp\ccyjN7oT.s:7188   .debug_str:0000000000000803 .LASF90
C:\Users\User\AppData\Local\Temp\ccyjN7oT.s:7120   .debug_str:0000000000000600 .LASF91
C:\Users\User\AppData\Local\Temp\ccyjN7oT.s:7060   .debug_str:0000000000000453 .LASF92
C:\Users\User\AppData\Local\Temp\ccyjN7oT.s:7366   .debug_str:0000000000000cbe .LASF93
C:\Users\User\AppData\Local\Temp\ccyjN7oT.s:7080   .debug_str:00000000000004ef .LASF94
C:\Users\User\AppData\Local\Temp\ccyjN7oT.s:6970   .debug_str:0000000000000156 .LASF95
C:\Users\User\AppData\Local\Temp\ccyjN7oT.s:7308   .debug_str:0000000000000b5c .LASF96
C:\Users\User\AppData\Local\Temp\ccyjN7oT.s:7206   .debug_str:0000000000000886 .LASF97
C:\Users\User\AppData\Local\Temp\ccyjN7oT.s:7290   .debug_str:0000000000000ab9 .LASF98
C:\Users\User\AppData\Local\Temp\ccyjN7oT.s:7252   .debug_str:00000000000009ae .LASF99
C:\Users\User\AppData\Local\Temp\ccyjN7oT.s:7076   .debug_str:00000000000004ce .LASF100
C:\Users\User\AppData\Local\Temp\ccyjN7oT.s:7222   .debug_str:00000000000008e2 .LASF101
C:\Users\User\AppData\Local\Temp\ccyjN7oT.s:7052   .debug_str:0000000000000427 .LASF102
C:\Users\User\AppData\Local\Temp\ccyjN7oT.s:7356   .debug_str:0000000000000c7b .LASF103
C:\Users\User\AppData\Local\Temp\ccyjN7oT.s:7164   .debug_str:0000000000000772 .LASF104
C:\Users\User\AppData\Local\Temp\ccyjN7oT.s:7150   .debug_str:0000000000000704 .LASF105
C:\Users\User\AppData\Local\Temp\ccyjN7oT.s:7220   .debug_str:00000000000008d0 .LASF106
C:\Users\User\AppData\Local\Temp\ccyjN7oT.s:7286   .debug_str:0000000000000a9d .LASF107
C:\Users\User\AppData\Local\Temp\ccyjN7oT.s:7070   .debug_str:00000000000004a3 .LASF108
C:\Users\User\AppData\Local\Temp\ccyjN7oT.s:7302   .debug_str:0000000000000b23 .LASF109
C:\Users\User\AppData\Local\Temp\ccyjN7oT.s:6978   .debug_str:0000000000000189 .LASF110
C:\Users\User\AppData\Local\Temp\ccyjN7oT.s:7152   .debug_str:0000000000000711 .LASF111
C:\Users\User\AppData\Local\Temp\ccyjN7oT.s:7228   .debug_str:0000000000000907 .LASF114
C:\Users\User\AppData\Local\Temp\ccyjN7oT.s:2271   .text.RCC_RTCOutputConfig:0000000000000000 .LFB98
C:\Users\User\AppData\Local\Temp\ccyjN7oT.s:2367   .text.RCC_RTCOutputConfig:0000000000000062 .LFE98
C:\Users\User\AppData\Local\Temp\ccyjN7oT.s:7112   .debug_str:00000000000005be .LASF116
C:\Users\User\AppData\Local\Temp\ccyjN7oT.s:5446   .debug_loclists:000000000000000c .LLST50
C:\Users\User\AppData\Local\Temp\ccyjN7oT.s:7010   .debug_str:0000000000000251 .LASF112
C:\Users\User\AppData\Local\Temp\ccyjN7oT.s:5461   .debug_loclists:0000000000000026 .LLST51
C:\Users\User\AppData\Local\Temp\ccyjN7oT.s:7004   .debug_str:000000000000022f .LASF113
C:\Users\User\AppData\Local\Temp\ccyjN7oT.s:2283   .text.RCC_RTCOutputConfig:0000000000000008 .LBB16
C:\Users\User\AppData\Local\Temp\ccyjN7oT.s:6726   .debug_rnglists:0000000000000028 .LLRL52
C:\Users\User\AppData\Local\Temp\ccyjN7oT.s:5484   .debug_loclists:000000000000004e .LLST53
C:\Users\User\AppData\Local\Temp\ccyjN7oT.s:5492   .debug_loclists:000000000000005b .LLST54
C:\Users\User\AppData\Local\Temp\ccyjN7oT.s:2322   .text.RCC_RTCOutputConfig:000000000000002e .LVL160
C:\Users\User\AppData\Local\Temp\ccyjN7oT.s:2342   .text.RCC_RTCOutputConfig:0000000000000048 .LVL161
C:\Users\User\AppData\Local\Temp\ccyjN7oT.s:7170   .debug_str:00000000000007aa .LASF115
C:\Users\User\AppData\Local\Temp\ccyjN7oT.s:2239   .text.RCC_SYSPLLConfig:0000000000000000 .LFB97
C:\Users\User\AppData\Local\Temp\ccyjN7oT.s:2264   .text.RCC_SYSPLLConfig:000000000000001a .LFE97
C:\Users\User\AppData\Local\Temp\ccyjN7oT.s:7194   .debug_str:000000000000082a .LASF117
C:\Users\User\AppData\Local\Temp\ccyjN7oT.s:5500   .debug_loclists:0000000000000068 .LLST49
C:\Users\User\AppData\Local\Temp\ccyjN7oT.s:7068   .debug_str:0000000000000491 .LASF118
C:\Users\User\AppData\Local\Temp\ccyjN7oT.s:2208   .text.RCC_SYSPLLGATEcmd:0000000000000000 .LFB96
C:\Users\User\AppData\Local\Temp\ccyjN7oT.s:2232   .text.RCC_SYSPLLGATEcmd:0000000000000016 .LFE96
C:\Users\User\AppData\Local\Temp\ccyjN7oT.s:6924   .debug_str:000000000000001c .LASF119
C:\Users\User\AppData\Local\Temp\ccyjN7oT.s:7236   .debug_str:000000000000093c .LASF120
C:\Users\User\AppData\Local\Temp\ccyjN7oT.s:2178   .text.RCC_ADCCLKConfig:0000000000000000 .LFB95
C:\Users\User\AppData\Local\Temp\ccyjN7oT.s:2201   .text.RCC_ADCCLKConfig:0000000000000016 .LFE95
C:\Users\User\AppData\Local\Temp\ccyjN7oT.s:7116   .debug_str:00000000000005ea .LASF121
C:\Users\User\AppData\Local\Temp\ccyjN7oT.s:5515   .debug_loclists:0000000000000082 .LLST48
C:\Users\User\AppData\Local\Temp\ccyjN7oT.s:7146   .debug_str:00000000000006dc .LASF122
C:\Users\User\AppData\Local\Temp\ccyjN7oT.s:2151   .text.RCC_ADCCLKDutyCycleConfig:0000000000000000 .LFB94
C:\Users\User\AppData\Local\Temp\ccyjN7oT.s:2171   .text.RCC_ADCCLKDutyCycleConfig:0000000000000014 .LFE94
C:\Users\User\AppData\Local\Temp\ccyjN7oT.s:7148   .debug_str:00000000000006f6 .LASF123
C:\Users\User\AppData\Local\Temp\ccyjN7oT.s:7262   .debug_str:00000000000009fa .LASF124
C:\Users\User\AppData\Local\Temp\ccyjN7oT.s:2122   .text.RCC_SERDESPLLMulConfig:0000000000000000 .LFB93
C:\Users\User\AppData\Local\Temp\ccyjN7oT.s:2144   .text.RCC_SERDESPLLMulConfig:0000000000000018 .LFE93
C:\Users\User\AppData\Local\Temp\ccyjN7oT.s:7040   .debug_str:00000000000003df .LASF125
C:\Users\User\AppData\Local\Temp\ccyjN7oT.s:7138   .debug_str:000000000000069a .LASF126
C:\Users\User\AppData\Local\Temp\ccyjN7oT.s:2093   .text.RCC_USBHSPLLClockSourceDivConfig:0000000000000000 .LFB92
C:\Users\User\AppData\Local\Temp\ccyjN7oT.s:2115   .text.RCC_USBHSPLLClockSourceDivConfig:0000000000000018 .LFE92
C:\Users\User\AppData\Local\Temp\ccyjN7oT.s:7132   .debug_str:0000000000000669 .LASF127
C:\Users\User\AppData\Local\Temp\ccyjN7oT.s:7332   .debug_str:0000000000000be0 .LASF128
C:\Users\User\AppData\Local\Temp\ccyjN7oT.s:2066   .text.RCC_USBSSPLLReferConfig:0000000000000000 .LFB91
C:\Users\User\AppData\Local\Temp\ccyjN7oT.s:2086   .text.RCC_USBSSPLLReferConfig:0000000000000014 .LFE91
C:\Users\User\AppData\Local\Temp\ccyjN7oT.s:7126   .debug_str:0000000000000631 .LASF129
C:\Users\User\AppData\Local\Temp\ccyjN7oT.s:6996   .debug_str:00000000000001da .LASF130
C:\Users\User\AppData\Local\Temp\ccyjN7oT.s:2039   .text.RCC_USBHSPLLReferConfig:0000000000000000 .LFB90
C:\Users\User\AppData\Local\Temp\ccyjN7oT.s:2059   .text.RCC_USBHSPLLReferConfig:0000000000000012 .LFE90
C:\Users\User\AppData\Local\Temp\ccyjN7oT.s:7240   .debug_str:000000000000095a .LASF131
C:\Users\User\AppData\Local\Temp\ccyjN7oT.s:6930   .debug_str:0000000000000033 .LASF132
C:\Users\User\AppData\Local\Temp\ccyjN7oT.s:2012   .text.RCC_USBHSPLLCLKConfig:0000000000000000 .LFB89
C:\Users\User\AppData\Local\Temp\ccyjN7oT.s:2032   .text.RCC_USBHSPLLCLKConfig:0000000000000012 .LFE89
C:\Users\User\AppData\Local\Temp\ccyjN7oT.s:7378   .debug_str:0000000000000d0f .LASF133
C:\Users\User\AppData\Local\Temp\ccyjN7oT.s:7292   .debug_str:0000000000000abe .LASF134
C:\Users\User\AppData\Local\Temp\ccyjN7oT.s:1985   .text.RCC_UHSIFClockSourceDivConfig:0000000000000000 .LFB88
C:\Users\User\AppData\Local\Temp\ccyjN7oT.s:2005   .text.RCC_UHSIFClockSourceDivConfig:0000000000000014 .LFE88
C:\Users\User\AppData\Local\Temp\ccyjN7oT.s:6968   .debug_str:000000000000013d .LASF135
C:\Users\User\AppData\Local\Temp\ccyjN7oT.s:7334   .debug_str:0000000000000bf8 .LASF136
C:\Users\User\AppData\Local\Temp\ccyjN7oT.s:1955   .text.RCC_UHSIFCLKConfig:0000000000000000 .LFB87
C:\Users\User\AppData\Local\Temp\ccyjN7oT.s:1978   .text.RCC_UHSIFCLKConfig:0000000000000016 .LFE87
C:\Users\User\AppData\Local\Temp\ccyjN7oT.s:7128   .debug_str:0000000000000643 .LASF137
C:\Users\User\AppData\Local\Temp\ccyjN7oT.s:5530   .debug_loclists:000000000000009c .LLST47
C:\Users\User\AppData\Local\Temp\ccyjN7oT.s:7312   .debug_str:0000000000000b6c .LASF138
C:\Users\User\AppData\Local\Temp\ccyjN7oT.s:1923   .text.RCC_LTDCClockSourceDivConfig:0000000000000000 .LFB86
C:\Users\User\AppData\Local\Temp\ccyjN7oT.s:1948   .text.RCC_LTDCClockSourceDivConfig:000000000000001a .LFE86
C:\Users\User\AppData\Local\Temp\ccyjN7oT.s:6954   .debug_str:00000000000000da .LASF139
C:\Users\User\AppData\Local\Temp\ccyjN7oT.s:5545   .debug_loclists:00000000000000b6 .LLST46
C:\Users\User\AppData\Local\Temp\ccyjN7oT.s:6976   .debug_str:0000000000000177 .LASF140
C:\Users\User\AppData\Local\Temp\ccyjN7oT.s:1891   .text.RCC_LTDCCLKConfig:0000000000000000 .LFB85
C:\Users\User\AppData\Local\Temp\ccyjN7oT.s:1916   .text.RCC_LTDCCLKConfig:0000000000000018 .LFE85
C:\Users\User\AppData\Local\Temp\ccyjN7oT.s:7098   .debug_str:0000000000000562 .LASF141
C:\Users\User\AppData\Local\Temp\ccyjN7oT.s:5560   .debug_loclists:00000000000000d0 .LLST45
C:\Users\User\AppData\Local\Temp\ccyjN7oT.s:7294   .debug_str:0000000000000adc .LASF142
C:\Users\User\AppData\Local\Temp\ccyjN7oT.s:1859   .text.RCC_USBFS48ClockSourceDivConfig:0000000000000000 .LFB84
C:\Users\User\AppData\Local\Temp\ccyjN7oT.s:1884   .text.RCC_USBFS48ClockSourceDivConfig:000000000000001a .LFE84
C:\Users\User\AppData\Local\Temp\ccyjN7oT.s:7088   .debug_str:0000000000000516 .LASF143
C:\Users\User\AppData\Local\Temp\ccyjN7oT.s:5575   .debug_loclists:00000000000000ea .LLST44
C:\Users\User\AppData\Local\Temp\ccyjN7oT.s:7198   .debug_str:0000000000000855 .LASF144
C:\Users\User\AppData\Local\Temp\ccyjN7oT.s:1829   .text.RCC_USBFSCLKConfig:0000000000000000 .LFB83
C:\Users\User\AppData\Local\Temp\ccyjN7oT.s:1852   .text.RCC_USBFSCLKConfig:0000000000000016 .LFE83
C:\Users\User\AppData\Local\Temp\ccyjN7oT.s:7094   .debug_str:0000000000000541 .LASF145
C:\Users\User\AppData\Local\Temp\ccyjN7oT.s:5590   .debug_loclists:0000000000000104 .LLST43
C:\Users\User\AppData\Local\Temp\ccyjN7oT.s:6950   .debug_str:00000000000000b9 .LASF146
C:\Users\User\AppData\Local\Temp\ccyjN7oT.s:1799   .text.RCC_RNGCLKConfig:0000000000000000 .LFB82
C:\Users\User\AppData\Local\Temp\ccyjN7oT.s:1822   .text.RCC_RNGCLKConfig:0000000000000016 .LFE82
C:\Users\User\AppData\Local\Temp\ccyjN7oT.s:7300   .debug_str:0000000000000b12 .LASF147
C:\Users\User\AppData\Local\Temp\ccyjN7oT.s:5605   .debug_loclists:000000000000011e .LLST42
C:\Users\User\AppData\Local\Temp\ccyjN7oT.s:7344   .debug_str:0000000000000c41 .LASF148
C:\Users\User\AppData\Local\Temp\ccyjN7oT.s:1769   .text.RCC_I2S2CLKConfig:0000000000000000 .LFB81
C:\Users\User\AppData\Local\Temp\ccyjN7oT.s:1792   .text.RCC_I2S2CLKConfig:0000000000000016 .LFE81
C:\Users\User\AppData\Local\Temp\ccyjN7oT.s:7370   .debug_str:0000000000000cd7 .LASF149
C:\Users\User\AppData\Local\Temp\ccyjN7oT.s:5620   .debug_loclists:0000000000000138 .LLST41
C:\Users\User\AppData\Local\Temp\ccyjN7oT.s:7358   .debug_str:0000000000000c8d .LASF150
C:\Users\User\AppData\Local\Temp\ccyjN7oT.s:1739   .text.RCC_I2S3CLKConfig:0000000000000000 .LFB80
C:\Users\User\AppData\Local\Temp\ccyjN7oT.s:1762   .text.RCC_I2S3CLKConfig:0000000000000016 .LFE80
C:\Users\User\AppData\Local\Temp\ccyjN7oT.s:7372   .debug_str:0000000000000ce9 .LASF151
C:\Users\User\AppData\Local\Temp\ccyjN7oT.s:5635   .debug_loclists:0000000000000152 .LLST40
C:\Users\User\AppData\Local\Temp\ccyjN7oT.s:7156   .debug_str:0000000000000734 .LASF152
C:\Users\User\AppData\Local\Temp\ccyjN7oT.s:1707   .text.RCC_HSADCCLKConfig:0000000000000000 .LFB79
C:\Users\User\AppData\Local\Temp\ccyjN7oT.s:1732   .text.RCC_HSADCCLKConfig:000000000000001a .LFE79
C:\Users\User\AppData\Local\Temp\ccyjN7oT.s:7042   .debug_str:00000000000003f0 .LASF153
C:\Users\User\AppData\Local\Temp\ccyjN7oT.s:5650   .debug_loclists:000000000000016c .LLST39
C:\Users\User\AppData\Local\Temp\ccyjN7oT.s:7196   .debug_str:0000000000000840 .LASF154
C:\Users\User\AppData\Local\Temp\ccyjN7oT.s:1676   .text.RCC_ETH125MCLKConfig:0000000000000000 .LFB78
C:\Users\User\AppData\Local\Temp\ccyjN7oT.s:1700   .text.RCC_ETH125MCLKConfig:0000000000000016 .LFE78
C:\Users\User\AppData\Local\Temp\ccyjN7oT.s:6934   .debug_str:000000000000004e .LASF155
C:\Users\User\AppData\Local\Temp\ccyjN7oT.s:5665   .debug_loclists:0000000000000186 .LLST38
C:\Users\User\AppData\Local\Temp\ccyjN7oT.s:6994   .debug_str:00000000000001cd .LASF156
C:\Users\User\AppData\Local\Temp\ccyjN7oT.s:1645   .text.RCC_RGMIIcmd:0000000000000000 .LFB77
C:\Users\User\AppData\Local\Temp\ccyjN7oT.s:1669   .text.RCC_RGMIIcmd:0000000000000016 .LFE77
C:\Users\User\AppData\Local\Temp\ccyjN7oT.s:7190   .debug_str:0000000000000814 .LASF157
C:\Users\User\AppData\Local\Temp\ccyjN7oT.s:1614   .text.RCC_UTMIcmd:0000000000000000 .LFB76
C:\Users\User\AppData\Local\Temp\ccyjN7oT.s:1638   .text.RCC_UTMIcmd:0000000000000016 .LFE76
C:\Users\User\AppData\Local\Temp\ccyjN7oT.s:7180   .debug_str:00000000000007d9 .LASF158
C:\Users\User\AppData\Local\Temp\ccyjN7oT.s:1583   .text.RCC_PIPECmd:0000000000000000 .LFB75
C:\Users\User\AppData\Local\Temp\ccyjN7oT.s:1607   .text.RCC_PIPECmd:0000000000000016 .LFE75
C:\Users\User\AppData\Local\Temp\ccyjN7oT.s:7316   .debug_str:0000000000000b90 .LASF159
C:\Users\User\AppData\Local\Temp\ccyjN7oT.s:1552   .text.RCC_SERDES_PLLCmd:0000000000000000 .LFB74
C:\Users\User\AppData\Local\Temp\ccyjN7oT.s:1576   .text.RCC_SERDES_PLLCmd:0000000000000016 .LFE74
C:\Users\User\AppData\Local\Temp\ccyjN7oT.s:7136   .debug_str:000000000000068b .LASF160
C:\Users\User\AppData\Local\Temp\ccyjN7oT.s:1521   .text.RCC_ETH_PLLCmd:0000000000000000 .LFB73
C:\Users\User\AppData\Local\Temp\ccyjN7oT.s:1545   .text.RCC_ETH_PLLCmd:0000000000000016 .LFE73
C:\Users\User\AppData\Local\Temp\ccyjN7oT.s:7168   .debug_str:0000000000000799 .LASF161
C:\Users\User\AppData\Local\Temp\ccyjN7oT.s:1490   .text.RCC_USBSS_PLLCmd:0000000000000000 .LFB72
C:\Users\User\AppData\Local\Temp\ccyjN7oT.s:1514   .text.RCC_USBSS_PLLCmd:0000000000000016 .LFE72
C:\Users\User\AppData\Local\Temp\ccyjN7oT.s:7342   .debug_str:0000000000000c30 .LASF162
C:\Users\User\AppData\Local\Temp\ccyjN7oT.s:1459   .text.RCC_USBHS_PLLCmd:0000000000000000 .LFB71
C:\Users\User\AppData\Local\Temp\ccyjN7oT.s:1483   .text.RCC_USBHS_PLLCmd:0000000000000016 .LFE71
C:\Users\User\AppData\Local\Temp\ccyjN7oT.s:7274   .debug_str:0000000000000a4a .LASF163
C:\Users\User\AppData\Local\Temp\ccyjN7oT.s:1441   .text.RCC_ClearITPendingBit:0000000000000000 .LFB70
C:\Users\User\AppData\Local\Temp\ccyjN7oT.s:1452   .text.RCC_ClearITPendingBit:0000000000000008 .LFE70
C:\Users\User\AppData\Local\Temp\ccyjN7oT.s:7054   .debug_str:0000000000000438 .LASF164
C:\Users\User\AppData\Local\Temp\ccyjN7oT.s:7304   .debug_str:0000000000000b2f .LASF166
C:\Users\User\AppData\Local\Temp\ccyjN7oT.s:1416   .text.RCC_GetITStatus:0000000000000000 .LFB69
C:\Users\User\AppData\Local\Temp\ccyjN7oT.s:1434   .text.RCC_GetITStatus:000000000000000e .LFE69
C:\Users\User\AppData\Local\Temp\ccyjN7oT.s:5680   .debug_loclists:00000000000001a0 .LLST36
C:\Users\User\AppData\Local\Temp\ccyjN7oT.s:7074   .debug_str:00000000000004c4 .LASF165
C:\Users\User\AppData\Local\Temp\ccyjN7oT.s:5695   .debug_loclists:00000000000001ba .LLST37
C:\Users\User\AppData\Local\Temp\ccyjN7oT.s:6990   .debug_str:00000000000001b3 .LASF227
C:\Users\User\AppData\Local\Temp\ccyjN7oT.s:1396   .text.RCC_ClearFlag:0000000000000000 .LFB68
C:\Users\User\AppData\Local\Temp\ccyjN7oT.s:1409   .text.RCC_ClearFlag:000000000000000e .LFE68
C:\Users\User\AppData\Local\Temp\ccyjN7oT.s:7144   .debug_str:00000000000006ca .LASF167
C:\Users\User\AppData\Local\Temp\ccyjN7oT.s:1272   .text.RCC_GetFlagStatus:0000000000000000 .LFB67
C:\Users\User\AppData\Local\Temp\ccyjN7oT.s:1326   .text.RCC_GetFlagStatus:000000000000002e .LFE67
C:\Users\User\AppData\Local\Temp\ccyjN7oT.s:7034   .debug_str:00000000000003b9 .LASF168
C:\Users\User\AppData\Local\Temp\ccyjN7oT.s:5740   .debug_loclists:00000000000001f8 .LLST30
C:\Users\User\AppData\Local\Temp\ccyjN7oT.s:5760   .debug_loclists:000000000000021d .LLST31
C:\Users\User\AppData\Local\Temp\ccyjN7oT.s:7142   .debug_str:00000000000006c0 .LASF169
C:\Users\User\AppData\Local\Temp\ccyjN7oT.s:5859   .debug_loclists:00000000000002b5 .LLST32
C:\Users\User\AppData\Local\Temp\ccyjN7oT.s:5894   .debug_loclists:00000000000002fb .LLST33
C:\Users\User\AppData\Local\Temp\ccyjN7oT.s:6958   .debug_str:00000000000000f7 .LASF170
C:\Users\User\AppData\Local\Temp\ccyjN7oT.s:1254   .text.RCC_MCOConfig:0000000000000000 .LFB66
C:\Users\User\AppData\Local\Temp\ccyjN7oT.s:1265   .text.RCC_MCOConfig:0000000000000008 .LFE66
C:\Users\User\AppData\Local\Temp\ccyjN7oT.s:7282   .debug_str:0000000000000a77 .LASF171
C:\Users\User\AppData\Local\Temp\ccyjN7oT.s:7166   .debug_str:000000000000077e .LASF172
C:\Users\User\AppData\Local\Temp\ccyjN7oT.s:1206   .text.RCC_ClockSecuritySystemCmd:0000000000000000 .LFB65
C:\Users\User\AppData\Local\Temp\ccyjN7oT.s:1247   .text.RCC_ClockSecuritySystemCmd:000000000000002a .LFE65
C:\Users\User\AppData\Local\Temp\ccyjN7oT.s:7134   .debug_str:000000000000067d .LASF173
C:\Users\User\AppData\Local\Temp\ccyjN7oT.s:6972   .debug_str:0000000000000161 .LASF174
C:\Users\User\AppData\Local\Temp\ccyjN7oT.s:7046   .debug_str:0000000000000408 .LASF175
C:\Users\User\AppData\Local\Temp\ccyjN7oT.s:1175   .text.RCC_BackupResetCmd:0000000000000000 .LFB64
C:\Users\User\AppData\Local\Temp\ccyjN7oT.s:1199   .text.RCC_BackupResetCmd:0000000000000016 .LFE64
C:\Users\User\AppData\Local\Temp\ccyjN7oT.s:7014   .debug_str:0000000000000266 .LASF176
C:\Users\User\AppData\Local\Temp\ccyjN7oT.s:1141   .text.RCC_HB1PeriphResetCmd:0000000000000000 .LFB63
C:\Users\User\AppData\Local\Temp\ccyjN7oT.s:1168   .text.RCC_HB1PeriphResetCmd:000000000000001c .LFE63
C:\Users\User\AppData\Local\Temp\ccyjN7oT.s:6936   .debug_str:0000000000000061 .LASF177
C:\Users\User\AppData\Local\Temp\ccyjN7oT.s:5943   .debug_loclists:0000000000000343 .LLST29
C:\Users\User\AppData\Local\Temp\ccyjN7oT.s:7256   .debug_str:00000000000009c8 .LASF178
C:\Users\User\AppData\Local\Temp\ccyjN7oT.s:1107   .text.RCC_HB2PeriphResetCmd:0000000000000000 .LFB62
C:\Users\User\AppData\Local\Temp\ccyjN7oT.s:1134   .text.RCC_HB2PeriphResetCmd:000000000000001c .LFE62
C:\Users\User\AppData\Local\Temp\ccyjN7oT.s:7176   .debug_str:00000000000007c6 .LASF179
C:\Users\User\AppData\Local\Temp\ccyjN7oT.s:5958   .debug_loclists:000000000000035d .LLST28
C:\Users\User\AppData\Local\Temp\ccyjN7oT.s:7162   .debug_str:000000000000075d .LASF180
C:\Users\User\AppData\Local\Temp\ccyjN7oT.s:1073   .text.RCC_HBPeriphResetCmd:0000000000000000 .LFB61
C:\Users\User\AppData\Local\Temp\ccyjN7oT.s:1100   .text.RCC_HBPeriphResetCmd:000000000000001c .LFE61
C:\Users\User\AppData\Local\Temp\ccyjN7oT.s:7258   .debug_str:00000000000009de .LASF181
C:\Users\User\AppData\Local\Temp\ccyjN7oT.s:5973   .debug_loclists:0000000000000377 .LLST27
C:\Users\User\AppData\Local\Temp\ccyjN7oT.s:7250   .debug_str:0000000000000998 .LASF182
C:\Users\User\AppData\Local\Temp\ccyjN7oT.s:1039   .text.RCC_HB1PeriphClockCmd:0000000000000000 .LFB60
C:\Users\User\AppData\Local\Temp\ccyjN7oT.s:1066   .text.RCC_HB1PeriphClockCmd:000000000000001c .LFE60
C:\Users\User\AppData\Local\Temp\ccyjN7oT.s:7028   .debug_str:0000000000000395 .LASF183
C:\Users\User\AppData\Local\Temp\ccyjN7oT.s:5988   .debug_loclists:0000000000000391 .LLST26
C:\Users\User\AppData\Local\Temp\ccyjN7oT.s:7000   .debug_str:0000000000000213 .LASF184
C:\Users\User\AppData\Local\Temp\ccyjN7oT.s:7238   .debug_str:000000000000094d .LASF185
C:\Users\User\AppData\Local\Temp\ccyjN7oT.s:7338   .debug_str:0000000000000c12 .LASF186
C:\Users\User\AppData\Local\Temp\ccyjN7oT.s:965    .text.RCC_HBPeriphClockCmd:0000000000000000 .LFB58
C:\Users\User\AppData\Local\Temp\ccyjN7oT.s:992    .text.RCC_HBPeriphClockCmd:000000000000001c .LFE58
C:\Users\User\AppData\Local\Temp\ccyjN7oT.s:6003   .debug_loclists:00000000000003ab .LLST22
C:\Users\User\AppData\Local\Temp\ccyjN7oT.s:7288   .debug_str:0000000000000aa7 .LASF187
C:\Users\User\AppData\Local\Temp\ccyjN7oT.s:627    .text.RCC_GetClocksFreq:0000000000000000 .LFB57
C:\Users\User\AppData\Local\Temp\ccyjN7oT.s:958    .text.RCC_GetClocksFreq:00000000000001ae .LFE57
C:\Users\User\AppData\Local\Temp\ccyjN7oT.s:6982   .debug_str:0000000000000199 .LASF188
C:\Users\User\AppData\Local\Temp\ccyjN7oT.s:6018   .debug_loclists:00000000000003c5 .LLST13
C:\Users\User\AppData\Local\Temp\ccyjN7oT.s:6984   .debug_str:00000000000001a4 .LASF189
C:\Users\User\AppData\Local\Temp\ccyjN7oT.s:6080   .debug_loclists:000000000000043e .LLST14
C:\Users\User\AppData\Local\Temp\ccyjN7oT.s:6986   .debug_str:00000000000001a9 .LASF190
C:\Users\User\AppData\Local\Temp\ccyjN7oT.s:6110   .debug_loclists:0000000000000479 .LLST15
C:\Users\User\AppData\Local\Temp\ccyjN7oT.s:6988   .debug_str:00000000000001ae .LASF191
C:\Users\User\AppData\Local\Temp\ccyjN7oT.s:6149   .debug_loclists:00000000000004c3 .LLST16
C:\Users\User\AppData\Local\Temp\ccyjN7oT.s:7158   .debug_str:0000000000000747 .LASF192
C:\Users\User\AppData\Local\Temp\ccyjN7oT.s:6168   .debug_loclists:00000000000004e7 .LLST17
C:\Users\User\AppData\Local\Temp\ccyjN7oT.s:7376   .debug_str:0000000000000d05 .LASF193
C:\Users\User\AppData\Local\Temp\ccyjN7oT.s:6192   .debug_loclists:0000000000000516 .LLST18
C:\Users\User\AppData\Local\Temp\ccyjN7oT.s:7108   .debug_str:00000000000005a7 .LASF194
C:\Users\User\AppData\Local\Temp\ccyjN7oT.s:6221   .debug_loclists:0000000000000550 .LLST19
C:\Users\User\AppData\Local\Temp\ccyjN7oT.s:7016   .debug_str:000000000000027c .LASF195
C:\Users\User\AppData\Local\Temp\ccyjN7oT.s:6255   .debug_loclists:0000000000000595 .LLST20
C:\Users\User\AppData\Local\Temp\ccyjN7oT.s:766    .text.RCC_GetClocksFreq:00000000000000c4 .LBB6
C:\Users\User\AppData\Local\Temp\ccyjN7oT.s:6715   .debug_rnglists:000000000000000c .LLRL21
C:\Users\User\AppData\Local\Temp\ccyjN7oT.s:7160   .debug_str:000000000000074f .LASF196
C:\Users\User\AppData\Local\Temp\ccyjN7oT.s:596    .text.RCC_RTCCLKCmd:0000000000000000 .LFB56
C:\Users\User\AppData\Local\Temp\ccyjN7oT.s:620    .text.RCC_RTCCLKCmd:0000000000000016 .LFE56
C:\Users\User\AppData\Local\Temp\ccyjN7oT.s:7092   .debug_str:0000000000000530 .LASF197
C:\Users\User\AppData\Local\Temp\ccyjN7oT.s:569    .text.RCC_RTCCLKConfig:0000000000000000 .LFB55
C:\Users\User\AppData\Local\Temp\ccyjN7oT.s:589    .text.RCC_RTCCLKConfig:0000000000000014 .LFE55
C:\Users\User\AppData\Local\Temp\ccyjN7oT.s:7110   .debug_str:00000000000005ad .LASF198
C:\Users\User\AppData\Local\Temp\ccyjN7oT.s:7208   .debug_str:0000000000000897 .LASF199
C:\Users\User\AppData\Local\Temp\ccyjN7oT.s:538    .text.RCC_LSICmd:0000000000000000 .LFB54
C:\Users\User\AppData\Local\Temp\ccyjN7oT.s:562    .text.RCC_LSICmd:0000000000000014 .LFE54
C:\Users\User\AppData\Local\Temp\ccyjN7oT.s:7032   .debug_str:00000000000003ab .LASF200
C:\Users\User\AppData\Local\Temp\ccyjN7oT.s:499    .text.RCC_LSEConfig:0000000000000000 .LFB53
C:\Users\User\AppData\Local\Temp\ccyjN7oT.s:531    .text.RCC_LSEConfig:0000000000000028 .LFE53
C:\Users\User\AppData\Local\Temp\ccyjN7oT.s:6926   .debug_str:0000000000000025 .LASF201
C:\Users\User\AppData\Local\Temp\ccyjN7oT.s:7306   .debug_str:0000000000000b3f .LASF202
C:\Users\User\AppData\Local\Temp\ccyjN7oT.s:458    .text.RCC_ADCHCLKCLKAsSourceConfig:0000000000000000 .LFB52
C:\Users\User\AppData\Local\Temp\ccyjN7oT.s:492    .text.RCC_ADCHCLKCLKAsSourceConfig:000000000000001a .LFE52
C:\Users\User\AppData\Local\Temp\ccyjN7oT.s:7096   .debug_str:0000000000000554 .LASF203
C:\Users\User\AppData\Local\Temp\ccyjN7oT.s:6279   .debug_loclists:00000000000005c4 .LLST10
C:\Users\User\AppData\Local\Temp\ccyjN7oT.s:7090   .debug_str:0000000000000524 .LASF204
C:\Users\User\AppData\Local\Temp\ccyjN7oT.s:6294   .debug_loclists:00000000000005de .LLST11
C:\Users\User\AppData\Local\Temp\ccyjN7oT.s:6309   .debug_loclists:00000000000005f8 .LLST12
C:\Users\User\AppData\Local\Temp\ccyjN7oT.s:6998   .debug_str:00000000000001f2 .LASF205
C:\Users\User\AppData\Local\Temp\ccyjN7oT.s:422    .text.RCC_ADCUSBHSPLLCLKAsSourceConfig:0000000000000000 .LFB51
C:\Users\User\AppData\Local\Temp\ccyjN7oT.s:451    .text.RCC_ADCUSBHSPLLCLKAsSourceConfig:0000000000000016 .LFE51
C:\Users\User\AppData\Local\Temp\ccyjN7oT.s:7184   .debug_str:00000000000007ec .LASF206
C:\Users\User\AppData\Local\Temp\ccyjN7oT.s:6332   .debug_loclists:0000000000000622 .LLST8
C:\Users\User\AppData\Local\Temp\ccyjN7oT.s:6347   .debug_loclists:000000000000063c .LLST9
C:\Users\User\AppData\Local\Temp\ccyjN7oT.s:7346   .debug_str:0000000000000c53 .LASF207
C:\Users\User\AppData\Local\Temp\ccyjN7oT.s:390    .text.RCC_ITConfig:0000000000000000 .LFB50
C:\Users\User\AppData\Local\Temp\ccyjN7oT.s:415    .text.RCC_ITConfig:000000000000001c .LFE50
C:\Users\User\AppData\Local\Temp\ccyjN7oT.s:6365   .debug_loclists:000000000000065f .LLST7
C:\Users\User\AppData\Local\Temp\ccyjN7oT.s:7114   .debug_str:00000000000005d2 .LASF208
C:\Users\User\AppData\Local\Temp\ccyjN7oT.s:356    .text.RCC_HCLKSourceDivConfig:0000000000000000 .LFB49
C:\Users\User\AppData\Local\Temp\ccyjN7oT.s:383    .text.RCC_HCLKSourceDivConfig:0000000000000018 .LFE49
C:\Users\User\AppData\Local\Temp\ccyjN7oT.s:7234   .debug_str:0000000000000931 .LASF209
C:\Users\User\AppData\Local\Temp\ccyjN7oT.s:6380   .debug_loclists:0000000000000679 .LLST5
C:\Users\User\AppData\Local\Temp\ccyjN7oT.s:7244   .debug_str:0000000000000972 .LASF210
C:\Users\User\AppData\Local\Temp\ccyjN7oT.s:6395   .debug_loclists:0000000000000693 .LLST6
C:\Users\User\AppData\Local\Temp\ccyjN7oT.s:7066   .debug_str:000000000000047d .LASF230
C:\Users\User\AppData\Local\Temp\ccyjN7oT.s:338    .text.RCC_GetSYSCLKSource:0000000000000000 .LFB48
C:\Users\User\AppData\Local\Temp\ccyjN7oT.s:349    .text.RCC_GetSYSCLKSource:000000000000000a .LFE48
C:\Users\User\AppData\Local\Temp\ccyjN7oT.s:6920   .debug_str:0000000000000000 .LASF211
C:\Users\User\AppData\Local\Temp\ccyjN7oT.s:307    .text.RCC_SYSCLKConfig:0000000000000000 .LFB47
C:\Users\User\AppData\Local\Temp\ccyjN7oT.s:331    .text.RCC_SYSCLKConfig:000000000000000e .LFE47
C:\Users\User\AppData\Local\Temp\ccyjN7oT.s:7326   .debug_str:0000000000000bc1 .LASF212
C:\Users\User\AppData\Local\Temp\ccyjN7oT.s:6418   .debug_loclists:00000000000006bd .LLST4
C:\Users\User\AppData\Local\Temp\ccyjN7oT.s:7266   .debug_str:0000000000000a26 .LASF213
C:\Users\User\AppData\Local\Temp\ccyjN7oT.s:276    .text.RCC_PLLCmd:0000000000000000 .LFB46
C:\Users\User\AppData\Local\Temp\ccyjN7oT.s:300    .text.RCC_PLLCmd:0000000000000016 .LFE46
C:\Users\User\AppData\Local\Temp\ccyjN7oT.s:7186   .debug_str:00000000000007f5 .LASF214
C:\Users\User\AppData\Local\Temp\ccyjN7oT.s:241    .text.RCC_PLLConfig:0000000000000000 .LFB45
C:\Users\User\AppData\Local\Temp\ccyjN7oT.s:269    .text.RCC_PLLConfig:0000000000000014 .LFE45
C:\Users\User\AppData\Local\Temp\ccyjN7oT.s:7064   .debug_str:000000000000046f .LASF215
C:\Users\User\AppData\Local\Temp\ccyjN7oT.s:6431   .debug_loclists:00000000000006d5 .LLST2
C:\Users\User\AppData\Local\Temp\ccyjN7oT.s:6922   .debug_str:0000000000000011 .LASF216
C:\Users\User\AppData\Local\Temp\ccyjN7oT.s:7360   .debug_str:0000000000000c9f .LASF217
C:\Users\User\AppData\Local\Temp\ccyjN7oT.s:6446   .debug_loclists:00000000000006ef .LLST3
C:\Users\User\AppData\Local\Temp\ccyjN7oT.s:7320   .debug_str:0000000000000ba7 .LASF218
C:\Users\User\AppData\Local\Temp\ccyjN7oT.s:210    .text.RCC_HSICmd:0000000000000000 .LFB44
C:\Users\User\AppData\Local\Temp\ccyjN7oT.s:234    .text.RCC_HSICmd:0000000000000014 .LFE44
C:\Users\User\AppData\Local\Temp\ccyjN7oT.s:7284   .debug_str:0000000000000a7f .LASF219
C:\Users\User\AppData\Local\Temp\ccyjN7oT.s:176    .text.RCC_AdjustHSICalibrationValue:0000000000000000 .LFB43
C:\Users\User\AppData\Local\Temp\ccyjN7oT.s:203    .text.RCC_AdjustHSICalibrationValue:0000000000000012 .LFE43
C:\Users\User\AppData\Local\Temp\ccyjN7oT.s:7038   .debug_str:00000000000003cb .LASF220
C:\Users\User\AppData\Local\Temp\ccyjN7oT.s:6474   .debug_loclists:0000000000000723 .LLST0
C:\Users\User\AppData\Local\Temp\ccyjN7oT.s:6489   .debug_loclists:000000000000073d .LLST1
C:\Users\User\AppData\Local\Temp\ccyjN7oT.s:7072   .debug_str:00000000000004ae .LASF221
C:\Users\User\AppData\Local\Temp\ccyjN7oT.s:1333   .text.RCC_WaitForHSEStartUp:0000000000000000 .LFB42
C:\Users\User\AppData\Local\Temp\ccyjN7oT.s:1389   .text.RCC_WaitForHSEStartUp:0000000000000044 .LFE42
C:\Users\User\AppData\Local\Temp\ccyjN7oT.s:7260   .debug_str:00000000000009eb .LASF222
C:\Users\User\AppData\Local\Temp\ccyjN7oT.s:7336   .debug_str:0000000000000c0b .LASF223
C:\Users\User\AppData\Local\Temp\ccyjN7oT.s:6507   .debug_loclists:0000000000000760 .LLST34
C:\Users\User\AppData\Local\Temp\ccyjN7oT.s:7322   .debug_str:0000000000000bb2 .LASF224
C:\Users\User\AppData\Local\Temp\ccyjN7oT.s:6527   .debug_loclists:000000000000077f .LLST35
C:\Users\User\AppData\Local\Temp\ccyjN7oT.s:1358   .text.RCC_WaitForHSEStartUp:000000000000001c .LVL108
C:\Users\User\AppData\Local\Temp\ccyjN7oT.s:1377   .text.RCC_WaitForHSEStartUp:0000000000000036 .LVL110
C:\Users\User\AppData\Local\Temp\ccyjN7oT.s:7226   .debug_str:00000000000008f9 .LASF225
C:\Users\User\AppData\Local\Temp\ccyjN7oT.s:125    .text.RCC_HSEConfig:0000000000000000 .LFB41
C:\Users\User\AppData\Local\Temp\ccyjN7oT.s:169    .text.RCC_HSEConfig:0000000000000036 .LFE41
C:\Users\User\AppData\Local\Temp\ccyjN7oT.s:6942   .debug_str:0000000000000090 .LASF226
C:\Users\User\AppData\Local\Temp\ccyjN7oT.s:7298   .debug_str:0000000000000b07 .LASF228
C:\Users\User\AppData\Local\Temp\ccyjN7oT.s:15     .text.RCC_DeInit:0000000000000000 .LFB40
C:\Users\User\AppData\Local\Temp\ccyjN7oT.s:118    .text.RCC_DeInit:0000000000000088 .LFE40
C:\Users\User\AppData\Local\Temp\ccyjN7oT.s:6938   .debug_str:000000000000006f .LASF231
C:\Users\User\AppData\Local\Temp\ccyjN7oT.s:999    .text.RCC_HB2PeriphClockCmd:0000000000000000 .LFB59
C:\Users\User\AppData\Local\Temp\ccyjN7oT.s:1032   .text.RCC_HB2PeriphClockCmd:000000000000001c .LFE59
C:\Users\User\AppData\Local\Temp\ccyjN7oT.s:6540   .debug_loclists:0000000000000797 .LLST23
C:\Users\User\AppData\Local\Temp\ccyjN7oT.s:1016   .text.RCC_HB2PeriphClockCmd:000000000000000e .LBB14
C:\Users\User\AppData\Local\Temp\ccyjN7oT.s:1028   .text.RCC_HB2PeriphClockCmd:000000000000001a .LBE14
C:\Users\User\AppData\Local\Temp\ccyjN7oT.s:6555   .debug_loclists:00000000000007b1 .LLST24
C:\Users\User\AppData\Local\Temp\ccyjN7oT.s:6563   .debug_loclists:00000000000007be .LLST25
C:\Users\User\AppData\Local\Temp\ccyjN7oT.s:2274   .text.RCC_RTCOutputConfig:0000000000000000 .LVL155
C:\Users\User\AppData\Local\Temp\ccyjN7oT.s:2320   .text.RCC_RTCOutputConfig:0000000000000026 .LVL159
C:\Users\User\AppData\Local\Temp\ccyjN7oT.s:2281   .text.RCC_RTCOutputConfig:0000000000000008 .LVL156
C:\Users\User\AppData\Local\Temp\ccyjN7oT.s:2348   .text.RCC_RTCOutputConfig:000000000000004e .LVL162
C:\Users\User\AppData\Local\Temp\ccyjN7oT.s:2352   .text.RCC_RTCOutputConfig:0000000000000052 .LVL163
C:\Users\User\AppData\Local\Temp\ccyjN7oT.s:2298   .text.RCC_RTCOutputConfig:0000000000000016 .LVL157
C:\Users\User\AppData\Local\Temp\ccyjN7oT.s:2313   .text.RCC_RTCOutputConfig:000000000000001e .LVL158
C:\Users\User\AppData\Local\Temp\ccyjN7oT.s:2242   .text.RCC_SYSPLLConfig:0000000000000000 .LVL153
C:\Users\User\AppData\Local\Temp\ccyjN7oT.s:2257   .text.RCC_SYSPLLConfig:0000000000000014 .LVL154
C:\Users\User\AppData\Local\Temp\ccyjN7oT.s:2181   .text.RCC_ADCCLKConfig:0000000000000000 .LVL150
C:\Users\User\AppData\Local\Temp\ccyjN7oT.s:2188   .text.RCC_ADCCLKConfig:0000000000000008 .LVL151
C:\Users\User\AppData\Local\Temp\ccyjN7oT.s:1958   .text.RCC_UHSIFCLKConfig:0000000000000000 .LVL141
C:\Users\User\AppData\Local\Temp\ccyjN7oT.s:1965   .text.RCC_UHSIFCLKConfig:0000000000000008 .LVL142
C:\Users\User\AppData\Local\Temp\ccyjN7oT.s:1926   .text.RCC_LTDCClockSourceDivConfig:0000000000000000 .LVL139
C:\Users\User\AppData\Local\Temp\ccyjN7oT.s:1941   .text.RCC_LTDCClockSourceDivConfig:0000000000000014 .LVL140
C:\Users\User\AppData\Local\Temp\ccyjN7oT.s:1894   .text.RCC_LTDCCLKConfig:0000000000000000 .LVL137
C:\Users\User\AppData\Local\Temp\ccyjN7oT.s:1909   .text.RCC_LTDCCLKConfig:0000000000000012 .LVL138
C:\Users\User\AppData\Local\Temp\ccyjN7oT.s:1862   .text.RCC_USBFS48ClockSourceDivConfig:0000000000000000 .LVL135
C:\Users\User\AppData\Local\Temp\ccyjN7oT.s:1877   .text.RCC_USBFS48ClockSourceDivConfig:0000000000000014 .LVL136
C:\Users\User\AppData\Local\Temp\ccyjN7oT.s:1832   .text.RCC_USBFSCLKConfig:0000000000000000 .LVL133
C:\Users\User\AppData\Local\Temp\ccyjN7oT.s:1839   .text.RCC_USBFSCLKConfig:0000000000000008 .LVL134
C:\Users\User\AppData\Local\Temp\ccyjN7oT.s:1802   .text.RCC_RNGCLKConfig:0000000000000000 .LVL131
C:\Users\User\AppData\Local\Temp\ccyjN7oT.s:1809   .text.RCC_RNGCLKConfig:0000000000000008 .LVL132
C:\Users\User\AppData\Local\Temp\ccyjN7oT.s:1772   .text.RCC_I2S2CLKConfig:0000000000000000 .LVL129
C:\Users\User\AppData\Local\Temp\ccyjN7oT.s:1779   .text.RCC_I2S2CLKConfig:0000000000000008 .LVL130
C:\Users\User\AppData\Local\Temp\ccyjN7oT.s:1742   .text.RCC_I2S3CLKConfig:0000000000000000 .LVL127
C:\Users\User\AppData\Local\Temp\ccyjN7oT.s:1749   .text.RCC_I2S3CLKConfig:0000000000000008 .LVL128
C:\Users\User\AppData\Local\Temp\ccyjN7oT.s:1710   .text.RCC_HSADCCLKConfig:0000000000000000 .LVL125
C:\Users\User\AppData\Local\Temp\ccyjN7oT.s:1725   .text.RCC_HSADCCLKConfig:0000000000000014 .LVL126
C:\Users\User\AppData\Local\Temp\ccyjN7oT.s:1679   .text.RCC_ETH125MCLKConfig:0000000000000000 .LVL123
C:\Users\User\AppData\Local\Temp\ccyjN7oT.s:1686   .text.RCC_ETH125MCLKConfig:0000000000000008 .LVL124
C:\Users\User\AppData\Local\Temp\ccyjN7oT.s:1419   .text.RCC_GetITStatus:0000000000000000 .LVL112
C:\Users\User\AppData\Local\Temp\ccyjN7oT.s:1429   .text.RCC_GetITStatus:0000000000000008 .LVL114
C:\Users\User\AppData\Local\Temp\ccyjN7oT.s:1425   .text.RCC_GetITStatus:0000000000000006 .LVL113
C:\Users\User\AppData\Local\Temp\ccyjN7oT.s:1275   .text.RCC_GetFlagStatus:0000000000000000 .LVL95
C:\Users\User\AppData\Local\Temp\ccyjN7oT.s:1299   .text.RCC_GetFlagStatus:0000000000000014 .LVL99
C:\Users\User\AppData\Local\Temp\ccyjN7oT.s:1303   .text.RCC_GetFlagStatus:0000000000000018 .LVL100
C:\Users\User\AppData\Local\Temp\ccyjN7oT.s:1282   .text.RCC_GetFlagStatus:0000000000000004 .LVL96
C:\Users\User\AppData\Local\Temp\ccyjN7oT.s:1290   .text.RCC_GetFlagStatus:000000000000000e .LVL97
C:\Users\User\AppData\Local\Temp\ccyjN7oT.s:1292   .text.RCC_GetFlagStatus:0000000000000010 .LVL98
C:\Users\User\AppData\Local\Temp\ccyjN7oT.s:1312   .text.RCC_GetFlagStatus:0000000000000022 .LVL101
C:\Users\User\AppData\Local\Temp\ccyjN7oT.s:1316   .text.RCC_GetFlagStatus:0000000000000026 .LVL103
C:\Users\User\AppData\Local\Temp\ccyjN7oT.s:1321   .text.RCC_GetFlagStatus:000000000000002a .LVL104
C:\Users\User\AppData\Local\Temp\ccyjN7oT.s:1314   .text.RCC_GetFlagStatus:0000000000000024 .LVL102
C:\Users\User\AppData\Local\Temp\ccyjN7oT.s:1323   .text.RCC_GetFlagStatus:000000000000002c .LVL105
C:\Users\User\AppData\Local\Temp\ccyjN7oT.s:1144   .text.RCC_HB1PeriphResetCmd:0000000000000000 .LVL90
C:\Users\User\AppData\Local\Temp\ccyjN7oT.s:1163   .text.RCC_HB1PeriphResetCmd:0000000000000018 .LVL91
C:\Users\User\AppData\Local\Temp\ccyjN7oT.s:1110   .text.RCC_HB2PeriphResetCmd:0000000000000000 .LVL88
C:\Users\User\AppData\Local\Temp\ccyjN7oT.s:1129   .text.RCC_HB2PeriphResetCmd:0000000000000018 .LVL89
C:\Users\User\AppData\Local\Temp\ccyjN7oT.s:1076   .text.RCC_HBPeriphResetCmd:0000000000000000 .LVL86
C:\Users\User\AppData\Local\Temp\ccyjN7oT.s:1095   .text.RCC_HBPeriphResetCmd:0000000000000018 .LVL87
C:\Users\User\AppData\Local\Temp\ccyjN7oT.s:1042   .text.RCC_HB1PeriphClockCmd:0000000000000000 .LVL84
C:\Users\User\AppData\Local\Temp\ccyjN7oT.s:1061   .text.RCC_HB1PeriphClockCmd:0000000000000018 .LVL85
C:\Users\User\AppData\Local\Temp\ccyjN7oT.s:968    .text.RCC_HBPeriphClockCmd:0000000000000000 .LVL78
C:\Users\User\AppData\Local\Temp\ccyjN7oT.s:987    .text.RCC_HBPeriphClockCmd:0000000000000018 .LVL79
C:\Users\User\AppData\Local\Temp\ccyjN7oT.s:630    .text.RCC_GetClocksFreq:0000000000000000 .LVL38
C:\Users\User\AppData\Local\Temp\ccyjN7oT.s:636    .text.RCC_GetClocksFreq:0000000000000006 .LVL39
C:\Users\User\AppData\Local\Temp\ccyjN7oT.s:645    .text.RCC_GetClocksFreq:000000000000000c .LVL41
C:\Users\User\AppData\Local\Temp\ccyjN7oT.s:651    .text.RCC_GetClocksFreq:0000000000000014 .LVL42
C:\Users\User\AppData\Local\Temp\ccyjN7oT.s:748    .text.RCC_GetClocksFreq:00000000000000b2 .LVL52
C:\Users\User\AppData\Local\Temp\ccyjN7oT.s:757    .text.RCC_GetClocksFreq:00000000000000ba .LVL54
C:\Users\User\AppData\Local\Temp\ccyjN7oT.s:777    .text.RCC_GetClocksFreq:00000000000000ca .LVL57
C:\Users\User\AppData\Local\Temp\ccyjN7oT.s:781    .text.RCC_GetClocksFreq:00000000000000cc .LVL58
C:\Users\User\AppData\Local\Temp\ccyjN7oT.s:783    .text.RCC_GetClocksFreq:00000000000000ce .LVL59
C:\Users\User\AppData\Local\Temp\ccyjN7oT.s:928    .text.RCC_GetClocksFreq:0000000000000192 .LVL72
C:\Users\User\AppData\Local\Temp\ccyjN7oT.s:940    .text.RCC_GetClocksFreq:000000000000019c .LVL74
C:\Users\User\AppData\Local\Temp\ccyjN7oT.s:946    .text.RCC_GetClocksFreq:00000000000001a4 .LVL75
C:\Users\User\AppData\Local\Temp\ccyjN7oT.s:950    .text.RCC_GetClocksFreq:00000000000001a6 .LVL76
C:\Users\User\AppData\Local\Temp\ccyjN7oT.s:952    .text.RCC_GetClocksFreq:00000000000001a8 .LVL77
C:\Users\User\AppData\Local\Temp\ccyjN7oT.s:711    .text.RCC_GetClocksFreq:0000000000000078 .LVL50
C:\Users\User\AppData\Local\Temp\ccyjN7oT.s:729    .text.RCC_GetClocksFreq:000000000000009c .LVL51
C:\Users\User\AppData\Local\Temp\ccyjN7oT.s:837    .text.RCC_GetClocksFreq:0000000000000106 .LVL63
C:\Users\User\AppData\Local\Temp\ccyjN7oT.s:900    .text.RCC_GetClocksFreq:0000000000000168 .LVL68
C:\Users\User\AppData\Local\Temp\ccyjN7oT.s:907    .text.RCC_GetClocksFreq:0000000000000170 .LVL69
C:\Users\User\AppData\Local\Temp\ccyjN7oT.s:911    .text.RCC_GetClocksFreq:000000000000017a .LVL70
C:\Users\User\AppData\Local\Temp\ccyjN7oT.s:916    .text.RCC_GetClocksFreq:0000000000000184 .LVL71
C:\Users\User\AppData\Local\Temp\ccyjN7oT.s:640    .text.RCC_GetClocksFreq:0000000000000008 .LVL40
C:\Users\User\AppData\Local\Temp\ccyjN7oT.s:653    .text.RCC_GetClocksFreq:0000000000000016 .LVL43
C:\Users\User\AppData\Local\Temp\ccyjN7oT.s:663    .text.RCC_GetClocksFreq:0000000000000034 .LVL44
C:\Users\User\AppData\Local\Temp\ccyjN7oT.s:669    .text.RCC_GetClocksFreq:000000000000003e .LVL45
C:\Users\User\AppData\Local\Temp\ccyjN7oT.s:684    .text.RCC_GetClocksFreq:0000000000000056 .LVL46
C:\Users\User\AppData\Local\Temp\ccyjN7oT.s:889    .text.RCC_GetClocksFreq:000000000000015c .LVL66
C:\Users\User\AppData\Local\Temp\ccyjN7oT.s:894    .text.RCC_GetClocksFreq:000000000000015e .LVL67
C:\Users\User\AppData\Local\Temp\ccyjN7oT.s:761    .text.RCC_GetClocksFreq:00000000000000c2 .LVL55
C:\Users\User\AppData\Local\Temp\ccyjN7oT.s:810    .text.RCC_GetClocksFreq:00000000000000e2 .LVL61
C:\Users\User\AppData\Local\Temp\ccyjN7oT.s:694    .text.RCC_GetClocksFreq:0000000000000066 .LVL47
C:\Users\User\AppData\Local\Temp\ccyjN7oT.s:707    .text.RCC_GetClocksFreq:0000000000000074 .LVL49
C:\Users\User\AppData\Local\Temp\ccyjN7oT.s:846    .text.RCC_GetClocksFreq:0000000000000110 .LVL64
C:\Users\User\AppData\Local\Temp\ccyjN7oT.s:862    .text.RCC_GetClocksFreq:000000000000012e .LVL65
C:\Users\User\AppData\Local\Temp\ccyjN7oT.s:699    .text.RCC_GetClocksFreq:0000000000000068 .LVL48
C:\Users\User\AppData\Local\Temp\ccyjN7oT.s:933    .text.RCC_GetClocksFreq:0000000000000196 .LVL73
C:\Users\User\AppData\Local\Temp\ccyjN7oT.s:753    .text.RCC_GetClocksFreq:00000000000000b6 .LVL53
C:\Users\User\AppData\Local\Temp\ccyjN7oT.s:765    .text.RCC_GetClocksFreq:00000000000000c4 .LVL56
C:\Users\User\AppData\Local\Temp\ccyjN7oT.s:793    .text.RCC_GetClocksFreq:00000000000000d6 .LVL60
C:\Users\User\AppData\Local\Temp\ccyjN7oT.s:461    .text.RCC_ADCHCLKCLKAsSourceConfig:0000000000000000 .LVL28
C:\Users\User\AppData\Local\Temp\ccyjN7oT.s:482    .text.RCC_ADCHCLKCLKAsSourceConfig:0000000000000014 .LVL32
C:\Users\User\AppData\Local\Temp\ccyjN7oT.s:475    .text.RCC_ADCHCLKCLKAsSourceConfig:000000000000000e .LVL30
C:\Users\User\AppData\Local\Temp\ccyjN7oT.s:467    .text.RCC_ADCHCLKCLKAsSourceConfig:0000000000000006 .LVL29
C:\Users\User\AppData\Local\Temp\ccyjN7oT.s:478    .text.RCC_ADCHCLKCLKAsSourceConfig:0000000000000010 .LVL31
C:\Users\User\AppData\Local\Temp\ccyjN7oT.s:485    .text.RCC_ADCHCLKCLKAsSourceConfig:0000000000000016 .LVL33
C:\Users\User\AppData\Local\Temp\ccyjN7oT.s:425    .text.RCC_ADCUSBHSPLLCLKAsSourceConfig:0000000000000000 .LVL23
C:\Users\User\AppData\Local\Temp\ccyjN7oT.s:441    .text.RCC_ADCUSBHSPLLCLKAsSourceConfig:0000000000000010 .LVL26
C:\Users\User\AppData\Local\Temp\ccyjN7oT.s:431    .text.RCC_ADCUSBHSPLLCLKAsSourceConfig:0000000000000006 .LVL24
C:\Users\User\AppData\Local\Temp\ccyjN7oT.s:444    .text.RCC_ADCUSBHSPLLCLKAsSourceConfig:0000000000000012 .LVL27
C:\Users\User\AppData\Local\Temp\ccyjN7oT.s:393    .text.RCC_ITConfig:0000000000000000 .LVL21
C:\Users\User\AppData\Local\Temp\ccyjN7oT.s:410    .text.RCC_ITConfig:0000000000000018 .LVL22
C:\Users\User\AppData\Local\Temp\ccyjN7oT.s:359    .text.RCC_HCLKSourceDivConfig:0000000000000000 .LVL17
C:\Users\User\AppData\Local\Temp\ccyjN7oT.s:376    .text.RCC_HCLKSourceDivConfig:0000000000000014 .LVL20
C:\Users\User\AppData\Local\Temp\ccyjN7oT.s:365    .text.RCC_HCLKSourceDivConfig:0000000000000006 .LVL18
C:\Users\User\AppData\Local\Temp\ccyjN7oT.s:372    .text.RCC_HCLKSourceDivConfig:0000000000000010 .LVL19
C:\Users\User\AppData\Local\Temp\ccyjN7oT.s:310    .text.RCC_SYSCLKConfig:0000000000000000 .LVL13
C:\Users\User\AppData\Local\Temp\ccyjN7oT.s:316    .text.RCC_SYSCLKConfig:0000000000000006 .LVL14
C:\Users\User\AppData\Local\Temp\ccyjN7oT.s:244    .text.RCC_PLLConfig:0000000000000000 .LVL7
C:\Users\User\AppData\Local\Temp\ccyjN7oT.s:262    .text.RCC_PLLConfig:0000000000000010 .LVL11
C:\Users\User\AppData\Local\Temp\ccyjN7oT.s:250    .text.RCC_PLLConfig:0000000000000006 .LVL8
C:\Users\User\AppData\Local\Temp\ccyjN7oT.s:256    .text.RCC_PLLConfig:000000000000000a .LVL9
C:\Users\User\AppData\Local\Temp\ccyjN7oT.s:258    .text.RCC_PLLConfig:000000000000000c .LVL10
C:\Users\User\AppData\Local\Temp\ccyjN7oT.s:179    .text.RCC_AdjustHSICalibrationValue:0000000000000000 .LVL1
C:\Users\User\AppData\Local\Temp\ccyjN7oT.s:189    .text.RCC_AdjustHSICalibrationValue:0000000000000008 .LVL3
C:\Users\User\AppData\Local\Temp\ccyjN7oT.s:185    .text.RCC_AdjustHSICalibrationValue:0000000000000006 .LVL2
C:\Users\User\AppData\Local\Temp\ccyjN7oT.s:196    .text.RCC_AdjustHSICalibrationValue:000000000000000e .LVL5
C:\Users\User\AppData\Local\Temp\ccyjN7oT.s:1347   .text.RCC_WaitForHSEStartUp:000000000000000c .LVL106
C:\Users\User\AppData\Local\Temp\ccyjN7oT.s:1381   .text.RCC_WaitForHSEStartUp:000000000000003a .LVL111
C:\Users\User\AppData\Local\Temp\ccyjN7oT.s:1351   .text.RCC_WaitForHSEStartUp:0000000000000010 .LVL107
C:\Users\User\AppData\Local\Temp\ccyjN7oT.s:1375   .text.RCC_WaitForHSEStartUp:000000000000002e .LVL109
C:\Users\User\AppData\Local\Temp\ccyjN7oT.s:1002   .text.RCC_HB2PeriphClockCmd:0000000000000000 .LVL80
C:\Users\User\AppData\Local\Temp\ccyjN7oT.s:1024   .text.RCC_HB2PeriphClockCmd:0000000000000018 .LVL82
C:\Users\User\AppData\Local\Temp\ccyjN7oT.s:1015   .text.RCC_HB2PeriphClockCmd:000000000000000e .LVL81
C:\Users\User\AppData\Local\Temp\ccyjN7oT.s:1026   .text.RCC_HB2PeriphClockCmd:000000000000001a .LVL83
C:\Users\User\AppData\Local\Temp\ccyjN7oT.s:2427   .debug_info:0000000000000000 .Ldebug_info0
C:\Users\User\AppData\Local\Temp\ccyjN7oT.s:772    .text.RCC_GetClocksFreq:00000000000000c6 .LBE6
C:\Users\User\AppData\Local\Temp\ccyjN7oT.s:785    .text.RCC_GetClocksFreq:00000000000000ce .LBB10
C:\Users\User\AppData\Local\Temp\ccyjN7oT.s:790    .text.RCC_GetClocksFreq:00000000000000d2 .LBE10
C:\Users\User\AppData\Local\Temp\ccyjN7oT.s:797    .text.RCC_GetClocksFreq:00000000000000d8 .LBB11
C:\Users\User\AppData\Local\Temp\ccyjN7oT.s:805    .text.RCC_GetClocksFreq:00000000000000de .LBE11
C:\Users\User\AppData\Local\Temp\ccyjN7oT.s:2289   .text.RCC_RTCOutputConfig:000000000000000e .LBE16
C:\Users\User\AppData\Local\Temp\ccyjN7oT.s:2299   .text.RCC_RTCOutputConfig:0000000000000016 .LBB20
C:\Users\User\AppData\Local\Temp\ccyjN7oT.s:2306   .text.RCC_RTCOutputConfig:000000000000001a .LBE20
C:\Users\User\AppData\Local\Temp\ccyjN7oT.s:2309   .text.RCC_RTCOutputConfig:000000000000001c .LBB21
C:\Users\User\AppData\Local\Temp\ccyjN7oT.s:2315   .text.RCC_RTCOutputConfig:000000000000001e .LBE21

UNDEFINED SYMBOLS
__riscv_save_1
__riscv_restore_1
__riscv_save_2
GPIO_PinAFConfig
GPIO_Init
__riscv_restore_2
