   1              		.file	"ch32h417_sdmmc.c"
   2              		.option nopic
   3              		.attribute arch, "rv32i2p0_m2p0_a2p0_c2p0_zba1p0_zbb1p0_zbc1p0_zbs1p0_xw"
   4              		.attribute unaligned_access, 0
   5              		.attribute stack_align, 16
   6              		.text
   7              	.Ltext0:
   8              		.cfi_sections	.debug_frame
   9              		.file 0 "c:\\Users\\User\\Documents\\GitHub\\ch32h417\\EVT\\EXAM\\USBFS\\DEVICE\\SimulateCDC\\V3F\
  10              		.section	.text.SDMMC_DeInit,"ax",@progbits
  11              		.align	1
  12              		.globl	SDMMC_DeInit
  14              	SDMMC_DeInit:
  15              	.LFB40:
  16              		.file 1 "c:/Users/User/Documents/GitHub/ch32h417/EVT/EXAM/SRC/Peripheral/src/ch32h417_sdmmc.c"
   1:c:/Users/User/Documents/GitHub/ch32h417/EVT/EXAM/SRC/Peripheral/src\ch32h417_sdmmc.c **** /********************************** (C) COPYRIGHT  ******************************
   2:c:/Users/User/Documents/GitHub/ch32h417/EVT/EXAM/SRC/Peripheral/src\ch32h417_sdmmc.c **** * File Name          : ch32h417_sdmmc.c
   3:c:/Users/User/Documents/GitHub/ch32h417/EVT/EXAM/SRC/Peripheral/src\ch32h417_sdmmc.c **** * Author             : WCH
   4:c:/Users/User/Documents/GitHub/ch32h417/EVT/EXAM/SRC/Peripheral/src\ch32h417_sdmmc.c **** * Version            : V1.0.2
   5:c:/Users/User/Documents/GitHub/ch32h417/EVT/EXAM/SRC/Peripheral/src\ch32h417_sdmmc.c **** * Date               : 2025/10/23
   6:c:/Users/User/Documents/GitHub/ch32h417/EVT/EXAM/SRC/Peripheral/src\ch32h417_sdmmc.c **** * Description        : This file provides all the SDMMC firmware functions.
   7:c:/Users/User/Documents/GitHub/ch32h417/EVT/EXAM/SRC/Peripheral/src\ch32h417_sdmmc.c **** *********************************************************************************
   8:c:/Users/User/Documents/GitHub/ch32h417/EVT/EXAM/SRC/Peripheral/src\ch32h417_sdmmc.c **** * Copyright (c) 2025 Nanjing Qinheng Microelectronics Co., Ltd.
   9:c:/Users/User/Documents/GitHub/ch32h417/EVT/EXAM/SRC/Peripheral/src\ch32h417_sdmmc.c **** * Attention: This software (modified or not) and binary are used for
  10:c:/Users/User/Documents/GitHub/ch32h417/EVT/EXAM/SRC/Peripheral/src\ch32h417_sdmmc.c **** * microcontroller manufactured by Nanjing Qinheng Microelectronics.
  11:c:/Users/User/Documents/GitHub/ch32h417/EVT/EXAM/SRC/Peripheral/src\ch32h417_sdmmc.c **** *******************************************************************************/
  12:c:/Users/User/Documents/GitHub/ch32h417/EVT/EXAM/SRC/Peripheral/src\ch32h417_sdmmc.c **** #include "ch32h417_sdmmc.h"
  13:c:/Users/User/Documents/GitHub/ch32h417/EVT/EXAM/SRC/Peripheral/src\ch32h417_sdmmc.c **** #include "ch32h417.h"
  14:c:/Users/User/Documents/GitHub/ch32h417/EVT/EXAM/SRC/Peripheral/src\ch32h417_sdmmc.c **** 
  15:c:/Users/User/Documents/GitHub/ch32h417/EVT/EXAM/SRC/Peripheral/src\ch32h417_sdmmc.c **** #define SDMMC_BusWidth_MASK   ((uint8_t)SDMMC_LW_MASK)
  16:c:/Users/User/Documents/GitHub/ch32h417/EVT/EXAM/SRC/Peripheral/src\ch32h417_sdmmc.c **** 
  17:c:/Users/User/Documents/GitHub/ch32h417/EVT/EXAM/SRC/Peripheral/src\ch32h417_sdmmc.c **** /*********************************************************************
  18:c:/Users/User/Documents/GitHub/ch32h417/EVT/EXAM/SRC/Peripheral/src\ch32h417_sdmmc.c ****  * @fn      SDMMC_DeInit
  19:c:/Users/User/Documents/GitHub/ch32h417/EVT/EXAM/SRC/Peripheral/src\ch32h417_sdmmc.c ****  *
  20:c:/Users/User/Documents/GitHub/ch32h417/EVT/EXAM/SRC/Peripheral/src\ch32h417_sdmmc.c ****  * @brief   Deinitializes the SDMMC peripheral registers to their default
  21:c:/Users/User/Documents/GitHub/ch32h417/EVT/EXAM/SRC/Peripheral/src\ch32h417_sdmmc.c ****  *            reset values.
  22:c:/Users/User/Documents/GitHub/ch32h417/EVT/EXAM/SRC/Peripheral/src\ch32h417_sdmmc.c ****  *
  23:c:/Users/User/Documents/GitHub/ch32h417/EVT/EXAM/SRC/Peripheral/src\ch32h417_sdmmc.c ****  * @return  none
  24:c:/Users/User/Documents/GitHub/ch32h417/EVT/EXAM/SRC/Peripheral/src\ch32h417_sdmmc.c ****  */
  25:c:/Users/User/Documents/GitHub/ch32h417/EVT/EXAM/SRC/Peripheral/src\ch32h417_sdmmc.c **** void SDMMC_DeInit(void)
  26:c:/Users/User/Documents/GitHub/ch32h417/EVT/EXAM/SRC/Peripheral/src\ch32h417_sdmmc.c **** {
  17              		.loc 1 26 1
  18              		.cfi_startproc
  19 0000 17030000 		call	t0,__riscv_save_0
  19      E7020300 
  20              		.cfi_offset 1, -4
  21              		.cfi_def_cfa_offset 16
  27:c:/Users/User/Documents/GitHub/ch32h417/EVT/EXAM/SRC/Peripheral/src\ch32h417_sdmmc.c ****     RCC_HBPeriphResetCmd(RCC_HBPeriph_SDMMC, ENABLE);
  22              		.loc 1 27 5
  23 0008 8545     		li	a1,1
  24 000a 13050040 		li	a0,1024
  25 000e 97000000 		call	RCC_HBPeriphResetCmd
  25      E7800000 
  26              	.LVL0:
  28:c:/Users/User/Documents/GitHub/ch32h417/EVT/EXAM/SRC/Peripheral/src\ch32h417_sdmmc.c ****     RCC_HBPeriphResetCmd(RCC_HBPeriph_SDMMC, DISABLE);
  27              		.loc 1 28 5
  28 0016 8145     		li	a1,0
  29 0018 13050040 		li	a0,1024
  30 001c 97000000 		call	RCC_HBPeriphResetCmd
  30      E7800000 
  31              	.LVL1:
  29:c:/Users/User/Documents/GitHub/ch32h417/EVT/EXAM/SRC/Peripheral/src\ch32h417_sdmmc.c **** }
  32              		.loc 1 29 1 is_stmt 0
  33 0024 17030000 		tail	__riscv_restore_0
  33      67000300 
  34              		.cfi_restore 1
  35              		.cfi_def_cfa_offset 0
  36              		.cfi_endproc
  37              	.LFE40:
  39              		.section	.text.SDMMC_Init,"ax",@progbits
  40              		.align	1
  41              		.globl	SDMMC_Init
  43              	SDMMC_Init:
  44              	.LFB41:
  30:c:/Users/User/Documents/GitHub/ch32h417/EVT/EXAM/SRC/Peripheral/src\ch32h417_sdmmc.c **** 
  31:c:/Users/User/Documents/GitHub/ch32h417/EVT/EXAM/SRC/Peripheral/src\ch32h417_sdmmc.c **** /*********************************************************************
  32:c:/Users/User/Documents/GitHub/ch32h417/EVT/EXAM/SRC/Peripheral/src\ch32h417_sdmmc.c ****  * @fn      SDMMC_Init
  33:c:/Users/User/Documents/GitHub/ch32h417/EVT/EXAM/SRC/Peripheral/src\ch32h417_sdmmc.c ****  *
  34:c:/Users/User/Documents/GitHub/ch32h417/EVT/EXAM/SRC/Peripheral/src\ch32h417_sdmmc.c ****  * @brief   Initializes the SDMMC peripheral according to the specified
  35:c:/Users/User/Documents/GitHub/ch32h417/EVT/EXAM/SRC/Peripheral/src\ch32h417_sdmmc.c ****  *            parameters in the SDMMC_InitStruct.
  36:c:/Users/User/Documents/GitHub/ch32h417/EVT/EXAM/SRC/Peripheral/src\ch32h417_sdmmc.c ****  *
  37:c:/Users/User/Documents/GitHub/ch32h417/EVT/EXAM/SRC/Peripheral/src\ch32h417_sdmmc.c ****  * @param   SDMMC_InitStruct - pointer to a SDMMC_InitTypeDef structure
  38:c:/Users/User/Documents/GitHub/ch32h417/EVT/EXAM/SRC/Peripheral/src\ch32h417_sdmmc.c ****  *            that contains the configuration information for the SDMMC
  39:c:/Users/User/Documents/GitHub/ch32h417/EVT/EXAM/SRC/Peripheral/src\ch32h417_sdmmc.c ****  *            peripheral.
  40:c:/Users/User/Documents/GitHub/ch32h417/EVT/EXAM/SRC/Peripheral/src\ch32h417_sdmmc.c ****  *
  41:c:/Users/User/Documents/GitHub/ch32h417/EVT/EXAM/SRC/Peripheral/src\ch32h417_sdmmc.c ****  * @return  none
  42:c:/Users/User/Documents/GitHub/ch32h417/EVT/EXAM/SRC/Peripheral/src\ch32h417_sdmmc.c ****  */
  43:c:/Users/User/Documents/GitHub/ch32h417/EVT/EXAM/SRC/Peripheral/src\ch32h417_sdmmc.c **** void SDMMC_Init(SDMMC_InitTypeDef *SDMMC_InitStruct)
  44:c:/Users/User/Documents/GitHub/ch32h417/EVT/EXAM/SRC/Peripheral/src\ch32h417_sdmmc.c **** {
  45              		.loc 1 44 1 is_stmt 1
  46              		.cfi_startproc
  47              	.LVL2:
  45:c:/Users/User/Documents/GitHub/ch32h417/EVT/EXAM/SRC/Peripheral/src\ch32h417_sdmmc.c ****     uint16_t tmpreg;
  48              		.loc 1 45 5
  46:c:/Users/User/Documents/GitHub/ch32h417/EVT/EXAM/SRC/Peripheral/src\ch32h417_sdmmc.c **** 
  47:c:/Users/User/Documents/GitHub/ch32h417/EVT/EXAM/SRC/Peripheral/src\ch32h417_sdmmc.c ****     SDMMC->CONTROL = 0;
  49              		.loc 1 47 5
  50              		.loc 1 47 20 is_stmt 0
  51 0000 37470240 		li	a4,1073889280
  52 0004 231C0700 		sh	zero,24(a4)
  48:c:/Users/User/Documents/GitHub/ch32h417/EVT/EXAM/SRC/Peripheral/src\ch32h417_sdmmc.c ****     tmpreg = (SDMMC_InitStruct->SDMMC_Mode & SDMMC_Mode_Slave) |
  53              		.loc 1 48 5 is_stmt 1
  54              		.loc 1 48 44 is_stmt 0
  55 0008 1E21     		lhu	a5,0(a0)
  49:c:/Users/User/Documents/GitHub/ch32h417/EVT/EXAM/SRC/Peripheral/src\ch32h417_sdmmc.c ****             (uint16_t)(SDMMC_InitStruct->SDMMC_BusWidth & SDMMC_BusWidth_MASK) |
  56              		.loc 1 49 13
  57 000a 7421     		lbu	a3,6(a0)
  50:c:/Users/User/Documents/GitHub/ch32h417/EVT/EXAM/SRC/Peripheral/src\ch32h417_sdmmc.c ****             (uint16_t)(SDMMC_InitStruct->SDMMC_ClockEdge & SDMMC_SampleClock_Falling) |
  51:c:/Users/User/Documents/GitHub/ch32h417/EVT/EXAM/SRC/Peripheral/src\ch32h417_sdmmc.c ****             ((uint16_t)SDMMC_InitStruct->SDMMC_DMA_EN << 3) | ((uint16_t)SDMMC_InitStruct->SDMMC_Sl
  58              		.loc 1 51 55
  59 000c 37060800 		li	a2,524288
  48:c:/Users/User/Documents/GitHub/ch32h417/EVT/EXAM/SRC/Peripheral/src\ch32h417_sdmmc.c ****             (uint16_t)(SDMMC_InitStruct->SDMMC_BusWidth & SDMMC_BusWidth_MASK) |
  60              		.loc 1 48 44
  61 0010 93F70710 		andi	a5,a5,256
  49:c:/Users/User/Documents/GitHub/ch32h417/EVT/EXAM/SRC/Peripheral/src\ch32h417_sdmmc.c ****             (uint16_t)(SDMMC_InitStruct->SDMMC_BusWidth & SDMMC_BusWidth_MASK) |
  62              		.loc 1 49 13
  63 0014 8D8A     		andi	a3,a3,3
  48:c:/Users/User/Documents/GitHub/ch32h417/EVT/EXAM/SRC/Peripheral/src\ch32h417_sdmmc.c ****             (uint16_t)(SDMMC_InitStruct->SDMMC_BusWidth & SDMMC_BusWidth_MASK) |
  64              		.loc 1 48 64
  65 0016 D58F     		or	a5,a5,a3
  50:c:/Users/User/Documents/GitHub/ch32h417/EVT/EXAM/SRC/Peripheral/src\ch32h417_sdmmc.c ****             (uint16_t)(SDMMC_InitStruct->SDMMC_ClockEdge & SDMMC_SampleClock_Falling) |
  66              		.loc 1 50 13
  67 0018 7431     		lbu	a3,7(a0)
  68              		.loc 1 51 55
  69 001a 6116     		addi	a2,a2,-8
  50:c:/Users/User/Documents/GitHub/ch32h417/EVT/EXAM/SRC/Peripheral/src\ch32h417_sdmmc.c ****             (uint16_t)(SDMMC_InitStruct->SDMMC_ClockEdge & SDMMC_SampleClock_Falling) |
  70              		.loc 1 50 13
  71 001c 93F60602 		andi	a3,a3,32
  49:c:/Users/User/Documents/GitHub/ch32h417/EVT/EXAM/SRC/Peripheral/src\ch32h417_sdmmc.c ****             (uint16_t)(SDMMC_InitStruct->SDMMC_BusWidth & SDMMC_BusWidth_MASK) |
  72              		.loc 1 49 80
  73 0020 D58F     		or	a5,a5,a3
  74              		.loc 1 51 55
  75 0022 1449     		lw	a3,16(a0)
  76 0024 8E06     		slli	a3,a3,3
  77 0026 F18E     		and	a3,a3,a2
  50:c:/Users/User/Documents/GitHub/ch32h417/EVT/EXAM/SRC/Peripheral/src\ch32h417_sdmmc.c ****             (uint16_t)(SDMMC_InitStruct->SDMMC_ClockEdge & SDMMC_SampleClock_Falling) |
  78              		.loc 1 50 87
  79 0028 D58F     		or	a5,a5,a3
  80              		.loc 1 51 116
  81 002a 5445     		lw	a3,12(a0)
  82 002c 37060002 		li	a2,33554432
  83 0030 130606E0 		addi	a2,a2,-512
  84 0034 A606     		slli	a3,a3,9
  85 0036 F18E     		and	a3,a3,a2
  86              		.loc 1 51 61
  87 0038 D58F     		or	a5,a5,a3
  48:c:/Users/User/Documents/GitHub/ch32h417/EVT/EXAM/SRC/Peripheral/src\ch32h417_sdmmc.c ****             (uint16_t)(SDMMC_InitStruct->SDMMC_BusWidth & SDMMC_BusWidth_MASK) |
  88              		.loc 1 48 12
  89 003a B3C70708 		zext.h	a5,a5
  90              	.LVL3:
  52:c:/Users/User/Documents/GitHub/ch32h417/EVT/EXAM/SRC/Peripheral/src\ch32h417_sdmmc.c ****     SDMMC->CONTROL = tmpreg;
  91              		.loc 1 52 5 is_stmt 1
  92              		.loc 1 52 20 is_stmt 0
  93 003e 1EAF     		sh	a5,24(a4)
  53:c:/Users/User/Documents/GitHub/ch32h417/EVT/EXAM/SRC/Peripheral/src\ch32h417_sdmmc.c **** 
  54:c:/Users/User/Documents/GitHub/ch32h417/EVT/EXAM/SRC/Peripheral/src\ch32h417_sdmmc.c ****     SDMMC->CLK_DIV = 0;
  94              		.loc 1 54 5 is_stmt 1
  95              		.loc 1 54 20 is_stmt 0
  96 0040 231C0702 		sh	zero,56(a4)
  55:c:/Users/User/Documents/GitHub/ch32h417/EVT/EXAM/SRC/Peripheral/src\ch32h417_sdmmc.c ****     tmpreg = (SDMMC_InitStruct->SDMMC_PhaseInv & SDMMC_Phase_Inverse) |
  97              		.loc 1 55 5 is_stmt 1
  98              		.loc 1 55 71 is_stmt 0
  99 0044 3E21     		lhu	a5,2(a0)
 100              	.LVL4:
 101 0046 5621     		lhu	a3,4(a0)
  56:c:/Users/User/Documents/GitHub/ch32h417/EVT/EXAM/SRC/Peripheral/src\ch32h417_sdmmc.c ****             (SDMMC_InitStruct->SDMMC_ClockSpeed & SDMMC_ClockSpeed_High) |
  57:c:/Users/User/Documents/GitHub/ch32h417/EVT/EXAM/SRC/Peripheral/src\ch32h417_sdmmc.c ****             (uint16_t)(SDMMC_InitStruct->SDMMC_ClockDiv & SDMMC_DIV_MASK) |
  58:c:/Users/User/Documents/GitHub/ch32h417/EVT/EXAM/SRC/Peripheral/src\ch32h417_sdmmc.c ****             ((uint16_t)SDMMC_InitStruct->SDMMC_Clock_OE << 8);
 102              		.loc 1 58 57
 103 0048 37060001 		li	a2,16777216
  55:c:/Users/User/Documents/GitHub/ch32h417/EVT/EXAM/SRC/Peripheral/src\ch32h417_sdmmc.c ****     tmpreg = (SDMMC_InitStruct->SDMMC_PhaseInv & SDMMC_Phase_Inverse) |
 104              		.loc 1 55 71
 105 004c 93F70740 		andi	a5,a5,1024
 106 0050 93F60620 		andi	a3,a3,512
 107 0054 D58F     		or	a5,a5,a3
  57:c:/Users/User/Documents/GitHub/ch32h417/EVT/EXAM/SRC/Peripheral/src\ch32h417_sdmmc.c ****             ((uint16_t)SDMMC_InitStruct->SDMMC_Clock_OE << 8);
 108              		.loc 1 57 13
 109 0056 1425     		lbu	a3,8(a0)
 110              		.loc 1 58 57
 111 0058 130606F0 		addi	a2,a2,-256
  57:c:/Users/User/Documents/GitHub/ch32h417/EVT/EXAM/SRC/Peripheral/src\ch32h417_sdmmc.c ****             ((uint16_t)SDMMC_InitStruct->SDMMC_Clock_OE << 8);
 112              		.loc 1 57 13
 113 005c FD8A     		andi	a3,a3,31
  56:c:/Users/User/Documents/GitHub/ch32h417/EVT/EXAM/SRC/Peripheral/src\ch32h417_sdmmc.c ****             (SDMMC_InitStruct->SDMMC_ClockSpeed & SDMMC_ClockSpeed_High) |
 114              		.loc 1 56 74
 115 005e D58F     		or	a5,a5,a3
 116              		.loc 1 58 57
 117 0060 5449     		lw	a3,20(a0)
 118 0062 A206     		slli	a3,a3,8
 119 0064 F18E     		and	a3,a3,a2
  57:c:/Users/User/Documents/GitHub/ch32h417/EVT/EXAM/SRC/Peripheral/src\ch32h417_sdmmc.c ****             ((uint16_t)SDMMC_InitStruct->SDMMC_Clock_OE << 8);
 120              		.loc 1 57 75
 121 0066 D58F     		or	a5,a5,a3
  55:c:/Users/User/Documents/GitHub/ch32h417/EVT/EXAM/SRC/Peripheral/src\ch32h417_sdmmc.c ****     tmpreg = (SDMMC_InitStruct->SDMMC_PhaseInv & SDMMC_Phase_Inverse) |
 122              		.loc 1 55 12
 123 0068 B3C70708 		zext.h	a5,a5
 124              	.LVL5:
  59:c:/Users/User/Documents/GitHub/ch32h417/EVT/EXAM/SRC/Peripheral/src\ch32h417_sdmmc.c ****     SDMMC->CLK_DIV = tmpreg;
 125              		.loc 1 59 5 is_stmt 1
 126              		.loc 1 59 20 is_stmt 0
 127 006c 1EBF     		sh	a5,56(a4)
  60:c:/Users/User/Documents/GitHub/ch32h417/EVT/EXAM/SRC/Peripheral/src\ch32h417_sdmmc.c **** 
  61:c:/Users/User/Documents/GitHub/ch32h417/EVT/EXAM/SRC/Peripheral/src\ch32h417_sdmmc.c ****     SDMMC->TIMEOUT = SDMMC_InitStruct->SDMMC_TimeOut;
 128              		.loc 1 61 5 is_stmt 1
 129              		.loc 1 61 38 is_stmt 0
 130 006e 1C35     		lbu	a5,9(a0)
 131              	.LVL6:
 132              		.loc 1 61 20
 133 0070 5CAF     		sb	a5,28(a4)
 134              	.LVL7:
  62:c:/Users/User/Documents/GitHub/ch32h417/EVT/EXAM/SRC/Peripheral/src\ch32h417_sdmmc.c **** }
 135              		.loc 1 62 1
 136 0072 8280     		ret
 137              		.cfi_endproc
 138              	.LFE41:
 140              		.section	.text.SDMMC_InternalLogicReset,"ax",@progbits
 141              		.align	1
 142              		.globl	SDMMC_InternalLogicReset
 144              	SDMMC_InternalLogicReset:
 145              	.LFB42:
  63:c:/Users/User/Documents/GitHub/ch32h417/EVT/EXAM/SRC/Peripheral/src\ch32h417_sdmmc.c **** 
  64:c:/Users/User/Documents/GitHub/ch32h417/EVT/EXAM/SRC/Peripheral/src\ch32h417_sdmmc.c **** /*********************************************************************
  65:c:/Users/User/Documents/GitHub/ch32h417/EVT/EXAM/SRC/Peripheral/src\ch32h417_sdmmc.c ****  * @fn      SDMMC_InternalLogicReset
  66:c:/Users/User/Documents/GitHub/ch32h417/EVT/EXAM/SRC/Peripheral/src\ch32h417_sdmmc.c ****  *
  67:c:/Users/User/Documents/GitHub/ch32h417/EVT/EXAM/SRC/Peripheral/src\ch32h417_sdmmc.c ****  * @brief   Reset internal logic of the SDMMC controller.
  68:c:/Users/User/Documents/GitHub/ch32h417/EVT/EXAM/SRC/Peripheral/src\ch32h417_sdmmc.c ****  *
  69:c:/Users/User/Documents/GitHub/ch32h417/EVT/EXAM/SRC/Peripheral/src\ch32h417_sdmmc.c ****  * @param   none
  70:c:/Users/User/Documents/GitHub/ch32h417/EVT/EXAM/SRC/Peripheral/src\ch32h417_sdmmc.c ****  *
  71:c:/Users/User/Documents/GitHub/ch32h417/EVT/EXAM/SRC/Peripheral/src\ch32h417_sdmmc.c ****  * @return  none
  72:c:/Users/User/Documents/GitHub/ch32h417/EVT/EXAM/SRC/Peripheral/src\ch32h417_sdmmc.c ****  */
  73:c:/Users/User/Documents/GitHub/ch32h417/EVT/EXAM/SRC/Peripheral/src\ch32h417_sdmmc.c **** void SDMMC_InternalLogicReset(void)
  74:c:/Users/User/Documents/GitHub/ch32h417/EVT/EXAM/SRC/Peripheral/src\ch32h417_sdmmc.c **** {
 146              		.loc 1 74 1 is_stmt 1
 147              		.cfi_startproc
  75:c:/Users/User/Documents/GitHub/ch32h417/EVT/EXAM/SRC/Peripheral/src\ch32h417_sdmmc.c ****     SDMMC->CONTROL = (uint16_t)(SDMMC_RST_LGC | SDMMC_ALL_CLR);
 148              		.loc 1 75 5
 149              		.loc 1 75 20 is_stmt 0
 150 0000 B7470240 		li	a5,1073889280
 151 0004 5147     		li	a4,20
 152 0006 9AAF     		sh	a4,24(a5)
  76:c:/Users/User/Documents/GitHub/ch32h417/EVT/EXAM/SRC/Peripheral/src\ch32h417_sdmmc.c **** }
 153              		.loc 1 76 1
 154 0008 8280     		ret
 155              		.cfi_endproc
 156              	.LFE42:
 158              		.section	.text.SDMMC_SetBusWidth,"ax",@progbits
 159              		.align	1
 160              		.globl	SDMMC_SetBusWidth
 162              	SDMMC_SetBusWidth:
 163              	.LFB43:
  77:c:/Users/User/Documents/GitHub/ch32h417/EVT/EXAM/SRC/Peripheral/src\ch32h417_sdmmc.c **** 
  78:c:/Users/User/Documents/GitHub/ch32h417/EVT/EXAM/SRC/Peripheral/src\ch32h417_sdmmc.c **** /*********************************************************************
  79:c:/Users/User/Documents/GitHub/ch32h417/EVT/EXAM/SRC/Peripheral/src\ch32h417_sdmmc.c ****  * @fn      SDMMC_SetBusWidth
  80:c:/Users/User/Documents/GitHub/ch32h417/EVT/EXAM/SRC/Peripheral/src\ch32h417_sdmmc.c ****  *
  81:c:/Users/User/Documents/GitHub/ch32h417/EVT/EXAM/SRC/Peripheral/src\ch32h417_sdmmc.c ****  * @brief   Sets the Bus Width of the SDMMC controller.
  82:c:/Users/User/Documents/GitHub/ch32h417/EVT/EXAM/SRC/Peripheral/src\ch32h417_sdmmc.c ****  *
  83:c:/Users/User/Documents/GitHub/ch32h417/EVT/EXAM/SRC/Peripheral/src\ch32h417_sdmmc.c ****  * @param   BusWidth - SDMMC Bus Width.
  84:c:/Users/User/Documents/GitHub/ch32h417/EVT/EXAM/SRC/Peripheral/src\ch32h417_sdmmc.c ****  *            SDMMC_BusWidth_1 - one data line
  85:c:/Users/User/Documents/GitHub/ch32h417/EVT/EXAM/SRC/Peripheral/src\ch32h417_sdmmc.c ****  *            SDMMC_BusWidth_4 - 4 data line
  86:c:/Users/User/Documents/GitHub/ch32h417/EVT/EXAM/SRC/Peripheral/src\ch32h417_sdmmc.c ****  *            SDMMC_BusWidth_8 - 8data line
  87:c:/Users/User/Documents/GitHub/ch32h417/EVT/EXAM/SRC/Peripheral/src\ch32h417_sdmmc.c ****  *
  88:c:/Users/User/Documents/GitHub/ch32h417/EVT/EXAM/SRC/Peripheral/src\ch32h417_sdmmc.c ****  * @return  none
  89:c:/Users/User/Documents/GitHub/ch32h417/EVT/EXAM/SRC/Peripheral/src\ch32h417_sdmmc.c ****  */
  90:c:/Users/User/Documents/GitHub/ch32h417/EVT/EXAM/SRC/Peripheral/src\ch32h417_sdmmc.c **** void SDMMC_SetBusWidth(uint8_t BusWidth)
  91:c:/Users/User/Documents/GitHub/ch32h417/EVT/EXAM/SRC/Peripheral/src\ch32h417_sdmmc.c **** {
 164              		.loc 1 91 1 is_stmt 1
 165              		.cfi_startproc
 166              	.LVL8:
  92:c:/Users/User/Documents/GitHub/ch32h417/EVT/EXAM/SRC/Peripheral/src\ch32h417_sdmmc.c ****     SDMMC->CONTROL &= (uint16_t)~SDMMC_BusWidth_MASK;
 167              		.loc 1 92 5
 168              		.loc 1 92 10 is_stmt 0
 169 0000 37470240 		li	a4,1073889280
 170 0004 1E2F     		lhu	a5,24(a4)
  93:c:/Users/User/Documents/GitHub/ch32h417/EVT/EXAM/SRC/Peripheral/src\ch32h417_sdmmc.c ****     SDMMC->CONTROL |= (uint16_t)(BusWidth & SDMMC_BusWidth_MASK);
 171              		.loc 1 93 20
 172 0006 0D89     		andi	a0,a0,3
 173              	.LVL9:
  92:c:/Users/User/Documents/GitHub/ch32h417/EVT/EXAM/SRC/Peripheral/src\ch32h417_sdmmc.c ****     SDMMC->CONTROL &= (uint16_t)~SDMMC_BusWidth_MASK;
 174              		.loc 1 92 10
 175 0008 B3C70708 		zext.h	a5,a5
  92:c:/Users/User/Documents/GitHub/ch32h417/EVT/EXAM/SRC/Peripheral/src\ch32h417_sdmmc.c ****     SDMMC->CONTROL &= (uint16_t)~SDMMC_BusWidth_MASK;
 176              		.loc 1 92 20
 177 000c F19B     		andi	a5,a5,-4
 178 000e B3C70708 		zext.h	a5,a5
 179 0012 1EAF     		sh	a5,24(a4)
 180              		.loc 1 93 5 is_stmt 1
 181              		.loc 1 93 10 is_stmt 0
 182 0014 1E2F     		lhu	a5,24(a4)
 183              		.loc 1 93 20
 184 0016 C98F     		or	a5,a5,a0
 185 0018 1EAF     		sh	a5,24(a4)
  94:c:/Users/User/Documents/GitHub/ch32h417/EVT/EXAM/SRC/Peripheral/src\ch32h417_sdmmc.c **** }
 186              		.loc 1 94 1
 187 001a 8280     		ret
 188              		.cfi_endproc
 189              	.LFE43:
 191              		.section	.text.SDMMC_SetClockSpeed,"ax",@progbits
 192              		.align	1
 193              		.globl	SDMMC_SetClockSpeed
 195              	SDMMC_SetClockSpeed:
 196              	.LFB44:
  95:c:/Users/User/Documents/GitHub/ch32h417/EVT/EXAM/SRC/Peripheral/src\ch32h417_sdmmc.c **** 
  96:c:/Users/User/Documents/GitHub/ch32h417/EVT/EXAM/SRC/Peripheral/src\ch32h417_sdmmc.c **** /*********************************************************************
  97:c:/Users/User/Documents/GitHub/ch32h417/EVT/EXAM/SRC/Peripheral/src\ch32h417_sdmmc.c ****  * @fn      SDMMC_SetClockSpeed
  98:c:/Users/User/Documents/GitHub/ch32h417/EVT/EXAM/SRC/Peripheral/src\ch32h417_sdmmc.c ****  *
  99:c:/Users/User/Documents/GitHub/ch32h417/EVT/EXAM/SRC/Peripheral/src\ch32h417_sdmmc.c ****  * @brief   Sets the SDCK clock speed of the SDMMC controller.
 100:c:/Users/User/Documents/GitHub/ch32h417/EVT/EXAM/SRC/Peripheral/src\ch32h417_sdmmc.c ****  *
 101:c:/Users/User/Documents/GitHub/ch32h417/EVT/EXAM/SRC/Peripheral/src\ch32h417_sdmmc.c ****  * @param   ClockMode - SDMMC_ClockSpeed.
 102:c:/Users/User/Documents/GitHub/ch32h417/EVT/EXAM/SRC/Peripheral/src\ch32h417_sdmmc.c ****  *            SDMMC_ClockSpeed_Low - low speed mode.
 103:c:/Users/User/Documents/GitHub/ch32h417/EVT/EXAM/SRC/Peripheral/src\ch32h417_sdmmc.c ****  *            SDMMC_ClockSpeed_High - High speed mode.
 104:c:/Users/User/Documents/GitHub/ch32h417/EVT/EXAM/SRC/Peripheral/src\ch32h417_sdmmc.c ****  *          ClockDIV - SDMMC_DIV_MASK.
 105:c:/Users/User/Documents/GitHub/ch32h417/EVT/EXAM/SRC/Peripheral/src\ch32h417_sdmmc.c ****  *            range form 0x00 to 0x1F.
 106:c:/Users/User/Documents/GitHub/ch32h417/EVT/EXAM/SRC/Peripheral/src\ch32h417_sdmmc.c ****  *
 107:c:/Users/User/Documents/GitHub/ch32h417/EVT/EXAM/SRC/Peripheral/src\ch32h417_sdmmc.c ****  * @return  none
 108:c:/Users/User/Documents/GitHub/ch32h417/EVT/EXAM/SRC/Peripheral/src\ch32h417_sdmmc.c ****  */
 109:c:/Users/User/Documents/GitHub/ch32h417/EVT/EXAM/SRC/Peripheral/src\ch32h417_sdmmc.c **** void SDMMC_SetClockSpeed(uint16_t ClockMode, uint16_t ClockDIV)
 110:c:/Users/User/Documents/GitHub/ch32h417/EVT/EXAM/SRC/Peripheral/src\ch32h417_sdmmc.c **** {
 197              		.loc 1 110 1 is_stmt 1
 198              		.cfi_startproc
 199              	.LVL10:
 111:c:/Users/User/Documents/GitHub/ch32h417/EVT/EXAM/SRC/Peripheral/src\ch32h417_sdmmc.c ****     SDMMC->CLK_DIV &= ~(SDMMC_CLKOE | SDMMC_DIV_MASK);
 200              		.loc 1 111 5
 201              		.loc 1 111 10 is_stmt 0
 202 0000 37470240 		li	a4,1073889280
 203 0004 1E3F     		lhu	a5,56(a4)
 204 0006 B3C70708 		zext.h	a5,a5
 205              		.loc 1 111 20
 206 000a 93F707EE 		andi	a5,a5,-288
 207 000e B3C70708 		zext.h	a5,a5
 208 0012 1EBF     		sh	a5,56(a4)
 112:c:/Users/User/Documents/GitHub/ch32h417/EVT/EXAM/SRC/Peripheral/src\ch32h417_sdmmc.c ****     SDMMC->CLK_DIV |= ClockMode | ClockDIV | SDMMC_CLKOE;
 209              		.loc 1 112 5 is_stmt 1
 210              		.loc 1 112 10 is_stmt 0
 211 0014 1E3F     		lhu	a5,56(a4)
 212              		.loc 1 112 20
 213 0016 C98F     		or	a5,a5,a0
 214 0018 DD8D     		or	a1,a1,a5
 215              	.LVL11:
 216 001a 93E50510 		ori	a1,a1,256
 217 001e 0EBF     		sh	a1,56(a4)
 113:c:/Users/User/Documents/GitHub/ch32h417/EVT/EXAM/SRC/Peripheral/src\ch32h417_sdmmc.c **** }
 218              		.loc 1 113 1
 219 0020 8280     		ret
 220              		.cfi_endproc
 221              	.LFE44:
 223              		.section	.text.SDMMC_ClockCmd,"ax",@progbits
 224              		.align	1
 225              		.globl	SDMMC_ClockCmd
 227              	SDMMC_ClockCmd:
 228              	.LFB45:
 114:c:/Users/User/Documents/GitHub/ch32h417/EVT/EXAM/SRC/Peripheral/src\ch32h417_sdmmc.c **** 
 115:c:/Users/User/Documents/GitHub/ch32h417/EVT/EXAM/SRC/Peripheral/src\ch32h417_sdmmc.c **** /*********************************************************************
 116:c:/Users/User/Documents/GitHub/ch32h417/EVT/EXAM/SRC/Peripheral/src\ch32h417_sdmmc.c ****  * @fn      SDMMC_ClockCmd
 117:c:/Users/User/Documents/GitHub/ch32h417/EVT/EXAM/SRC/Peripheral/src\ch32h417_sdmmc.c ****  *
 118:c:/Users/User/Documents/GitHub/ch32h417/EVT/EXAM/SRC/Peripheral/src\ch32h417_sdmmc.c ****  * @brief   Set the SDCK clock output enable or disable. Use PB1 for
 119:c:/Users/User/Documents/GitHub/ch32h417/EVT/EXAM/SRC/Peripheral/src\ch32h417_sdmmc.c ****  *        SDCK, if other remap of SDMMC was selected, the code should be modified.
 120:c:/Users/User/Documents/GitHub/ch32h417/EVT/EXAM/SRC/Peripheral/src\ch32h417_sdmmc.c ****  *
 121:c:/Users/User/Documents/GitHub/ch32h417/EVT/EXAM/SRC/Peripheral/src\ch32h417_sdmmc.c ****  * @param   NewState - ENABLE or DISABLE.
 122:c:/Users/User/Documents/GitHub/ch32h417/EVT/EXAM/SRC/Peripheral/src\ch32h417_sdmmc.c ****  *
 123:c:/Users/User/Documents/GitHub/ch32h417/EVT/EXAM/SRC/Peripheral/src\ch32h417_sdmmc.c ****  * @return  none
 124:c:/Users/User/Documents/GitHub/ch32h417/EVT/EXAM/SRC/Peripheral/src\ch32h417_sdmmc.c ****  */
 125:c:/Users/User/Documents/GitHub/ch32h417/EVT/EXAM/SRC/Peripheral/src\ch32h417_sdmmc.c **** void SDMMC_ClockCmd(FunctionalState NewState)
 126:c:/Users/User/Documents/GitHub/ch32h417/EVT/EXAM/SRC/Peripheral/src\ch32h417_sdmmc.c **** {
 229              		.loc 1 126 1 is_stmt 1
 230              		.cfi_startproc
 231              	.LVL12:
 127:c:/Users/User/Documents/GitHub/ch32h417/EVT/EXAM/SRC/Peripheral/src\ch32h417_sdmmc.c ****     if(NewState != DISABLE)
 232              		.loc 1 127 5
 128:c:/Users/User/Documents/GitHub/ch32h417/EVT/EXAM/SRC/Peripheral/src\ch32h417_sdmmc.c ****     {
 129:c:/Users/User/Documents/GitHub/ch32h417/EVT/EXAM/SRC/Peripheral/src\ch32h417_sdmmc.c ****         SDMMC->CLK_DIV |= (uint16_t)SDMMC_CLKOE;
 233              		.loc 1 129 14 is_stmt 0
 234 0000 37470240 		li	a4,1073889280
 235 0004 1E3F     		lhu	a5,56(a4)
 127:c:/Users/User/Documents/GitHub/ch32h417/EVT/EXAM/SRC/Peripheral/src\ch32h417_sdmmc.c ****     if(NewState != DISABLE)
 236              		.loc 1 127 7
 237 0006 09C5     		beq	a0,zero,.L8
 238              		.loc 1 129 9 is_stmt 1
 239              		.loc 1 129 24 is_stmt 0
 240 0008 93E70710 		ori	a5,a5,256
 241              	.L10:
 130:c:/Users/User/Documents/GitHub/ch32h417/EVT/EXAM/SRC/Peripheral/src\ch32h417_sdmmc.c ****     }
 131:c:/Users/User/Documents/GitHub/ch32h417/EVT/EXAM/SRC/Peripheral/src\ch32h417_sdmmc.c ****     else
 132:c:/Users/User/Documents/GitHub/ch32h417/EVT/EXAM/SRC/Peripheral/src\ch32h417_sdmmc.c ****     {
 133:c:/Users/User/Documents/GitHub/ch32h417/EVT/EXAM/SRC/Peripheral/src\ch32h417_sdmmc.c ****         SDMMC->CLK_DIV &= (uint16_t)~SDMMC_CLKOE;
 242              		.loc 1 133 24
 243 000c 1EBF     		sh	a5,56(a4)
 134:c:/Users/User/Documents/GitHub/ch32h417/EVT/EXAM/SRC/Peripheral/src\ch32h417_sdmmc.c ****     }
 135:c:/Users/User/Documents/GitHub/ch32h417/EVT/EXAM/SRC/Peripheral/src\ch32h417_sdmmc.c **** }
 244              		.loc 1 135 1
 245 000e 8280     		ret
 246              	.L8:
 133:c:/Users/User/Documents/GitHub/ch32h417/EVT/EXAM/SRC/Peripheral/src\ch32h417_sdmmc.c ****     }
 247              		.loc 1 133 9 is_stmt 1
 133:c:/Users/User/Documents/GitHub/ch32h417/EVT/EXAM/SRC/Peripheral/src\ch32h417_sdmmc.c ****     }
 248              		.loc 1 133 14 is_stmt 0
 249 0010 B3C70708 		zext.h	a5,a5
 133:c:/Users/User/Documents/GitHub/ch32h417/EVT/EXAM/SRC/Peripheral/src\ch32h417_sdmmc.c ****     }
 250              		.loc 1 133 24
 251 0014 93F7F7EF 		andi	a5,a5,-257
 252 0018 B3C70708 		zext.h	a5,a5
 253 001c C5BF     		j	.L10
 254              		.cfi_endproc
 255              	.LFE45:
 257              		.section	.text.SDMMC_CommandConfig,"ax",@progbits
 258              		.align	1
 259              		.globl	SDMMC_CommandConfig
 261              	SDMMC_CommandConfig:
 262              	.LFB46:
 136:c:/Users/User/Documents/GitHub/ch32h417/EVT/EXAM/SRC/Peripheral/src\ch32h417_sdmmc.c **** 
 137:c:/Users/User/Documents/GitHub/ch32h417/EVT/EXAM/SRC/Peripheral/src\ch32h417_sdmmc.c **** /*********************************************************************
 138:c:/Users/User/Documents/GitHub/ch32h417/EVT/EXAM/SRC/Peripheral/src\ch32h417_sdmmc.c ****  * @fn      SDMMC_SetCommand
 139:c:/Users/User/Documents/GitHub/ch32h417/EVT/EXAM/SRC/Peripheral/src\ch32h417_sdmmc.c ****  *
 140:c:/Users/User/Documents/GitHub/ch32h417/EVT/EXAM/SRC/Peripheral/src\ch32h417_sdmmc.c ****  * @brief   Set SDIO command parameter and send command.
 141:c:/Users/User/Documents/GitHub/ch32h417/EVT/EXAM/SRC/Peripheral/src\ch32h417_sdmmc.c ****  *
 142:c:/Users/User/Documents/GitHub/ch32h417/EVT/EXAM/SRC/Peripheral/src\ch32h417_sdmmc.c ****  * @param   SDMMC_CMDInitStruct - pointer to a SDMMC_CMDInitTypeDef structure
 143:c:/Users/User/Documents/GitHub/ch32h417/EVT/EXAM/SRC/Peripheral/src\ch32h417_sdmmc.c ****  *        that contains the configuration information for the SDMMC peripheral.
 144:c:/Users/User/Documents/GitHub/ch32h417/EVT/EXAM/SRC/Peripheral/src\ch32h417_sdmmc.c ****  *
 145:c:/Users/User/Documents/GitHub/ch32h417/EVT/EXAM/SRC/Peripheral/src\ch32h417_sdmmc.c ****  * @return  none
 146:c:/Users/User/Documents/GitHub/ch32h417/EVT/EXAM/SRC/Peripheral/src\ch32h417_sdmmc.c ****  */
 147:c:/Users/User/Documents/GitHub/ch32h417/EVT/EXAM/SRC/Peripheral/src\ch32h417_sdmmc.c **** void SDMMC_CommandConfig(SDMMC_CMDInitTypeDef *SDMMC_CMDInitStruct)
 148:c:/Users/User/Documents/GitHub/ch32h417/EVT/EXAM/SRC/Peripheral/src\ch32h417_sdmmc.c **** {
 263              		.loc 1 148 1 is_stmt 1
 264              		.cfi_startproc
 265              	.LVL13:
 149:c:/Users/User/Documents/GitHub/ch32h417/EVT/EXAM/SRC/Peripheral/src\ch32h417_sdmmc.c ****     SDMMC->ARGUMENT = SDMMC_CMDInitStruct->SDMMC_Argument;
 266              		.loc 1 149 5
 267              		.loc 1 149 42 is_stmt 0
 268 0000 1C41     		lw	a5,0(a0)
 269              		.loc 1 149 21
 270 0002 37460240 		li	a2,1073889280
 150:c:/Users/User/Documents/GitHub/ch32h417/EVT/EXAM/SRC/Peripheral/src\ch32h417_sdmmc.c ****     SDMMC->CMD_SET = ((uint16_t)SDMMC_CMDInitStruct->SDMMC_CheckCRC << 10) | 
 271              		.loc 1 150 69
 272 0006 37070004 		li	a4,67108864
 149:c:/Users/User/Documents/GitHub/ch32h417/EVT/EXAM/SRC/Peripheral/src\ch32h417_sdmmc.c ****     SDMMC->ARGUMENT = SDMMC_CMDInitStruct->SDMMC_Argument;
 273              		.loc 1 149 21
 274 000a 1CC2     		sw	a5,0(a2)
 275              		.loc 1 150 5 is_stmt 1
 276              		.loc 1 150 69 is_stmt 0
 277 000c 5C45     		lw	a5,12(a0)
 278 000e 130707C0 		addi	a4,a4,-1024
 151:c:/Users/User/Documents/GitHub/ch32h417/EVT/EXAM/SRC/Peripheral/src\ch32h417_sdmmc.c ****                      ((uint16_t)SDMMC_CMDInitStruct->SDMMC_CheckIdx << 11)  | 
 279              		.loc 1 151 69
 280 0012 B7060008 		li	a3,134217728
 150:c:/Users/User/Documents/GitHub/ch32h417/EVT/EXAM/SRC/Peripheral/src\ch32h417_sdmmc.c ****     SDMMC->CMD_SET = ((uint16_t)SDMMC_CMDInitStruct->SDMMC_CheckCRC << 10) | 
 281              		.loc 1 150 69
 282 0016 AA07     		slli	a5,a5,10
 283 0018 F98F     		and	a5,a5,a4
 284              		.loc 1 151 69
 285 001a 1845     		lw	a4,8(a0)
 286 001c 93860680 		addi	a3,a3,-2048
 287 0020 2E07     		slli	a4,a4,11
 288 0022 758F     		and	a4,a4,a3
 150:c:/Users/User/Documents/GitHub/ch32h417/EVT/EXAM/SRC/Peripheral/src\ch32h417_sdmmc.c ****     SDMMC->CMD_SET = ((uint16_t)SDMMC_CMDInitStruct->SDMMC_CheckCRC << 10) | 
 289              		.loc 1 150 76
 290 0024 D98F     		or	a5,a5,a4
 152:c:/Users/User/Documents/GitHub/ch32h417/EVT/EXAM/SRC/Peripheral/src\ch32h417_sdmmc.c ****                      (uint16_t)(SDMMC_CMDInitStruct->SDMMC_CMDIdx & SDMMC_CMDIDX_MASK) |
 291              		.loc 1 152 22
 292 0026 7821     		lbu	a4,6(a0)
 293 0028 1377F703 		andi	a4,a4,63
 151:c:/Users/User/Documents/GitHub/ch32h417/EVT/EXAM/SRC/Peripheral/src\ch32h417_sdmmc.c ****                      ((uint16_t)SDMMC_CMDInitStruct->SDMMC_CheckIdx << 11)  | 
 294              		.loc 1 151 77
 295 002c D98F     		or	a5,a5,a4
 296              		.loc 1 152 88
 297 002e 5A21     		lhu	a4,4(a0)
 298 0030 13770730 		andi	a4,a4,768
 299 0034 D98F     		or	a5,a5,a4
 300 0036 B3C70708 		zext.h	a5,a5
 150:c:/Users/User/Documents/GitHub/ch32h417/EVT/EXAM/SRC/Peripheral/src\ch32h417_sdmmc.c ****     SDMMC->CMD_SET = ((uint16_t)SDMMC_CMDInitStruct->SDMMC_CheckCRC << 10) | 
 301              		.loc 1 150 20
 302 003a 5EA2     		sh	a5,4(a2)
 153:c:/Users/User/Documents/GitHub/ch32h417/EVT/EXAM/SRC/Peripheral/src\ch32h417_sdmmc.c ****                      (SDMMC_CMDInitStruct->SDMMC_RespExpect & SDMMC_RPTY_MASK);
 154:c:/Users/User/Documents/GitHub/ch32h417/EVT/EXAM/SRC/Peripheral/src\ch32h417_sdmmc.c **** }
 303              		.loc 1 154 1
 304 003c 8280     		ret
 305              		.cfi_endproc
 306              	.LFE46:
 308              		.section	.text.SDMMC_GetResponse,"ax",@progbits
 309              		.align	1
 310              		.globl	SDMMC_GetResponse
 312              	SDMMC_GetResponse:
 313              	.LFB47:
 155:c:/Users/User/Documents/GitHub/ch32h417/EVT/EXAM/SRC/Peripheral/src\ch32h417_sdmmc.c **** 
 156:c:/Users/User/Documents/GitHub/ch32h417/EVT/EXAM/SRC/Peripheral/src\ch32h417_sdmmc.c **** /*********************************************************************
 157:c:/Users/User/Documents/GitHub/ch32h417/EVT/EXAM/SRC/Peripheral/src\ch32h417_sdmmc.c ****  * @fn      SDMMC_GetResponse
 158:c:/Users/User/Documents/GitHub/ch32h417/EVT/EXAM/SRC/Peripheral/src\ch32h417_sdmmc.c ****  *
 159:c:/Users/User/Documents/GitHub/ch32h417/EVT/EXAM/SRC/Peripheral/src\ch32h417_sdmmc.c ****  * @brief   Obtain the value in the RESPONSE0~RESPONSE3 registers.
 160:c:/Users/User/Documents/GitHub/ch32h417/EVT/EXAM/SRC/Peripheral/src\ch32h417_sdmmc.c ****  *
 161:c:/Users/User/Documents/GitHub/ch32h417/EVT/EXAM/SRC/Peripheral/src\ch32h417_sdmmc.c ****  * @param   SDMMC_Resp - specifys the RESPONSEn register.
 162:c:/Users/User/Documents/GitHub/ch32h417/EVT/EXAM/SRC/Peripheral/src\ch32h417_sdmmc.c ****  *            Response0 - RESPONSE0 register.
 163:c:/Users/User/Documents/GitHub/ch32h417/EVT/EXAM/SRC/Peripheral/src\ch32h417_sdmmc.c ****  *            Response1 - RESPONSE1 register.
 164:c:/Users/User/Documents/GitHub/ch32h417/EVT/EXAM/SRC/Peripheral/src\ch32h417_sdmmc.c ****  *            Response2 - RESPONSE2 register.
 165:c:/Users/User/Documents/GitHub/ch32h417/EVT/EXAM/SRC/Peripheral/src\ch32h417_sdmmc.c ****  *            Response3 - RESPONSE3 register.
 166:c:/Users/User/Documents/GitHub/ch32h417/EVT/EXAM/SRC/Peripheral/src\ch32h417_sdmmc.c ****  *
 167:c:/Users/User/Documents/GitHub/ch32h417/EVT/EXAM/SRC/Peripheral/src\ch32h417_sdmmc.c ****  * @return  uint32_t type value in specified register.
 168:c:/Users/User/Documents/GitHub/ch32h417/EVT/EXAM/SRC/Peripheral/src\ch32h417_sdmmc.c ****  */
 169:c:/Users/User/Documents/GitHub/ch32h417/EVT/EXAM/SRC/Peripheral/src\ch32h417_sdmmc.c **** uint32_t SDMMC_GetResponse(SDMMC_RespEnumTypeDef SDMMC_Resp)
 170:c:/Users/User/Documents/GitHub/ch32h417/EVT/EXAM/SRC/Peripheral/src\ch32h417_sdmmc.c **** {
 314              		.loc 1 170 1 is_stmt 1
 315              		.cfi_startproc
 316              	.LVL14:
 171:c:/Users/User/Documents/GitHub/ch32h417/EVT/EXAM/SRC/Peripheral/src\ch32h417_sdmmc.c ****     return *((__IO uint32_t *)(((uint32_t *)&(SDMMC->RESPONSE0)) + (uint32_t)SDMMC_Resp));
 317              		.loc 1 171 5
 318              		.loc 1 171 66 is_stmt 0
 319 0000 B7470240 		li	a5,1073889280
 320 0004 A107     		addi	a5,a5,8
 321 0006 3345F520 		sh2add	a0,a0,a5
 322              	.LVL15:
 323              		.loc 1 171 12
 324 000a 0841     		lw	a0,0(a0)
 172:c:/Users/User/Documents/GitHub/ch32h417/EVT/EXAM/SRC/Peripheral/src\ch32h417_sdmmc.c **** }
 325              		.loc 1 172 1
 326 000c 8280     		ret
 327              		.cfi_endproc
 328              	.LFE47:
 330              		.section	.text.SDMMC_DMAContinueWrite,"ax",@progbits
 331              		.align	1
 332              		.globl	SDMMC_DMAContinueWrite
 334              	SDMMC_DMAContinueWrite:
 335              	.LFB48:
 173:c:/Users/User/Documents/GitHub/ch32h417/EVT/EXAM/SRC/Peripheral/src\ch32h417_sdmmc.c **** 
 174:c:/Users/User/Documents/GitHub/ch32h417/EVT/EXAM/SRC/Peripheral/src\ch32h417_sdmmc.c **** /*********************************************************************
 175:c:/Users/User/Documents/GitHub/ch32h417/EVT/EXAM/SRC/Peripheral/src\ch32h417_sdmmc.c ****  * @fn      SDMMC_DMAContinueWrite
 176:c:/Users/User/Documents/GitHub/ch32h417/EVT/EXAM/SRC/Peripheral/src\ch32h417_sdmmc.c ****  *
 177:c:/Users/User/Documents/GitHub/ch32h417/EVT/EXAM/SRC/Peripheral/src\ch32h417_sdmmc.c ****  * @brief   Continue the SDMMC DMA write process.
 178:c:/Users/User/Documents/GitHub/ch32h417/EVT/EXAM/SRC/Peripheral/src\ch32h417_sdmmc.c ****  *
 179:c:/Users/User/Documents/GitHub/ch32h417/EVT/EXAM/SRC/Peripheral/src\ch32h417_sdmmc.c ****  * @return  none
 180:c:/Users/User/Documents/GitHub/ch32h417/EVT/EXAM/SRC/Peripheral/src\ch32h417_sdmmc.c ****  */
 181:c:/Users/User/Documents/GitHub/ch32h417/EVT/EXAM/SRC/Peripheral/src\ch32h417_sdmmc.c **** void SDMMC_DMAContinueWrite(void)
 182:c:/Users/User/Documents/GitHub/ch32h417/EVT/EXAM/SRC/Peripheral/src\ch32h417_sdmmc.c **** {
 336              		.loc 1 182 1 is_stmt 1
 337              		.cfi_startproc
 183:c:/Users/User/Documents/GitHub/ch32h417/EVT/EXAM/SRC/Peripheral/src\ch32h417_sdmmc.c ****     SDMMC->WRITE_CONT = 0;
 338              		.loc 1 183 5
 339              		.loc 1 183 23 is_stmt 0
 340 0000 B7470240 		li	a5,1073889280
 341 0004 23AA0700 		sw	zero,20(a5)
 184:c:/Users/User/Documents/GitHub/ch32h417/EVT/EXAM/SRC/Peripheral/src\ch32h417_sdmmc.c **** }
 342              		.loc 1 184 1
 343 0008 8280     		ret
 344              		.cfi_endproc
 345              	.LFE48:
 347              		.section	.text.SDMMC_GetStatus_LineData0,"ax",@progbits
 348              		.align	1
 349              		.globl	SDMMC_GetStatus_LineData0
 351              	SDMMC_GetStatus_LineData0:
 352              	.LFB49:
 185:c:/Users/User/Documents/GitHub/ch32h417/EVT/EXAM/SRC/Peripheral/src\ch32h417_sdmmc.c **** 
 186:c:/Users/User/Documents/GitHub/ch32h417/EVT/EXAM/SRC/Peripheral/src\ch32h417_sdmmc.c **** /*********************************************************************
 187:c:/Users/User/Documents/GitHub/ch32h417/EVT/EXAM/SRC/Peripheral/src\ch32h417_sdmmc.c ****  * @fn      SDMMC_GetStatus_LineData0
 188:c:/Users/User/Documents/GitHub/ch32h417/EVT/EXAM/SRC/Peripheral/src\ch32h417_sdmmc.c ****  *
 189:c:/Users/User/Documents/GitHub/ch32h417/EVT/EXAM/SRC/Peripheral/src\ch32h417_sdmmc.c ****  * @brief   Get DATA0 line voltage level.
 190:c:/Users/User/Documents/GitHub/ch32h417/EVT/EXAM/SRC/Peripheral/src\ch32h417_sdmmc.c ****  *
 191:c:/Users/User/Documents/GitHub/ch32h417/EVT/EXAM/SRC/Peripheral/src\ch32h417_sdmmc.c ****  * @return  FlagStatus - SET or RESET.
 192:c:/Users/User/Documents/GitHub/ch32h417/EVT/EXAM/SRC/Peripheral/src\ch32h417_sdmmc.c ****  */
 193:c:/Users/User/Documents/GitHub/ch32h417/EVT/EXAM/SRC/Peripheral/src\ch32h417_sdmmc.c **** FlagStatus SDMMC_GetStatus_LineData0(void)
 194:c:/Users/User/Documents/GitHub/ch32h417/EVT/EXAM/SRC/Peripheral/src\ch32h417_sdmmc.c **** {
 353              		.loc 1 194 1 is_stmt 1
 354              		.cfi_startproc
 195:c:/Users/User/Documents/GitHub/ch32h417/EVT/EXAM/SRC/Peripheral/src\ch32h417_sdmmc.c ****     FlagStatus bitstatus = RESET;
 355              		.loc 1 195 5
 356              	.LVL16:
 196:c:/Users/User/Documents/GitHub/ch32h417/EVT/EXAM/SRC/Peripheral/src\ch32h417_sdmmc.c **** 
 197:c:/Users/User/Documents/GitHub/ch32h417/EVT/EXAM/SRC/Peripheral/src\ch32h417_sdmmc.c ****     if((SDMMC->STATUS & SDMMC_DAT0STA) != (uint32_t)RESET)
 357              		.loc 1 197 5
 358              		.loc 1 197 14 is_stmt 0
 359 0000 B7470240 		li	a5,1073889280
 360 0004 8853     		lw	a0,32(a5)
 361              	.LVL17:
 198:c:/Users/User/Documents/GitHub/ch32h417/EVT/EXAM/SRC/Peripheral/src\ch32h417_sdmmc.c ****     {
 199:c:/Users/User/Documents/GitHub/ch32h417/EVT/EXAM/SRC/Peripheral/src\ch32h417_sdmmc.c ****         bitstatus = SET;
 200:c:/Users/User/Documents/GitHub/ch32h417/EVT/EXAM/SRC/Peripheral/src\ch32h417_sdmmc.c ****     }
 201:c:/Users/User/Documents/GitHub/ch32h417/EVT/EXAM/SRC/Peripheral/src\ch32h417_sdmmc.c ****     else
 202:c:/Users/User/Documents/GitHub/ch32h417/EVT/EXAM/SRC/Peripheral/src\ch32h417_sdmmc.c ****     {
 203:c:/Users/User/Documents/GitHub/ch32h417/EVT/EXAM/SRC/Peripheral/src\ch32h417_sdmmc.c ****         bitstatus = RESET;
 204:c:/Users/User/Documents/GitHub/ch32h417/EVT/EXAM/SRC/Peripheral/src\ch32h417_sdmmc.c ****     }
 205:c:/Users/User/Documents/GitHub/ch32h417/EVT/EXAM/SRC/Peripheral/src\ch32h417_sdmmc.c **** 
 206:c:/Users/User/Documents/GitHub/ch32h417/EVT/EXAM/SRC/Peripheral/src\ch32h417_sdmmc.c ****     return bitstatus;
 362              		.loc 1 206 5 is_stmt 1
 207:c:/Users/User/Documents/GitHub/ch32h417/EVT/EXAM/SRC/Peripheral/src\ch32h417_sdmmc.c **** }
 363              		.loc 1 207 1 is_stmt 0
 364 0006 13551549 		bexti	a0,a0,17
 365              	.LVL18:
 366 000a 8280     		ret
 367              		.cfi_endproc
 368              	.LFE49:
 370              		.section	.text.SDMMC_GetStatus_LineCMD,"ax",@progbits
 371              		.align	1
 372              		.globl	SDMMC_GetStatus_LineCMD
 374              	SDMMC_GetStatus_LineCMD:
 375              	.LFB50:
 208:c:/Users/User/Documents/GitHub/ch32h417/EVT/EXAM/SRC/Peripheral/src\ch32h417_sdmmc.c **** 
 209:c:/Users/User/Documents/GitHub/ch32h417/EVT/EXAM/SRC/Peripheral/src\ch32h417_sdmmc.c **** /*********************************************************************
 210:c:/Users/User/Documents/GitHub/ch32h417/EVT/EXAM/SRC/Peripheral/src\ch32h417_sdmmc.c ****  * @fn      SDMMC_GetStatus_LineCMD
 211:c:/Users/User/Documents/GitHub/ch32h417/EVT/EXAM/SRC/Peripheral/src\ch32h417_sdmmc.c ****  *
 212:c:/Users/User/Documents/GitHub/ch32h417/EVT/EXAM/SRC/Peripheral/src\ch32h417_sdmmc.c ****  * @brief   Get CMD line voltage level.
 213:c:/Users/User/Documents/GitHub/ch32h417/EVT/EXAM/SRC/Peripheral/src\ch32h417_sdmmc.c ****  *
 214:c:/Users/User/Documents/GitHub/ch32h417/EVT/EXAM/SRC/Peripheral/src\ch32h417_sdmmc.c ****  * @return  FlagStatus - SET or RESET.
 215:c:/Users/User/Documents/GitHub/ch32h417/EVT/EXAM/SRC/Peripheral/src\ch32h417_sdmmc.c ****  */
 216:c:/Users/User/Documents/GitHub/ch32h417/EVT/EXAM/SRC/Peripheral/src\ch32h417_sdmmc.c **** FlagStatus SDMMC_GetStatus_LineCMD(void)
 217:c:/Users/User/Documents/GitHub/ch32h417/EVT/EXAM/SRC/Peripheral/src\ch32h417_sdmmc.c **** {
 376              		.loc 1 217 1 is_stmt 1
 377              		.cfi_startproc
 218:c:/Users/User/Documents/GitHub/ch32h417/EVT/EXAM/SRC/Peripheral/src\ch32h417_sdmmc.c ****     FlagStatus bitstatus = RESET;
 378              		.loc 1 218 5
 379              	.LVL19:
 219:c:/Users/User/Documents/GitHub/ch32h417/EVT/EXAM/SRC/Peripheral/src\ch32h417_sdmmc.c **** 
 220:c:/Users/User/Documents/GitHub/ch32h417/EVT/EXAM/SRC/Peripheral/src\ch32h417_sdmmc.c ****     if((SDMMC->STATUS & SDMMC_CMDSTA) != (uint32_t)RESET)
 380              		.loc 1 220 5
 381              		.loc 1 220 14 is_stmt 0
 382 0000 B7470240 		li	a5,1073889280
 383 0004 8853     		lw	a0,32(a5)
 384              	.LVL20:
 221:c:/Users/User/Documents/GitHub/ch32h417/EVT/EXAM/SRC/Peripheral/src\ch32h417_sdmmc.c ****     {
 222:c:/Users/User/Documents/GitHub/ch32h417/EVT/EXAM/SRC/Peripheral/src\ch32h417_sdmmc.c ****         bitstatus = SET;
 223:c:/Users/User/Documents/GitHub/ch32h417/EVT/EXAM/SRC/Peripheral/src\ch32h417_sdmmc.c ****     }
 224:c:/Users/User/Documents/GitHub/ch32h417/EVT/EXAM/SRC/Peripheral/src\ch32h417_sdmmc.c ****     else
 225:c:/Users/User/Documents/GitHub/ch32h417/EVT/EXAM/SRC/Peripheral/src\ch32h417_sdmmc.c ****     {
 226:c:/Users/User/Documents/GitHub/ch32h417/EVT/EXAM/SRC/Peripheral/src\ch32h417_sdmmc.c ****         bitstatus = RESET;
 227:c:/Users/User/Documents/GitHub/ch32h417/EVT/EXAM/SRC/Peripheral/src\ch32h417_sdmmc.c ****     }
 228:c:/Users/User/Documents/GitHub/ch32h417/EVT/EXAM/SRC/Peripheral/src\ch32h417_sdmmc.c **** 
 229:c:/Users/User/Documents/GitHub/ch32h417/EVT/EXAM/SRC/Peripheral/src\ch32h417_sdmmc.c ****     return bitstatus;
 385              		.loc 1 229 5 is_stmt 1
 230:c:/Users/User/Documents/GitHub/ch32h417/EVT/EXAM/SRC/Peripheral/src\ch32h417_sdmmc.c **** }
 386              		.loc 1 230 1 is_stmt 0
 387 0006 13550549 		bexti	a0,a0,16
 388              	.LVL21:
 389 000a 8280     		ret
 390              		.cfi_endproc
 391              	.LFE50:
 393              		.section	.text.SDMMC_GetBlockNumSuccess,"ax",@progbits
 394              		.align	1
 395              		.globl	SDMMC_GetBlockNumSuccess
 397              	SDMMC_GetBlockNumSuccess:
 398              	.LFB51:
 231:c:/Users/User/Documents/GitHub/ch32h417/EVT/EXAM/SRC/Peripheral/src\ch32h417_sdmmc.c **** 
 232:c:/Users/User/Documents/GitHub/ch32h417/EVT/EXAM/SRC/Peripheral/src\ch32h417_sdmmc.c **** /*********************************************************************
 233:c:/Users/User/Documents/GitHub/ch32h417/EVT/EXAM/SRC/Peripheral/src\ch32h417_sdmmc.c ****  * @fn      SDMMC_GetBlockNumSuccess
 234:c:/Users/User/Documents/GitHub/ch32h417/EVT/EXAM/SRC/Peripheral/src\ch32h417_sdmmc.c ****  *
 235:c:/Users/User/Documents/GitHub/ch32h417/EVT/EXAM/SRC/Peripheral/src\ch32h417_sdmmc.c ****  * @brief   Get block number that have been transmit successfully.
 236:c:/Users/User/Documents/GitHub/ch32h417/EVT/EXAM/SRC/Peripheral/src\ch32h417_sdmmc.c ****  *
 237:c:/Users/User/Documents/GitHub/ch32h417/EVT/EXAM/SRC/Peripheral/src\ch32h417_sdmmc.c ****  * @return  uint16_t type value specified success block number.
 238:c:/Users/User/Documents/GitHub/ch32h417/EVT/EXAM/SRC/Peripheral/src\ch32h417_sdmmc.c ****  */
 239:c:/Users/User/Documents/GitHub/ch32h417/EVT/EXAM/SRC/Peripheral/src\ch32h417_sdmmc.c **** uint16_t SDMMC_GetBlockNumSuccess(void)
 240:c:/Users/User/Documents/GitHub/ch32h417/EVT/EXAM/SRC/Peripheral/src\ch32h417_sdmmc.c **** {
 399              		.loc 1 240 1 is_stmt 1
 400              		.cfi_startproc
 241:c:/Users/User/Documents/GitHub/ch32h417/EVT/EXAM/SRC/Peripheral/src\ch32h417_sdmmc.c ****     return (uint16_t)((uint16_t)SDMMC->STATUS & SDMMC_MASK_BLOCK_NUM);
 401              		.loc 1 241 5
 402              		.loc 1 241 38 is_stmt 0
 403 0000 B7470240 		li	a5,1073889280
 404 0004 8853     		lw	a0,32(a5)
 242:c:/Users/User/Documents/GitHub/ch32h417/EVT/EXAM/SRC/Peripheral/src\ch32h417_sdmmc.c **** }
 405              		.loc 1 242 1
 406 0006 33450508 		zext.h	a0,a0
 407 000a 8280     		ret
 408              		.cfi_endproc
 409              	.LFE51:
 411              		.section	.text.SDMMC_GetFlagStatus,"ax",@progbits
 412              		.align	1
 413              		.globl	SDMMC_GetFlagStatus
 415              	SDMMC_GetFlagStatus:
 416              	.LFB52:
 243:c:/Users/User/Documents/GitHub/ch32h417/EVT/EXAM/SRC/Peripheral/src\ch32h417_sdmmc.c **** 
 244:c:/Users/User/Documents/GitHub/ch32h417/EVT/EXAM/SRC/Peripheral/src\ch32h417_sdmmc.c **** /*********************************************************************
 245:c:/Users/User/Documents/GitHub/ch32h417/EVT/EXAM/SRC/Peripheral/src\ch32h417_sdmmc.c ****  * @fn      SDMMC_GetFlagStatus
 246:c:/Users/User/Documents/GitHub/ch32h417/EVT/EXAM/SRC/Peripheral/src\ch32h417_sdmmc.c ****  *
 247:c:/Users/User/Documents/GitHub/ch32h417/EVT/EXAM/SRC/Peripheral/src\ch32h417_sdmmc.c ****  * @brief   Get the flag that indicates the SDMMC controller status.
 248:c:/Users/User/Documents/GitHub/ch32h417/EVT/EXAM/SRC/Peripheral/src\ch32h417_sdmmc.c ****  *
 249:c:/Users/User/Documents/GitHub/ch32h417/EVT/EXAM/SRC/Peripheral/src\ch32h417_sdmmc.c ****  * @param   SDMMC_Flag - flag selection bit.
 250:c:/Users/User/Documents/GitHub/ch32h417/EVT/EXAM/SRC/Peripheral/src\ch32h417_sdmmc.c ****  *            SDMMC_FLAG_SLV_BUF_RELEASE - SLV_BUF_RELEASE flag
 251:c:/Users/User/Documents/GitHub/ch32h417/EVT/EXAM/SRC/Peripheral/src\ch32h417_sdmmc.c ****  *            SDMMC_FLAG_SDIOINT - SDIOINT flag
 252:c:/Users/User/Documents/GitHub/ch32h417/EVT/EXAM/SRC/Peripheral/src\ch32h417_sdmmc.c ****  *            SDMMC_FLAG_FIFO_OV - FIFO_OV flag
 253:c:/Users/User/Documents/GitHub/ch32h417/EVT/EXAM/SRC/Peripheral/src\ch32h417_sdmmc.c ****  *            SDMMC_FLAG_BKGAP - BKGAP flag
 254:c:/Users/User/Documents/GitHub/ch32h417/EVT/EXAM/SRC/Peripheral/src\ch32h417_sdmmc.c ****  *            SDMMC_FLAG_TRANDONE - TRANDONE flag
 255:c:/Users/User/Documents/GitHub/ch32h417/EVT/EXAM/SRC/Peripheral/src\ch32h417_sdmmc.c ****  *            SDMMC_FLAG_TRANERR - TRANERR flag
 256:c:/Users/User/Documents/GitHub/ch32h417/EVT/EXAM/SRC/Peripheral/src\ch32h417_sdmmc.c ****  *            SDMMC_FLAG_DATTMO - DATTMO flag
 257:c:/Users/User/Documents/GitHub/ch32h417/EVT/EXAM/SRC/Peripheral/src\ch32h417_sdmmc.c ****  *            SDMMC_FLAG_CMDDONE - CMDDONE  flag
 258:c:/Users/User/Documents/GitHub/ch32h417/EVT/EXAM/SRC/Peripheral/src\ch32h417_sdmmc.c ****  *            SDMMC_FLAG_REIDX_ER - REIDX_ER flag
 259:c:/Users/User/Documents/GitHub/ch32h417/EVT/EXAM/SRC/Peripheral/src\ch32h417_sdmmc.c ****  *            SDMMC_FLAG_RECRC_WR - RECRC_WR flag
 260:c:/Users/User/Documents/GitHub/ch32h417/EVT/EXAM/SRC/Peripheral/src\ch32h417_sdmmc.c ****  *            SDMMC_FLAG_RE_TMOUT - RE_TMOUT flag
 261:c:/Users/User/Documents/GitHub/ch32h417/EVT/EXAM/SRC/Peripheral/src\ch32h417_sdmmc.c ****  *
 262:c:/Users/User/Documents/GitHub/ch32h417/EVT/EXAM/SRC/Peripheral/src\ch32h417_sdmmc.c ****  * @return  FlagStatus - SET or RESET.
 263:c:/Users/User/Documents/GitHub/ch32h417/EVT/EXAM/SRC/Peripheral/src\ch32h417_sdmmc.c ****  */
 264:c:/Users/User/Documents/GitHub/ch32h417/EVT/EXAM/SRC/Peripheral/src\ch32h417_sdmmc.c **** FlagStatus SDMMC_GetFlagStatus(uint16_t SDMMC_Flag)
 265:c:/Users/User/Documents/GitHub/ch32h417/EVT/EXAM/SRC/Peripheral/src\ch32h417_sdmmc.c **** {
 417              		.loc 1 265 1 is_stmt 1
 418              		.cfi_startproc
 419              	.LVL22:
 266:c:/Users/User/Documents/GitHub/ch32h417/EVT/EXAM/SRC/Peripheral/src\ch32h417_sdmmc.c ****     if((SDMMC->INT_FG & SDMMC_Flag) != (uint16_t)RESET)
 420              		.loc 1 266 5
 421              		.loc 1 266 14 is_stmt 0
 422 0000 B7470240 		li	a5,1073889280
 423 0004 DE33     		lhu	a5,36(a5)
 424              		.loc 1 266 7
 425 0006 7D8D     		and	a0,a5,a0
 426              	.LVL23:
 267:c:/Users/User/Documents/GitHub/ch32h417/EVT/EXAM/SRC/Peripheral/src\ch32h417_sdmmc.c ****     {
 268:c:/Users/User/Documents/GitHub/ch32h417/EVT/EXAM/SRC/Peripheral/src\ch32h417_sdmmc.c ****         return SET;
 269:c:/Users/User/Documents/GitHub/ch32h417/EVT/EXAM/SRC/Peripheral/src\ch32h417_sdmmc.c ****     }
 270:c:/Users/User/Documents/GitHub/ch32h417/EVT/EXAM/SRC/Peripheral/src\ch32h417_sdmmc.c ****     else
 271:c:/Users/User/Documents/GitHub/ch32h417/EVT/EXAM/SRC/Peripheral/src\ch32h417_sdmmc.c ****     {
 272:c:/Users/User/Documents/GitHub/ch32h417/EVT/EXAM/SRC/Peripheral/src\ch32h417_sdmmc.c ****         return RESET;
 273:c:/Users/User/Documents/GitHub/ch32h417/EVT/EXAM/SRC/Peripheral/src\ch32h417_sdmmc.c ****     }
 274:c:/Users/User/Documents/GitHub/ch32h417/EVT/EXAM/SRC/Peripheral/src\ch32h417_sdmmc.c **** }
 427              		.loc 1 274 1
 428 0008 3335A000 		snez	a0,a0
 429 000c 8280     		ret
 430              		.cfi_endproc
 431              	.LFE52:
 433              		.section	.text.SDMMC_ClearFlags,"ax",@progbits
 434              		.align	1
 435              		.globl	SDMMC_ClearFlags
 437              	SDMMC_ClearFlags:
 438              	.LFB53:
 275:c:/Users/User/Documents/GitHub/ch32h417/EVT/EXAM/SRC/Peripheral/src\ch32h417_sdmmc.c **** 
 276:c:/Users/User/Documents/GitHub/ch32h417/EVT/EXAM/SRC/Peripheral/src\ch32h417_sdmmc.c **** /*********************************************************************
 277:c:/Users/User/Documents/GitHub/ch32h417/EVT/EXAM/SRC/Peripheral/src\ch32h417_sdmmc.c ****  * @fn      SDMMC_ClearFlags
 278:c:/Users/User/Documents/GitHub/ch32h417/EVT/EXAM/SRC/Peripheral/src\ch32h417_sdmmc.c ****  *
 279:c:/Users/User/Documents/GitHub/ch32h417/EVT/EXAM/SRC/Peripheral/src\ch32h417_sdmmc.c ****  * @brief   Clear the flags of SDMMC controller.
 280:c:/Users/User/Documents/GitHub/ch32h417/EVT/EXAM/SRC/Peripheral/src\ch32h417_sdmmc.c ****  *
 281:c:/Users/User/Documents/GitHub/ch32h417/EVT/EXAM/SRC/Peripheral/src\ch32h417_sdmmc.c ****  * @param   SDMMC_Flag - flag selection bit.
 282:c:/Users/User/Documents/GitHub/ch32h417/EVT/EXAM/SRC/Peripheral/src\ch32h417_sdmmc.c ****  *            SDMMC_FLAG_SLV_BUF_RELEASE - SLV_BUF_RELEASE flag
 283:c:/Users/User/Documents/GitHub/ch32h417/EVT/EXAM/SRC/Peripheral/src\ch32h417_sdmmc.c ****  *            SDMMC_FLAG_SDIOINT - SDIOINT flag
 284:c:/Users/User/Documents/GitHub/ch32h417/EVT/EXAM/SRC/Peripheral/src\ch32h417_sdmmc.c ****  *            SDMMC_FLAG_FIFO_OV - FIFO_OV flag
 285:c:/Users/User/Documents/GitHub/ch32h417/EVT/EXAM/SRC/Peripheral/src\ch32h417_sdmmc.c ****  *            SDMMC_FLAG_BKGAP - BKGAP flag
 286:c:/Users/User/Documents/GitHub/ch32h417/EVT/EXAM/SRC/Peripheral/src\ch32h417_sdmmc.c ****  *            SDMMC_FLAG_TRANDONE - TRANDONE flag
 287:c:/Users/User/Documents/GitHub/ch32h417/EVT/EXAM/SRC/Peripheral/src\ch32h417_sdmmc.c ****  *            SDMMC_FLAG_TRANERR - TRANERR flag
 288:c:/Users/User/Documents/GitHub/ch32h417/EVT/EXAM/SRC/Peripheral/src\ch32h417_sdmmc.c ****  *            SDMMC_FLAG_DATTMO - DATTMO flag
 289:c:/Users/User/Documents/GitHub/ch32h417/EVT/EXAM/SRC/Peripheral/src\ch32h417_sdmmc.c ****  *            SDMMC_FLAG_CMDDONE - CMDDONE  flag
 290:c:/Users/User/Documents/GitHub/ch32h417/EVT/EXAM/SRC/Peripheral/src\ch32h417_sdmmc.c ****  *            SDMMC_FLAG_REIDX_ER - REIDX_ER flag
 291:c:/Users/User/Documents/GitHub/ch32h417/EVT/EXAM/SRC/Peripheral/src\ch32h417_sdmmc.c ****  *            SDMMC_FLAG_RECRC_WR - RECRC_WR flag
 292:c:/Users/User/Documents/GitHub/ch32h417/EVT/EXAM/SRC/Peripheral/src\ch32h417_sdmmc.c ****  *            SDMMC_FLAG_RE_TMOUT - RE_TMOUT flag
 293:c:/Users/User/Documents/GitHub/ch32h417/EVT/EXAM/SRC/Peripheral/src\ch32h417_sdmmc.c ****  *
 294:c:/Users/User/Documents/GitHub/ch32h417/EVT/EXAM/SRC/Peripheral/src\ch32h417_sdmmc.c ****  * @return  none.
 295:c:/Users/User/Documents/GitHub/ch32h417/EVT/EXAM/SRC/Peripheral/src\ch32h417_sdmmc.c ****  */
 296:c:/Users/User/Documents/GitHub/ch32h417/EVT/EXAM/SRC/Peripheral/src\ch32h417_sdmmc.c **** void SDMMC_ClearFlags(uint16_t SDMMC_Flag)
 297:c:/Users/User/Documents/GitHub/ch32h417/EVT/EXAM/SRC/Peripheral/src\ch32h417_sdmmc.c **** {
 439              		.loc 1 297 1 is_stmt 1
 440              		.cfi_startproc
 441              	.LVL24:
 298:c:/Users/User/Documents/GitHub/ch32h417/EVT/EXAM/SRC/Peripheral/src\ch32h417_sdmmc.c ****     SDMMC->INT_FG = SDMMC_Flag;
 442              		.loc 1 298 5
 443              		.loc 1 298 19 is_stmt 0
 444 0000 B7470240 		li	a5,1073889280
 445 0004 CAB3     		sh	a0,36(a5)
 299:c:/Users/User/Documents/GitHub/ch32h417/EVT/EXAM/SRC/Peripheral/src\ch32h417_sdmmc.c **** }
 446              		.loc 1 299 1
 447 0006 8280     		ret
 448              		.cfi_endproc
 449              	.LFE53:
 451              		.section	.text.SDMMC_ITConfig,"ax",@progbits
 452              		.align	1
 453              		.globl	SDMMC_ITConfig
 455              	SDMMC_ITConfig:
 456              	.LFB54:
 300:c:/Users/User/Documents/GitHub/ch32h417/EVT/EXAM/SRC/Peripheral/src\ch32h417_sdmmc.c **** 
 301:c:/Users/User/Documents/GitHub/ch32h417/EVT/EXAM/SRC/Peripheral/src\ch32h417_sdmmc.c **** /*********************************************************************
 302:c:/Users/User/Documents/GitHub/ch32h417/EVT/EXAM/SRC/Peripheral/src\ch32h417_sdmmc.c ****  * @fn      SDMMC_ITConfig
 303:c:/Users/User/Documents/GitHub/ch32h417/EVT/EXAM/SRC/Peripheral/src\ch32h417_sdmmc.c ****  *
 304:c:/Users/User/Documents/GitHub/ch32h417/EVT/EXAM/SRC/Peripheral/src\ch32h417_sdmmc.c ****  * @brief   Enable or disable the SDMMC controller flag to generate interrupt.
 305:c:/Users/User/Documents/GitHub/ch32h417/EVT/EXAM/SRC/Peripheral/src\ch32h417_sdmmc.c ****  *
 306:c:/Users/User/Documents/GitHub/ch32h417/EVT/EXAM/SRC/Peripheral/src\ch32h417_sdmmc.c ****  * @param   SDMMC_IT - flag interrupt selection bit.
 307:c:/Users/User/Documents/GitHub/ch32h417/EVT/EXAM/SRC/Peripheral/src\ch32h417_sdmmc.c ****  *            SDMMC_IT_SDIOINT - SDIOINT interrupt enable 
 308:c:/Users/User/Documents/GitHub/ch32h417/EVT/EXAM/SRC/Peripheral/src\ch32h417_sdmmc.c ****  *            SDMMC_IT_FIFO_OV - FIFO_OV interrupt enable 
 309:c:/Users/User/Documents/GitHub/ch32h417/EVT/EXAM/SRC/Peripheral/src\ch32h417_sdmmc.c ****  *            SDMMC_IT_BKGAP - BKGAP interrupt enable 
 310:c:/Users/User/Documents/GitHub/ch32h417/EVT/EXAM/SRC/Peripheral/src\ch32h417_sdmmc.c ****  *            SDMMC_IT_TRANDONE - TRANDONE interrupt enable 
 311:c:/Users/User/Documents/GitHub/ch32h417/EVT/EXAM/SRC/Peripheral/src\ch32h417_sdmmc.c ****  *            SDMMC_IT_TRANERR - TRANERR interrupt enable 
 312:c:/Users/User/Documents/GitHub/ch32h417/EVT/EXAM/SRC/Peripheral/src\ch32h417_sdmmc.c ****  *            SDMMC_IT_DATTMO - DATTMO interrupt enable 
 313:c:/Users/User/Documents/GitHub/ch32h417/EVT/EXAM/SRC/Peripheral/src\ch32h417_sdmmc.c ****  *            SDMMC_IT_CMDDONE - CMDDONE interrupt enable 
 314:c:/Users/User/Documents/GitHub/ch32h417/EVT/EXAM/SRC/Peripheral/src\ch32h417_sdmmc.c ****  *            SDMMC_IT_REIDX_ER - REIDX_ER interrupt enable 
 315:c:/Users/User/Documents/GitHub/ch32h417/EVT/EXAM/SRC/Peripheral/src\ch32h417_sdmmc.c ****  *            SDMMC_IT_RECRC_WR - RECRC_WR interrupt enable 
 316:c:/Users/User/Documents/GitHub/ch32h417/EVT/EXAM/SRC/Peripheral/src\ch32h417_sdmmc.c ****  *            SDMMC_IT_RE_TMOUT - RE_TMOUT interrupt enable 
 317:c:/Users/User/Documents/GitHub/ch32h417/EVT/EXAM/SRC/Peripheral/src\ch32h417_sdmmc.c ****  *
 318:c:/Users/User/Documents/GitHub/ch32h417/EVT/EXAM/SRC/Peripheral/src\ch32h417_sdmmc.c ****  * @param   NewState - ENABLE or DISABLE.
 319:c:/Users/User/Documents/GitHub/ch32h417/EVT/EXAM/SRC/Peripheral/src\ch32h417_sdmmc.c ****  *
 320:c:/Users/User/Documents/GitHub/ch32h417/EVT/EXAM/SRC/Peripheral/src\ch32h417_sdmmc.c ****  * @return  none.
 321:c:/Users/User/Documents/GitHub/ch32h417/EVT/EXAM/SRC/Peripheral/src\ch32h417_sdmmc.c ****  */
 322:c:/Users/User/Documents/GitHub/ch32h417/EVT/EXAM/SRC/Peripheral/src\ch32h417_sdmmc.c **** void SDMMC_ITConfig(uint16_t SDMMC_IT, FunctionalState NewState)
 323:c:/Users/User/Documents/GitHub/ch32h417/EVT/EXAM/SRC/Peripheral/src\ch32h417_sdmmc.c **** {
 457              		.loc 1 323 1 is_stmt 1
 458              		.cfi_startproc
 459              	.LVL25:
 324:c:/Users/User/Documents/GitHub/ch32h417/EVT/EXAM/SRC/Peripheral/src\ch32h417_sdmmc.c ****     if(NewState != DISABLE)
 460              		.loc 1 324 5
 461              		.loc 1 324 7 is_stmt 0
 462 0000 99C5     		beq	a1,zero,.L20
 325:c:/Users/User/Documents/GitHub/ch32h417/EVT/EXAM/SRC/Peripheral/src\ch32h417_sdmmc.c ****     {
 326:c:/Users/User/Documents/GitHub/ch32h417/EVT/EXAM/SRC/Peripheral/src\ch32h417_sdmmc.c ****         SDMMC->INT_EN |= SDMMC_IT;
 463              		.loc 1 326 9 is_stmt 1
 464              		.loc 1 326 14 is_stmt 0
 465 0002 37470240 		li	a4,1073889280
 466 0006 1E37     		lhu	a5,40(a4)
 467              		.loc 1 326 23
 468 0008 C98F     		or	a5,a5,a0
 469 000a 1EB7     		sh	a5,40(a4)
 470 000c 8280     		ret
 471              	.L20:
 327:c:/Users/User/Documents/GitHub/ch32h417/EVT/EXAM/SRC/Peripheral/src\ch32h417_sdmmc.c ****     }
 328:c:/Users/User/Documents/GitHub/ch32h417/EVT/EXAM/SRC/Peripheral/src\ch32h417_sdmmc.c ****     else
 329:c:/Users/User/Documents/GitHub/ch32h417/EVT/EXAM/SRC/Peripheral/src\ch32h417_sdmmc.c ****     {
 330:c:/Users/User/Documents/GitHub/ch32h417/EVT/EXAM/SRC/Peripheral/src\ch32h417_sdmmc.c ****         SDMMC->INT_EN &= ~SDMMC_IT;
 472              		.loc 1 330 9 is_stmt 1
 473              		.loc 1 330 14 is_stmt 0
 474 000e B7470240 		li	a5,1073889280
 475 0012 9A37     		lhu	a4,40(a5)
 476              		.loc 1 330 23
 477 0014 3375A740 		andn	a0,a4,a0
 478              	.LVL26:
 479 0018 8AB7     		sh	a0,40(a5)
 331:c:/Users/User/Documents/GitHub/ch32h417/EVT/EXAM/SRC/Peripheral/src\ch32h417_sdmmc.c ****     }
 332:c:/Users/User/Documents/GitHub/ch32h417/EVT/EXAM/SRC/Peripheral/src\ch32h417_sdmmc.c **** }
 480              		.loc 1 332 1
 481 001a 8280     		ret
 482              		.cfi_endproc
 483              	.LFE54:
 485              		.section	.text.SDMMC_GetITStatus,"ax",@progbits
 486              		.align	1
 487              		.globl	SDMMC_GetITStatus
 489              	SDMMC_GetITStatus:
 490              	.LFB55:
 333:c:/Users/User/Documents/GitHub/ch32h417/EVT/EXAM/SRC/Peripheral/src\ch32h417_sdmmc.c **** 
 334:c:/Users/User/Documents/GitHub/ch32h417/EVT/EXAM/SRC/Peripheral/src\ch32h417_sdmmc.c **** /*********************************************************************
 335:c:/Users/User/Documents/GitHub/ch32h417/EVT/EXAM/SRC/Peripheral/src\ch32h417_sdmmc.c ****  * @fn      SDMMC_GetITStatus
 336:c:/Users/User/Documents/GitHub/ch32h417/EVT/EXAM/SRC/Peripheral/src\ch32h417_sdmmc.c ****  *
 337:c:/Users/User/Documents/GitHub/ch32h417/EVT/EXAM/SRC/Peripheral/src\ch32h417_sdmmc.c ****  * @brief   Get the interrupt state of SDMMC controller flag.
 338:c:/Users/User/Documents/GitHub/ch32h417/EVT/EXAM/SRC/Peripheral/src\ch32h417_sdmmc.c ****  *
 339:c:/Users/User/Documents/GitHub/ch32h417/EVT/EXAM/SRC/Peripheral/src\ch32h417_sdmmc.c ****  * @param   SDMMC_IT - flag interrupt selection bit.
 340:c:/Users/User/Documents/GitHub/ch32h417/EVT/EXAM/SRC/Peripheral/src\ch32h417_sdmmc.c ****  *            SDMMC_IT_SDIOINT - SDIOINT interrupt flag 
 341:c:/Users/User/Documents/GitHub/ch32h417/EVT/EXAM/SRC/Peripheral/src\ch32h417_sdmmc.c ****  *            SDMMC_IT_FIFO_OV - FIFO_OV interrupt flag 
 342:c:/Users/User/Documents/GitHub/ch32h417/EVT/EXAM/SRC/Peripheral/src\ch32h417_sdmmc.c ****  *            SDMMC_IT_BKGAP - BKGAP interrupt flag 
 343:c:/Users/User/Documents/GitHub/ch32h417/EVT/EXAM/SRC/Peripheral/src\ch32h417_sdmmc.c ****  *            SDMMC_IT_TRANDONE - TRANDONE interrupt flag 
 344:c:/Users/User/Documents/GitHub/ch32h417/EVT/EXAM/SRC/Peripheral/src\ch32h417_sdmmc.c ****  *            SDMMC_IT_TRANERR - TRANERR interrupt flag 
 345:c:/Users/User/Documents/GitHub/ch32h417/EVT/EXAM/SRC/Peripheral/src\ch32h417_sdmmc.c ****  *            SDMMC_IT_DATTMO - DATTMO interrupt flag 
 346:c:/Users/User/Documents/GitHub/ch32h417/EVT/EXAM/SRC/Peripheral/src\ch32h417_sdmmc.c ****  *            SDMMC_IT_CMDDONE - CMDDONE interrupt flag 
 347:c:/Users/User/Documents/GitHub/ch32h417/EVT/EXAM/SRC/Peripheral/src\ch32h417_sdmmc.c ****  *            SDMMC_IT_REIDX_ER - REIDX_ER interrupt flag 
 348:c:/Users/User/Documents/GitHub/ch32h417/EVT/EXAM/SRC/Peripheral/src\ch32h417_sdmmc.c ****  *            SDMMC_IT_RECRC_WR - RECRC_WR interrupt flag 
 349:c:/Users/User/Documents/GitHub/ch32h417/EVT/EXAM/SRC/Peripheral/src\ch32h417_sdmmc.c ****  *            SDMMC_IT_RE_TMOUT - RE_TMOUT interrupt flag 
 350:c:/Users/User/Documents/GitHub/ch32h417/EVT/EXAM/SRC/Peripheral/src\ch32h417_sdmmc.c ****  *
 351:c:/Users/User/Documents/GitHub/ch32h417/EVT/EXAM/SRC/Peripheral/src\ch32h417_sdmmc.c ****  * @return  FlagStatus - SET or RESET.
 352:c:/Users/User/Documents/GitHub/ch32h417/EVT/EXAM/SRC/Peripheral/src\ch32h417_sdmmc.c ****  */
 353:c:/Users/User/Documents/GitHub/ch32h417/EVT/EXAM/SRC/Peripheral/src\ch32h417_sdmmc.c **** ITStatus SDMMC_GetITStatus(uint16_t SDMMC_IT)
 354:c:/Users/User/Documents/GitHub/ch32h417/EVT/EXAM/SRC/Peripheral/src\ch32h417_sdmmc.c **** {
 491              		.loc 1 354 1 is_stmt 1
 492              		.cfi_startproc
 493              	.LVL27:
 355:c:/Users/User/Documents/GitHub/ch32h417/EVT/EXAM/SRC/Peripheral/src\ch32h417_sdmmc.c ****     ITStatus bitstatus = RESET;
 494              		.loc 1 355 5
 356:c:/Users/User/Documents/GitHub/ch32h417/EVT/EXAM/SRC/Peripheral/src\ch32h417_sdmmc.c ****     uint32_t enablestatus = 0;
 495              		.loc 1 356 5
 357:c:/Users/User/Documents/GitHub/ch32h417/EVT/EXAM/SRC/Peripheral/src\ch32h417_sdmmc.c **** 
 358:c:/Users/User/Documents/GitHub/ch32h417/EVT/EXAM/SRC/Peripheral/src\ch32h417_sdmmc.c ****     enablestatus = (SDMMC->INT_EN & (uint16_t)SDMMC_IT);
 496              		.loc 1 358 5
 497              		.loc 1 358 26 is_stmt 0
 498 0000 37470240 		li	a4,1073889280
 499 0004 1E37     		lhu	a5,40(a4)
 359:c:/Users/User/Documents/GitHub/ch32h417/EVT/EXAM/SRC/Peripheral/src\ch32h417_sdmmc.c **** 
 360:c:/Users/User/Documents/GitHub/ch32h417/EVT/EXAM/SRC/Peripheral/src\ch32h417_sdmmc.c ****     if(((SDMMC->INT_FG & SDMMC_IT) != (uint32_t)RESET) && enablestatus)
 500              		.loc 1 360 15
 501 0006 5A33     		lhu	a4,36(a4)
 358:c:/Users/User/Documents/GitHub/ch32h417/EVT/EXAM/SRC/Peripheral/src\ch32h417_sdmmc.c **** 
 502              		.loc 1 358 26
 503 0008 B3C70708 		zext.h	a5,a5
 504              	.LVL28:
 505              		.loc 1 360 5 is_stmt 1
 506              		.loc 1 360 7 is_stmt 0
 507 000c 698F     		and	a4,a4,a0
 508 000e 09C7     		beq	a4,zero,.L24
 509              		.loc 1 360 56 discriminator 1
 510 0010 7D8D     		and	a0,a5,a0
 511              	.LVL29:
 512 0012 3335A000 		snez	a0,a0
 513 0016 8280     		ret
 514              	.LVL30:
 515              	.L24:
 361:c:/Users/User/Documents/GitHub/ch32h417/EVT/EXAM/SRC/Peripheral/src\ch32h417_sdmmc.c ****     {
 362:c:/Users/User/Documents/GitHub/ch32h417/EVT/EXAM/SRC/Peripheral/src\ch32h417_sdmmc.c ****         bitstatus = SET;
 363:c:/Users/User/Documents/GitHub/ch32h417/EVT/EXAM/SRC/Peripheral/src\ch32h417_sdmmc.c ****     }
 364:c:/Users/User/Documents/GitHub/ch32h417/EVT/EXAM/SRC/Peripheral/src\ch32h417_sdmmc.c ****     else
 365:c:/Users/User/Documents/GitHub/ch32h417/EVT/EXAM/SRC/Peripheral/src\ch32h417_sdmmc.c ****     {
 366:c:/Users/User/Documents/GitHub/ch32h417/EVT/EXAM/SRC/Peripheral/src\ch32h417_sdmmc.c ****         bitstatus = RESET;
 516              		.loc 1 366 19
 517 0018 0145     		li	a0,0
 518              	.LVL31:
 367:c:/Users/User/Documents/GitHub/ch32h417/EVT/EXAM/SRC/Peripheral/src\ch32h417_sdmmc.c ****     }
 368:c:/Users/User/Documents/GitHub/ch32h417/EVT/EXAM/SRC/Peripheral/src\ch32h417_sdmmc.c **** 
 369:c:/Users/User/Documents/GitHub/ch32h417/EVT/EXAM/SRC/Peripheral/src\ch32h417_sdmmc.c ****     return bitstatus;
 519              		.loc 1 369 5 is_stmt 1
 370:c:/Users/User/Documents/GitHub/ch32h417/EVT/EXAM/SRC/Peripheral/src\ch32h417_sdmmc.c **** }
 520              		.loc 1 370 1 is_stmt 0
 521 001a 8280     		ret
 522              		.cfi_endproc
 523              	.LFE55:
 525              		.section	.text.SDMMC_ClearITPendingBits,"ax",@progbits
 526              		.align	1
 527              		.globl	SDMMC_ClearITPendingBits
 529              	SDMMC_ClearITPendingBits:
 530              	.LFB68:
 531              		.cfi_startproc
 371:c:/Users/User/Documents/GitHub/ch32h417/EVT/EXAM/SRC/Peripheral/src\ch32h417_sdmmc.c **** 
 372:c:/Users/User/Documents/GitHub/ch32h417/EVT/EXAM/SRC/Peripheral/src\ch32h417_sdmmc.c **** /*********************************************************************
 373:c:/Users/User/Documents/GitHub/ch32h417/EVT/EXAM/SRC/Peripheral/src\ch32h417_sdmmc.c ****  * @fn      SDMMC_ClearITPendingBits
 374:c:/Users/User/Documents/GitHub/ch32h417/EVT/EXAM/SRC/Peripheral/src\ch32h417_sdmmc.c ****  *
 375:c:/Users/User/Documents/GitHub/ch32h417/EVT/EXAM/SRC/Peripheral/src\ch32h417_sdmmc.c ****  * @brief   Clear the interrupt pending bits of SDMMC controller flag.
 376:c:/Users/User/Documents/GitHub/ch32h417/EVT/EXAM/SRC/Peripheral/src\ch32h417_sdmmc.c ****  *
 377:c:/Users/User/Documents/GitHub/ch32h417/EVT/EXAM/SRC/Peripheral/src\ch32h417_sdmmc.c ****  * @param   SDMMC_IT - flag interrupt selection bit.
 378:c:/Users/User/Documents/GitHub/ch32h417/EVT/EXAM/SRC/Peripheral/src\ch32h417_sdmmc.c ****  *            SDMMC_IT_SDIOINT - SDIOINT interrupt flag 
 379:c:/Users/User/Documents/GitHub/ch32h417/EVT/EXAM/SRC/Peripheral/src\ch32h417_sdmmc.c ****  *            SDMMC_IT_FIFO_OV - FIFO_OV interrupt flag 
 380:c:/Users/User/Documents/GitHub/ch32h417/EVT/EXAM/SRC/Peripheral/src\ch32h417_sdmmc.c ****  *            SDMMC_IT_BKGAP - BKGAP interrupt flag 
 381:c:/Users/User/Documents/GitHub/ch32h417/EVT/EXAM/SRC/Peripheral/src\ch32h417_sdmmc.c ****  *            SDMMC_IT_TRANDONE - TRANDONE interrupt flag 
 382:c:/Users/User/Documents/GitHub/ch32h417/EVT/EXAM/SRC/Peripheral/src\ch32h417_sdmmc.c ****  *            SDMMC_IT_TRANERR - TRANERR interrupt flag 
 383:c:/Users/User/Documents/GitHub/ch32h417/EVT/EXAM/SRC/Peripheral/src\ch32h417_sdmmc.c ****  *            SDMMC_IT_DATTMO - DATTMO interrupt flag 
 384:c:/Users/User/Documents/GitHub/ch32h417/EVT/EXAM/SRC/Peripheral/src\ch32h417_sdmmc.c ****  *            SDMMC_IT_CMDDONE - CMDDONE interrupt flag 
 385:c:/Users/User/Documents/GitHub/ch32h417/EVT/EXAM/SRC/Peripheral/src\ch32h417_sdmmc.c ****  *            SDMMC_IT_REIDX_ER - REIDX_ER interrupt flag 
 386:c:/Users/User/Documents/GitHub/ch32h417/EVT/EXAM/SRC/Peripheral/src\ch32h417_sdmmc.c ****  *            SDMMC_IT_RECRC_WR - RECRC_WR interrupt flag 
 387:c:/Users/User/Documents/GitHub/ch32h417/EVT/EXAM/SRC/Peripheral/src\ch32h417_sdmmc.c ****  *            SDMMC_IT_RE_TMOUT - RE_TMOUT interrupt flag 
 388:c:/Users/User/Documents/GitHub/ch32h417/EVT/EXAM/SRC/Peripheral/src\ch32h417_sdmmc.c ****  *
 389:c:/Users/User/Documents/GitHub/ch32h417/EVT/EXAM/SRC/Peripheral/src\ch32h417_sdmmc.c ****  * @return  none.
 390:c:/Users/User/Documents/GitHub/ch32h417/EVT/EXAM/SRC/Peripheral/src\ch32h417_sdmmc.c ****  */
 391:c:/Users/User/Documents/GitHub/ch32h417/EVT/EXAM/SRC/Peripheral/src\ch32h417_sdmmc.c **** void SDMMC_ClearITPendingBits(uint16_t SDMMC_IT)
 532              		.loc 1 391 6 is_stmt 1
 533 0000 B7470240 		li	a5,1073889280
 534 0004 CAB3     		sh	a0,36(a5)
 535 0006 8280     		ret
 536              		.cfi_endproc
 537              	.LFE68:
 539              		.section	.text.SDMMC_BlockConfig,"ax",@progbits
 540              		.align	1
 541              		.globl	SDMMC_BlockConfig
 543              	SDMMC_BlockConfig:
 544              	.LFB57:
 392:c:/Users/User/Documents/GitHub/ch32h417/EVT/EXAM/SRC/Peripheral/src\ch32h417_sdmmc.c **** {
 393:c:/Users/User/Documents/GitHub/ch32h417/EVT/EXAM/SRC/Peripheral/src\ch32h417_sdmmc.c ****     SDMMC->INT_FG = SDMMC_IT;
 394:c:/Users/User/Documents/GitHub/ch32h417/EVT/EXAM/SRC/Peripheral/src\ch32h417_sdmmc.c **** }
 395:c:/Users/User/Documents/GitHub/ch32h417/EVT/EXAM/SRC/Peripheral/src\ch32h417_sdmmc.c **** 
 396:c:/Users/User/Documents/GitHub/ch32h417/EVT/EXAM/SRC/Peripheral/src\ch32h417_sdmmc.c **** /*********************************************************************
 397:c:/Users/User/Documents/GitHub/ch32h417/EVT/EXAM/SRC/Peripheral/src\ch32h417_sdmmc.c ****  * @fn      SDMMC_BlockConfig
 398:c:/Users/User/Documents/GitHub/ch32h417/EVT/EXAM/SRC/Peripheral/src\ch32h417_sdmmc.c ****  *
 399:c:/Users/User/Documents/GitHub/ch32h417/EVT/EXAM/SRC/Peripheral/src\ch32h417_sdmmc.c ****  * @brief   Set the block size and block number in byte of data of
 400:c:/Users/User/Documents/GitHub/ch32h417/EVT/EXAM/SRC/Peripheral/src\ch32h417_sdmmc.c ****  *          SDMMC controller.
 401:c:/Users/User/Documents/GitHub/ch32h417/EVT/EXAM/SRC/Peripheral/src\ch32h417_sdmmc.c ****  *
 402:c:/Users/User/Documents/GitHub/ch32h417/EVT/EXAM/SRC/Peripheral/src\ch32h417_sdmmc.c ****  * @param   BlockSize - block size of target SDIO device.
 403:c:/Users/User/Documents/GitHub/ch32h417/EVT/EXAM/SRC/Peripheral/src\ch32h417_sdmmc.c ****  *            range form 1 to 2048.
 404:c:/Users/User/Documents/GitHub/ch32h417/EVT/EXAM/SRC/Peripheral/src\ch32h417_sdmmc.c ****  *          BlockNum - block number of data.
 405:c:/Users/User/Documents/GitHub/ch32h417/EVT/EXAM/SRC/Peripheral/src\ch32h417_sdmmc.c ****  *            range form 1 to 65535.
 406:c:/Users/User/Documents/GitHub/ch32h417/EVT/EXAM/SRC/Peripheral/src\ch32h417_sdmmc.c ****  *
 407:c:/Users/User/Documents/GitHub/ch32h417/EVT/EXAM/SRC/Peripheral/src\ch32h417_sdmmc.c ****  * @return  none.
 408:c:/Users/User/Documents/GitHub/ch32h417/EVT/EXAM/SRC/Peripheral/src\ch32h417_sdmmc.c ****  */
 409:c:/Users/User/Documents/GitHub/ch32h417/EVT/EXAM/SRC/Peripheral/src\ch32h417_sdmmc.c **** void SDMMC_BlockConfig(uint32_t BlockSize, uint32_t BlockNum)
 410:c:/Users/User/Documents/GitHub/ch32h417/EVT/EXAM/SRC/Peripheral/src\ch32h417_sdmmc.c **** {
 545              		.loc 1 410 1
 546              		.cfi_startproc
 547              	.LVL32:
 411:c:/Users/User/Documents/GitHub/ch32h417/EVT/EXAM/SRC/Peripheral/src\ch32h417_sdmmc.c ****     SDMMC->BLOCK_CFG = (uint32_t)((BlockSize << 16) | BlockNum);
 548              		.loc 1 411 5
 549              		.loc 1 411 46 is_stmt 0
 550 0000 4205     		slli	a0,a0,16
 551              	.LVL33:
 552              		.loc 1 411 53
 553 0002 4D8D     		or	a0,a0,a1
 554              		.loc 1 411 22
 555 0004 B7470240 		li	a5,1073889280
 556 0008 88DB     		sw	a0,48(a5)
 412:c:/Users/User/Documents/GitHub/ch32h417/EVT/EXAM/SRC/Peripheral/src\ch32h417_sdmmc.c **** }
 557              		.loc 1 412 1
 558 000a 8280     		ret
 559              		.cfi_endproc
 560              	.LFE57:
 562              		.section	.text.SDMMC_TranMode_Init,"ax",@progbits
 563              		.align	1
 564              		.globl	SDMMC_TranMode_Init
 566              	SDMMC_TranMode_Init:
 567              	.LFB58:
 413:c:/Users/User/Documents/GitHub/ch32h417/EVT/EXAM/SRC/Peripheral/src\ch32h417_sdmmc.c **** 
 414:c:/Users/User/Documents/GitHub/ch32h417/EVT/EXAM/SRC/Peripheral/src\ch32h417_sdmmc.c **** /*********************************************************************
 415:c:/Users/User/Documents/GitHub/ch32h417/EVT/EXAM/SRC/Peripheral/src\ch32h417_sdmmc.c ****  * @fn      SDMMC_TranMode_Init
 416:c:/Users/User/Documents/GitHub/ch32h417/EVT/EXAM/SRC/Peripheral/src\ch32h417_sdmmc.c ****  *
 417:c:/Users/User/Documents/GitHub/ch32h417/EVT/EXAM/SRC/Peripheral/src\ch32h417_sdmmc.c ****  * @brief   Set the transmission mode of SDMMC controller.
 418:c:/Users/User/Documents/GitHub/ch32h417/EVT/EXAM/SRC/Peripheral/src\ch32h417_sdmmc.c ****  *
 419:c:/Users/User/Documents/GitHub/ch32h417/EVT/EXAM/SRC/Peripheral/src\ch32h417_sdmmc.c ****  * @param   SDMMC_TranModeStruct - pointer to a SDMMC_TranModeTypeDef structure
 420:c:/Users/User/Documents/GitHub/ch32h417/EVT/EXAM/SRC/Peripheral/src\ch32h417_sdmmc.c ****  *        that contains the configuration information for the SDMMC peripheral.
 421:c:/Users/User/Documents/GitHub/ch32h417/EVT/EXAM/SRC/Peripheral/src\ch32h417_sdmmc.c ****  *
 422:c:/Users/User/Documents/GitHub/ch32h417/EVT/EXAM/SRC/Peripheral/src\ch32h417_sdmmc.c ****  * @return  none.
 423:c:/Users/User/Documents/GitHub/ch32h417/EVT/EXAM/SRC/Peripheral/src\ch32h417_sdmmc.c ****  */
 424:c:/Users/User/Documents/GitHub/ch32h417/EVT/EXAM/SRC/Peripheral/src\ch32h417_sdmmc.c **** void SDMMC_TranMode_Init(SDMMC_TranModeTypeDef *SDMMC_TranModeStruct)
 425:c:/Users/User/Documents/GitHub/ch32h417/EVT/EXAM/SRC/Peripheral/src\ch32h417_sdmmc.c **** {
 568              		.loc 1 425 1 is_stmt 1
 569              		.cfi_startproc
 570              	.LVL34:
 426:c:/Users/User/Documents/GitHub/ch32h417/EVT/EXAM/SRC/Peripheral/src\ch32h417_sdmmc.c ****     SDMMC->TRAN_MODE = 0;
 571              		.loc 1 426 5
 572              		.loc 1 426 22 is_stmt 0
 573 0000 B7460240 		li	a3,1073889280
 574 0004 23AA0602 		sw	zero,52(a3)
 427:c:/Users/User/Documents/GitHub/ch32h417/EVT/EXAM/SRC/Peripheral/src\ch32h417_sdmmc.c ****     SDMMC->TRAN_MODE = (uint32_t)(SDMMC_TranModeStruct->TranMode_Direction) | 
 575              		.loc 1 427 5 is_stmt 1
 428:c:/Users/User/Documents/GitHub/ch32h417/EVT/EXAM/SRC/Peripheral/src\ch32h417_sdmmc.c ****                     (SDMMC_TranModeStruct->TranMode_DDR_ClockSW_Mode)|
 429:c:/Users/User/Documents/GitHub/ch32h417/EVT/EXAM/SRC/Peripheral/src\ch32h417_sdmmc.c ****                     ((SDMMC_TranModeStruct->TranMode_DualDMA_TNCnt) << 8) |
 430:c:/Users/User/Documents/GitHub/ch32h417/EVT/EXAM/SRC/Peripheral/src\ch32h417_sdmmc.c ****                     ((SDMMC_TranModeStruct->TranMode_DualDMA)<< 16) | ((SDMMC_TranModeStruct->TranM
 431:c:/Users/User/Documents/GitHub/ch32h417/EVT/EXAM/SRC/Peripheral/src\ch32h417_sdmmc.c ****                     ((SDMMC_TranModeStruct->TranMode_GapStop)<<1) | ((SDMMC_TranModeStruct->TranMod
 432:c:/Users/User/Documents/GitHub/ch32h417/EVT/EXAM/SRC/Peripheral/src\ch32h417_sdmmc.c ****                     ((SDMMC_TranModeStruct->TranMode_DDR_EN)<<17) | ((SDMMC_TranModeStruct->TranMod
 576              		.loc 1 432 67 is_stmt 0
 577 0008 1845     		lw	a4,8(a0)
 578 000a 5C41     		lw	a5,4(a0)
 579 000c D98F     		or	a5,a5,a4
 430:c:/Users/User/Documents/GitHub/ch32h417/EVT/EXAM/SRC/Peripheral/src\ch32h417_sdmmc.c ****                     ((SDMMC_TranModeStruct->TranMode_GapStop)<<1) | ((SDMMC_TranModeStruct->TranMod
 580              		.loc 1 430 62
 581 000e 5845     		lw	a4,12(a0)
 582 0010 4207     		slli	a4,a4,16
 583              		.loc 1 432 67
 584 0012 D98F     		or	a5,a5,a4
 430:c:/Users/User/Documents/GitHub/ch32h417/EVT/EXAM/SRC/Peripheral/src\ch32h417_sdmmc.c ****                     ((SDMMC_TranModeStruct->TranMode_GapStop)<<1) | ((SDMMC_TranModeStruct->TranMod
 585              		.loc 1 430 116
 586 0014 1849     		lw	a4,16(a0)
 587 0016 1207     		slli	a4,a4,4
 588              		.loc 1 432 67
 589 0018 D98F     		or	a5,a5,a4
 431:c:/Users/User/Documents/GitHub/ch32h417/EVT/EXAM/SRC/Peripheral/src\ch32h417_sdmmc.c ****                     ((SDMMC_TranModeStruct->TranMode_DDR_EN)<<17) | ((SDMMC_TranModeStruct->TranMod
 590              		.loc 1 431 62
 591 001a 5849     		lw	a4,20(a0)
 592 001c 0607     		slli	a4,a4,1
 593              		.loc 1 432 67
 594 001e D98F     		or	a5,a5,a4
 431:c:/Users/User/Documents/GitHub/ch32h417/EVT/EXAM/SRC/Peripheral/src\ch32h417_sdmmc.c ****                     ((SDMMC_TranModeStruct->TranMode_DDR_EN)<<17) | ((SDMMC_TranModeStruct->TranMod
 595              		.loc 1 431 107
 596 0020 184D     		lw	a4,24(a0)
 597 0022 0A07     		slli	a4,a4,2
 598              		.loc 1 432 67
 599 0024 D98F     		or	a5,a5,a4
 600              		.loc 1 432 61
 601 0026 584D     		lw	a4,28(a0)
 602 0028 4607     		slli	a4,a4,17
 603              		.loc 1 432 67
 604 002a D98F     		or	a5,a5,a4
 605              		.loc 1 432 122
 606 002c 1851     		lw	a4,32(a0)
 607 002e 4A07     		slli	a4,a4,18
 608              		.loc 1 432 67
 609 0030 D98F     		or	a5,a5,a4
 429:c:/Users/User/Documents/GitHub/ch32h417/EVT/EXAM/SRC/Peripheral/src\ch32h417_sdmmc.c ****                     ((SDMMC_TranModeStruct->TranMode_DualDMA)<< 16) | ((SDMMC_TranModeStruct->TranM
 610              		.loc 1 429 69
 611 0032 1821     		lbu	a4,0(a0)
 612 0034 2207     		slli	a4,a4,8
 613              		.loc 1 432 67
 614 0036 D98F     		or	a5,a5,a4
 427:c:/Users/User/Documents/GitHub/ch32h417/EVT/EXAM/SRC/Peripheral/src\ch32h417_sdmmc.c ****                     (SDMMC_TranModeStruct->TranMode_DDR_ClockSW_Mode)|
 615              		.loc 1 427 22
 616 0038 DCDA     		sw	a5,52(a3)
 433:c:/Users/User/Documents/GitHub/ch32h417/EVT/EXAM/SRC/Peripheral/src\ch32h417_sdmmc.c **** }
 617              		.loc 1 433 1
 618 003a 8280     		ret
 619              		.cfi_endproc
 620              	.LFE58:
 622              		.section	.text.SDMMC_SetAUTOGAPStop,"ax",@progbits
 623              		.align	1
 624              		.globl	SDMMC_SetAUTOGAPStop
 626              	SDMMC_SetAUTOGAPStop:
 627              	.LFB59:
 434:c:/Users/User/Documents/GitHub/ch32h417/EVT/EXAM/SRC/Peripheral/src\ch32h417_sdmmc.c **** 
 435:c:/Users/User/Documents/GitHub/ch32h417/EVT/EXAM/SRC/Peripheral/src\ch32h417_sdmmc.c **** /*********************************************************************
 436:c:/Users/User/Documents/GitHub/ch32h417/EVT/EXAM/SRC/Peripheral/src\ch32h417_sdmmc.c ****  * @fn      SDMMC_SetAUTOGAPStop
 437:c:/Users/User/Documents/GitHub/ch32h417/EVT/EXAM/SRC/Peripheral/src\ch32h417_sdmmc.c ****  *
 438:c:/Users/User/Documents/GitHub/ch32h417/EVT/EXAM/SRC/Peripheral/src\ch32h417_sdmmc.c ****  * @brief   Get the SDMMC_AUTOGAPSTOP bit status.
 439:c:/Users/User/Documents/GitHub/ch32h417/EVT/EXAM/SRC/Peripheral/src\ch32h417_sdmmc.c ****  *
 440:c:/Users/User/Documents/GitHub/ch32h417/EVT/EXAM/SRC/Peripheral/src\ch32h417_sdmmc.c ****  * @param   NewState - ENABLE or DISABLE.
 441:c:/Users/User/Documents/GitHub/ch32h417/EVT/EXAM/SRC/Peripheral/src\ch32h417_sdmmc.c ****  *
 442:c:/Users/User/Documents/GitHub/ch32h417/EVT/EXAM/SRC/Peripheral/src\ch32h417_sdmmc.c ****  * @return  none.
 443:c:/Users/User/Documents/GitHub/ch32h417/EVT/EXAM/SRC/Peripheral/src\ch32h417_sdmmc.c ****  */
 444:c:/Users/User/Documents/GitHub/ch32h417/EVT/EXAM/SRC/Peripheral/src\ch32h417_sdmmc.c **** void SDMMC_SetAUTOGAPStop(FunctionalState NewState)
 445:c:/Users/User/Documents/GitHub/ch32h417/EVT/EXAM/SRC/Peripheral/src\ch32h417_sdmmc.c **** {
 628              		.loc 1 445 1 is_stmt 1
 629              		.cfi_startproc
 630              	.LVL35:
 446:c:/Users/User/Documents/GitHub/ch32h417/EVT/EXAM/SRC/Peripheral/src\ch32h417_sdmmc.c ****     if(NewState != DISABLE)
 631              		.loc 1 446 5
 447:c:/Users/User/Documents/GitHub/ch32h417/EVT/EXAM/SRC/Peripheral/src\ch32h417_sdmmc.c ****     {
 448:c:/Users/User/Documents/GitHub/ch32h417/EVT/EXAM/SRC/Peripheral/src\ch32h417_sdmmc.c ****         SDMMC->TRAN_MODE |= (uint32_t)SDMMC_AUTOGAPSTOP | SDMMC_GAP_STOP;
 632              		.loc 1 448 14 is_stmt 0
 633 0000 37470240 		li	a4,1073889280
 634 0004 5C5B     		lw	a5,52(a4)
 446:c:/Users/User/Documents/GitHub/ch32h417/EVT/EXAM/SRC/Peripheral/src\ch32h417_sdmmc.c ****     if(NewState != DISABLE)
 635              		.loc 1 446 7
 636 0006 09C5     		beq	a0,zero,.L29
 637              		.loc 1 448 9 is_stmt 1
 638              		.loc 1 448 26 is_stmt 0
 639 0008 93E72701 		ori	a5,a5,18
 640              	.L31:
 449:c:/Users/User/Documents/GitHub/ch32h417/EVT/EXAM/SRC/Peripheral/src\ch32h417_sdmmc.c ****     }
 450:c:/Users/User/Documents/GitHub/ch32h417/EVT/EXAM/SRC/Peripheral/src\ch32h417_sdmmc.c ****     else
 451:c:/Users/User/Documents/GitHub/ch32h417/EVT/EXAM/SRC/Peripheral/src\ch32h417_sdmmc.c ****     {
 452:c:/Users/User/Documents/GitHub/ch32h417/EVT/EXAM/SRC/Peripheral/src\ch32h417_sdmmc.c ****         SDMMC->TRAN_MODE &= (uint32_t)~SDMMC_AUTOGAPSTOP;
 641              		.loc 1 452 26
 642 000c 5CDB     		sw	a5,52(a4)
 453:c:/Users/User/Documents/GitHub/ch32h417/EVT/EXAM/SRC/Peripheral/src\ch32h417_sdmmc.c ****     }
 454:c:/Users/User/Documents/GitHub/ch32h417/EVT/EXAM/SRC/Peripheral/src\ch32h417_sdmmc.c **** }
 643              		.loc 1 454 1
 644 000e 8280     		ret
 645              	.L29:
 452:c:/Users/User/Documents/GitHub/ch32h417/EVT/EXAM/SRC/Peripheral/src\ch32h417_sdmmc.c ****     }
 646              		.loc 1 452 9 is_stmt 1
 452:c:/Users/User/Documents/GitHub/ch32h417/EVT/EXAM/SRC/Peripheral/src\ch32h417_sdmmc.c ****     }
 647              		.loc 1 452 26 is_stmt 0
 648 0010 BD9B     		andi	a5,a5,-17
 649 0012 EDBF     		j	.L31
 650              		.cfi_endproc
 651              	.LFE59:
 653              		.section	.text.SDMMC_GetStatus_GAPStop,"ax",@progbits
 654              		.align	1
 655              		.globl	SDMMC_GetStatus_GAPStop
 657              	SDMMC_GetStatus_GAPStop:
 658              	.LFB60:
 455:c:/Users/User/Documents/GitHub/ch32h417/EVT/EXAM/SRC/Peripheral/src\ch32h417_sdmmc.c **** 
 456:c:/Users/User/Documents/GitHub/ch32h417/EVT/EXAM/SRC/Peripheral/src\ch32h417_sdmmc.c **** /*********************************************************************
 457:c:/Users/User/Documents/GitHub/ch32h417/EVT/EXAM/SRC/Peripheral/src\ch32h417_sdmmc.c ****  * @fn      SDMMC_GetGAPStop_Status
 458:c:/Users/User/Documents/GitHub/ch32h417/EVT/EXAM/SRC/Peripheral/src\ch32h417_sdmmc.c ****  *
 459:c:/Users/User/Documents/GitHub/ch32h417/EVT/EXAM/SRC/Peripheral/src\ch32h417_sdmmc.c ****  * @brief   Get the SDMMC_GAP_STOP bit status.
 460:c:/Users/User/Documents/GitHub/ch32h417/EVT/EXAM/SRC/Peripheral/src\ch32h417_sdmmc.c ****  *
 461:c:/Users/User/Documents/GitHub/ch32h417/EVT/EXAM/SRC/Peripheral/src\ch32h417_sdmmc.c ****  * @param   none.
 462:c:/Users/User/Documents/GitHub/ch32h417/EVT/EXAM/SRC/Peripheral/src\ch32h417_sdmmc.c ****  *
 463:c:/Users/User/Documents/GitHub/ch32h417/EVT/EXAM/SRC/Peripheral/src\ch32h417_sdmmc.c ****  * @return  FlagStatus - SET or RESET.
 464:c:/Users/User/Documents/GitHub/ch32h417/EVT/EXAM/SRC/Peripheral/src\ch32h417_sdmmc.c ****  */
 465:c:/Users/User/Documents/GitHub/ch32h417/EVT/EXAM/SRC/Peripheral/src\ch32h417_sdmmc.c **** FlagStatus SDMMC_GetStatus_GAPStop(void)
 466:c:/Users/User/Documents/GitHub/ch32h417/EVT/EXAM/SRC/Peripheral/src\ch32h417_sdmmc.c **** {
 659              		.loc 1 466 1 is_stmt 1
 660              		.cfi_startproc
 467:c:/Users/User/Documents/GitHub/ch32h417/EVT/EXAM/SRC/Peripheral/src\ch32h417_sdmmc.c ****     FlagStatus bitstatus = RESET;
 661              		.loc 1 467 5
 662              	.LVL36:
 468:c:/Users/User/Documents/GitHub/ch32h417/EVT/EXAM/SRC/Peripheral/src\ch32h417_sdmmc.c **** 
 469:c:/Users/User/Documents/GitHub/ch32h417/EVT/EXAM/SRC/Peripheral/src\ch32h417_sdmmc.c ****     if((SDMMC->TRAN_MODE & SDMMC_GAP_STOP) != (uint32_t)RESET)
 663              		.loc 1 469 5
 664              		.loc 1 469 14 is_stmt 0
 665 0000 B7470240 		li	a5,1073889280
 666 0004 C85B     		lw	a0,52(a5)
 667              	.LVL37:
 470:c:/Users/User/Documents/GitHub/ch32h417/EVT/EXAM/SRC/Peripheral/src\ch32h417_sdmmc.c ****     {
 471:c:/Users/User/Documents/GitHub/ch32h417/EVT/EXAM/SRC/Peripheral/src\ch32h417_sdmmc.c ****         bitstatus = SET;
 472:c:/Users/User/Documents/GitHub/ch32h417/EVT/EXAM/SRC/Peripheral/src\ch32h417_sdmmc.c ****     }
 473:c:/Users/User/Documents/GitHub/ch32h417/EVT/EXAM/SRC/Peripheral/src\ch32h417_sdmmc.c ****     else
 474:c:/Users/User/Documents/GitHub/ch32h417/EVT/EXAM/SRC/Peripheral/src\ch32h417_sdmmc.c ****     {
 475:c:/Users/User/Documents/GitHub/ch32h417/EVT/EXAM/SRC/Peripheral/src\ch32h417_sdmmc.c ****         bitstatus = RESET;
 476:c:/Users/User/Documents/GitHub/ch32h417/EVT/EXAM/SRC/Peripheral/src\ch32h417_sdmmc.c ****     }
 477:c:/Users/User/Documents/GitHub/ch32h417/EVT/EXAM/SRC/Peripheral/src\ch32h417_sdmmc.c **** 
 478:c:/Users/User/Documents/GitHub/ch32h417/EVT/EXAM/SRC/Peripheral/src\ch32h417_sdmmc.c ****     return bitstatus;
 668              		.loc 1 478 5 is_stmt 1
 479:c:/Users/User/Documents/GitHub/ch32h417/EVT/EXAM/SRC/Peripheral/src\ch32h417_sdmmc.c **** }
 669              		.loc 1 479 1 is_stmt 0
 670 0006 13551548 		bexti	a0,a0,1
 671              	.LVL38:
 672 000a 8280     		ret
 673              		.cfi_endproc
 674              	.LFE60:
 676              		.section	.text.SDMMC_SetGAPStop,"ax",@progbits
 677              		.align	1
 678              		.globl	SDMMC_SetGAPStop
 680              	SDMMC_SetGAPStop:
 681              	.LFB61:
 480:c:/Users/User/Documents/GitHub/ch32h417/EVT/EXAM/SRC/Peripheral/src\ch32h417_sdmmc.c **** 
 481:c:/Users/User/Documents/GitHub/ch32h417/EVT/EXAM/SRC/Peripheral/src\ch32h417_sdmmc.c **** /*********************************************************************
 482:c:/Users/User/Documents/GitHub/ch32h417/EVT/EXAM/SRC/Peripheral/src\ch32h417_sdmmc.c ****  * @fn      SDMMC_SetGAPStop
 483:c:/Users/User/Documents/GitHub/ch32h417/EVT/EXAM/SRC/Peripheral/src\ch32h417_sdmmc.c ****  *
 484:c:/Users/User/Documents/GitHub/ch32h417/EVT/EXAM/SRC/Peripheral/src\ch32h417_sdmmc.c ****  * @brief   Set the RB_SDMMC_GAP_STOP bit and stop SDCK output after
 485:c:/Users/User/Documents/GitHub/ch32h417/EVT/EXAM/SRC/Peripheral/src\ch32h417_sdmmc.c ****  *          1 data block transfered.
 486:c:/Users/User/Documents/GitHub/ch32h417/EVT/EXAM/SRC/Peripheral/src\ch32h417_sdmmc.c ****  *
 487:c:/Users/User/Documents/GitHub/ch32h417/EVT/EXAM/SRC/Peripheral/src\ch32h417_sdmmc.c ****  * @param   none.
 488:c:/Users/User/Documents/GitHub/ch32h417/EVT/EXAM/SRC/Peripheral/src\ch32h417_sdmmc.c ****  *
 489:c:/Users/User/Documents/GitHub/ch32h417/EVT/EXAM/SRC/Peripheral/src\ch32h417_sdmmc.c ****  * @return  none.
 490:c:/Users/User/Documents/GitHub/ch32h417/EVT/EXAM/SRC/Peripheral/src\ch32h417_sdmmc.c ****  */
 491:c:/Users/User/Documents/GitHub/ch32h417/EVT/EXAM/SRC/Peripheral/src\ch32h417_sdmmc.c **** void SDMMC_SetGAPStop(void)
 492:c:/Users/User/Documents/GitHub/ch32h417/EVT/EXAM/SRC/Peripheral/src\ch32h417_sdmmc.c **** {
 682              		.loc 1 492 1 is_stmt 1
 683              		.cfi_startproc
 493:c:/Users/User/Documents/GitHub/ch32h417/EVT/EXAM/SRC/Peripheral/src\ch32h417_sdmmc.c ****     SDMMC->TRAN_MODE |= SDMMC_GAP_STOP;
 684              		.loc 1 493 5
 685              		.loc 1 493 10 is_stmt 0
 686 0000 37470240 		li	a4,1073889280
 687 0004 5C5B     		lw	a5,52(a4)
 688              		.loc 1 493 22
 689 0006 93E72700 		ori	a5,a5,2
 690 000a 5CDB     		sw	a5,52(a4)
 494:c:/Users/User/Documents/GitHub/ch32h417/EVT/EXAM/SRC/Peripheral/src\ch32h417_sdmmc.c **** }
 691              		.loc 1 494 1
 692 000c 8280     		ret
 693              		.cfi_endproc
 694              	.LFE61:
 696              		.section	.text.SDMMC_ClearGAPStop,"ax",@progbits
 697              		.align	1
 698              		.globl	SDMMC_ClearGAPStop
 700              	SDMMC_ClearGAPStop:
 701              	.LFB62:
 495:c:/Users/User/Documents/GitHub/ch32h417/EVT/EXAM/SRC/Peripheral/src\ch32h417_sdmmc.c **** 
 496:c:/Users/User/Documents/GitHub/ch32h417/EVT/EXAM/SRC/Peripheral/src\ch32h417_sdmmc.c **** /*********************************************************************
 497:c:/Users/User/Documents/GitHub/ch32h417/EVT/EXAM/SRC/Peripheral/src\ch32h417_sdmmc.c ****  * @fn      SDMMC_ClearGAPStop
 498:c:/Users/User/Documents/GitHub/ch32h417/EVT/EXAM/SRC/Peripheral/src\ch32h417_sdmmc.c ****  *
 499:c:/Users/User/Documents/GitHub/ch32h417/EVT/EXAM/SRC/Peripheral/src\ch32h417_sdmmc.c ****  * @brief   Clear the RB_SDMMC_GAP_STOP bit and re-start SDCK output.
 500:c:/Users/User/Documents/GitHub/ch32h417/EVT/EXAM/SRC/Peripheral/src\ch32h417_sdmmc.c ****  *
 501:c:/Users/User/Documents/GitHub/ch32h417/EVT/EXAM/SRC/Peripheral/src\ch32h417_sdmmc.c ****  * @param   none.
 502:c:/Users/User/Documents/GitHub/ch32h417/EVT/EXAM/SRC/Peripheral/src\ch32h417_sdmmc.c ****  *
 503:c:/Users/User/Documents/GitHub/ch32h417/EVT/EXAM/SRC/Peripheral/src\ch32h417_sdmmc.c ****  * @return  none.
 504:c:/Users/User/Documents/GitHub/ch32h417/EVT/EXAM/SRC/Peripheral/src\ch32h417_sdmmc.c ****  */
 505:c:/Users/User/Documents/GitHub/ch32h417/EVT/EXAM/SRC/Peripheral/src\ch32h417_sdmmc.c **** void SDMMC_ClearGAPStop(void)
 506:c:/Users/User/Documents/GitHub/ch32h417/EVT/EXAM/SRC/Peripheral/src\ch32h417_sdmmc.c **** {
 702              		.loc 1 506 1 is_stmt 1
 703              		.cfi_startproc
 507:c:/Users/User/Documents/GitHub/ch32h417/EVT/EXAM/SRC/Peripheral/src\ch32h417_sdmmc.c ****     SDMMC->TRAN_MODE &= ~SDMMC_GAP_STOP;
 704              		.loc 1 507 5
 705              		.loc 1 507 10 is_stmt 0
 706 0000 37470240 		li	a4,1073889280
 707 0004 5C5B     		lw	a5,52(a4)
 708              		.loc 1 507 22
 709 0006 F59B     		andi	a5,a5,-3
 710 0008 5CDB     		sw	a5,52(a4)
 508:c:/Users/User/Documents/GitHub/ch32h417/EVT/EXAM/SRC/Peripheral/src\ch32h417_sdmmc.c **** }
 711              		.loc 1 508 1
 712 000a 8280     		ret
 713              		.cfi_endproc
 714              	.LFE62:
 716              		.section	.text.SDMMC_SetDMAAddr1,"ax",@progbits
 717              		.align	1
 718              		.globl	SDMMC_SetDMAAddr1
 720              	SDMMC_SetDMAAddr1:
 721              	.LFB63:
 509:c:/Users/User/Documents/GitHub/ch32h417/EVT/EXAM/SRC/Peripheral/src\ch32h417_sdmmc.c **** 
 510:c:/Users/User/Documents/GitHub/ch32h417/EVT/EXAM/SRC/Peripheral/src\ch32h417_sdmmc.c **** /*********************************************************************
 511:c:/Users/User/Documents/GitHub/ch32h417/EVT/EXAM/SRC/Peripheral/src\ch32h417_sdmmc.c ****  * @fn      SDMMC_SetDMAAddr1
 512:c:/Users/User/Documents/GitHub/ch32h417/EVT/EXAM/SRC/Peripheral/src\ch32h417_sdmmc.c ****  *
 513:c:/Users/User/Documents/GitHub/ch32h417/EVT/EXAM/SRC/Peripheral/src\ch32h417_sdmmc.c ****  * @brief   Set the DMA start address 1 of SDMMC controller.
 514:c:/Users/User/Documents/GitHub/ch32h417/EVT/EXAM/SRC/Peripheral/src\ch32h417_sdmmc.c ****  *
 515:c:/Users/User/Documents/GitHub/ch32h417/EVT/EXAM/SRC/Peripheral/src\ch32h417_sdmmc.c ****  * @param   Address - start address 1 of DMA.
 516:c:/Users/User/Documents/GitHub/ch32h417/EVT/EXAM/SRC/Peripheral/src\ch32h417_sdmmc.c ****  *
 517:c:/Users/User/Documents/GitHub/ch32h417/EVT/EXAM/SRC/Peripheral/src\ch32h417_sdmmc.c ****  * @return  none.
 518:c:/Users/User/Documents/GitHub/ch32h417/EVT/EXAM/SRC/Peripheral/src\ch32h417_sdmmc.c ****  */
 519:c:/Users/User/Documents/GitHub/ch32h417/EVT/EXAM/SRC/Peripheral/src\ch32h417_sdmmc.c **** void SDMMC_SetDMAAddr1(uint32_t Address)
 520:c:/Users/User/Documents/GitHub/ch32h417/EVT/EXAM/SRC/Peripheral/src\ch32h417_sdmmc.c **** {
 722              		.loc 1 520 1 is_stmt 1
 723              		.cfi_startproc
 724              	.LVL39:
 521:c:/Users/User/Documents/GitHub/ch32h417/EVT/EXAM/SRC/Peripheral/src\ch32h417_sdmmc.c ****     SDMMC->DMA_BEG1 = Address;
 725              		.loc 1 521 5
 726              		.loc 1 521 21 is_stmt 0
 727 0000 B7470240 		li	a5,1073889280
 728 0004 C8D7     		sw	a0,44(a5)
 522:c:/Users/User/Documents/GitHub/ch32h417/EVT/EXAM/SRC/Peripheral/src\ch32h417_sdmmc.c **** }
 729              		.loc 1 522 1
 730 0006 8280     		ret
 731              		.cfi_endproc
 732              	.LFE63:
 734              		.section	.text.SDMMC_SetDMAAddr2,"ax",@progbits
 735              		.align	1
 736              		.globl	SDMMC_SetDMAAddr2
 738              	SDMMC_SetDMAAddr2:
 739              	.LFB64:
 523:c:/Users/User/Documents/GitHub/ch32h417/EVT/EXAM/SRC/Peripheral/src\ch32h417_sdmmc.c **** 
 524:c:/Users/User/Documents/GitHub/ch32h417/EVT/EXAM/SRC/Peripheral/src\ch32h417_sdmmc.c **** /*********************************************************************
 525:c:/Users/User/Documents/GitHub/ch32h417/EVT/EXAM/SRC/Peripheral/src\ch32h417_sdmmc.c ****  * @fn      SDMMC_SetDMAAddr2
 526:c:/Users/User/Documents/GitHub/ch32h417/EVT/EXAM/SRC/Peripheral/src\ch32h417_sdmmc.c ****  *
 527:c:/Users/User/Documents/GitHub/ch32h417/EVT/EXAM/SRC/Peripheral/src\ch32h417_sdmmc.c ****  * @brief   Set the DMA start address 2 of SDMMC controller.
 528:c:/Users/User/Documents/GitHub/ch32h417/EVT/EXAM/SRC/Peripheral/src\ch32h417_sdmmc.c ****  *
 529:c:/Users/User/Documents/GitHub/ch32h417/EVT/EXAM/SRC/Peripheral/src\ch32h417_sdmmc.c ****  * @param   Address - start address 2 of DMA.
 530:c:/Users/User/Documents/GitHub/ch32h417/EVT/EXAM/SRC/Peripheral/src\ch32h417_sdmmc.c ****  *            uint32_t value of address.
 531:c:/Users/User/Documents/GitHub/ch32h417/EVT/EXAM/SRC/Peripheral/src\ch32h417_sdmmc.c ****  *
 532:c:/Users/User/Documents/GitHub/ch32h417/EVT/EXAM/SRC/Peripheral/src\ch32h417_sdmmc.c ****  * @return  none.
 533:c:/Users/User/Documents/GitHub/ch32h417/EVT/EXAM/SRC/Peripheral/src\ch32h417_sdmmc.c ****  */
 534:c:/Users/User/Documents/GitHub/ch32h417/EVT/EXAM/SRC/Peripheral/src\ch32h417_sdmmc.c **** void SDMMC_SetDMAAddr2(uint32_t Address)
 535:c:/Users/User/Documents/GitHub/ch32h417/EVT/EXAM/SRC/Peripheral/src\ch32h417_sdmmc.c **** {
 740              		.loc 1 535 1 is_stmt 1
 741              		.cfi_startproc
 742              	.LVL40:
 536:c:/Users/User/Documents/GitHub/ch32h417/EVT/EXAM/SRC/Peripheral/src\ch32h417_sdmmc.c ****     SDMMC->DMA_BEG2 = Address;
 743              		.loc 1 536 5
 744              		.loc 1 536 21 is_stmt 0
 745 0000 B7470240 		li	a5,1073889280
 746 0004 C8DF     		sw	a0,60(a5)
 537:c:/Users/User/Documents/GitHub/ch32h417/EVT/EXAM/SRC/Peripheral/src\ch32h417_sdmmc.c **** }
 747              		.loc 1 537 1
 748 0006 8280     		ret
 749              		.cfi_endproc
 750              	.LFE64:
 752              		.section	.text.SDMMC_IOInputDelayDDRInit,"ax",@progbits
 753              		.align	1
 754              		.globl	SDMMC_IOInputDelayDDRInit
 756              	SDMMC_IOInputDelayDDRInit:
 757              	.LFB65:
 538:c:/Users/User/Documents/GitHub/ch32h417/EVT/EXAM/SRC/Peripheral/src\ch32h417_sdmmc.c **** 
 539:c:/Users/User/Documents/GitHub/ch32h417/EVT/EXAM/SRC/Peripheral/src\ch32h417_sdmmc.c **** /*********************************************************************
 540:c:/Users/User/Documents/GitHub/ch32h417/EVT/EXAM/SRC/Peripheral/src\ch32h417_sdmmc.c ****  * @fn      SDMMC_IOInputDelayDDRInit
 541:c:/Users/User/Documents/GitHub/ch32h417/EVT/EXAM/SRC/Peripheral/src\ch32h417_sdmmc.c ****  *
 542:c:/Users/User/Documents/GitHub/ch32h417/EVT/EXAM/SRC/Peripheral/src\ch32h417_sdmmc.c ****  * @brief   Initializes the SDMMC peripheral DDR mode GPIO input delay according to the specified
 543:c:/Users/User/Documents/GitHub/ch32h417/EVT/EXAM/SRC/Peripheral/src\ch32h417_sdmmc.c ****  *        parameters in the SDMMC_IOInputDelayDDRTypeDef.
 544:c:/Users/User/Documents/GitHub/ch32h417/EVT/EXAM/SRC/Peripheral/src\ch32h417_sdmmc.c ****  *
 545:c:/Users/User/Documents/GitHub/ch32h417/EVT/EXAM/SRC/Peripheral/src\ch32h417_sdmmc.c ****  * @param   SDMMC_IOInputDelayDDRStruct - pointer to a SDMMC_IOInputDelayDDRStruct structure
 546:c:/Users/User/Documents/GitHub/ch32h417/EVT/EXAM/SRC/Peripheral/src\ch32h417_sdmmc.c ****  *        that contains the configuration information for the SDMMC peripheral.
 547:c:/Users/User/Documents/GitHub/ch32h417/EVT/EXAM/SRC/Peripheral/src\ch32h417_sdmmc.c ****  *
 548:c:/Users/User/Documents/GitHub/ch32h417/EVT/EXAM/SRC/Peripheral/src\ch32h417_sdmmc.c ****  * @return  none
 549:c:/Users/User/Documents/GitHub/ch32h417/EVT/EXAM/SRC/Peripheral/src\ch32h417_sdmmc.c ****  */
 550:c:/Users/User/Documents/GitHub/ch32h417/EVT/EXAM/SRC/Peripheral/src\ch32h417_sdmmc.c **** void SDMMC_IOInputDelayDDRInit(SDMMC_IOInputDelayDDRTypeDef *SDMMC_IOInputDelayDDRStruct)
 551:c:/Users/User/Documents/GitHub/ch32h417/EVT/EXAM/SRC/Peripheral/src\ch32h417_sdmmc.c **** {
 758              		.loc 1 551 1 is_stmt 1
 759              		.cfi_startproc
 760              	.LVL41:
 552:c:/Users/User/Documents/GitHub/ch32h417/EVT/EXAM/SRC/Peripheral/src\ch32h417_sdmmc.c ****     SDMMC->TUNE_CLK_CMD &= ~(SDMMC_TUNNE_CMD_I | SDMMC_TUNNE_CLK_I);
 761              		.loc 1 552 5
 762              		.loc 1 552 10 is_stmt 0
 763 0000 37470240 		li	a4,1073889280
 764 0004 3C47     		lw	a5,72(a4)
 765              		.loc 1 552 25
 766 0006 B70610FF 		li	a3,-15728640
 767 000a 9386F6F0 		addi	a3,a3,-241
 768 000e F58F     		and	a5,a5,a3
 769 0010 3CC7     		sw	a5,72(a4)
 553:c:/Users/User/Documents/GitHub/ch32h417/EVT/EXAM/SRC/Peripheral/src\ch32h417_sdmmc.c ****     SDMMC->TUNE_DATI = 0;
 770              		.loc 1 553 5 is_stmt 1
 771              		.loc 1 553 22 is_stmt 0
 772 0012 23220704 		sw	zero,68(a4)
 554:c:/Users/User/Documents/GitHub/ch32h417/EVT/EXAM/SRC/Peripheral/src\ch32h417_sdmmc.c **** 
 555:c:/Users/User/Documents/GitHub/ch32h417/EVT/EXAM/SRC/Peripheral/src\ch32h417_sdmmc.c ****     SDMMC->TUNE_CLK_CMD |= ((uint32_t)SDMMC_IOInputDelayDDRStruct->SDMMC_CLK_IN_Delay << 4) |
 773              		.loc 1 555 5 is_stmt 1
 774              		.loc 1 555 29 is_stmt 0
 775 0016 1C21     		lbu	a5,0(a0)
 556:c:/Users/User/Documents/GitHub/ch32h417/EVT/EXAM/SRC/Peripheral/src\ch32h417_sdmmc.c ****                         ((uint32_t)SDMMC_IOInputDelayDDRStruct->SDMMC_CMD_IN_Delay << 20);
 776              		.loc 1 556 26
 777 0018 1431     		lbu	a3,1(a0)
 555:c:/Users/User/Documents/GitHub/ch32h417/EVT/EXAM/SRC/Peripheral/src\ch32h417_sdmmc.c ****                         ((uint32_t)SDMMC_IOInputDelayDDRStruct->SDMMC_CMD_IN_Delay << 20);
 778              		.loc 1 555 10
 779 001a 3047     		lw	a2,72(a4)
 555:c:/Users/User/Documents/GitHub/ch32h417/EVT/EXAM/SRC/Peripheral/src\ch32h417_sdmmc.c ****                         ((uint32_t)SDMMC_IOInputDelayDDRStruct->SDMMC_CMD_IN_Delay << 20);
 780              		.loc 1 555 87
 781 001c 9207     		slli	a5,a5,4
 782              		.loc 1 556 84
 783 001e D206     		slli	a3,a3,20
 555:c:/Users/User/Documents/GitHub/ch32h417/EVT/EXAM/SRC/Peripheral/src\ch32h417_sdmmc.c ****                         ((uint32_t)SDMMC_IOInputDelayDDRStruct->SDMMC_CMD_IN_Delay << 20);
 784              		.loc 1 555 93
 785 0020 D58F     		or	a5,a5,a3
 555:c:/Users/User/Documents/GitHub/ch32h417/EVT/EXAM/SRC/Peripheral/src\ch32h417_sdmmc.c ****                         ((uint32_t)SDMMC_IOInputDelayDDRStruct->SDMMC_CMD_IN_Delay << 20);
 786              		.loc 1 555 25
 787 0022 D18F     		or	a5,a5,a2
 788 0024 3CC7     		sw	a5,72(a4)
 557:c:/Users/User/Documents/GitHub/ch32h417/EVT/EXAM/SRC/Peripheral/src\ch32h417_sdmmc.c ****     SDMMC->TUNE_DATI |= ((uint32_t)SDMMC_IOInputDelayDDRStruct->SDMMC_DATA0_IN_Delay) |
 789              		.loc 1 557 5 is_stmt 1
 790              		.loc 1 557 10 is_stmt 0
 791 0026 7043     		lw	a2,68(a4)
 558:c:/Users/User/Documents/GitHub/ch32h417/EVT/EXAM/SRC/Peripheral/src\ch32h417_sdmmc.c ****                      ((uint32_t)SDMMC_IOInputDelayDDRStruct->SDMMC_DATA1_IN_Delay << 4) |
 792              		.loc 1 558 23
 793 0028 3C31     		lbu	a5,3(a0)
 557:c:/Users/User/Documents/GitHub/ch32h417/EVT/EXAM/SRC/Peripheral/src\ch32h417_sdmmc.c ****     SDMMC->TUNE_DATI |= ((uint32_t)SDMMC_IOInputDelayDDRStruct->SDMMC_DATA0_IN_Delay) |
 794              		.loc 1 557 26
 795 002a 3421     		lbu	a3,2(a0)
 796              		.loc 1 558 83
 797 002c 9207     		slli	a5,a5,4
 557:c:/Users/User/Documents/GitHub/ch32h417/EVT/EXAM/SRC/Peripheral/src\ch32h417_sdmmc.c ****     SDMMC->TUNE_DATI |= ((uint32_t)SDMMC_IOInputDelayDDRStruct->SDMMC_DATA0_IN_Delay) |
 798              		.loc 1 557 22
 799 002e D18E     		or	a3,a3,a2
 800 0030 D58F     		or	a5,a5,a3
 559:c:/Users/User/Documents/GitHub/ch32h417/EVT/EXAM/SRC/Peripheral/src\ch32h417_sdmmc.c ****                      ((uint32_t)SDMMC_IOInputDelayDDRStruct->SDMMC_DATA2_IN_Delay << 8) |
 801              		.loc 1 559 23
 802 0032 5421     		lbu	a3,4(a0)
 803              		.loc 1 559 83
 804 0034 A206     		slli	a3,a3,8
 557:c:/Users/User/Documents/GitHub/ch32h417/EVT/EXAM/SRC/Peripheral/src\ch32h417_sdmmc.c ****     SDMMC->TUNE_DATI |= ((uint32_t)SDMMC_IOInputDelayDDRStruct->SDMMC_DATA0_IN_Delay) |
 805              		.loc 1 557 22
 806 0036 D58F     		or	a5,a5,a3
 560:c:/Users/User/Documents/GitHub/ch32h417/EVT/EXAM/SRC/Peripheral/src\ch32h417_sdmmc.c ****                      ((uint32_t)SDMMC_IOInputDelayDDRStruct->SDMMC_DATA3_IN_Delay << 12) |
 807              		.loc 1 560 23
 808 0038 5431     		lbu	a3,5(a0)
 809              		.loc 1 560 83
 810 003a B206     		slli	a3,a3,12
 557:c:/Users/User/Documents/GitHub/ch32h417/EVT/EXAM/SRC/Peripheral/src\ch32h417_sdmmc.c ****                      ((uint32_t)SDMMC_IOInputDelayDDRStruct->SDMMC_DATA1_IN_Delay << 4) |
 811              		.loc 1 557 22
 812 003c D58F     		or	a5,a5,a3
 561:c:/Users/User/Documents/GitHub/ch32h417/EVT/EXAM/SRC/Peripheral/src\ch32h417_sdmmc.c ****                      ((uint32_t)SDMMC_IOInputDelayDDRStruct->SDMMC_DATA4_IN_Delay << 16) |
 813              		.loc 1 561 23
 814 003e 7421     		lbu	a3,6(a0)
 815              		.loc 1 561 83
 816 0040 C206     		slli	a3,a3,16
 557:c:/Users/User/Documents/GitHub/ch32h417/EVT/EXAM/SRC/Peripheral/src\ch32h417_sdmmc.c ****                      ((uint32_t)SDMMC_IOInputDelayDDRStruct->SDMMC_DATA1_IN_Delay << 4) |
 817              		.loc 1 557 22
 818 0042 D58F     		or	a5,a5,a3
 562:c:/Users/User/Documents/GitHub/ch32h417/EVT/EXAM/SRC/Peripheral/src\ch32h417_sdmmc.c ****                      ((uint32_t)SDMMC_IOInputDelayDDRStruct->SDMMC_DATA5_IN_Delay << 20) |
 819              		.loc 1 562 23
 820 0044 7431     		lbu	a3,7(a0)
 821              		.loc 1 562 83
 822 0046 D206     		slli	a3,a3,20
 557:c:/Users/User/Documents/GitHub/ch32h417/EVT/EXAM/SRC/Peripheral/src\ch32h417_sdmmc.c ****                      ((uint32_t)SDMMC_IOInputDelayDDRStruct->SDMMC_DATA1_IN_Delay << 4) |
 823              		.loc 1 557 22
 824 0048 D58F     		or	a5,a5,a3
 563:c:/Users/User/Documents/GitHub/ch32h417/EVT/EXAM/SRC/Peripheral/src\ch32h417_sdmmc.c ****                      ((uint32_t)SDMMC_IOInputDelayDDRStruct->SDMMC_DATA6_IN_Delay << 24) |
 825              		.loc 1 563 23
 826 004a 1425     		lbu	a3,8(a0)
 827              		.loc 1 563 83
 828 004c E206     		slli	a3,a3,24
 557:c:/Users/User/Documents/GitHub/ch32h417/EVT/EXAM/SRC/Peripheral/src\ch32h417_sdmmc.c ****                      ((uint32_t)SDMMC_IOInputDelayDDRStruct->SDMMC_DATA1_IN_Delay << 4) |
 829              		.loc 1 557 22
 830 004e D58F     		or	a5,a5,a3
 564:c:/Users/User/Documents/GitHub/ch32h417/EVT/EXAM/SRC/Peripheral/src\ch32h417_sdmmc.c ****                      ((uint32_t)SDMMC_IOInputDelayDDRStruct->SDMMC_DATA7_IN_Delay << 28);
 831              		.loc 1 564 23
 832 0050 1435     		lbu	a3,9(a0)
 833              		.loc 1 564 83
 834 0052 F206     		slli	a3,a3,28
 557:c:/Users/User/Documents/GitHub/ch32h417/EVT/EXAM/SRC/Peripheral/src\ch32h417_sdmmc.c ****                      ((uint32_t)SDMMC_IOInputDelayDDRStruct->SDMMC_DATA1_IN_Delay << 4) |
 835              		.loc 1 557 22
 836 0054 D58F     		or	a5,a5,a3
 837 0056 7CC3     		sw	a5,68(a4)
 565:c:/Users/User/Documents/GitHub/ch32h417/EVT/EXAM/SRC/Peripheral/src\ch32h417_sdmmc.c **** }
 838              		.loc 1 565 1
 839 0058 8280     		ret
 840              		.cfi_endproc
 841              	.LFE65:
 843              		.section	.text.SDMMC_IOOutputDelayDDRInit,"ax",@progbits
 844              		.align	1
 845              		.globl	SDMMC_IOOutputDelayDDRInit
 847              	SDMMC_IOOutputDelayDDRInit:
 848              	.LFB66:
 566:c:/Users/User/Documents/GitHub/ch32h417/EVT/EXAM/SRC/Peripheral/src\ch32h417_sdmmc.c **** 
 567:c:/Users/User/Documents/GitHub/ch32h417/EVT/EXAM/SRC/Peripheral/src\ch32h417_sdmmc.c **** /*********************************************************************
 568:c:/Users/User/Documents/GitHub/ch32h417/EVT/EXAM/SRC/Peripheral/src\ch32h417_sdmmc.c ****  * @fn      SDMMC_IOOutputDelayDDRInit
 569:c:/Users/User/Documents/GitHub/ch32h417/EVT/EXAM/SRC/Peripheral/src\ch32h417_sdmmc.c ****  *
 570:c:/Users/User/Documents/GitHub/ch32h417/EVT/EXAM/SRC/Peripheral/src\ch32h417_sdmmc.c ****  * @brief   Initializes the SDMMC peripheral DDR mode GPIO output delay according to the specified
 571:c:/Users/User/Documents/GitHub/ch32h417/EVT/EXAM/SRC/Peripheral/src\ch32h417_sdmmc.c ****  *        parameters in the SDMMC_IOInputDelayDDRTypeDef.
 572:c:/Users/User/Documents/GitHub/ch32h417/EVT/EXAM/SRC/Peripheral/src\ch32h417_sdmmc.c ****  *
 573:c:/Users/User/Documents/GitHub/ch32h417/EVT/EXAM/SRC/Peripheral/src\ch32h417_sdmmc.c ****  * @param   SDMMC_IOOutputDelayDDRStruct - pointer to a SDMMC_IOOutputDelayDDRStruct structure
 574:c:/Users/User/Documents/GitHub/ch32h417/EVT/EXAM/SRC/Peripheral/src\ch32h417_sdmmc.c ****  *        that contains the configuration information for the SDMMC peripheral.
 575:c:/Users/User/Documents/GitHub/ch32h417/EVT/EXAM/SRC/Peripheral/src\ch32h417_sdmmc.c ****  *
 576:c:/Users/User/Documents/GitHub/ch32h417/EVT/EXAM/SRC/Peripheral/src\ch32h417_sdmmc.c ****  * @return  none
 577:c:/Users/User/Documents/GitHub/ch32h417/EVT/EXAM/SRC/Peripheral/src\ch32h417_sdmmc.c ****  */
 578:c:/Users/User/Documents/GitHub/ch32h417/EVT/EXAM/SRC/Peripheral/src\ch32h417_sdmmc.c **** void SDMMC_IOOutputDelayDDRInit(SDMMC_IOOutputDelayDDRTypeDef *SDMMC_IOOutputDelayDDRStruct)
 579:c:/Users/User/Documents/GitHub/ch32h417/EVT/EXAM/SRC/Peripheral/src\ch32h417_sdmmc.c **** {
 849              		.loc 1 579 1 is_stmt 1
 850              		.cfi_startproc
 851              	.LVL42:
 580:c:/Users/User/Documents/GitHub/ch32h417/EVT/EXAM/SRC/Peripheral/src\ch32h417_sdmmc.c ****     SDMMC->TUNE_CLK_CMD &= ~(SDMMC_TUNNE_CMD_O | SDMMC_TUNNE_CLK_O);
 852              		.loc 1 580 5
 853              		.loc 1 580 10 is_stmt 0
 854 0000 37470240 		li	a4,1073889280
 855 0004 3C47     		lw	a5,72(a4)
 856              		.loc 1 580 25
 857 0006 B706F1FF 		li	a3,-983040
 858 000a C116     		addi	a3,a3,-16
 859 000c F58F     		and	a5,a5,a3
 860 000e 3CC7     		sw	a5,72(a4)
 581:c:/Users/User/Documents/GitHub/ch32h417/EVT/EXAM/SRC/Peripheral/src\ch32h417_sdmmc.c ****     SDMMC->TUNE_DATO = 0;
 861              		.loc 1 581 5 is_stmt 1
 862              		.loc 1 581 22 is_stmt 0
 863 0010 23200704 		sw	zero,64(a4)
 582:c:/Users/User/Documents/GitHub/ch32h417/EVT/EXAM/SRC/Peripheral/src\ch32h417_sdmmc.c **** 
 583:c:/Users/User/Documents/GitHub/ch32h417/EVT/EXAM/SRC/Peripheral/src\ch32h417_sdmmc.c ****     SDMMC->TUNE_CLK_CMD |= ((uint32_t)SDMMC_IOOutputDelayDDRStruct->SDMMC_CLK_OUT_Delay) |
 864              		.loc 1 583 5 is_stmt 1
 865              		.loc 1 583 10 is_stmt 0
 866 0014 3047     		lw	a2,72(a4)
 584:c:/Users/User/Documents/GitHub/ch32h417/EVT/EXAM/SRC/Peripheral/src\ch32h417_sdmmc.c ****                         ((uint32_t)SDMMC_IOOutputDelayDDRStruct->SDMMC_CMD_OUT_Delay << 16);
 867              		.loc 1 584 26
 868 0016 1C31     		lbu	a5,1(a0)
 583:c:/Users/User/Documents/GitHub/ch32h417/EVT/EXAM/SRC/Peripheral/src\ch32h417_sdmmc.c ****                         ((uint32_t)SDMMC_IOOutputDelayDDRStruct->SDMMC_CMD_OUT_Delay << 16);
 869              		.loc 1 583 29
 870 0018 1421     		lbu	a3,0(a0)
 871              		.loc 1 584 86
 872 001a C207     		slli	a5,a5,16
 583:c:/Users/User/Documents/GitHub/ch32h417/EVT/EXAM/SRC/Peripheral/src\ch32h417_sdmmc.c ****                         ((uint32_t)SDMMC_IOOutputDelayDDRStruct->SDMMC_CMD_OUT_Delay << 16);
 873              		.loc 1 583 25
 874 001c D18E     		or	a3,a3,a2
 875 001e D58F     		or	a5,a5,a3
 876 0020 3CC7     		sw	a5,72(a4)
 585:c:/Users/User/Documents/GitHub/ch32h417/EVT/EXAM/SRC/Peripheral/src\ch32h417_sdmmc.c ****     SDMMC->TUNE_DATO |= ((uint32_t)SDMMC_IOOutputDelayDDRStruct->SDMMC_DATA0_OUT_Delay) |
 877              		.loc 1 585 5 is_stmt 1
 878              		.loc 1 585 10 is_stmt 0
 879 0022 3043     		lw	a2,64(a4)
 586:c:/Users/User/Documents/GitHub/ch32h417/EVT/EXAM/SRC/Peripheral/src\ch32h417_sdmmc.c ****                      ((uint32_t)SDMMC_IOOutputDelayDDRStruct->SDMMC_DATA1_OUT_Delay << 4) |
 880              		.loc 1 586 23
 881 0024 3C31     		lbu	a5,3(a0)
 585:c:/Users/User/Documents/GitHub/ch32h417/EVT/EXAM/SRC/Peripheral/src\ch32h417_sdmmc.c ****     SDMMC->TUNE_DATO |= ((uint32_t)SDMMC_IOOutputDelayDDRStruct->SDMMC_DATA0_OUT_Delay) |
 882              		.loc 1 585 26
 883 0026 3421     		lbu	a3,2(a0)
 884              		.loc 1 586 85
 885 0028 9207     		slli	a5,a5,4
 585:c:/Users/User/Documents/GitHub/ch32h417/EVT/EXAM/SRC/Peripheral/src\ch32h417_sdmmc.c ****     SDMMC->TUNE_DATO |= ((uint32_t)SDMMC_IOOutputDelayDDRStruct->SDMMC_DATA0_OUT_Delay) |
 886              		.loc 1 585 22
 887 002a D18E     		or	a3,a3,a2
 888 002c D58F     		or	a5,a5,a3
 587:c:/Users/User/Documents/GitHub/ch32h417/EVT/EXAM/SRC/Peripheral/src\ch32h417_sdmmc.c ****                      ((uint32_t)SDMMC_IOOutputDelayDDRStruct->SDMMC_DATA2_OUT_Delay << 8) |
 889              		.loc 1 587 23
 890 002e 5421     		lbu	a3,4(a0)
 891              		.loc 1 587 85
 892 0030 A206     		slli	a3,a3,8
 585:c:/Users/User/Documents/GitHub/ch32h417/EVT/EXAM/SRC/Peripheral/src\ch32h417_sdmmc.c ****     SDMMC->TUNE_DATO |= ((uint32_t)SDMMC_IOOutputDelayDDRStruct->SDMMC_DATA0_OUT_Delay) |
 893              		.loc 1 585 22
 894 0032 D58F     		or	a5,a5,a3
 588:c:/Users/User/Documents/GitHub/ch32h417/EVT/EXAM/SRC/Peripheral/src\ch32h417_sdmmc.c ****                      ((uint32_t)SDMMC_IOOutputDelayDDRStruct->SDMMC_DATA3_OUT_Delay << 12) |
 895              		.loc 1 588 23
 896 0034 5431     		lbu	a3,5(a0)
 897              		.loc 1 588 85
 898 0036 B206     		slli	a3,a3,12
 585:c:/Users/User/Documents/GitHub/ch32h417/EVT/EXAM/SRC/Peripheral/src\ch32h417_sdmmc.c ****                      ((uint32_t)SDMMC_IOOutputDelayDDRStruct->SDMMC_DATA1_OUT_Delay << 4) |
 899              		.loc 1 585 22
 900 0038 D58F     		or	a5,a5,a3
 589:c:/Users/User/Documents/GitHub/ch32h417/EVT/EXAM/SRC/Peripheral/src\ch32h417_sdmmc.c ****                      ((uint32_t)SDMMC_IOOutputDelayDDRStruct->SDMMC_DATA4_OUT_Delay << 16) |
 901              		.loc 1 589 23
 902 003a 7421     		lbu	a3,6(a0)
 903              		.loc 1 589 85
 904 003c C206     		slli	a3,a3,16
 585:c:/Users/User/Documents/GitHub/ch32h417/EVT/EXAM/SRC/Peripheral/src\ch32h417_sdmmc.c ****                      ((uint32_t)SDMMC_IOOutputDelayDDRStruct->SDMMC_DATA1_OUT_Delay << 4) |
 905              		.loc 1 585 22
 906 003e D58F     		or	a5,a5,a3
 590:c:/Users/User/Documents/GitHub/ch32h417/EVT/EXAM/SRC/Peripheral/src\ch32h417_sdmmc.c ****                      ((uint32_t)SDMMC_IOOutputDelayDDRStruct->SDMMC_DATA5_OUT_Delay << 20) |
 907              		.loc 1 590 23
 908 0040 7431     		lbu	a3,7(a0)
 909              		.loc 1 590 85
 910 0042 D206     		slli	a3,a3,20
 585:c:/Users/User/Documents/GitHub/ch32h417/EVT/EXAM/SRC/Peripheral/src\ch32h417_sdmmc.c ****                      ((uint32_t)SDMMC_IOOutputDelayDDRStruct->SDMMC_DATA1_OUT_Delay << 4) |
 911              		.loc 1 585 22
 912 0044 D58F     		or	a5,a5,a3
 591:c:/Users/User/Documents/GitHub/ch32h417/EVT/EXAM/SRC/Peripheral/src\ch32h417_sdmmc.c ****                      ((uint32_t)SDMMC_IOOutputDelayDDRStruct->SDMMC_DATA6_OUT_Delay << 24) |
 913              		.loc 1 591 23
 914 0046 1425     		lbu	a3,8(a0)
 915              		.loc 1 591 85
 916 0048 E206     		slli	a3,a3,24
 585:c:/Users/User/Documents/GitHub/ch32h417/EVT/EXAM/SRC/Peripheral/src\ch32h417_sdmmc.c ****                      ((uint32_t)SDMMC_IOOutputDelayDDRStruct->SDMMC_DATA1_OUT_Delay << 4) |
 917              		.loc 1 585 22
 918 004a D58F     		or	a5,a5,a3
 592:c:/Users/User/Documents/GitHub/ch32h417/EVT/EXAM/SRC/Peripheral/src\ch32h417_sdmmc.c ****                      ((uint32_t)SDMMC_IOOutputDelayDDRStruct->SDMMC_DATA7_OUT_Delay << 28);
 919              		.loc 1 592 23
 920 004c 1435     		lbu	a3,9(a0)
 921              		.loc 1 592 85
 922 004e F206     		slli	a3,a3,28
 585:c:/Users/User/Documents/GitHub/ch32h417/EVT/EXAM/SRC/Peripheral/src\ch32h417_sdmmc.c ****                      ((uint32_t)SDMMC_IOOutputDelayDDRStruct->SDMMC_DATA1_OUT_Delay << 4) |
 923              		.loc 1 585 22
 924 0050 D58F     		or	a5,a5,a3
 925 0052 3CC3     		sw	a5,64(a4)
 593:c:/Users/User/Documents/GitHub/ch32h417/EVT/EXAM/SRC/Peripheral/src\ch32h417_sdmmc.c **** }
 926              		.loc 1 593 1
 927 0054 8280     		ret
 928              		.cfi_endproc
 929              	.LFE66:
 931              		.text
 932              	.Letext0:
 933              		.file 2 "d:\\mounriver\\mounriver_studio2\\resources\\app\\resources\\win32\\components\\wch\\tool
 934              		.file 3 "d:\\mounriver\\mounriver_studio2\\resources\\app\\resources\\win32\\components\\wch\\tool
 935              		.file 4 "c:/Users/User/Documents/GitHub/ch32h417/EVT/EXAM/SRC/Core/core_riscv.h"
 936              		.file 5 "c:/Users/User/Documents/GitHub/ch32h417/EVT/EXAM/SRC/Peripheral/inc/ch32h417.h"
 937              		.file 6 "c:/Users/User/Documents/GitHub/ch32h417/EVT/EXAM/SRC/Peripheral/inc/ch32h417_sdmmc.h"
 938              		.file 7 "c:/Users/User/Documents/GitHub/ch32h417/EVT/EXAM/SRC/Peripheral/inc/ch32h417_rcc.h"
DEFINED SYMBOLS
                            *ABS*:0000000000000000 ch32h417_sdmmc.c
C:\Users\User\AppData\Local\Temp\cc8Hcwk0.s:14     .text.SDMMC_DeInit:0000000000000000 SDMMC_DeInit
C:\Users\User\AppData\Local\Temp\cc8Hcwk0.s:18     .text.SDMMC_DeInit:0000000000000000 .L0 
C:\Users\User\AppData\Local\Temp\cc8Hcwk0.s:19     .text.SDMMC_DeInit:0000000000000000 $x
C:\Users\User\AppData\Local\Temp\cc8Hcwk0.s:19     .text.SDMMC_DeInit:0000000000000000 .L0 
C:\Users\User\AppData\Local\Temp\cc8Hcwk0.s:20     .text.SDMMC_DeInit:0000000000000008 .L0 
C:\Users\User\AppData\Local\Temp\cc8Hcwk0.s:21     .text.SDMMC_DeInit:0000000000000008 .L0 
C:\Users\User\AppData\Local\Temp\cc8Hcwk0.s:23     .text.SDMMC_DeInit:0000000000000008 .L0 
C:\Users\User\AppData\Local\Temp\cc8Hcwk0.s:28     .text.SDMMC_DeInit:0000000000000016 .L0 
C:\Users\User\AppData\Local\Temp\cc8Hcwk0.s:33     .text.SDMMC_DeInit:0000000000000024 .L0 
C:\Users\User\AppData\Local\Temp\cc8Hcwk0.s:34     .text.SDMMC_DeInit:000000000000002c .L0 
C:\Users\User\AppData\Local\Temp\cc8Hcwk0.s:35     .text.SDMMC_DeInit:000000000000002c .L0 
C:\Users\User\AppData\Local\Temp\cc8Hcwk0.s:36     .text.SDMMC_DeInit:000000000000002c .L0 
C:\Users\User\AppData\Local\Temp\cc8Hcwk0.s:43     .text.SDMMC_Init:0000000000000000 SDMMC_Init
C:\Users\User\AppData\Local\Temp\cc8Hcwk0.s:46     .text.SDMMC_Init:0000000000000000 .L0 
C:\Users\User\AppData\Local\Temp\cc8Hcwk0.s:48     .text.SDMMC_Init:0000000000000000 .L0 
C:\Users\User\AppData\Local\Temp\cc8Hcwk0.s:49     .text.SDMMC_Init:0000000000000000 .L0 
C:\Users\User\AppData\Local\Temp\cc8Hcwk0.s:50     .text.SDMMC_Init:0000000000000000 .L0 
C:\Users\User\AppData\Local\Temp\cc8Hcwk0.s:51     .text.SDMMC_Init:0000000000000000 $x
C:\Users\User\AppData\Local\Temp\cc8Hcwk0.s:51     .text.SDMMC_Init:0000000000000000 .L0 
C:\Users\User\AppData\Local\Temp\cc8Hcwk0.s:54     .text.SDMMC_Init:0000000000000008 .L0 
C:\Users\User\AppData\Local\Temp\cc8Hcwk0.s:55     .text.SDMMC_Init:0000000000000008 .L0 
C:\Users\User\AppData\Local\Temp\cc8Hcwk0.s:57     .text.SDMMC_Init:000000000000000a .L0 
C:\Users\User\AppData\Local\Temp\cc8Hcwk0.s:59     .text.SDMMC_Init:000000000000000c .L0 
C:\Users\User\AppData\Local\Temp\cc8Hcwk0.s:61     .text.SDMMC_Init:0000000000000010 .L0 
C:\Users\User\AppData\Local\Temp\cc8Hcwk0.s:63     .text.SDMMC_Init:0000000000000014 .L0 
C:\Users\User\AppData\Local\Temp\cc8Hcwk0.s:65     .text.SDMMC_Init:0000000000000016 .L0 
C:\Users\User\AppData\Local\Temp\cc8Hcwk0.s:67     .text.SDMMC_Init:0000000000000018 .L0 
C:\Users\User\AppData\Local\Temp\cc8Hcwk0.s:69     .text.SDMMC_Init:000000000000001a .L0 
C:\Users\User\AppData\Local\Temp\cc8Hcwk0.s:71     .text.SDMMC_Init:000000000000001c .L0 
C:\Users\User\AppData\Local\Temp\cc8Hcwk0.s:73     .text.SDMMC_Init:0000000000000020 .L0 
C:\Users\User\AppData\Local\Temp\cc8Hcwk0.s:75     .text.SDMMC_Init:0000000000000022 .L0 
C:\Users\User\AppData\Local\Temp\cc8Hcwk0.s:79     .text.SDMMC_Init:0000000000000028 .L0 
C:\Users\User\AppData\Local\Temp\cc8Hcwk0.s:81     .text.SDMMC_Init:000000000000002a .L0 
C:\Users\User\AppData\Local\Temp\cc8Hcwk0.s:87     .text.SDMMC_Init:0000000000000038 .L0 
C:\Users\User\AppData\Local\Temp\cc8Hcwk0.s:89     .text.SDMMC_Init:000000000000003a .L0 
C:\Users\User\AppData\Local\Temp\cc8Hcwk0.s:92     .text.SDMMC_Init:000000000000003e .L0 
C:\Users\User\AppData\Local\Temp\cc8Hcwk0.s:93     .text.SDMMC_Init:000000000000003e .L0 
C:\Users\User\AppData\Local\Temp\cc8Hcwk0.s:95     .text.SDMMC_Init:0000000000000040 .L0 
C:\Users\User\AppData\Local\Temp\cc8Hcwk0.s:96     .text.SDMMC_Init:0000000000000040 .L0 
C:\Users\User\AppData\Local\Temp\cc8Hcwk0.s:98     .text.SDMMC_Init:0000000000000044 .L0 
C:\Users\User\AppData\Local\Temp\cc8Hcwk0.s:99     .text.SDMMC_Init:0000000000000044 .L0 
C:\Users\User\AppData\Local\Temp\cc8Hcwk0.s:103    .text.SDMMC_Init:0000000000000048 .L0 
C:\Users\User\AppData\Local\Temp\cc8Hcwk0.s:105    .text.SDMMC_Init:000000000000004c .L0 
C:\Users\User\AppData\Local\Temp\cc8Hcwk0.s:109    .text.SDMMC_Init:0000000000000056 .L0 
C:\Users\User\AppData\Local\Temp\cc8Hcwk0.s:111    .text.SDMMC_Init:0000000000000058 .L0 
C:\Users\User\AppData\Local\Temp\cc8Hcwk0.s:113    .text.SDMMC_Init:000000000000005c .L0 
C:\Users\User\AppData\Local\Temp\cc8Hcwk0.s:115    .text.SDMMC_Init:000000000000005e .L0 
C:\Users\User\AppData\Local\Temp\cc8Hcwk0.s:117    .text.SDMMC_Init:0000000000000060 .L0 
C:\Users\User\AppData\Local\Temp\cc8Hcwk0.s:121    .text.SDMMC_Init:0000000000000066 .L0 
C:\Users\User\AppData\Local\Temp\cc8Hcwk0.s:123    .text.SDMMC_Init:0000000000000068 .L0 
C:\Users\User\AppData\Local\Temp\cc8Hcwk0.s:126    .text.SDMMC_Init:000000000000006c .L0 
C:\Users\User\AppData\Local\Temp\cc8Hcwk0.s:127    .text.SDMMC_Init:000000000000006c .L0 
C:\Users\User\AppData\Local\Temp\cc8Hcwk0.s:129    .text.SDMMC_Init:000000000000006e .L0 
C:\Users\User\AppData\Local\Temp\cc8Hcwk0.s:130    .text.SDMMC_Init:000000000000006e .L0 
C:\Users\User\AppData\Local\Temp\cc8Hcwk0.s:133    .text.SDMMC_Init:0000000000000070 .L0 
C:\Users\User\AppData\Local\Temp\cc8Hcwk0.s:136    .text.SDMMC_Init:0000000000000072 .L0 
C:\Users\User\AppData\Local\Temp\cc8Hcwk0.s:137    .text.SDMMC_Init:0000000000000074 .L0 
C:\Users\User\AppData\Local\Temp\cc8Hcwk0.s:144    .text.SDMMC_InternalLogicReset:0000000000000000 SDMMC_InternalLogicReset
C:\Users\User\AppData\Local\Temp\cc8Hcwk0.s:147    .text.SDMMC_InternalLogicReset:0000000000000000 .L0 
C:\Users\User\AppData\Local\Temp\cc8Hcwk0.s:148    .text.SDMMC_InternalLogicReset:0000000000000000 .L0 
C:\Users\User\AppData\Local\Temp\cc8Hcwk0.s:149    .text.SDMMC_InternalLogicReset:0000000000000000 .L0 
C:\Users\User\AppData\Local\Temp\cc8Hcwk0.s:150    .text.SDMMC_InternalLogicReset:0000000000000000 $x
C:\Users\User\AppData\Local\Temp\cc8Hcwk0.s:150    .text.SDMMC_InternalLogicReset:0000000000000000 .L0 
C:\Users\User\AppData\Local\Temp\cc8Hcwk0.s:154    .text.SDMMC_InternalLogicReset:0000000000000008 .L0 
C:\Users\User\AppData\Local\Temp\cc8Hcwk0.s:155    .text.SDMMC_InternalLogicReset:000000000000000a .L0 
C:\Users\User\AppData\Local\Temp\cc8Hcwk0.s:162    .text.SDMMC_SetBusWidth:0000000000000000 SDMMC_SetBusWidth
C:\Users\User\AppData\Local\Temp\cc8Hcwk0.s:165    .text.SDMMC_SetBusWidth:0000000000000000 .L0 
C:\Users\User\AppData\Local\Temp\cc8Hcwk0.s:167    .text.SDMMC_SetBusWidth:0000000000000000 .L0 
C:\Users\User\AppData\Local\Temp\cc8Hcwk0.s:168    .text.SDMMC_SetBusWidth:0000000000000000 .L0 
C:\Users\User\AppData\Local\Temp\cc8Hcwk0.s:169    .text.SDMMC_SetBusWidth:0000000000000000 $x
C:\Users\User\AppData\Local\Temp\cc8Hcwk0.s:169    .text.SDMMC_SetBusWidth:0000000000000000 .L0 
C:\Users\User\AppData\Local\Temp\cc8Hcwk0.s:172    .text.SDMMC_SetBusWidth:0000000000000006 .L0 
C:\Users\User\AppData\Local\Temp\cc8Hcwk0.s:175    .text.SDMMC_SetBusWidth:0000000000000008 .L0 
C:\Users\User\AppData\Local\Temp\cc8Hcwk0.s:177    .text.SDMMC_SetBusWidth:000000000000000c .L0 
C:\Users\User\AppData\Local\Temp\cc8Hcwk0.s:181    .text.SDMMC_SetBusWidth:0000000000000014 .L0 
C:\Users\User\AppData\Local\Temp\cc8Hcwk0.s:182    .text.SDMMC_SetBusWidth:0000000000000014 .L0 
C:\Users\User\AppData\Local\Temp\cc8Hcwk0.s:184    .text.SDMMC_SetBusWidth:0000000000000016 .L0 
C:\Users\User\AppData\Local\Temp\cc8Hcwk0.s:187    .text.SDMMC_SetBusWidth:000000000000001a .L0 
C:\Users\User\AppData\Local\Temp\cc8Hcwk0.s:188    .text.SDMMC_SetBusWidth:000000000000001c .L0 
C:\Users\User\AppData\Local\Temp\cc8Hcwk0.s:195    .text.SDMMC_SetClockSpeed:0000000000000000 SDMMC_SetClockSpeed
C:\Users\User\AppData\Local\Temp\cc8Hcwk0.s:198    .text.SDMMC_SetClockSpeed:0000000000000000 .L0 
C:\Users\User\AppData\Local\Temp\cc8Hcwk0.s:200    .text.SDMMC_SetClockSpeed:0000000000000000 .L0 
C:\Users\User\AppData\Local\Temp\cc8Hcwk0.s:201    .text.SDMMC_SetClockSpeed:0000000000000000 .L0 
C:\Users\User\AppData\Local\Temp\cc8Hcwk0.s:202    .text.SDMMC_SetClockSpeed:0000000000000000 $x
C:\Users\User\AppData\Local\Temp\cc8Hcwk0.s:202    .text.SDMMC_SetClockSpeed:0000000000000000 .L0 
C:\Users\User\AppData\Local\Temp\cc8Hcwk0.s:206    .text.SDMMC_SetClockSpeed:000000000000000a .L0 
C:\Users\User\AppData\Local\Temp\cc8Hcwk0.s:210    .text.SDMMC_SetClockSpeed:0000000000000014 .L0 
C:\Users\User\AppData\Local\Temp\cc8Hcwk0.s:211    .text.SDMMC_SetClockSpeed:0000000000000014 .L0 
C:\Users\User\AppData\Local\Temp\cc8Hcwk0.s:213    .text.SDMMC_SetClockSpeed:0000000000000016 .L0 
C:\Users\User\AppData\Local\Temp\cc8Hcwk0.s:219    .text.SDMMC_SetClockSpeed:0000000000000020 .L0 
C:\Users\User\AppData\Local\Temp\cc8Hcwk0.s:220    .text.SDMMC_SetClockSpeed:0000000000000022 .L0 
C:\Users\User\AppData\Local\Temp\cc8Hcwk0.s:227    .text.SDMMC_ClockCmd:0000000000000000 SDMMC_ClockCmd
C:\Users\User\AppData\Local\Temp\cc8Hcwk0.s:230    .text.SDMMC_ClockCmd:0000000000000000 .L0 
C:\Users\User\AppData\Local\Temp\cc8Hcwk0.s:232    .text.SDMMC_ClockCmd:0000000000000000 .L0 
C:\Users\User\AppData\Local\Temp\cc8Hcwk0.s:233    .text.SDMMC_ClockCmd:0000000000000000 .L0 
C:\Users\User\AppData\Local\Temp\cc8Hcwk0.s:234    .text.SDMMC_ClockCmd:0000000000000000 $x
C:\Users\User\AppData\Local\Temp\cc8Hcwk0.s:234    .text.SDMMC_ClockCmd:0000000000000000 .L0 
C:\Users\User\AppData\Local\Temp\cc8Hcwk0.s:237    .text.SDMMC_ClockCmd:0000000000000006 .L0 
C:\Users\User\AppData\Local\Temp\cc8Hcwk0.s:239    .text.SDMMC_ClockCmd:0000000000000008 .L0 
C:\Users\User\AppData\Local\Temp\cc8Hcwk0.s:240    .text.SDMMC_ClockCmd:0000000000000008 .L0 
C:\Users\User\AppData\Local\Temp\cc8Hcwk0.s:243    .text.SDMMC_ClockCmd:000000000000000c .L0 
C:\Users\User\AppData\Local\Temp\cc8Hcwk0.s:245    .text.SDMMC_ClockCmd:000000000000000e .L0 
C:\Users\User\AppData\Local\Temp\cc8Hcwk0.s:248    .text.SDMMC_ClockCmd:0000000000000010 .L0 
C:\Users\User\AppData\Local\Temp\cc8Hcwk0.s:249    .text.SDMMC_ClockCmd:0000000000000010 .L0 
C:\Users\User\AppData\Local\Temp\cc8Hcwk0.s:251    .text.SDMMC_ClockCmd:0000000000000014 .L0 
C:\Users\User\AppData\Local\Temp\cc8Hcwk0.s:254    .text.SDMMC_ClockCmd:000000000000001e .L0 
C:\Users\User\AppData\Local\Temp\cc8Hcwk0.s:261    .text.SDMMC_CommandConfig:0000000000000000 SDMMC_CommandConfig
C:\Users\User\AppData\Local\Temp\cc8Hcwk0.s:264    .text.SDMMC_CommandConfig:0000000000000000 .L0 
C:\Users\User\AppData\Local\Temp\cc8Hcwk0.s:266    .text.SDMMC_CommandConfig:0000000000000000 .L0 
C:\Users\User\AppData\Local\Temp\cc8Hcwk0.s:267    .text.SDMMC_CommandConfig:0000000000000000 .L0 
C:\Users\User\AppData\Local\Temp\cc8Hcwk0.s:268    .text.SDMMC_CommandConfig:0000000000000000 $x
C:\Users\User\AppData\Local\Temp\cc8Hcwk0.s:268    .text.SDMMC_CommandConfig:0000000000000000 .L0 
C:\Users\User\AppData\Local\Temp\cc8Hcwk0.s:270    .text.SDMMC_CommandConfig:0000000000000002 .L0 
C:\Users\User\AppData\Local\Temp\cc8Hcwk0.s:272    .text.SDMMC_CommandConfig:0000000000000006 .L0 
C:\Users\User\AppData\Local\Temp\cc8Hcwk0.s:274    .text.SDMMC_CommandConfig:000000000000000a .L0 
C:\Users\User\AppData\Local\Temp\cc8Hcwk0.s:276    .text.SDMMC_CommandConfig:000000000000000c .L0 
C:\Users\User\AppData\Local\Temp\cc8Hcwk0.s:277    .text.SDMMC_CommandConfig:000000000000000c .L0 
C:\Users\User\AppData\Local\Temp\cc8Hcwk0.s:280    .text.SDMMC_CommandConfig:0000000000000012 .L0 
C:\Users\User\AppData\Local\Temp\cc8Hcwk0.s:282    .text.SDMMC_CommandConfig:0000000000000016 .L0 
C:\Users\User\AppData\Local\Temp\cc8Hcwk0.s:285    .text.SDMMC_CommandConfig:000000000000001a .L0 
C:\Users\User\AppData\Local\Temp\cc8Hcwk0.s:290    .text.SDMMC_CommandConfig:0000000000000024 .L0 
C:\Users\User\AppData\Local\Temp\cc8Hcwk0.s:292    .text.SDMMC_CommandConfig:0000000000000026 .L0 
C:\Users\User\AppData\Local\Temp\cc8Hcwk0.s:295    .text.SDMMC_CommandConfig:000000000000002c .L0 
C:\Users\User\AppData\Local\Temp\cc8Hcwk0.s:297    .text.SDMMC_CommandConfig:000000000000002e .L0 
C:\Users\User\AppData\Local\Temp\cc8Hcwk0.s:302    .text.SDMMC_CommandConfig:000000000000003a .L0 
C:\Users\User\AppData\Local\Temp\cc8Hcwk0.s:304    .text.SDMMC_CommandConfig:000000000000003c .L0 
C:\Users\User\AppData\Local\Temp\cc8Hcwk0.s:305    .text.SDMMC_CommandConfig:000000000000003e .L0 
C:\Users\User\AppData\Local\Temp\cc8Hcwk0.s:312    .text.SDMMC_GetResponse:0000000000000000 SDMMC_GetResponse
C:\Users\User\AppData\Local\Temp\cc8Hcwk0.s:315    .text.SDMMC_GetResponse:0000000000000000 .L0 
C:\Users\User\AppData\Local\Temp\cc8Hcwk0.s:317    .text.SDMMC_GetResponse:0000000000000000 .L0 
C:\Users\User\AppData\Local\Temp\cc8Hcwk0.s:318    .text.SDMMC_GetResponse:0000000000000000 .L0 
C:\Users\User\AppData\Local\Temp\cc8Hcwk0.s:319    .text.SDMMC_GetResponse:0000000000000000 $x
C:\Users\User\AppData\Local\Temp\cc8Hcwk0.s:319    .text.SDMMC_GetResponse:0000000000000000 .L0 
C:\Users\User\AppData\Local\Temp\cc8Hcwk0.s:324    .text.SDMMC_GetResponse:000000000000000a .L0 
C:\Users\User\AppData\Local\Temp\cc8Hcwk0.s:326    .text.SDMMC_GetResponse:000000000000000c .L0 
C:\Users\User\AppData\Local\Temp\cc8Hcwk0.s:327    .text.SDMMC_GetResponse:000000000000000e .L0 
C:\Users\User\AppData\Local\Temp\cc8Hcwk0.s:334    .text.SDMMC_DMAContinueWrite:0000000000000000 SDMMC_DMAContinueWrite
C:\Users\User\AppData\Local\Temp\cc8Hcwk0.s:337    .text.SDMMC_DMAContinueWrite:0000000000000000 .L0 
C:\Users\User\AppData\Local\Temp\cc8Hcwk0.s:338    .text.SDMMC_DMAContinueWrite:0000000000000000 .L0 
C:\Users\User\AppData\Local\Temp\cc8Hcwk0.s:339    .text.SDMMC_DMAContinueWrite:0000000000000000 .L0 
C:\Users\User\AppData\Local\Temp\cc8Hcwk0.s:340    .text.SDMMC_DMAContinueWrite:0000000000000000 $x
C:\Users\User\AppData\Local\Temp\cc8Hcwk0.s:340    .text.SDMMC_DMAContinueWrite:0000000000000000 .L0 
C:\Users\User\AppData\Local\Temp\cc8Hcwk0.s:343    .text.SDMMC_DMAContinueWrite:0000000000000008 .L0 
C:\Users\User\AppData\Local\Temp\cc8Hcwk0.s:344    .text.SDMMC_DMAContinueWrite:000000000000000a .L0 
C:\Users\User\AppData\Local\Temp\cc8Hcwk0.s:351    .text.SDMMC_GetStatus_LineData0:0000000000000000 SDMMC_GetStatus_LineData0
C:\Users\User\AppData\Local\Temp\cc8Hcwk0.s:354    .text.SDMMC_GetStatus_LineData0:0000000000000000 .L0 
C:\Users\User\AppData\Local\Temp\cc8Hcwk0.s:355    .text.SDMMC_GetStatus_LineData0:0000000000000000 .L0 
C:\Users\User\AppData\Local\Temp\cc8Hcwk0.s:357    .text.SDMMC_GetStatus_LineData0:0000000000000000 .L0 
C:\Users\User\AppData\Local\Temp\cc8Hcwk0.s:358    .text.SDMMC_GetStatus_LineData0:0000000000000000 .L0 
C:\Users\User\AppData\Local\Temp\cc8Hcwk0.s:359    .text.SDMMC_GetStatus_LineData0:0000000000000000 $x
C:\Users\User\AppData\Local\Temp\cc8Hcwk0.s:359    .text.SDMMC_GetStatus_LineData0:0000000000000000 .L0 
C:\Users\User\AppData\Local\Temp\cc8Hcwk0.s:363    .text.SDMMC_GetStatus_LineData0:0000000000000006 .L0 
C:\Users\User\AppData\Local\Temp\cc8Hcwk0.s:364    .text.SDMMC_GetStatus_LineData0:0000000000000006 .L0 
C:\Users\User\AppData\Local\Temp\cc8Hcwk0.s:367    .text.SDMMC_GetStatus_LineData0:000000000000000c .L0 
C:\Users\User\AppData\Local\Temp\cc8Hcwk0.s:374    .text.SDMMC_GetStatus_LineCMD:0000000000000000 SDMMC_GetStatus_LineCMD
C:\Users\User\AppData\Local\Temp\cc8Hcwk0.s:377    .text.SDMMC_GetStatus_LineCMD:0000000000000000 .L0 
C:\Users\User\AppData\Local\Temp\cc8Hcwk0.s:378    .text.SDMMC_GetStatus_LineCMD:0000000000000000 .L0 
C:\Users\User\AppData\Local\Temp\cc8Hcwk0.s:380    .text.SDMMC_GetStatus_LineCMD:0000000000000000 .L0 
C:\Users\User\AppData\Local\Temp\cc8Hcwk0.s:381    .text.SDMMC_GetStatus_LineCMD:0000000000000000 .L0 
C:\Users\User\AppData\Local\Temp\cc8Hcwk0.s:382    .text.SDMMC_GetStatus_LineCMD:0000000000000000 $x
C:\Users\User\AppData\Local\Temp\cc8Hcwk0.s:382    .text.SDMMC_GetStatus_LineCMD:0000000000000000 .L0 
C:\Users\User\AppData\Local\Temp\cc8Hcwk0.s:386    .text.SDMMC_GetStatus_LineCMD:0000000000000006 .L0 
C:\Users\User\AppData\Local\Temp\cc8Hcwk0.s:387    .text.SDMMC_GetStatus_LineCMD:0000000000000006 .L0 
C:\Users\User\AppData\Local\Temp\cc8Hcwk0.s:390    .text.SDMMC_GetStatus_LineCMD:000000000000000c .L0 
C:\Users\User\AppData\Local\Temp\cc8Hcwk0.s:397    .text.SDMMC_GetBlockNumSuccess:0000000000000000 SDMMC_GetBlockNumSuccess
C:\Users\User\AppData\Local\Temp\cc8Hcwk0.s:400    .text.SDMMC_GetBlockNumSuccess:0000000000000000 .L0 
C:\Users\User\AppData\Local\Temp\cc8Hcwk0.s:401    .text.SDMMC_GetBlockNumSuccess:0000000000000000 .L0 
C:\Users\User\AppData\Local\Temp\cc8Hcwk0.s:402    .text.SDMMC_GetBlockNumSuccess:0000000000000000 .L0 
C:\Users\User\AppData\Local\Temp\cc8Hcwk0.s:403    .text.SDMMC_GetBlockNumSuccess:0000000000000000 $x
C:\Users\User\AppData\Local\Temp\cc8Hcwk0.s:403    .text.SDMMC_GetBlockNumSuccess:0000000000000000 .L0 
C:\Users\User\AppData\Local\Temp\cc8Hcwk0.s:406    .text.SDMMC_GetBlockNumSuccess:0000000000000006 .L0 
C:\Users\User\AppData\Local\Temp\cc8Hcwk0.s:408    .text.SDMMC_GetBlockNumSuccess:000000000000000c .L0 
C:\Users\User\AppData\Local\Temp\cc8Hcwk0.s:415    .text.SDMMC_GetFlagStatus:0000000000000000 SDMMC_GetFlagStatus
C:\Users\User\AppData\Local\Temp\cc8Hcwk0.s:418    .text.SDMMC_GetFlagStatus:0000000000000000 .L0 
C:\Users\User\AppData\Local\Temp\cc8Hcwk0.s:420    .text.SDMMC_GetFlagStatus:0000000000000000 .L0 
C:\Users\User\AppData\Local\Temp\cc8Hcwk0.s:421    .text.SDMMC_GetFlagStatus:0000000000000000 .L0 
C:\Users\User\AppData\Local\Temp\cc8Hcwk0.s:422    .text.SDMMC_GetFlagStatus:0000000000000000 $x
C:\Users\User\AppData\Local\Temp\cc8Hcwk0.s:422    .text.SDMMC_GetFlagStatus:0000000000000000 .L0 
C:\Users\User\AppData\Local\Temp\cc8Hcwk0.s:425    .text.SDMMC_GetFlagStatus:0000000000000006 .L0 
C:\Users\User\AppData\Local\Temp\cc8Hcwk0.s:428    .text.SDMMC_GetFlagStatus:0000000000000008 .L0 
C:\Users\User\AppData\Local\Temp\cc8Hcwk0.s:430    .text.SDMMC_GetFlagStatus:000000000000000e .L0 
C:\Users\User\AppData\Local\Temp\cc8Hcwk0.s:437    .text.SDMMC_ClearFlags:0000000000000000 SDMMC_ClearFlags
C:\Users\User\AppData\Local\Temp\cc8Hcwk0.s:440    .text.SDMMC_ClearFlags:0000000000000000 .L0 
C:\Users\User\AppData\Local\Temp\cc8Hcwk0.s:442    .text.SDMMC_ClearFlags:0000000000000000 .L0 
C:\Users\User\AppData\Local\Temp\cc8Hcwk0.s:443    .text.SDMMC_ClearFlags:0000000000000000 .L0 
C:\Users\User\AppData\Local\Temp\cc8Hcwk0.s:444    .text.SDMMC_ClearFlags:0000000000000000 $x
C:\Users\User\AppData\Local\Temp\cc8Hcwk0.s:444    .text.SDMMC_ClearFlags:0000000000000000 .L0 
C:\Users\User\AppData\Local\Temp\cc8Hcwk0.s:447    .text.SDMMC_ClearFlags:0000000000000006 .L0 
C:\Users\User\AppData\Local\Temp\cc8Hcwk0.s:448    .text.SDMMC_ClearFlags:0000000000000008 .L0 
C:\Users\User\AppData\Local\Temp\cc8Hcwk0.s:455    .text.SDMMC_ITConfig:0000000000000000 SDMMC_ITConfig
C:\Users\User\AppData\Local\Temp\cc8Hcwk0.s:458    .text.SDMMC_ITConfig:0000000000000000 .L0 
C:\Users\User\AppData\Local\Temp\cc8Hcwk0.s:460    .text.SDMMC_ITConfig:0000000000000000 .L0 
C:\Users\User\AppData\Local\Temp\cc8Hcwk0.s:461    .text.SDMMC_ITConfig:0000000000000000 .L0 
C:\Users\User\AppData\Local\Temp\cc8Hcwk0.s:462    .text.SDMMC_ITConfig:0000000000000000 $x
C:\Users\User\AppData\Local\Temp\cc8Hcwk0.s:462    .text.SDMMC_ITConfig:0000000000000000 .L0 
C:\Users\User\AppData\Local\Temp\cc8Hcwk0.s:464    .text.SDMMC_ITConfig:0000000000000002 .L0 
C:\Users\User\AppData\Local\Temp\cc8Hcwk0.s:465    .text.SDMMC_ITConfig:0000000000000002 .L0 
C:\Users\User\AppData\Local\Temp\cc8Hcwk0.s:468    .text.SDMMC_ITConfig:0000000000000008 .L0 
C:\Users\User\AppData\Local\Temp\cc8Hcwk0.s:473    .text.SDMMC_ITConfig:000000000000000e .L0 
C:\Users\User\AppData\Local\Temp\cc8Hcwk0.s:474    .text.SDMMC_ITConfig:000000000000000e .L0 
C:\Users\User\AppData\Local\Temp\cc8Hcwk0.s:477    .text.SDMMC_ITConfig:0000000000000014 .L0 
C:\Users\User\AppData\Local\Temp\cc8Hcwk0.s:481    .text.SDMMC_ITConfig:000000000000001a .L0 
C:\Users\User\AppData\Local\Temp\cc8Hcwk0.s:482    .text.SDMMC_ITConfig:000000000000001c .L0 
C:\Users\User\AppData\Local\Temp\cc8Hcwk0.s:489    .text.SDMMC_GetITStatus:0000000000000000 SDMMC_GetITStatus
C:\Users\User\AppData\Local\Temp\cc8Hcwk0.s:492    .text.SDMMC_GetITStatus:0000000000000000 .L0 
C:\Users\User\AppData\Local\Temp\cc8Hcwk0.s:494    .text.SDMMC_GetITStatus:0000000000000000 .L0 
C:\Users\User\AppData\Local\Temp\cc8Hcwk0.s:495    .text.SDMMC_GetITStatus:0000000000000000 .L0 
C:\Users\User\AppData\Local\Temp\cc8Hcwk0.s:496    .text.SDMMC_GetITStatus:0000000000000000 .L0 
C:\Users\User\AppData\Local\Temp\cc8Hcwk0.s:497    .text.SDMMC_GetITStatus:0000000000000000 .L0 
C:\Users\User\AppData\Local\Temp\cc8Hcwk0.s:498    .text.SDMMC_GetITStatus:0000000000000000 $x
C:\Users\User\AppData\Local\Temp\cc8Hcwk0.s:498    .text.SDMMC_GetITStatus:0000000000000000 .L0 
C:\Users\User\AppData\Local\Temp\cc8Hcwk0.s:501    .text.SDMMC_GetITStatus:0000000000000006 .L0 
C:\Users\User\AppData\Local\Temp\cc8Hcwk0.s:503    .text.SDMMC_GetITStatus:0000000000000008 .L0 
C:\Users\User\AppData\Local\Temp\cc8Hcwk0.s:506    .text.SDMMC_GetITStatus:000000000000000c .L0 
C:\Users\User\AppData\Local\Temp\cc8Hcwk0.s:507    .text.SDMMC_GetITStatus:000000000000000c .L0 
C:\Users\User\AppData\Local\Temp\cc8Hcwk0.s:510    .text.SDMMC_GetITStatus:0000000000000010 .L0 
C:\Users\User\AppData\Local\Temp\cc8Hcwk0.s:517    .text.SDMMC_GetITStatus:0000000000000018 .L0 
C:\Users\User\AppData\Local\Temp\cc8Hcwk0.s:520    .text.SDMMC_GetITStatus:000000000000001a .L0 
C:\Users\User\AppData\Local\Temp\cc8Hcwk0.s:521    .text.SDMMC_GetITStatus:000000000000001a .L0 
C:\Users\User\AppData\Local\Temp\cc8Hcwk0.s:522    .text.SDMMC_GetITStatus:000000000000001c .L0 
C:\Users\User\AppData\Local\Temp\cc8Hcwk0.s:529    .text.SDMMC_ClearITPendingBits:0000000000000000 SDMMC_ClearITPendingBits
C:\Users\User\AppData\Local\Temp\cc8Hcwk0.s:531    .text.SDMMC_ClearITPendingBits:0000000000000000 .L0 
C:\Users\User\AppData\Local\Temp\cc8Hcwk0.s:533    .text.SDMMC_ClearITPendingBits:0000000000000000 $x
C:\Users\User\AppData\Local\Temp\cc8Hcwk0.s:533    .text.SDMMC_ClearITPendingBits:0000000000000000 .L0 
C:\Users\User\AppData\Local\Temp\cc8Hcwk0.s:536    .text.SDMMC_ClearITPendingBits:0000000000000008 .L0 
C:\Users\User\AppData\Local\Temp\cc8Hcwk0.s:543    .text.SDMMC_BlockConfig:0000000000000000 SDMMC_BlockConfig
C:\Users\User\AppData\Local\Temp\cc8Hcwk0.s:546    .text.SDMMC_BlockConfig:0000000000000000 .L0 
C:\Users\User\AppData\Local\Temp\cc8Hcwk0.s:548    .text.SDMMC_BlockConfig:0000000000000000 .L0 
C:\Users\User\AppData\Local\Temp\cc8Hcwk0.s:549    .text.SDMMC_BlockConfig:0000000000000000 .L0 
C:\Users\User\AppData\Local\Temp\cc8Hcwk0.s:550    .text.SDMMC_BlockConfig:0000000000000000 $x
C:\Users\User\AppData\Local\Temp\cc8Hcwk0.s:550    .text.SDMMC_BlockConfig:0000000000000000 .L0 
C:\Users\User\AppData\Local\Temp\cc8Hcwk0.s:553    .text.SDMMC_BlockConfig:0000000000000002 .L0 
C:\Users\User\AppData\Local\Temp\cc8Hcwk0.s:555    .text.SDMMC_BlockConfig:0000000000000004 .L0 
C:\Users\User\AppData\Local\Temp\cc8Hcwk0.s:558    .text.SDMMC_BlockConfig:000000000000000a .L0 
C:\Users\User\AppData\Local\Temp\cc8Hcwk0.s:559    .text.SDMMC_BlockConfig:000000000000000c .L0 
C:\Users\User\AppData\Local\Temp\cc8Hcwk0.s:566    .text.SDMMC_TranMode_Init:0000000000000000 SDMMC_TranMode_Init
C:\Users\User\AppData\Local\Temp\cc8Hcwk0.s:569    .text.SDMMC_TranMode_Init:0000000000000000 .L0 
C:\Users\User\AppData\Local\Temp\cc8Hcwk0.s:571    .text.SDMMC_TranMode_Init:0000000000000000 .L0 
C:\Users\User\AppData\Local\Temp\cc8Hcwk0.s:572    .text.SDMMC_TranMode_Init:0000000000000000 .L0 
C:\Users\User\AppData\Local\Temp\cc8Hcwk0.s:573    .text.SDMMC_TranMode_Init:0000000000000000 $x
C:\Users\User\AppData\Local\Temp\cc8Hcwk0.s:573    .text.SDMMC_TranMode_Init:0000000000000000 .L0 
C:\Users\User\AppData\Local\Temp\cc8Hcwk0.s:576    .text.SDMMC_TranMode_Init:0000000000000008 .L0 
C:\Users\User\AppData\Local\Temp\cc8Hcwk0.s:577    .text.SDMMC_TranMode_Init:0000000000000008 .L0 
C:\Users\User\AppData\Local\Temp\cc8Hcwk0.s:581    .text.SDMMC_TranMode_Init:000000000000000e .L0 
C:\Users\User\AppData\Local\Temp\cc8Hcwk0.s:584    .text.SDMMC_TranMode_Init:0000000000000012 .L0 
C:\Users\User\AppData\Local\Temp\cc8Hcwk0.s:586    .text.SDMMC_TranMode_Init:0000000000000014 .L0 
C:\Users\User\AppData\Local\Temp\cc8Hcwk0.s:589    .text.SDMMC_TranMode_Init:0000000000000018 .L0 
C:\Users\User\AppData\Local\Temp\cc8Hcwk0.s:591    .text.SDMMC_TranMode_Init:000000000000001a .L0 
C:\Users\User\AppData\Local\Temp\cc8Hcwk0.s:594    .text.SDMMC_TranMode_Init:000000000000001e .L0 
C:\Users\User\AppData\Local\Temp\cc8Hcwk0.s:596    .text.SDMMC_TranMode_Init:0000000000000020 .L0 
C:\Users\User\AppData\Local\Temp\cc8Hcwk0.s:599    .text.SDMMC_TranMode_Init:0000000000000024 .L0 
C:\Users\User\AppData\Local\Temp\cc8Hcwk0.s:601    .text.SDMMC_TranMode_Init:0000000000000026 .L0 
C:\Users\User\AppData\Local\Temp\cc8Hcwk0.s:604    .text.SDMMC_TranMode_Init:000000000000002a .L0 
C:\Users\User\AppData\Local\Temp\cc8Hcwk0.s:606    .text.SDMMC_TranMode_Init:000000000000002c .L0 
C:\Users\User\AppData\Local\Temp\cc8Hcwk0.s:609    .text.SDMMC_TranMode_Init:0000000000000030 .L0 
C:\Users\User\AppData\Local\Temp\cc8Hcwk0.s:611    .text.SDMMC_TranMode_Init:0000000000000032 .L0 
C:\Users\User\AppData\Local\Temp\cc8Hcwk0.s:614    .text.SDMMC_TranMode_Init:0000000000000036 .L0 
C:\Users\User\AppData\Local\Temp\cc8Hcwk0.s:616    .text.SDMMC_TranMode_Init:0000000000000038 .L0 
C:\Users\User\AppData\Local\Temp\cc8Hcwk0.s:618    .text.SDMMC_TranMode_Init:000000000000003a .L0 
C:\Users\User\AppData\Local\Temp\cc8Hcwk0.s:619    .text.SDMMC_TranMode_Init:000000000000003c .L0 
C:\Users\User\AppData\Local\Temp\cc8Hcwk0.s:626    .text.SDMMC_SetAUTOGAPStop:0000000000000000 SDMMC_SetAUTOGAPStop
C:\Users\User\AppData\Local\Temp\cc8Hcwk0.s:629    .text.SDMMC_SetAUTOGAPStop:0000000000000000 .L0 
C:\Users\User\AppData\Local\Temp\cc8Hcwk0.s:631    .text.SDMMC_SetAUTOGAPStop:0000000000000000 .L0 
C:\Users\User\AppData\Local\Temp\cc8Hcwk0.s:632    .text.SDMMC_SetAUTOGAPStop:0000000000000000 .L0 
C:\Users\User\AppData\Local\Temp\cc8Hcwk0.s:633    .text.SDMMC_SetAUTOGAPStop:0000000000000000 $x
C:\Users\User\AppData\Local\Temp\cc8Hcwk0.s:633    .text.SDMMC_SetAUTOGAPStop:0000000000000000 .L0 
C:\Users\User\AppData\Local\Temp\cc8Hcwk0.s:636    .text.SDMMC_SetAUTOGAPStop:0000000000000006 .L0 
C:\Users\User\AppData\Local\Temp\cc8Hcwk0.s:638    .text.SDMMC_SetAUTOGAPStop:0000000000000008 .L0 
C:\Users\User\AppData\Local\Temp\cc8Hcwk0.s:639    .text.SDMMC_SetAUTOGAPStop:0000000000000008 .L0 
C:\Users\User\AppData\Local\Temp\cc8Hcwk0.s:642    .text.SDMMC_SetAUTOGAPStop:000000000000000c .L0 
C:\Users\User\AppData\Local\Temp\cc8Hcwk0.s:644    .text.SDMMC_SetAUTOGAPStop:000000000000000e .L0 
C:\Users\User\AppData\Local\Temp\cc8Hcwk0.s:647    .text.SDMMC_SetAUTOGAPStop:0000000000000010 .L0 
C:\Users\User\AppData\Local\Temp\cc8Hcwk0.s:648    .text.SDMMC_SetAUTOGAPStop:0000000000000010 .L0 
C:\Users\User\AppData\Local\Temp\cc8Hcwk0.s:650    .text.SDMMC_SetAUTOGAPStop:0000000000000014 .L0 
C:\Users\User\AppData\Local\Temp\cc8Hcwk0.s:657    .text.SDMMC_GetStatus_GAPStop:0000000000000000 SDMMC_GetStatus_GAPStop
C:\Users\User\AppData\Local\Temp\cc8Hcwk0.s:660    .text.SDMMC_GetStatus_GAPStop:0000000000000000 .L0 
C:\Users\User\AppData\Local\Temp\cc8Hcwk0.s:661    .text.SDMMC_GetStatus_GAPStop:0000000000000000 .L0 
C:\Users\User\AppData\Local\Temp\cc8Hcwk0.s:663    .text.SDMMC_GetStatus_GAPStop:0000000000000000 .L0 
C:\Users\User\AppData\Local\Temp\cc8Hcwk0.s:664    .text.SDMMC_GetStatus_GAPStop:0000000000000000 .L0 
C:\Users\User\AppData\Local\Temp\cc8Hcwk0.s:665    .text.SDMMC_GetStatus_GAPStop:0000000000000000 $x
C:\Users\User\AppData\Local\Temp\cc8Hcwk0.s:665    .text.SDMMC_GetStatus_GAPStop:0000000000000000 .L0 
C:\Users\User\AppData\Local\Temp\cc8Hcwk0.s:669    .text.SDMMC_GetStatus_GAPStop:0000000000000006 .L0 
C:\Users\User\AppData\Local\Temp\cc8Hcwk0.s:670    .text.SDMMC_GetStatus_GAPStop:0000000000000006 .L0 
C:\Users\User\AppData\Local\Temp\cc8Hcwk0.s:673    .text.SDMMC_GetStatus_GAPStop:000000000000000c .L0 
C:\Users\User\AppData\Local\Temp\cc8Hcwk0.s:680    .text.SDMMC_SetGAPStop:0000000000000000 SDMMC_SetGAPStop
C:\Users\User\AppData\Local\Temp\cc8Hcwk0.s:683    .text.SDMMC_SetGAPStop:0000000000000000 .L0 
C:\Users\User\AppData\Local\Temp\cc8Hcwk0.s:684    .text.SDMMC_SetGAPStop:0000000000000000 .L0 
C:\Users\User\AppData\Local\Temp\cc8Hcwk0.s:685    .text.SDMMC_SetGAPStop:0000000000000000 .L0 
C:\Users\User\AppData\Local\Temp\cc8Hcwk0.s:686    .text.SDMMC_SetGAPStop:0000000000000000 $x
C:\Users\User\AppData\Local\Temp\cc8Hcwk0.s:686    .text.SDMMC_SetGAPStop:0000000000000000 .L0 
C:\Users\User\AppData\Local\Temp\cc8Hcwk0.s:689    .text.SDMMC_SetGAPStop:0000000000000006 .L0 
C:\Users\User\AppData\Local\Temp\cc8Hcwk0.s:692    .text.SDMMC_SetGAPStop:000000000000000c .L0 
C:\Users\User\AppData\Local\Temp\cc8Hcwk0.s:693    .text.SDMMC_SetGAPStop:000000000000000e .L0 
C:\Users\User\AppData\Local\Temp\cc8Hcwk0.s:700    .text.SDMMC_ClearGAPStop:0000000000000000 SDMMC_ClearGAPStop
C:\Users\User\AppData\Local\Temp\cc8Hcwk0.s:703    .text.SDMMC_ClearGAPStop:0000000000000000 .L0 
C:\Users\User\AppData\Local\Temp\cc8Hcwk0.s:704    .text.SDMMC_ClearGAPStop:0000000000000000 .L0 
C:\Users\User\AppData\Local\Temp\cc8Hcwk0.s:705    .text.SDMMC_ClearGAPStop:0000000000000000 .L0 
C:\Users\User\AppData\Local\Temp\cc8Hcwk0.s:706    .text.SDMMC_ClearGAPStop:0000000000000000 $x
C:\Users\User\AppData\Local\Temp\cc8Hcwk0.s:706    .text.SDMMC_ClearGAPStop:0000000000000000 .L0 
C:\Users\User\AppData\Local\Temp\cc8Hcwk0.s:709    .text.SDMMC_ClearGAPStop:0000000000000006 .L0 
C:\Users\User\AppData\Local\Temp\cc8Hcwk0.s:712    .text.SDMMC_ClearGAPStop:000000000000000a .L0 
C:\Users\User\AppData\Local\Temp\cc8Hcwk0.s:713    .text.SDMMC_ClearGAPStop:000000000000000c .L0 
C:\Users\User\AppData\Local\Temp\cc8Hcwk0.s:720    .text.SDMMC_SetDMAAddr1:0000000000000000 SDMMC_SetDMAAddr1
C:\Users\User\AppData\Local\Temp\cc8Hcwk0.s:723    .text.SDMMC_SetDMAAddr1:0000000000000000 .L0 
C:\Users\User\AppData\Local\Temp\cc8Hcwk0.s:725    .text.SDMMC_SetDMAAddr1:0000000000000000 .L0 
C:\Users\User\AppData\Local\Temp\cc8Hcwk0.s:726    .text.SDMMC_SetDMAAddr1:0000000000000000 .L0 
C:\Users\User\AppData\Local\Temp\cc8Hcwk0.s:727    .text.SDMMC_SetDMAAddr1:0000000000000000 $x
C:\Users\User\AppData\Local\Temp\cc8Hcwk0.s:727    .text.SDMMC_SetDMAAddr1:0000000000000000 .L0 
C:\Users\User\AppData\Local\Temp\cc8Hcwk0.s:730    .text.SDMMC_SetDMAAddr1:0000000000000006 .L0 
C:\Users\User\AppData\Local\Temp\cc8Hcwk0.s:731    .text.SDMMC_SetDMAAddr1:0000000000000008 .L0 
C:\Users\User\AppData\Local\Temp\cc8Hcwk0.s:738    .text.SDMMC_SetDMAAddr2:0000000000000000 SDMMC_SetDMAAddr2
C:\Users\User\AppData\Local\Temp\cc8Hcwk0.s:741    .text.SDMMC_SetDMAAddr2:0000000000000000 .L0 
C:\Users\User\AppData\Local\Temp\cc8Hcwk0.s:743    .text.SDMMC_SetDMAAddr2:0000000000000000 .L0 
C:\Users\User\AppData\Local\Temp\cc8Hcwk0.s:744    .text.SDMMC_SetDMAAddr2:0000000000000000 .L0 
C:\Users\User\AppData\Local\Temp\cc8Hcwk0.s:745    .text.SDMMC_SetDMAAddr2:0000000000000000 $x
C:\Users\User\AppData\Local\Temp\cc8Hcwk0.s:745    .text.SDMMC_SetDMAAddr2:0000000000000000 .L0 
C:\Users\User\AppData\Local\Temp\cc8Hcwk0.s:748    .text.SDMMC_SetDMAAddr2:0000000000000006 .L0 
C:\Users\User\AppData\Local\Temp\cc8Hcwk0.s:749    .text.SDMMC_SetDMAAddr2:0000000000000008 .L0 
C:\Users\User\AppData\Local\Temp\cc8Hcwk0.s:756    .text.SDMMC_IOInputDelayDDRInit:0000000000000000 SDMMC_IOInputDelayDDRInit
C:\Users\User\AppData\Local\Temp\cc8Hcwk0.s:759    .text.SDMMC_IOInputDelayDDRInit:0000000000000000 .L0 
C:\Users\User\AppData\Local\Temp\cc8Hcwk0.s:761    .text.SDMMC_IOInputDelayDDRInit:0000000000000000 .L0 
C:\Users\User\AppData\Local\Temp\cc8Hcwk0.s:762    .text.SDMMC_IOInputDelayDDRInit:0000000000000000 .L0 
C:\Users\User\AppData\Local\Temp\cc8Hcwk0.s:763    .text.SDMMC_IOInputDelayDDRInit:0000000000000000 $x
C:\Users\User\AppData\Local\Temp\cc8Hcwk0.s:763    .text.SDMMC_IOInputDelayDDRInit:0000000000000000 .L0 
C:\Users\User\AppData\Local\Temp\cc8Hcwk0.s:766    .text.SDMMC_IOInputDelayDDRInit:0000000000000006 .L0 
C:\Users\User\AppData\Local\Temp\cc8Hcwk0.s:771    .text.SDMMC_IOInputDelayDDRInit:0000000000000012 .L0 
C:\Users\User\AppData\Local\Temp\cc8Hcwk0.s:772    .text.SDMMC_IOInputDelayDDRInit:0000000000000012 .L0 
C:\Users\User\AppData\Local\Temp\cc8Hcwk0.s:774    .text.SDMMC_IOInputDelayDDRInit:0000000000000016 .L0 
C:\Users\User\AppData\Local\Temp\cc8Hcwk0.s:775    .text.SDMMC_IOInputDelayDDRInit:0000000000000016 .L0 
C:\Users\User\AppData\Local\Temp\cc8Hcwk0.s:777    .text.SDMMC_IOInputDelayDDRInit:0000000000000018 .L0 
C:\Users\User\AppData\Local\Temp\cc8Hcwk0.s:779    .text.SDMMC_IOInputDelayDDRInit:000000000000001a .L0 
C:\Users\User\AppData\Local\Temp\cc8Hcwk0.s:781    .text.SDMMC_IOInputDelayDDRInit:000000000000001c .L0 
C:\Users\User\AppData\Local\Temp\cc8Hcwk0.s:783    .text.SDMMC_IOInputDelayDDRInit:000000000000001e .L0 
C:\Users\User\AppData\Local\Temp\cc8Hcwk0.s:785    .text.SDMMC_IOInputDelayDDRInit:0000000000000020 .L0 
C:\Users\User\AppData\Local\Temp\cc8Hcwk0.s:787    .text.SDMMC_IOInputDelayDDRInit:0000000000000022 .L0 
C:\Users\User\AppData\Local\Temp\cc8Hcwk0.s:790    .text.SDMMC_IOInputDelayDDRInit:0000000000000026 .L0 
C:\Users\User\AppData\Local\Temp\cc8Hcwk0.s:791    .text.SDMMC_IOInputDelayDDRInit:0000000000000026 .L0 
C:\Users\User\AppData\Local\Temp\cc8Hcwk0.s:793    .text.SDMMC_IOInputDelayDDRInit:0000000000000028 .L0 
C:\Users\User\AppData\Local\Temp\cc8Hcwk0.s:795    .text.SDMMC_IOInputDelayDDRInit:000000000000002a .L0 
C:\Users\User\AppData\Local\Temp\cc8Hcwk0.s:797    .text.SDMMC_IOInputDelayDDRInit:000000000000002c .L0 
C:\Users\User\AppData\Local\Temp\cc8Hcwk0.s:799    .text.SDMMC_IOInputDelayDDRInit:000000000000002e .L0 
C:\Users\User\AppData\Local\Temp\cc8Hcwk0.s:802    .text.SDMMC_IOInputDelayDDRInit:0000000000000032 .L0 
C:\Users\User\AppData\Local\Temp\cc8Hcwk0.s:804    .text.SDMMC_IOInputDelayDDRInit:0000000000000034 .L0 
C:\Users\User\AppData\Local\Temp\cc8Hcwk0.s:806    .text.SDMMC_IOInputDelayDDRInit:0000000000000036 .L0 
C:\Users\User\AppData\Local\Temp\cc8Hcwk0.s:808    .text.SDMMC_IOInputDelayDDRInit:0000000000000038 .L0 
C:\Users\User\AppData\Local\Temp\cc8Hcwk0.s:810    .text.SDMMC_IOInputDelayDDRInit:000000000000003a .L0 
C:\Users\User\AppData\Local\Temp\cc8Hcwk0.s:812    .text.SDMMC_IOInputDelayDDRInit:000000000000003c .L0 
C:\Users\User\AppData\Local\Temp\cc8Hcwk0.s:814    .text.SDMMC_IOInputDelayDDRInit:000000000000003e .L0 
C:\Users\User\AppData\Local\Temp\cc8Hcwk0.s:816    .text.SDMMC_IOInputDelayDDRInit:0000000000000040 .L0 
C:\Users\User\AppData\Local\Temp\cc8Hcwk0.s:818    .text.SDMMC_IOInputDelayDDRInit:0000000000000042 .L0 
C:\Users\User\AppData\Local\Temp\cc8Hcwk0.s:820    .text.SDMMC_IOInputDelayDDRInit:0000000000000044 .L0 
C:\Users\User\AppData\Local\Temp\cc8Hcwk0.s:822    .text.SDMMC_IOInputDelayDDRInit:0000000000000046 .L0 
C:\Users\User\AppData\Local\Temp\cc8Hcwk0.s:824    .text.SDMMC_IOInputDelayDDRInit:0000000000000048 .L0 
C:\Users\User\AppData\Local\Temp\cc8Hcwk0.s:826    .text.SDMMC_IOInputDelayDDRInit:000000000000004a .L0 
C:\Users\User\AppData\Local\Temp\cc8Hcwk0.s:828    .text.SDMMC_IOInputDelayDDRInit:000000000000004c .L0 
C:\Users\User\AppData\Local\Temp\cc8Hcwk0.s:830    .text.SDMMC_IOInputDelayDDRInit:000000000000004e .L0 
C:\Users\User\AppData\Local\Temp\cc8Hcwk0.s:832    .text.SDMMC_IOInputDelayDDRInit:0000000000000050 .L0 
C:\Users\User\AppData\Local\Temp\cc8Hcwk0.s:834    .text.SDMMC_IOInputDelayDDRInit:0000000000000052 .L0 
C:\Users\User\AppData\Local\Temp\cc8Hcwk0.s:836    .text.SDMMC_IOInputDelayDDRInit:0000000000000054 .L0 
C:\Users\User\AppData\Local\Temp\cc8Hcwk0.s:839    .text.SDMMC_IOInputDelayDDRInit:0000000000000058 .L0 
C:\Users\User\AppData\Local\Temp\cc8Hcwk0.s:840    .text.SDMMC_IOInputDelayDDRInit:000000000000005a .L0 
C:\Users\User\AppData\Local\Temp\cc8Hcwk0.s:847    .text.SDMMC_IOOutputDelayDDRInit:0000000000000000 SDMMC_IOOutputDelayDDRInit
C:\Users\User\AppData\Local\Temp\cc8Hcwk0.s:850    .text.SDMMC_IOOutputDelayDDRInit:0000000000000000 .L0 
C:\Users\User\AppData\Local\Temp\cc8Hcwk0.s:852    .text.SDMMC_IOOutputDelayDDRInit:0000000000000000 .L0 
C:\Users\User\AppData\Local\Temp\cc8Hcwk0.s:853    .text.SDMMC_IOOutputDelayDDRInit:0000000000000000 .L0 
C:\Users\User\AppData\Local\Temp\cc8Hcwk0.s:854    .text.SDMMC_IOOutputDelayDDRInit:0000000000000000 $x
C:\Users\User\AppData\Local\Temp\cc8Hcwk0.s:854    .text.SDMMC_IOOutputDelayDDRInit:0000000000000000 .L0 
C:\Users\User\AppData\Local\Temp\cc8Hcwk0.s:857    .text.SDMMC_IOOutputDelayDDRInit:0000000000000006 .L0 
C:\Users\User\AppData\Local\Temp\cc8Hcwk0.s:862    .text.SDMMC_IOOutputDelayDDRInit:0000000000000010 .L0 
C:\Users\User\AppData\Local\Temp\cc8Hcwk0.s:863    .text.SDMMC_IOOutputDelayDDRInit:0000000000000010 .L0 
C:\Users\User\AppData\Local\Temp\cc8Hcwk0.s:865    .text.SDMMC_IOOutputDelayDDRInit:0000000000000014 .L0 
C:\Users\User\AppData\Local\Temp\cc8Hcwk0.s:866    .text.SDMMC_IOOutputDelayDDRInit:0000000000000014 .L0 
C:\Users\User\AppData\Local\Temp\cc8Hcwk0.s:868    .text.SDMMC_IOOutputDelayDDRInit:0000000000000016 .L0 
C:\Users\User\AppData\Local\Temp\cc8Hcwk0.s:870    .text.SDMMC_IOOutputDelayDDRInit:0000000000000018 .L0 
C:\Users\User\AppData\Local\Temp\cc8Hcwk0.s:872    .text.SDMMC_IOOutputDelayDDRInit:000000000000001a .L0 
C:\Users\User\AppData\Local\Temp\cc8Hcwk0.s:874    .text.SDMMC_IOOutputDelayDDRInit:000000000000001c .L0 
C:\Users\User\AppData\Local\Temp\cc8Hcwk0.s:878    .text.SDMMC_IOOutputDelayDDRInit:0000000000000022 .L0 
C:\Users\User\AppData\Local\Temp\cc8Hcwk0.s:879    .text.SDMMC_IOOutputDelayDDRInit:0000000000000022 .L0 
C:\Users\User\AppData\Local\Temp\cc8Hcwk0.s:881    .text.SDMMC_IOOutputDelayDDRInit:0000000000000024 .L0 
C:\Users\User\AppData\Local\Temp\cc8Hcwk0.s:883    .text.SDMMC_IOOutputDelayDDRInit:0000000000000026 .L0 
C:\Users\User\AppData\Local\Temp\cc8Hcwk0.s:885    .text.SDMMC_IOOutputDelayDDRInit:0000000000000028 .L0 
C:\Users\User\AppData\Local\Temp\cc8Hcwk0.s:887    .text.SDMMC_IOOutputDelayDDRInit:000000000000002a .L0 
C:\Users\User\AppData\Local\Temp\cc8Hcwk0.s:890    .text.SDMMC_IOOutputDelayDDRInit:000000000000002e .L0 
C:\Users\User\AppData\Local\Temp\cc8Hcwk0.s:892    .text.SDMMC_IOOutputDelayDDRInit:0000000000000030 .L0 
C:\Users\User\AppData\Local\Temp\cc8Hcwk0.s:894    .text.SDMMC_IOOutputDelayDDRInit:0000000000000032 .L0 
C:\Users\User\AppData\Local\Temp\cc8Hcwk0.s:896    .text.SDMMC_IOOutputDelayDDRInit:0000000000000034 .L0 
C:\Users\User\AppData\Local\Temp\cc8Hcwk0.s:898    .text.SDMMC_IOOutputDelayDDRInit:0000000000000036 .L0 
C:\Users\User\AppData\Local\Temp\cc8Hcwk0.s:900    .text.SDMMC_IOOutputDelayDDRInit:0000000000000038 .L0 
C:\Users\User\AppData\Local\Temp\cc8Hcwk0.s:902    .text.SDMMC_IOOutputDelayDDRInit:000000000000003a .L0 
C:\Users\User\AppData\Local\Temp\cc8Hcwk0.s:904    .text.SDMMC_IOOutputDelayDDRInit:000000000000003c .L0 
C:\Users\User\AppData\Local\Temp\cc8Hcwk0.s:906    .text.SDMMC_IOOutputDelayDDRInit:000000000000003e .L0 
C:\Users\User\AppData\Local\Temp\cc8Hcwk0.s:908    .text.SDMMC_IOOutputDelayDDRInit:0000000000000040 .L0 
C:\Users\User\AppData\Local\Temp\cc8Hcwk0.s:910    .text.SDMMC_IOOutputDelayDDRInit:0000000000000042 .L0 
C:\Users\User\AppData\Local\Temp\cc8Hcwk0.s:912    .text.SDMMC_IOOutputDelayDDRInit:0000000000000044 .L0 
C:\Users\User\AppData\Local\Temp\cc8Hcwk0.s:914    .text.SDMMC_IOOutputDelayDDRInit:0000000000000046 .L0 
C:\Users\User\AppData\Local\Temp\cc8Hcwk0.s:916    .text.SDMMC_IOOutputDelayDDRInit:0000000000000048 .L0 
C:\Users\User\AppData\Local\Temp\cc8Hcwk0.s:918    .text.SDMMC_IOOutputDelayDDRInit:000000000000004a .L0 
C:\Users\User\AppData\Local\Temp\cc8Hcwk0.s:920    .text.SDMMC_IOOutputDelayDDRInit:000000000000004c .L0 
C:\Users\User\AppData\Local\Temp\cc8Hcwk0.s:922    .text.SDMMC_IOOutputDelayDDRInit:000000000000004e .L0 
C:\Users\User\AppData\Local\Temp\cc8Hcwk0.s:924    .text.SDMMC_IOOutputDelayDDRInit:0000000000000050 .L0 
C:\Users\User\AppData\Local\Temp\cc8Hcwk0.s:927    .text.SDMMC_IOOutputDelayDDRInit:0000000000000054 .L0 
C:\Users\User\AppData\Local\Temp\cc8Hcwk0.s:928    .text.SDMMC_IOOutputDelayDDRInit:0000000000000056 .L0 
C:\Users\User\AppData\Local\Temp\cc8Hcwk0.s:3551   .debug_line_str:00000000000000a7 .L0 
C:\Users\User\AppData\Local\Temp\cc8Hcwk0.s:3551   .debug_line_str:00000000000000f9 .L0 
C:\Users\User\AppData\Local\Temp\cc8Hcwk0.s:3551   .debug_line_str:000000000000013d .L0 
C:\Users\User\AppData\Local\Temp\cc8Hcwk0.s:3551   .debug_line_str:00000000000001c7 .L0 
C:\Users\User\AppData\Local\Temp\cc8Hcwk0.s:3551   .debug_line_str:000000000000024d .L0 
C:\Users\User\AppData\Local\Temp\cc8Hcwk0.s:3551   .debug_line_str:0000000000000287 .L0 
C:\Users\User\AppData\Local\Temp\cc8Hcwk0.s:3551   .debug_line_str:00000000000002cb .L0 
C:\Users\User\AppData\Local\Temp\cc8Hcwk0.s:3551   .debug_line_str:00000000000002dc .L0 
C:\Users\User\AppData\Local\Temp\cc8Hcwk0.s:3551   .debug_line_str:00000000000002ed .L0 
C:\Users\User\AppData\Local\Temp\cc8Hcwk0.s:3551   .debug_line_str:00000000000002fe .L0 
C:\Users\User\AppData\Local\Temp\cc8Hcwk0.s:3551   .debug_line_str:0000000000000308 .L0 
C:\Users\User\AppData\Local\Temp\cc8Hcwk0.s:3551   .debug_line_str:0000000000000315 .L0 
C:\Users\User\AppData\Local\Temp\cc8Hcwk0.s:3551   .debug_line_str:0000000000000320 .L0 
C:\Users\User\AppData\Local\Temp\cc8Hcwk0.s:3551   .debug_line_str:0000000000000331 .L0 
C:\Users\User\AppData\Local\Temp\cc8Hcwk0.s:39     .text.SDMMC_DeInit:000000000000002c .L0 
C:\Users\User\AppData\Local\Temp\cc8Hcwk0.s:140    .text.SDMMC_Init:0000000000000074 .L0 
C:\Users\User\AppData\Local\Temp\cc8Hcwk0.s:158    .text.SDMMC_InternalLogicReset:000000000000000a .L0 
C:\Users\User\AppData\Local\Temp\cc8Hcwk0.s:191    .text.SDMMC_SetBusWidth:000000000000001c .L0 
C:\Users\User\AppData\Local\Temp\cc8Hcwk0.s:223    .text.SDMMC_SetClockSpeed:0000000000000022 .L0 
C:\Users\User\AppData\Local\Temp\cc8Hcwk0.s:257    .text.SDMMC_ClockCmd:000000000000001e .L0 
C:\Users\User\AppData\Local\Temp\cc8Hcwk0.s:308    .text.SDMMC_CommandConfig:000000000000003e .L0 
C:\Users\User\AppData\Local\Temp\cc8Hcwk0.s:330    .text.SDMMC_GetResponse:000000000000000e .L0 
C:\Users\User\AppData\Local\Temp\cc8Hcwk0.s:347    .text.SDMMC_DMAContinueWrite:000000000000000a .L0 
C:\Users\User\AppData\Local\Temp\cc8Hcwk0.s:370    .text.SDMMC_GetStatus_LineData0:000000000000000c .L0 
C:\Users\User\AppData\Local\Temp\cc8Hcwk0.s:393    .text.SDMMC_GetStatus_LineCMD:000000000000000c .L0 
C:\Users\User\AppData\Local\Temp\cc8Hcwk0.s:411    .text.SDMMC_GetBlockNumSuccess:000000000000000c .L0 
C:\Users\User\AppData\Local\Temp\cc8Hcwk0.s:433    .text.SDMMC_GetFlagStatus:000000000000000e .L0 
C:\Users\User\AppData\Local\Temp\cc8Hcwk0.s:451    .text.SDMMC_ClearFlags:0000000000000008 .L0 
C:\Users\User\AppData\Local\Temp\cc8Hcwk0.s:485    .text.SDMMC_ITConfig:000000000000001c .L0 
C:\Users\User\AppData\Local\Temp\cc8Hcwk0.s:525    .text.SDMMC_GetITStatus:000000000000001c .L0 
C:\Users\User\AppData\Local\Temp\cc8Hcwk0.s:539    .text.SDMMC_ClearITPendingBits:0000000000000008 .L0 
C:\Users\User\AppData\Local\Temp\cc8Hcwk0.s:562    .text.SDMMC_BlockConfig:000000000000000c .L0 
C:\Users\User\AppData\Local\Temp\cc8Hcwk0.s:622    .text.SDMMC_TranMode_Init:000000000000003c .L0 
C:\Users\User\AppData\Local\Temp\cc8Hcwk0.s:653    .text.SDMMC_SetAUTOGAPStop:0000000000000014 .L0 
C:\Users\User\AppData\Local\Temp\cc8Hcwk0.s:676    .text.SDMMC_GetStatus_GAPStop:000000000000000c .L0 
C:\Users\User\AppData\Local\Temp\cc8Hcwk0.s:696    .text.SDMMC_SetGAPStop:000000000000000e .L0 
C:\Users\User\AppData\Local\Temp\cc8Hcwk0.s:716    .text.SDMMC_ClearGAPStop:000000000000000c .L0 
C:\Users\User\AppData\Local\Temp\cc8Hcwk0.s:734    .text.SDMMC_SetDMAAddr1:0000000000000008 .L0 
C:\Users\User\AppData\Local\Temp\cc8Hcwk0.s:752    .text.SDMMC_SetDMAAddr2:0000000000000008 .L0 
C:\Users\User\AppData\Local\Temp\cc8Hcwk0.s:843    .text.SDMMC_IOInputDelayDDRInit:000000000000005a .L0 
C:\Users\User\AppData\Local\Temp\cc8Hcwk0.s:931    .text.SDMMC_IOOutputDelayDDRInit:0000000000000056 .L0 
                     .debug_frame:0000000000000000 .L0 
C:\Users\User\AppData\Local\Temp\cc8Hcwk0.s:246    .text.SDMMC_ClockCmd:0000000000000010 .L8
C:\Users\User\AppData\Local\Temp\cc8Hcwk0.s:241    .text.SDMMC_ClockCmd:000000000000000c .L10
C:\Users\User\AppData\Local\Temp\cc8Hcwk0.s:471    .text.SDMMC_ITConfig:000000000000000e .L20
C:\Users\User\AppData\Local\Temp\cc8Hcwk0.s:515    .text.SDMMC_GetITStatus:0000000000000018 .L24
C:\Users\User\AppData\Local\Temp\cc8Hcwk0.s:645    .text.SDMMC_SetAUTOGAPStop:0000000000000010 .L29
C:\Users\User\AppData\Local\Temp\cc8Hcwk0.s:640    .text.SDMMC_SetAUTOGAPStop:000000000000000c .L31
C:\Users\User\AppData\Local\Temp\cc8Hcwk0.s:2093   .debug_abbrev:0000000000000000 .Ldebug_abbrev0
C:\Users\User\AppData\Local\Temp\cc8Hcwk0.s:3308   .debug_str:00000000000001d8 .LASF149
C:\Users\User\AppData\Local\Temp\cc8Hcwk0.s:3549   .debug_line_str:0000000000000052 .LASF0
C:\Users\User\AppData\Local\Temp\cc8Hcwk0.s:3547   .debug_line_str:0000000000000000 .LASF1
C:\Users\User\AppData\Local\Temp\cc8Hcwk0.s:3159   .debug_rnglists:000000000000000c .LLRL12
C:\Users\User\AppData\Local\Temp\cc8Hcwk0.s:3244   .debug_line:0000000000000000 .Ldebug_line0
C:\Users\User\AppData\Local\Temp\cc8Hcwk0.s:3346   .debug_str:00000000000003ce .LASF2
C:\Users\User\AppData\Local\Temp\cc8Hcwk0.s:3292   .debug_str:0000000000000170 .LASF3
C:\Users\User\AppData\Local\Temp\cc8Hcwk0.s:3260   .debug_str:000000000000006a .LASF6
C:\Users\User\AppData\Local\Temp\cc8Hcwk0.s:3430   .debug_str:0000000000000676 .LASF4
C:\Users\User\AppData\Local\Temp\cc8Hcwk0.s:3440   .debug_str:00000000000006c8 .LASF5
C:\Users\User\AppData\Local\Temp\cc8Hcwk0.s:3478   .debug_str:00000000000007c3 .LASF7
C:\Users\User\AppData\Local\Temp\cc8Hcwk0.s:3500   .debug_str:000000000000088c .LASF8
C:\Users\User\AppData\Local\Temp\cc8Hcwk0.s:3306   .debug_str:00000000000001cf .LASF9
C:\Users\User\AppData\Local\Temp\cc8Hcwk0.s:3326   .debug_str:0000000000000335 .LASF10
C:\Users\User\AppData\Local\Temp\cc8Hcwk0.s:3354   .debug_str:0000000000000414 .LASF11
C:\Users\User\AppData\Local\Temp\cc8Hcwk0.s:3290   .debug_str:0000000000000162 .LASF12
C:\Users\User\AppData\Local\Temp\cc8Hcwk0.s:3278   .debug_str:00000000000000f9 .LASF13
C:\Users\User\AppData\Local\Temp\cc8Hcwk0.s:3520   .debug_str:0000000000000932 .LASF14
C:\Users\User\AppData\Local\Temp\cc8Hcwk0.s:3318   .debug_str:0000000000000304 .LASF15
C:\Users\User\AppData\Local\Temp\cc8Hcwk0.s:3462   .debug_str:0000000000000775 .LASF16
C:\Users\User\AppData\Local\Temp\cc8Hcwk0.s:3454   .debug_str:000000000000072d .LASF17
C:\Users\User\AppData\Local\Temp\cc8Hcwk0.s:3316   .debug_str:00000000000002fd .LASF18
C:\Users\User\AppData\Local\Temp\cc8Hcwk0.s:3404   .debug_str:00000000000005c5 .LASF19
C:\Users\User\AppData\Local\Temp\cc8Hcwk0.s:3428   .debug_str:0000000000000670 .LASF20
C:\Users\User\AppData\Local\Temp\cc8Hcwk0.s:3256   .debug_str:000000000000004a .LASF21
C:\Users\User\AppData\Local\Temp\cc8Hcwk0.s:3418   .debug_str:000000000000063f .LASF22
C:\Users\User\AppData\Local\Temp\cc8Hcwk0.s:3370   .debug_str:00000000000004ad .LASF23
C:\Users\User\AppData\Local\Temp\cc8Hcwk0.s:3408   .debug_str:00000000000005eb .LASF24
C:\Users\User\AppData\Local\Temp\cc8Hcwk0.s:3466   .debug_str:000000000000078f .LASF25
C:\Users\User\AppData\Local\Temp\cc8Hcwk0.s:3438   .debug_str:00000000000006c0 .LASF26
C:\Users\User\AppData\Local\Temp\cc8Hcwk0.s:3250   .debug_str:0000000000000023 .LASF27
C:\Users\User\AppData\Local\Temp\cc8Hcwk0.s:3444   .debug_str:00000000000006e6 .LASF28
C:\Users\User\AppData\Local\Temp\cc8Hcwk0.s:3470   .debug_str:00000000000007a3 .LASF29
C:\Users\User\AppData\Local\Temp\cc8Hcwk0.s:3472   .debug_str:00000000000007ad .LASF30
C:\Users\User\AppData\Local\Temp\cc8Hcwk0.s:3304   .debug_str:00000000000001c7 .LASF31
C:\Users\User\AppData\Local\Temp\cc8Hcwk0.s:3416   .debug_str:0000000000000635 .LASF32
C:\Users\User\AppData\Local\Temp\cc8Hcwk0.s:3324   .debug_str:000000000000032d .LASF33
C:\Users\User\AppData\Local\Temp\cc8Hcwk0.s:3420   .debug_str:0000000000000648 .LASF34
C:\Users\User\AppData\Local\Temp\cc8Hcwk0.s:3512   .debug_str:0000000000000902 .LASF35
C:\Users\User\AppData\Local\Temp\cc8Hcwk0.s:3518   .debug_str:000000000000092b .LASF36
C:\Users\User\AppData\Local\Temp\cc8Hcwk0.s:3422   .debug_str:0000000000000652 .LASF37
C:\Users\User\AppData\Local\Temp\cc8Hcwk0.s:3476   .debug_str:00000000000007bc .LASF38
C:\Users\User\AppData\Local\Temp\cc8Hcwk0.s:3424   .debug_str:000000000000065c .LASF39
C:\Users\User\AppData\Local\Temp\cc8Hcwk0.s:3374   .debug_str:00000000000004c1 .LASF40
C:\Users\User\AppData\Local\Temp\cc8Hcwk0.s:3272   .debug_str:00000000000000d6 .LASF41
C:\Users\User\AppData\Local\Temp\cc8Hcwk0.s:3372   .debug_str:00000000000004b7 .LASF42
C:\Users\User\AppData\Local\Temp\cc8Hcwk0.s:3302   .debug_str:00000000000001bf .LASF43
C:\Users\User\AppData\Local\Temp\cc8Hcwk0.s:3426   .debug_str:0000000000000666 .LASF44
C:\Users\User\AppData\Local\Temp\cc8Hcwk0.s:3376   .debug_str:00000000000004ca .LASF45
C:\Users\User\AppData\Local\Temp\cc8Hcwk0.s:3288   .debug_str:0000000000000158 .LASF46
C:\Users\User\AppData\Local\Temp\cc8Hcwk0.s:3284   .debug_str:0000000000000135 .LASF47
C:\Users\User\AppData\Local\Temp\cc8Hcwk0.s:3508   .debug_str:00000000000008e4 .LASF48
C:\Users\User\AppData\Local\Temp\cc8Hcwk0.s:3360   .debug_str:0000000000000447 .LASF49
C:\Users\User\AppData\Local\Temp\cc8Hcwk0.s:3474   .debug_str:00000000000007b7 .LASF50
C:\Users\User\AppData\Local\Temp\cc8Hcwk0.s:3534   .debug_str:0000000000000995 .LASF51
C:\Users\User\AppData\Local\Temp\cc8Hcwk0.s:3276   .debug_str:00000000000000ea .LASF52
C:\Users\User\AppData\Local\Temp\cc8Hcwk0.s:3390   .debug_str:000000000000054e .LASF53
C:\Users\User\AppData\Local\Temp\cc8Hcwk0.s:3402   .debug_str:00000000000005b6 .LASF54
C:\Users\User\AppData\Local\Temp\cc8Hcwk0.s:3254   .debug_str:000000000000003a .LASF55
C:\Users\User\AppData\Local\Temp\cc8Hcwk0.s:3314   .debug_str:00000000000002ee .LASF56
C:\Users\User\AppData\Local\Temp\cc8Hcwk0.s:3412   .debug_str:0000000000000612 .LASF57
C:\Users\User\AppData\Local\Temp\cc8Hcwk0.s:3492   .debug_str:000000000000083d .LASF58
C:\Users\User\AppData\Local\Temp\cc8Hcwk0.s:3530   .debug_str:0000000000000980 .LASF59
C:\Users\User\AppData\Local\Temp\cc8Hcwk0.s:3498   .debug_str:000000000000087d .LASF60
C:\Users\User\AppData\Local\Temp\cc8Hcwk0.s:3294   .debug_str:000000000000017c .LASF61
C:\Users\User\AppData\Local\Temp\cc8Hcwk0.s:3282   .debug_str:0000000000000126 .LASF62
C:\Users\User\AppData\Local\Temp\cc8Hcwk0.s:3262   .debug_str:0000000000000074 .LASF63
C:\Users\User\AppData\Local\Temp\cc8Hcwk0.s:3368   .debug_str:00000000000004a0 .LASF64
C:\Users\User\AppData\Local\Temp\cc8Hcwk0.s:3388   .debug_str:000000000000053f .LASF65
C:\Users\User\AppData\Local\Temp\cc8Hcwk0.s:3400   .debug_str:00000000000005a7 .LASF66
C:\Users\User\AppData\Local\Temp\cc8Hcwk0.s:3258   .debug_str:0000000000000055 .LASF67
C:\Users\User\AppData\Local\Temp\cc8Hcwk0.s:3540   .debug_str:00000000000009be .LASF68
C:\Users\User\AppData\Local\Temp\cc8Hcwk0.s:3328   .debug_str:0000000000000340 .LASF69
C:\Users\User\AppData\Local\Temp\cc8Hcwk0.s:3330   .debug_str:0000000000000353 .LASF70
C:\Users\User\AppData\Local\Temp\cc8Hcwk0.s:3394   .debug_str:000000000000056e .LASF71
C:\Users\User\AppData\Local\Temp\cc8Hcwk0.s:3298   .debug_str:00000000000001a3 .LASF72
C:\Users\User\AppData\Local\Temp\cc8Hcwk0.s:3382   .debug_str:00000000000004fb .LASF73
C:\Users\User\AppData\Local\Temp\cc8Hcwk0.s:3450   .debug_str:0000000000000714 .LASF74
C:\Users\User\AppData\Local\Temp\cc8Hcwk0.s:3482   .debug_str:00000000000007e2 .LASF75
C:\Users\User\AppData\Local\Temp\cc8Hcwk0.s:3386   .debug_str:0000000000000522 .LASF76
C:\Users\User\AppData\Local\Temp\cc8Hcwk0.s:3362   .debug_str:0000000000000455 .LASF77
C:\Users\User\AppData\Local\Temp\cc8Hcwk0.s:3542   .debug_str:00000000000009d5 .LASF78
C:\Users\User\AppData\Local\Temp\cc8Hcwk0.s:3458   .debug_str:000000000000074e .LASF79
C:\Users\User\AppData\Local\Temp\cc8Hcwk0.s:3266   .debug_str:0000000000000097 .LASF80
C:\Users\User\AppData\Local\Temp\cc8Hcwk0.s:3268   .debug_str:00000000000000ac .LASF81
C:\Users\User\AppData\Local\Temp\cc8Hcwk0.s:3270   .debug_str:00000000000000c1 .LASF82
C:\Users\User\AppData\Local\Temp\cc8Hcwk0.s:3528   .debug_str:000000000000096b .LASF83
C:\Users\User\AppData\Local\Temp\cc8Hcwk0.s:3334   .debug_str:0000000000000377 .LASF84
C:\Users\User\AppData\Local\Temp\cc8Hcwk0.s:3484   .debug_str:00000000000007f2 .LASF85
C:\Users\User\AppData\Local\Temp\cc8Hcwk0.s:3414   .debug_str:0000000000000620 .LASF86
C:\Users\User\AppData\Local\Temp\cc8Hcwk0.s:3490   .debug_str:0000000000000828 .LASF87
C:\Users\User\AppData\Local\Temp\cc8Hcwk0.s:3364   .debug_str:000000000000046b .LASF88
C:\Users\User\AppData\Local\Temp\cc8Hcwk0.s:3442   .debug_str:00000000000006d2 .LASF89
C:\Users\User\AppData\Local\Temp\cc8Hcwk0.s:3504   .debug_str:00000000000008b8 .LASF90
C:\Users\User\AppData\Local\Temp\cc8Hcwk0.s:3356   .debug_str:0000000000000426 .LASF91
C:\Users\User\AppData\Local\Temp\cc8Hcwk0.s:3494   .debug_str:0000000000000855 .LASF92
C:\Users\User\AppData\Local\Temp\cc8Hcwk0.s:3406   .debug_str:00000000000005d5 .LASF93
C:\Users\User\AppData\Local\Temp\cc8Hcwk0.s:3396   .debug_str:000000000000057f .LASF94
C:\Users\User\AppData\Local\Temp\cc8Hcwk0.s:3384   .debug_str:000000000000050c .LASF95
C:\Users\User\AppData\Local\Temp\cc8Hcwk0.s:3312   .debug_str:00000000000002d8 .LASF96
C:\Users\User\AppData\Local\Temp\cc8Hcwk0.s:3434   .debug_str:00000000000006a1 .LASF97
C:\Users\User\AppData\Local\Temp\cc8Hcwk0.s:3280   .debug_str:0000000000000110 .LASF98
C:\Users\User\AppData\Local\Temp\cc8Hcwk0.s:3350   .debug_str:00000000000003ed .LASF99
C:\Users\User\AppData\Local\Temp\cc8Hcwk0.s:3338   .debug_str:00000000000003a6 .LASF100
C:\Users\User\AppData\Local\Temp\cc8Hcwk0.s:3340   .debug_str:00000000000003b0 .LASF101
C:\Users\User\AppData\Local\Temp\cc8Hcwk0.s:3342   .debug_str:00000000000003ba .LASF102
C:\Users\User\AppData\Local\Temp\cc8Hcwk0.s:3344   .debug_str:00000000000003c4 .LASF103
C:\Users\User\AppData\Local\Temp\cc8Hcwk0.s:3524   .debug_str:0000000000000944 .LASF104
C:\Users\User\AppData\Local\Temp\cc8Hcwk0.s:3296   .debug_str:000000000000018e .LASF127
C:\Users\User\AppData\Local\Temp\cc8Hcwk0.s:3310   .debug_str:00000000000002bd .LASF105
C:\Users\User\AppData\Local\Temp\cc8Hcwk0.s:848    .text.SDMMC_IOOutputDelayDDRInit:0000000000000000 .LFB66
C:\Users\User\AppData\Local\Temp\cc8Hcwk0.s:929    .text.SDMMC_IOOutputDelayDDRInit:0000000000000056 .LFE66
C:\Users\User\AppData\Local\Temp\cc8Hcwk0.s:3432   .debug_str:0000000000000684 .LASF107
C:\Users\User\AppData\Local\Temp\cc8Hcwk0.s:3248   .debug_str:0000000000000009 .LASF106
C:\Users\User\AppData\Local\Temp\cc8Hcwk0.s:757    .text.SDMMC_IOInputDelayDDRInit:0000000000000000 .LFB65
C:\Users\User\AppData\Local\Temp\cc8Hcwk0.s:841    .text.SDMMC_IOInputDelayDDRInit:000000000000005a .LFE65
C:\Users\User\AppData\Local\Temp\cc8Hcwk0.s:3410   .debug_str:00000000000005f6 .LASF108
C:\Users\User\AppData\Local\Temp\cc8Hcwk0.s:3448   .debug_str:0000000000000702 .LASF109
C:\Users\User\AppData\Local\Temp\cc8Hcwk0.s:739    .text.SDMMC_SetDMAAddr2:0000000000000000 .LFB64
C:\Users\User\AppData\Local\Temp\cc8Hcwk0.s:750    .text.SDMMC_SetDMAAddr2:0000000000000008 .LFE64
C:\Users\User\AppData\Local\Temp\cc8Hcwk0.s:3532   .debug_str:000000000000098d .LASF110
C:\Users\User\AppData\Local\Temp\cc8Hcwk0.s:3446   .debug_str:00000000000006f0 .LASF111
C:\Users\User\AppData\Local\Temp\cc8Hcwk0.s:721    .text.SDMMC_SetDMAAddr1:0000000000000000 .LFB63
C:\Users\User\AppData\Local\Temp\cc8Hcwk0.s:732    .text.SDMMC_SetDMAAddr1:0000000000000008 .LFE63
C:\Users\User\AppData\Local\Temp\cc8Hcwk0.s:3514   .debug_str:0000000000000909 .LASF112
C:\Users\User\AppData\Local\Temp\cc8Hcwk0.s:701    .text.SDMMC_ClearGAPStop:0000000000000000 .LFB62
C:\Users\User\AppData\Local\Temp\cc8Hcwk0.s:714    .text.SDMMC_ClearGAPStop:000000000000000c .LFE62
C:\Users\User\AppData\Local\Temp\cc8Hcwk0.s:3510   .debug_str:00000000000008f1 .LASF113
C:\Users\User\AppData\Local\Temp\cc8Hcwk0.s:681    .text.SDMMC_SetGAPStop:0000000000000000 .LFB61
C:\Users\User\AppData\Local\Temp\cc8Hcwk0.s:694    .text.SDMMC_SetGAPStop:000000000000000e .LFE61
C:\Users\User\AppData\Local\Temp\cc8Hcwk0.s:3506   .debug_str:00000000000008cc .LASF121
C:\Users\User\AppData\Local\Temp\cc8Hcwk0.s:658    .text.SDMMC_GetStatus_GAPStop:0000000000000000 .LFB60
C:\Users\User\AppData\Local\Temp\cc8Hcwk0.s:674    .text.SDMMC_GetStatus_GAPStop:000000000000000c .LFE60
C:\Users\User\AppData\Local\Temp\cc8Hcwk0.s:3332   .debug_str:000000000000036d .LASF124
C:\Users\User\AppData\Local\Temp\cc8Hcwk0.s:2818   .debug_loclists:000000000000000c .LLST11
C:\Users\User\AppData\Local\Temp\cc8Hcwk0.s:3536   .debug_str:00000000000009a0 .LASF114
C:\Users\User\AppData\Local\Temp\cc8Hcwk0.s:627    .text.SDMMC_SetAUTOGAPStop:0000000000000000 .LFB59
C:\Users\User\AppData\Local\Temp\cc8Hcwk0.s:651    .text.SDMMC_SetAUTOGAPStop:0000000000000014 .LFE59
C:\Users\User\AppData\Local\Temp\cc8Hcwk0.s:3246   .debug_str:0000000000000000 .LASF115
C:\Users\User\AppData\Local\Temp\cc8Hcwk0.s:3486   .debug_str:0000000000000807 .LASF116
C:\Users\User\AppData\Local\Temp\cc8Hcwk0.s:567    .text.SDMMC_TranMode_Init:0000000000000000 .LFB58
C:\Users\User\AppData\Local\Temp\cc8Hcwk0.s:620    .text.SDMMC_TranMode_Init:000000000000003c .LFE58
C:\Users\User\AppData\Local\Temp\cc8Hcwk0.s:3544   .debug_str:00000000000009e8 .LASF117
C:\Users\User\AppData\Local\Temp\cc8Hcwk0.s:3348   .debug_str:00000000000003db .LASF118
C:\Users\User\AppData\Local\Temp\cc8Hcwk0.s:544    .text.SDMMC_BlockConfig:0000000000000000 .LFB57
C:\Users\User\AppData\Local\Temp\cc8Hcwk0.s:560    .text.SDMMC_BlockConfig:000000000000000c .LFE57
C:\Users\User\AppData\Local\Temp\cc8Hcwk0.s:3274   .debug_str:00000000000000e0 .LASF119
C:\Users\User\AppData\Local\Temp\cc8Hcwk0.s:2840   .debug_loclists:000000000000002d .LLST10
C:\Users\User\AppData\Local\Temp\cc8Hcwk0.s:3538   .debug_str:00000000000009b5 .LASF120
C:\Users\User\AppData\Local\Temp\cc8Hcwk0.s:3286   .debug_str:000000000000013f .LASF150
C:\Users\User\AppData\Local\Temp\cc8Hcwk0.s:3352   .debug_str:000000000000040b .LASF123
C:\Users\User\AppData\Local\Temp\cc8Hcwk0.s:3398   .debug_str:0000000000000595 .LASF122
C:\Users\User\AppData\Local\Temp\cc8Hcwk0.s:490    .text.SDMMC_GetITStatus:0000000000000000 .LFB55
C:\Users\User\AppData\Local\Temp\cc8Hcwk0.s:523    .text.SDMMC_GetITStatus:000000000000001c .LFE55
C:\Users\User\AppData\Local\Temp\cc8Hcwk0.s:2855   .debug_loclists:0000000000000047 .LLST8
C:\Users\User\AppData\Local\Temp\cc8Hcwk0.s:3488   .debug_str:000000000000081b .LASF125
C:\Users\User\AppData\Local\Temp\cc8Hcwk0.s:2883   .debug_loclists:000000000000007a .LLST9
C:\Users\User\AppData\Local\Temp\cc8Hcwk0.s:3392   .debug_str:000000000000055f .LASF126
C:\Users\User\AppData\Local\Temp\cc8Hcwk0.s:456    .text.SDMMC_ITConfig:0000000000000000 .LFB54
C:\Users\User\AppData\Local\Temp\cc8Hcwk0.s:483    .text.SDMMC_ITConfig:000000000000001c .LFE54
C:\Users\User\AppData\Local\Temp\cc8Hcwk0.s:2945   .debug_loclists:00000000000000d9 .LLST7
C:\Users\User\AppData\Local\Temp\cc8Hcwk0.s:3526   .debug_str:000000000000095a .LASF128
C:\Users\User\AppData\Local\Temp\cc8Hcwk0.s:3358   .debug_str:000000000000043c .LASF129
C:\Users\User\AppData\Local\Temp\cc8Hcwk0.s:3378   .debug_str:00000000000004d3 .LASF130
C:\Users\User\AppData\Local\Temp\cc8Hcwk0.s:416    .text.SDMMC_GetFlagStatus:0000000000000000 .LFB52
C:\Users\User\AppData\Local\Temp\cc8Hcwk0.s:431    .text.SDMMC_GetFlagStatus:000000000000000e .LFE52
C:\Users\User\AppData\Local\Temp\cc8Hcwk0.s:2960   .debug_loclists:00000000000000f3 .LLST6
C:\Users\User\AppData\Local\Temp\cc8Hcwk0.s:3456   .debug_str:0000000000000735 .LASF151
C:\Users\User\AppData\Local\Temp\cc8Hcwk0.s:398    .text.SDMMC_GetBlockNumSuccess:0000000000000000 .LFB51
C:\Users\User\AppData\Local\Temp\cc8Hcwk0.s:409    .text.SDMMC_GetBlockNumSuccess:000000000000000c .LFE51
C:\Users\User\AppData\Local\Temp\cc8Hcwk0.s:3366   .debug_str:0000000000000488 .LASF131
C:\Users\User\AppData\Local\Temp\cc8Hcwk0.s:375    .text.SDMMC_GetStatus_LineCMD:0000000000000000 .LFB50
C:\Users\User\AppData\Local\Temp\cc8Hcwk0.s:391    .text.SDMMC_GetStatus_LineCMD:000000000000000c .LFE50
C:\Users\User\AppData\Local\Temp\cc8Hcwk0.s:2975   .debug_loclists:000000000000010d .LLST5
C:\Users\User\AppData\Local\Temp\cc8Hcwk0.s:3336   .debug_str:000000000000038c .LASF132
C:\Users\User\AppData\Local\Temp\cc8Hcwk0.s:352    .text.SDMMC_GetStatus_LineData0:0000000000000000 .LFB49
C:\Users\User\AppData\Local\Temp\cc8Hcwk0.s:368    .text.SDMMC_GetStatus_LineData0:000000000000000c .LFE49
C:\Users\User\AppData\Local\Temp\cc8Hcwk0.s:2999   .debug_loclists:0000000000000130 .LLST4
C:\Users\User\AppData\Local\Temp\cc8Hcwk0.s:3320   .debug_str:000000000000030d .LASF133
C:\Users\User\AppData\Local\Temp\cc8Hcwk0.s:335    .text.SDMMC_DMAContinueWrite:0000000000000000 .LFB48
C:\Users\User\AppData\Local\Temp\cc8Hcwk0.s:345    .text.SDMMC_DMAContinueWrite:000000000000000a .LFE48
C:\Users\User\AppData\Local\Temp\cc8Hcwk0.s:3496   .debug_str:000000000000086b .LASF134
C:\Users\User\AppData\Local\Temp\cc8Hcwk0.s:313    .text.SDMMC_GetResponse:0000000000000000 .LFB47
C:\Users\User\AppData\Local\Temp\cc8Hcwk0.s:328    .text.SDMMC_GetResponse:000000000000000e .LFE47
C:\Users\User\AppData\Local\Temp\cc8Hcwk0.s:3452   .debug_str:0000000000000722 .LASF135
C:\Users\User\AppData\Local\Temp\cc8Hcwk0.s:3023   .debug_loclists:0000000000000153 .LLST3
C:\Users\User\AppData\Local\Temp\cc8Hcwk0.s:3480   .debug_str:00000000000007ce .LASF136
C:\Users\User\AppData\Local\Temp\cc8Hcwk0.s:262    .text.SDMMC_CommandConfig:0000000000000000 .LFB46
C:\Users\User\AppData\Local\Temp\cc8Hcwk0.s:306    .text.SDMMC_CommandConfig:000000000000003e .LFE46
C:\Users\User\AppData\Local\Temp\cc8Hcwk0.s:3460   .debug_str:0000000000000761 .LASF137
C:\Users\User\AppData\Local\Temp\cc8Hcwk0.s:3516   .debug_str:000000000000091c .LASF138
C:\Users\User\AppData\Local\Temp\cc8Hcwk0.s:228    .text.SDMMC_ClockCmd:0000000000000000 .LFB45
C:\Users\User\AppData\Local\Temp\cc8Hcwk0.s:255    .text.SDMMC_ClockCmd:000000000000001e .LFE45
C:\Users\User\AppData\Local\Temp\cc8Hcwk0.s:3380   .debug_str:00000000000004e7 .LASF139
C:\Users\User\AppData\Local\Temp\cc8Hcwk0.s:196    .text.SDMMC_SetClockSpeed:0000000000000000 .LFB44
C:\Users\User\AppData\Local\Temp\cc8Hcwk0.s:221    .text.SDMMC_SetClockSpeed:0000000000000022 .LFE44
C:\Users\User\AppData\Local\Temp\cc8Hcwk0.s:3522   .debug_str:000000000000093a .LASF140
C:\Users\User\AppData\Local\Temp\cc8Hcwk0.s:3436   .debug_str:00000000000006b7 .LASF141
C:\Users\User\AppData\Local\Temp\cc8Hcwk0.s:3038   .debug_loclists:000000000000016d .LLST2
C:\Users\User\AppData\Local\Temp\cc8Hcwk0.s:3264   .debug_str:0000000000000085 .LASF142
C:\Users\User\AppData\Local\Temp\cc8Hcwk0.s:163    .text.SDMMC_SetBusWidth:0000000000000000 .LFB43
C:\Users\User\AppData\Local\Temp\cc8Hcwk0.s:189    .text.SDMMC_SetBusWidth:000000000000001c .LFE43
C:\Users\User\AppData\Local\Temp\cc8Hcwk0.s:3322   .debug_str:0000000000000324 .LASF143
C:\Users\User\AppData\Local\Temp\cc8Hcwk0.s:3053   .debug_loclists:0000000000000187 .LLST1
C:\Users\User\AppData\Local\Temp\cc8Hcwk0.s:3502   .debug_str:000000000000089f .LASF144
C:\Users\User\AppData\Local\Temp\cc8Hcwk0.s:145    .text.SDMMC_InternalLogicReset:0000000000000000 .LFB42
C:\Users\User\AppData\Local\Temp\cc8Hcwk0.s:156    .text.SDMMC_InternalLogicReset:000000000000000a .LFE42
C:\Users\User\AppData\Local\Temp\cc8Hcwk0.s:3468   .debug_str:0000000000000798 .LASF145
C:\Users\User\AppData\Local\Temp\cc8Hcwk0.s:44     .text.SDMMC_Init:0000000000000000 .LFB41
C:\Users\User\AppData\Local\Temp\cc8Hcwk0.s:138    .text.SDMMC_Init:0000000000000074 .LFE41
C:\Users\User\AppData\Local\Temp\cc8Hcwk0.s:3464   .debug_str:000000000000077e .LASF146
C:\Users\User\AppData\Local\Temp\cc8Hcwk0.s:3300   .debug_str:00000000000001b8 .LASF147
C:\Users\User\AppData\Local\Temp\cc8Hcwk0.s:3068   .debug_loclists:00000000000001a1 .LLST0
C:\Users\User\AppData\Local\Temp\cc8Hcwk0.s:3252   .debug_str:000000000000002d .LASF148
C:\Users\User\AppData\Local\Temp\cc8Hcwk0.s:15     .text.SDMMC_DeInit:0000000000000000 .LFB40
C:\Users\User\AppData\Local\Temp\cc8Hcwk0.s:37     .text.SDMMC_DeInit:000000000000002c .LFE40
C:\Users\User\AppData\Local\Temp\cc8Hcwk0.s:26     .text.SDMMC_DeInit:0000000000000016 .LVL0
C:\Users\User\AppData\Local\Temp\cc8Hcwk0.s:31     .text.SDMMC_DeInit:0000000000000024 .LVL1
C:\Users\User\AppData\Local\Temp\cc8Hcwk0.s:438    .text.SDMMC_ClearFlags:0000000000000000 .LFB53
C:\Users\User\AppData\Local\Temp\cc8Hcwk0.s:449    .text.SDMMC_ClearFlags:0000000000000008 .LFE53
C:\Users\User\AppData\Local\Temp\cc8Hcwk0.s:662    .text.SDMMC_GetStatus_GAPStop:0000000000000000 .LVL36
C:\Users\User\AppData\Local\Temp\cc8Hcwk0.s:667    .text.SDMMC_GetStatus_GAPStop:0000000000000006 .LVL37
C:\Users\User\AppData\Local\Temp\cc8Hcwk0.s:671    .text.SDMMC_GetStatus_GAPStop:000000000000000a .LVL38
C:\Users\User\AppData\Local\Temp\cc8Hcwk0.s:547    .text.SDMMC_BlockConfig:0000000000000000 .LVL32
C:\Users\User\AppData\Local\Temp\cc8Hcwk0.s:551    .text.SDMMC_BlockConfig:0000000000000002 .LVL33
C:\Users\User\AppData\Local\Temp\cc8Hcwk0.s:493    .text.SDMMC_GetITStatus:0000000000000000 .LVL27
C:\Users\User\AppData\Local\Temp\cc8Hcwk0.s:511    .text.SDMMC_GetITStatus:0000000000000012 .LVL29
C:\Users\User\AppData\Local\Temp\cc8Hcwk0.s:514    .text.SDMMC_GetITStatus:0000000000000018 .LVL30
C:\Users\User\AppData\Local\Temp\cc8Hcwk0.s:518    .text.SDMMC_GetITStatus:000000000000001a .LVL31
C:\Users\User\AppData\Local\Temp\cc8Hcwk0.s:504    .text.SDMMC_GetITStatus:000000000000000c .LVL28
C:\Users\User\AppData\Local\Temp\cc8Hcwk0.s:459    .text.SDMMC_ITConfig:0000000000000000 .LVL25
C:\Users\User\AppData\Local\Temp\cc8Hcwk0.s:478    .text.SDMMC_ITConfig:0000000000000018 .LVL26
C:\Users\User\AppData\Local\Temp\cc8Hcwk0.s:419    .text.SDMMC_GetFlagStatus:0000000000000000 .LVL22
C:\Users\User\AppData\Local\Temp\cc8Hcwk0.s:426    .text.SDMMC_GetFlagStatus:0000000000000008 .LVL23
C:\Users\User\AppData\Local\Temp\cc8Hcwk0.s:379    .text.SDMMC_GetStatus_LineCMD:0000000000000000 .LVL19
C:\Users\User\AppData\Local\Temp\cc8Hcwk0.s:384    .text.SDMMC_GetStatus_LineCMD:0000000000000006 .LVL20
C:\Users\User\AppData\Local\Temp\cc8Hcwk0.s:388    .text.SDMMC_GetStatus_LineCMD:000000000000000a .LVL21
C:\Users\User\AppData\Local\Temp\cc8Hcwk0.s:356    .text.SDMMC_GetStatus_LineData0:0000000000000000 .LVL16
C:\Users\User\AppData\Local\Temp\cc8Hcwk0.s:361    .text.SDMMC_GetStatus_LineData0:0000000000000006 .LVL17
C:\Users\User\AppData\Local\Temp\cc8Hcwk0.s:365    .text.SDMMC_GetStatus_LineData0:000000000000000a .LVL18
C:\Users\User\AppData\Local\Temp\cc8Hcwk0.s:316    .text.SDMMC_GetResponse:0000000000000000 .LVL14
C:\Users\User\AppData\Local\Temp\cc8Hcwk0.s:322    .text.SDMMC_GetResponse:000000000000000a .LVL15
C:\Users\User\AppData\Local\Temp\cc8Hcwk0.s:199    .text.SDMMC_SetClockSpeed:0000000000000000 .LVL10
C:\Users\User\AppData\Local\Temp\cc8Hcwk0.s:215    .text.SDMMC_SetClockSpeed:000000000000001a .LVL11
C:\Users\User\AppData\Local\Temp\cc8Hcwk0.s:166    .text.SDMMC_SetBusWidth:0000000000000000 .LVL8
C:\Users\User\AppData\Local\Temp\cc8Hcwk0.s:173    .text.SDMMC_SetBusWidth:0000000000000008 .LVL9
C:\Users\User\AppData\Local\Temp\cc8Hcwk0.s:90     .text.SDMMC_Init:000000000000003e .LVL3
C:\Users\User\AppData\Local\Temp\cc8Hcwk0.s:100    .text.SDMMC_Init:0000000000000046 .LVL4
C:\Users\User\AppData\Local\Temp\cc8Hcwk0.s:124    .text.SDMMC_Init:000000000000006c .LVL5
C:\Users\User\AppData\Local\Temp\cc8Hcwk0.s:131    .text.SDMMC_Init:0000000000000070 .LVL6
C:\Users\User\AppData\Local\Temp\cc8Hcwk0.s:134    .text.SDMMC_Init:0000000000000072 .LVL7
C:\Users\User\AppData\Local\Temp\cc8Hcwk0.s:940    .debug_info:0000000000000000 .Ldebug_info0
C:\Users\User\AppData\Local\Temp\cc8Hcwk0.s:530    .text.SDMMC_ClearITPendingBits:0000000000000000 .LFB68
C:\Users\User\AppData\Local\Temp\cc8Hcwk0.s:537    .text.SDMMC_ClearITPendingBits:0000000000000008 .LFE68

UNDEFINED SYMBOLS
__riscv_save_0
RCC_HBPeriphResetCmd
__riscv_restore_0
