   1              		.file	"ch32h417_can.c"
   2              		.option nopic
   3              		.attribute arch, "rv32i2p0_m2p0_a2p0_c2p0_zba1p0_zbb1p0_zbc1p0_zbs1p0_xw"
   4              		.attribute unaligned_access, 0
   5              		.attribute stack_align, 16
   6              		.text
   7              	.Ltext0:
   8              		.cfi_sections	.debug_frame
   9              		.file 0 "c:\\Users\\User\\Documents\\GitHub\\ch32h417\\EVT\\EXAM\\USBFS\\DEVICE\\SimulateCDC\\V3F\
  10              		.section	.text.CAN_DeInit,"ax",@progbits
  11              		.align	1
  12              		.globl	CAN_DeInit
  14              	CAN_DeInit:
  15              	.LFB40:
  16              		.file 1 "c:/Users/User/Documents/GitHub/ch32h417/EVT/EXAM/SRC/Peripheral/src/ch32h417_can.c"
   1:c:/Users/User/Documents/GitHub/ch32h417/EVT/EXAM/SRC/Peripheral/src\ch32h417_can.c **** /********************************** (C) COPYRIGHT  *******************************
   2:c:/Users/User/Documents/GitHub/ch32h417/EVT/EXAM/SRC/Peripheral/src\ch32h417_can.c **** * File Name          : ch32h417_can.c
   3:c:/Users/User/Documents/GitHub/ch32h417/EVT/EXAM/SRC/Peripheral/src\ch32h417_can.c **** * Author             : WCH
   4:c:/Users/User/Documents/GitHub/ch32h417/EVT/EXAM/SRC/Peripheral/src\ch32h417_can.c **** * Version            : V1.0.2
   5:c:/Users/User/Documents/GitHub/ch32h417/EVT/EXAM/SRC/Peripheral/src\ch32h417_can.c **** * Date               : 2025/10/21
   6:c:/Users/User/Documents/GitHub/ch32h417/EVT/EXAM/SRC/Peripheral/src\ch32h417_can.c **** * Description        : This file provides all the CAN firmware functions.
   7:c:/Users/User/Documents/GitHub/ch32h417/EVT/EXAM/SRC/Peripheral/src\ch32h417_can.c **** *********************************************************************************
   8:c:/Users/User/Documents/GitHub/ch32h417/EVT/EXAM/SRC/Peripheral/src\ch32h417_can.c **** * Copyright (c) 2025 Nanjing Qinheng Microelectronics Co., Ltd.
   9:c:/Users/User/Documents/GitHub/ch32h417/EVT/EXAM/SRC/Peripheral/src\ch32h417_can.c **** * Attention: This software (modified or not) and binary are used for 
  10:c:/Users/User/Documents/GitHub/ch32h417/EVT/EXAM/SRC/Peripheral/src\ch32h417_can.c **** * microcontroller manufactured by Nanjing Qinheng Microelectronics.
  11:c:/Users/User/Documents/GitHub/ch32h417/EVT/EXAM/SRC/Peripheral/src\ch32h417_can.c **** *******************************************************************************/
  12:c:/Users/User/Documents/GitHub/ch32h417/EVT/EXAM/SRC/Peripheral/src\ch32h417_can.c **** #include "ch32h417_can.h"
  13:c:/Users/User/Documents/GitHub/ch32h417/EVT/EXAM/SRC/Peripheral/src\ch32h417_can.c **** #include "ch32h417_rcc.h"
  14:c:/Users/User/Documents/GitHub/ch32h417/EVT/EXAM/SRC/Peripheral/src\ch32h417_can.c **** 
  15:c:/Users/User/Documents/GitHub/ch32h417/EVT/EXAM/SRC/Peripheral/src\ch32h417_can.c **** /* CAN CTLR Register bits */
  16:c:/Users/User/Documents/GitHub/ch32h417/EVT/EXAM/SRC/Peripheral/src\ch32h417_can.c **** #define CTLR_DBF                     ((uint32_t)0x00010000) 
  17:c:/Users/User/Documents/GitHub/ch32h417/EVT/EXAM/SRC/Peripheral/src\ch32h417_can.c **** 
  18:c:/Users/User/Documents/GitHub/ch32h417/EVT/EXAM/SRC/Peripheral/src\ch32h417_can.c **** /* CAN Mailbox Transmit Request */
  19:c:/Users/User/Documents/GitHub/ch32h417/EVT/EXAM/SRC/Peripheral/src\ch32h417_can.c **** #define TMIDxR_TXRQ                  ((uint32_t)0x00000001) 
  20:c:/Users/User/Documents/GitHub/ch32h417/EVT/EXAM/SRC/Peripheral/src\ch32h417_can.c **** 
  21:c:/Users/User/Documents/GitHub/ch32h417/EVT/EXAM/SRC/Peripheral/src\ch32h417_can.c **** /* CAN FCTLR Register bits */
  22:c:/Users/User/Documents/GitHub/ch32h417/EVT/EXAM/SRC/Peripheral/src\ch32h417_can.c **** #define FCTLR_FINIT         		 ((uint32_t)0x00000001)
  23:c:/Users/User/Documents/GitHub/ch32h417/EVT/EXAM/SRC/Peripheral/src\ch32h417_can.c **** 
  24:c:/Users/User/Documents/GitHub/ch32h417/EVT/EXAM/SRC/Peripheral/src\ch32h417_can.c **** /* Time out for INAK bit */
  25:c:/Users/User/Documents/GitHub/ch32h417/EVT/EXAM/SRC/Peripheral/src\ch32h417_can.c **** #define INAK_TIMEOUT                 ((uint32_t)0x0000FFFF)
  26:c:/Users/User/Documents/GitHub/ch32h417/EVT/EXAM/SRC/Peripheral/src\ch32h417_can.c **** /* Time out for SLAK bit */
  27:c:/Users/User/Documents/GitHub/ch32h417/EVT/EXAM/SRC/Peripheral/src\ch32h417_can.c **** #define SLAK_TIMEOUT                 ((uint32_t)0x0000FFFF)
  28:c:/Users/User/Documents/GitHub/ch32h417/EVT/EXAM/SRC/Peripheral/src\ch32h417_can.c **** 
  29:c:/Users/User/Documents/GitHub/ch32h417/EVT/EXAM/SRC/Peripheral/src\ch32h417_can.c **** /* Flags in TSTATR register */
  30:c:/Users/User/Documents/GitHub/ch32h417/EVT/EXAM/SRC/Peripheral/src\ch32h417_can.c **** #define CAN_FLAGS_TSTATR    	     ((uint32_t)0x08000000)
  31:c:/Users/User/Documents/GitHub/ch32h417/EVT/EXAM/SRC/Peripheral/src\ch32h417_can.c **** /* Flags in RFIFO1 register */
  32:c:/Users/User/Documents/GitHub/ch32h417/EVT/EXAM/SRC/Peripheral/src\ch32h417_can.c **** #define CAN_FLAGS_RFIFO1    	     ((uint32_t)0x04000000)
  33:c:/Users/User/Documents/GitHub/ch32h417/EVT/EXAM/SRC/Peripheral/src\ch32h417_can.c **** /* Flags in RFIFO0 register */
  34:c:/Users/User/Documents/GitHub/ch32h417/EVT/EXAM/SRC/Peripheral/src\ch32h417_can.c **** #define CAN_FLAGS_RFIFO0             ((uint32_t)0x02000000) 
  35:c:/Users/User/Documents/GitHub/ch32h417/EVT/EXAM/SRC/Peripheral/src\ch32h417_can.c **** /* Flags in STATR register */
  36:c:/Users/User/Documents/GitHub/ch32h417/EVT/EXAM/SRC/Peripheral/src\ch32h417_can.c **** #define CAN_FLAGS_STATR              ((uint32_t)0x01000000) 
  37:c:/Users/User/Documents/GitHub/ch32h417/EVT/EXAM/SRC/Peripheral/src\ch32h417_can.c **** /* Flags in ERRSR register */
  38:c:/Users/User/Documents/GitHub/ch32h417/EVT/EXAM/SRC/Peripheral/src\ch32h417_can.c **** #define CAN_FLAGS_ERRSR              ((uint32_t)0x00F00000) 
  39:c:/Users/User/Documents/GitHub/ch32h417/EVT/EXAM/SRC/Peripheral/src\ch32h417_can.c **** 
  40:c:/Users/User/Documents/GitHub/ch32h417/EVT/EXAM/SRC/Peripheral/src\ch32h417_can.c **** /* Mailboxes definition */
  41:c:/Users/User/Documents/GitHub/ch32h417/EVT/EXAM/SRC/Peripheral/src\ch32h417_can.c **** #define CAN_TXMAILBOX_0              ((uint8_t)0x00)
  42:c:/Users/User/Documents/GitHub/ch32h417/EVT/EXAM/SRC/Peripheral/src\ch32h417_can.c **** #define CAN_TXMAILBOX_1              ((uint8_t)0x01)
  43:c:/Users/User/Documents/GitHub/ch32h417/EVT/EXAM/SRC/Peripheral/src\ch32h417_can.c **** #define CAN_TXMAILBOX_2              ((uint8_t)0x02) 
  44:c:/Users/User/Documents/GitHub/ch32h417/EVT/EXAM/SRC/Peripheral/src\ch32h417_can.c **** 
  45:c:/Users/User/Documents/GitHub/ch32h417/EVT/EXAM/SRC/Peripheral/src\ch32h417_can.c **** #define CAN_MODE_MASK                ((uint32_t) 0x00000003)
  46:c:/Users/User/Documents/GitHub/ch32h417/EVT/EXAM/SRC/Peripheral/src\ch32h417_can.c **** 
  47:c:/Users/User/Documents/GitHub/ch32h417/EVT/EXAM/SRC/Peripheral/src\ch32h417_can.c **** static ITStatus CheckITStatus(uint32_t CAN_Reg, uint32_t It_Bit);
  48:c:/Users/User/Documents/GitHub/ch32h417/EVT/EXAM/SRC/Peripheral/src\ch32h417_can.c **** 
  49:c:/Users/User/Documents/GitHub/ch32h417/EVT/EXAM/SRC/Peripheral/src\ch32h417_can.c **** 
  50:c:/Users/User/Documents/GitHub/ch32h417/EVT/EXAM/SRC/Peripheral/src\ch32h417_can.c **** /*********************************************************************
  51:c:/Users/User/Documents/GitHub/ch32h417/EVT/EXAM/SRC/Peripheral/src\ch32h417_can.c ****  * @fn      CAN_DeInit
  52:c:/Users/User/Documents/GitHub/ch32h417/EVT/EXAM/SRC/Peripheral/src\ch32h417_can.c ****  *
  53:c:/Users/User/Documents/GitHub/ch32h417/EVT/EXAM/SRC/Peripheral/src\ch32h417_can.c ****  * @brief   Deinitializes the CAN peripheral registers to their default reset
  54:c:/Users/User/Documents/GitHub/ch32h417/EVT/EXAM/SRC/Peripheral/src\ch32h417_can.c ****  *        values.
  55:c:/Users/User/Documents/GitHub/ch32h417/EVT/EXAM/SRC/Peripheral/src\ch32h417_can.c ****  *
  56:c:/Users/User/Documents/GitHub/ch32h417/EVT/EXAM/SRC/Peripheral/src\ch32h417_can.c ****  * @param   CANx - where x can be 1...3 to select the CAN peripheral.
  57:c:/Users/User/Documents/GitHub/ch32h417/EVT/EXAM/SRC/Peripheral/src\ch32h417_can.c ****  *
  58:c:/Users/User/Documents/GitHub/ch32h417/EVT/EXAM/SRC/Peripheral/src\ch32h417_can.c ****  * @return  none
  59:c:/Users/User/Documents/GitHub/ch32h417/EVT/EXAM/SRC/Peripheral/src\ch32h417_can.c ****  */
  60:c:/Users/User/Documents/GitHub/ch32h417/EVT/EXAM/SRC/Peripheral/src\ch32h417_can.c **** void CAN_DeInit(CAN_TypeDef* CANx)
  61:c:/Users/User/Documents/GitHub/ch32h417/EVT/EXAM/SRC/Peripheral/src\ch32h417_can.c **** {
  17              		.loc 1 61 1
  18              		.cfi_startproc
  19              	.LVL0:
  20 0000 17030000 		call	t0,__riscv_save_0
  20      E7020300 
  21              		.cfi_offset 1, -4
  22              		.cfi_def_cfa_offset 16
  62:c:/Users/User/Documents/GitHub/ch32h417/EVT/EXAM/SRC/Peripheral/src\ch32h417_can.c **** 	if (CANx == CAN1)
  23              		.loc 1 62 2
  24              		.loc 1 62 5 is_stmt 0
  25 0008 B7670040 		li	a5,1073766400
  26 000c 93870740 		addi	a5,a5,1024
  27 0010 6314F502 		bne	a0,a5,.L2
  63:c:/Users/User/Documents/GitHub/ch32h417/EVT/EXAM/SRC/Peripheral/src\ch32h417_can.c **** 	{
  64:c:/Users/User/Documents/GitHub/ch32h417/EVT/EXAM/SRC/Peripheral/src\ch32h417_can.c **** 	    RCC_HB1PeriphResetCmd(RCC_HB1Periph_CAN1,ENABLE);
  28              		.loc 1 64 6 is_stmt 1
  29 0014 8545     		li	a1,1
  30 0016 37050002 		li	a0,33554432
  31              	.LVL1:
  32 001a 97000000 		call	RCC_HB1PeriphResetCmd
  32      E7800000 
  33              	.LVL2:
  65:c:/Users/User/Documents/GitHub/ch32h417/EVT/EXAM/SRC/Peripheral/src\ch32h417_can.c **** 	    RCC_HB1PeriphResetCmd(RCC_HB1Periph_CAN1,DISABLE);
  34              		.loc 1 65 6
  35 0022 8145     		li	a1,0
  36 0024 37050002 		li	a0,33554432
  37              	.L6:
  66:c:/Users/User/Documents/GitHub/ch32h417/EVT/EXAM/SRC/Peripheral/src\ch32h417_can.c **** 	}else if (CANx == CAN2)
  67:c:/Users/User/Documents/GitHub/ch32h417/EVT/EXAM/SRC/Peripheral/src\ch32h417_can.c ****     {
  68:c:/Users/User/Documents/GitHub/ch32h417/EVT/EXAM/SRC/Peripheral/src\ch32h417_can.c ****         RCC_HB1PeriphResetCmd(RCC_HB1Periph_CAN2,ENABLE);
  69:c:/Users/User/Documents/GitHub/ch32h417/EVT/EXAM/SRC/Peripheral/src\ch32h417_can.c ****         RCC_HB1PeriphResetCmd(RCC_HB1Periph_CAN2,DISABLE);
  70:c:/Users/User/Documents/GitHub/ch32h417/EVT/EXAM/SRC/Peripheral/src\ch32h417_can.c ****     }else if (CANx == CAN3)
  71:c:/Users/User/Documents/GitHub/ch32h417/EVT/EXAM/SRC/Peripheral/src\ch32h417_can.c ****     {
  72:c:/Users/User/Documents/GitHub/ch32h417/EVT/EXAM/SRC/Peripheral/src\ch32h417_can.c ****         RCC_HB1PeriphResetCmd(RCC_HB1Periph_CAN3,ENABLE);
  73:c:/Users/User/Documents/GitHub/ch32h417/EVT/EXAM/SRC/Peripheral/src\ch32h417_can.c ****         RCC_HB1PeriphResetCmd(RCC_HB1Periph_CAN3,DISABLE);
  38              		.loc 1 73 9 is_stmt 0
  39 0028 97000000 		call	RCC_HB1PeriphResetCmd
  39      E7800000 
  40              	.LVL3:
  41              	.L1:
  74:c:/Users/User/Documents/GitHub/ch32h417/EVT/EXAM/SRC/Peripheral/src\ch32h417_can.c ****     }
  75:c:/Users/User/Documents/GitHub/ch32h417/EVT/EXAM/SRC/Peripheral/src\ch32h417_can.c **** }
  42              		.loc 1 75 1
  43 0030 17030000 		tail	__riscv_restore_0
  43      67000300 
  44              		.cfi_remember_state
  45              		.cfi_restore 1
  46              		.cfi_def_cfa_offset 0
  47              	.LVL4:
  48              	.L2:
  49              		.cfi_restore_state
  66:c:/Users/User/Documents/GitHub/ch32h417/EVT/EXAM/SRC/Peripheral/src\ch32h417_can.c **** 	}else if (CANx == CAN2)
  50              		.loc 1 66 8 is_stmt 1
  66:c:/Users/User/Documents/GitHub/ch32h417/EVT/EXAM/SRC/Peripheral/src\ch32h417_can.c **** 	}else if (CANx == CAN2)
  51              		.loc 1 66 11 is_stmt 0
  52 0038 B7770040 		li	a5,1073770496
  53 003c 93870780 		addi	a5,a5,-2048
  54 0040 631DF500 		bne	a0,a5,.L4
  68:c:/Users/User/Documents/GitHub/ch32h417/EVT/EXAM/SRC/Peripheral/src\ch32h417_can.c ****         RCC_HB1PeriphResetCmd(RCC_HB1Periph_CAN2,DISABLE);
  55              		.loc 1 68 9 is_stmt 1
  56 0044 8545     		li	a1,1
  57 0046 37050004 		li	a0,67108864
  58              	.LVL5:
  59 004a 97000000 		call	RCC_HB1PeriphResetCmd
  59      E7800000 
  60              	.LVL6:
  69:c:/Users/User/Documents/GitHub/ch32h417/EVT/EXAM/SRC/Peripheral/src\ch32h417_can.c ****     }else if (CANx == CAN3)
  61              		.loc 1 69 9
  62 0052 8145     		li	a1,0
  63 0054 37050004 		li	a0,67108864
  64 0058 C1BF     		j	.L6
  65              	.LVL7:
  66              	.L4:
  70:c:/Users/User/Documents/GitHub/ch32h417/EVT/EXAM/SRC/Peripheral/src\ch32h417_can.c ****     {
  67              		.loc 1 70 11
  70:c:/Users/User/Documents/GitHub/ch32h417/EVT/EXAM/SRC/Peripheral/src\ch32h417_can.c ****     {
  68              		.loc 1 70 14 is_stmt 0
  69 005a B7870040 		li	a5,1073774592
  70 005e 93870780 		addi	a5,a5,-2048
  71 0062 E317F5FC 		bne	a0,a5,.L1
  72:c:/Users/User/Documents/GitHub/ch32h417/EVT/EXAM/SRC/Peripheral/src\ch32h417_can.c ****         RCC_HB1PeriphResetCmd(RCC_HB1Periph_CAN3,DISABLE);
  72              		.loc 1 72 9 is_stmt 1
  73 0066 8545     		li	a1,1
  74 0068 37050001 		li	a0,16777216
  75              	.LVL8:
  76 006c 97000000 		call	RCC_HB1PeriphResetCmd
  76      E7800000 
  77              	.LVL9:
  73:c:/Users/User/Documents/GitHub/ch32h417/EVT/EXAM/SRC/Peripheral/src\ch32h417_can.c ****     }
  78              		.loc 1 73 9
  79 0074 8145     		li	a1,0
  80 0076 37050001 		li	a0,16777216
  81 007a 7DB7     		j	.L6
  82              		.cfi_endproc
  83              	.LFE40:
  85              		.section	.text.CAN_Init,"ax",@progbits
  86              		.align	1
  87              		.globl	CAN_Init
  89              	CAN_Init:
  90              	.LFB41:
  76:c:/Users/User/Documents/GitHub/ch32h417/EVT/EXAM/SRC/Peripheral/src\ch32h417_can.c **** 
  77:c:/Users/User/Documents/GitHub/ch32h417/EVT/EXAM/SRC/Peripheral/src\ch32h417_can.c **** /*********************************************************************
  78:c:/Users/User/Documents/GitHub/ch32h417/EVT/EXAM/SRC/Peripheral/src\ch32h417_can.c ****  * @fn      CAN_Init
  79:c:/Users/User/Documents/GitHub/ch32h417/EVT/EXAM/SRC/Peripheral/src\ch32h417_can.c ****  *
  80:c:/Users/User/Documents/GitHub/ch32h417/EVT/EXAM/SRC/Peripheral/src\ch32h417_can.c ****  * @brief   Initializes the CAN peripheral according to the specified
  81:c:/Users/User/Documents/GitHub/ch32h417/EVT/EXAM/SRC/Peripheral/src\ch32h417_can.c ****  *        parameters in the CAN_InitStruct.
  82:c:/Users/User/Documents/GitHub/ch32h417/EVT/EXAM/SRC/Peripheral/src\ch32h417_can.c ****  *
  83:c:/Users/User/Documents/GitHub/ch32h417/EVT/EXAM/SRC/Peripheral/src\ch32h417_can.c ****  * @param   CANx - where x can be 1...3 to select the CAN peripheral.
  84:c:/Users/User/Documents/GitHub/ch32h417/EVT/EXAM/SRC/Peripheral/src\ch32h417_can.c ****  *          CAN_InitStruct - pointer to a CAN_InitTypeDef structure that
  85:c:/Users/User/Documents/GitHub/ch32h417/EVT/EXAM/SRC/Peripheral/src\ch32h417_can.c ****  *        contains the configuration information for the CAN peripheral.
  86:c:/Users/User/Documents/GitHub/ch32h417/EVT/EXAM/SRC/Peripheral/src\ch32h417_can.c ****  *
  87:c:/Users/User/Documents/GitHub/ch32h417/EVT/EXAM/SRC/Peripheral/src\ch32h417_can.c ****  * @return  InitStatus - CAN InitStatus state.
  88:c:/Users/User/Documents/GitHub/ch32h417/EVT/EXAM/SRC/Peripheral/src\ch32h417_can.c **** *             CAN_InitStatus_Failed.
  89:c:/Users/User/Documents/GitHub/ch32h417/EVT/EXAM/SRC/Peripheral/src\ch32h417_can.c **** *             CAN_InitStatus_Success.
  90:c:/Users/User/Documents/GitHub/ch32h417/EVT/EXAM/SRC/Peripheral/src\ch32h417_can.c ****  */
  91:c:/Users/User/Documents/GitHub/ch32h417/EVT/EXAM/SRC/Peripheral/src\ch32h417_can.c **** uint8_t CAN_Init(CAN_TypeDef* CANx, CAN_InitTypeDef* CAN_InitStruct)
  92:c:/Users/User/Documents/GitHub/ch32h417/EVT/EXAM/SRC/Peripheral/src\ch32h417_can.c **** {
  91              		.loc 1 92 1
  92              		.cfi_startproc
  93              	.LVL10:
  94 0000 17030000 		call	t0,__riscv_save_2
  94      E7020300 
  95              		.cfi_offset 9, -12
  96              		.cfi_offset 8, -8
  97              		.cfi_offset 1, -4
  98              		.cfi_def_cfa_offset 16
  93:c:/Users/User/Documents/GitHub/ch32h417/EVT/EXAM/SRC/Peripheral/src\ch32h417_can.c **** 	uint8_t InitStatus = CAN_InitStatus_Failed;
  99              		.loc 1 93 2
 100              	.LVL11:
  94:c:/Users/User/Documents/GitHub/ch32h417/EVT/EXAM/SRC/Peripheral/src\ch32h417_can.c **** 	uint32_t wait_ack = 0x00000000;
 101              		.loc 1 94 2
  95:c:/Users/User/Documents/GitHub/ch32h417/EVT/EXAM/SRC/Peripheral/src\ch32h417_can.c **** 	uint32_t chip = DBGMCU_GetCHIPID();
 102              		.loc 1 95 2
  92:c:/Users/User/Documents/GitHub/ch32h417/EVT/EXAM/SRC/Peripheral/src\ch32h417_can.c **** 	uint8_t InitStatus = CAN_InitStatus_Failed;
 103              		.loc 1 92 1 is_stmt 0
 104 0008 2A84     		mv	s0,a0
 105 000a AE84     		mv	s1,a1
 106              		.loc 1 95 18
 107 000c 97000000 		call	DBGMCU_GetCHIPID
 107      E7800000 
 108              	.LVL12:
  96:c:/Users/User/Documents/GitHub/ch32h417/EVT/EXAM/SRC/Peripheral/src\ch32h417_can.c **** 
  97:c:/Users/User/Documents/GitHub/ch32h417/EVT/EXAM/SRC/Peripheral/src\ch32h417_can.c **** 	if((chip & 0x000000F0) == 0)
 109              		.loc 1 97 2 is_stmt 1
 110              		.loc 1 97 11 is_stmt 0
 111 0014 1375050F 		andi	a0,a0,240
 112              	.LVL13:
 113              		.loc 1 97 4
 114 0018 631D051C 		bne	a0,zero,.L8
  98:c:/Users/User/Documents/GitHub/ch32h417/EVT/EXAM/SRC/Peripheral/src\ch32h417_can.c **** 	{
  99:c:/Users/User/Documents/GitHub/ch32h417/EVT/EXAM/SRC/Peripheral/src\ch32h417_can.c **** 		if(CAN1 == CANx)
 115              		.loc 1 99 3 is_stmt 1
 116              		.loc 1 99 5 is_stmt 0
 117 001c B7670040 		li	a5,1073766400
 118 0020 93870740 		addi	a5,a5,1024
 119 0024 6311F404 		bne	s0,a5,.L9
 100:c:/Users/User/Documents/GitHub/ch32h417/EVT/EXAM/SRC/Peripheral/src\ch32h417_can.c ****         {
 101:c:/Users/User/Documents/GitHub/ch32h417/EVT/EXAM/SRC/Peripheral/src\ch32h417_can.c ****             (*(__IO uint32_t *)(0x40021014)) |= 0x02000000;
 120              		.loc 1 101 13 is_stmt 1
 121              		.loc 1 101 14 is_stmt 0
 122 0028 B7170240 		li	a5,1073876992
 123 002c D84B     		lw	a4,20(a5)
 124              		.loc 1 101 46
 125 002e 13179729 		bseti	a4,a4,25
 126 0032 D8CB     		sw	a4,20(a5)
 102:c:/Users/User/Documents/GitHub/ch32h417/EVT/EXAM/SRC/Peripheral/src\ch32h417_can.c ****             (*(__IO uint32_t *)(0x40021014)) &= ~(0x02000000);
 127              		.loc 1 102 13 is_stmt 1
 128              		.loc 1 102 14 is_stmt 0
 129 0034 D84B     		lw	a4,20(a5)
 130              		.loc 1 102 46
 131 0036 13179749 		bclri	a4,a4,25
 132              	.L66:
 103:c:/Users/User/Documents/GitHub/ch32h417/EVT/EXAM/SRC/Peripheral/src\ch32h417_can.c ****         }else if(CAN2 == CANx)
 104:c:/Users/User/Documents/GitHub/ch32h417/EVT/EXAM/SRC/Peripheral/src\ch32h417_can.c ****         {
 105:c:/Users/User/Documents/GitHub/ch32h417/EVT/EXAM/SRC/Peripheral/src\ch32h417_can.c ****             (*(__IO uint32_t *)(0x40021014)) |= 0x04000000;
 106:c:/Users/User/Documents/GitHub/ch32h417/EVT/EXAM/SRC/Peripheral/src\ch32h417_can.c ****             (*(__IO uint32_t *)(0x40021014)) &= ~(0x04000000);
 107:c:/Users/User/Documents/GitHub/ch32h417/EVT/EXAM/SRC/Peripheral/src\ch32h417_can.c ****         }else if(CAN3 == CANx)
 108:c:/Users/User/Documents/GitHub/ch32h417/EVT/EXAM/SRC/Peripheral/src\ch32h417_can.c **** 		{
 109:c:/Users/User/Documents/GitHub/ch32h417/EVT/EXAM/SRC/Peripheral/src\ch32h417_can.c **** 			(*(__IO uint32_t *)(0x40021014)) |= 0x01000000;
 110:c:/Users/User/Documents/GitHub/ch32h417/EVT/EXAM/SRC/Peripheral/src\ch32h417_can.c ****             (*(__IO uint32_t *)(0x40021014)) &= ~(0x01000000);
 133              		.loc 1 110 46
 134 003a D8CB     		sw	a4,20(a5)
 135              	.L10:
 111:c:/Users/User/Documents/GitHub/ch32h417/EVT/EXAM/SRC/Peripheral/src\ch32h417_can.c **** 		}
 112:c:/Users/User/Documents/GitHub/ch32h417/EVT/EXAM/SRC/Peripheral/src\ch32h417_can.c ****         
 113:c:/Users/User/Documents/GitHub/ch32h417/EVT/EXAM/SRC/Peripheral/src\ch32h417_can.c ****         CANx->CTLR &= ~0x2;
 136              		.loc 1 113 9 is_stmt 1
 137              		.loc 1 113 13 is_stmt 0
 138 003c 1C40     		lw	a5,0(s0)
 139              		.loc 1 113 20
 140 003e F59B     		andi	a5,a5,-3
 141 0040 1CC0     		sw	a5,0(s0)
 114:c:/Users/User/Documents/GitHub/ch32h417/EVT/EXAM/SRC/Peripheral/src\ch32h417_can.c ****         CANx->CTLR |= 0x1;
 142              		.loc 1 114 9 is_stmt 1
 143              		.loc 1 114 13 is_stmt 0
 144 0042 1C40     		lw	a5,0(s0)
 145              		.loc 1 114 20
 146 0044 93E71700 		ori	a5,a5,1
 147 0048 1CC0     		sw	a5,0(s0)
 115:c:/Users/User/Documents/GitHub/ch32h417/EVT/EXAM/SRC/Peripheral/src\ch32h417_can.c ****         
 116:c:/Users/User/Documents/GitHub/ch32h417/EVT/EXAM/SRC/Peripheral/src\ch32h417_can.c ****         while(!(CANx->STATR & 0x1) && (wait_ack != 0x0000FFFF))
 148              		.loc 1 116 9 is_stmt 1
 149              		.loc 1 116 14 is_stmt 0
 150 004a C167     		li	a5,65536
 151              	.LVL14:
 152              	.L13:
 153              		.loc 1 116 36 is_stmt 1
 154              		.loc 1 116 21 is_stmt 0
 155 004c 5840     		lw	a4,4(s0)
 156              		.loc 1 116 29
 157 004e 058B     		andi	a4,a4,1
 158              		.loc 1 116 36
 159 0050 19E3     		bne	a4,zero,.L12
 160              		.loc 1 116 36 discriminator 1
 161 0052 FD17     		addi	a5,a5,-1
 162              	.LVL15:
 163 0054 E5FF     		bne	a5,zero,.L13
 164              	.LVL16:
 165              	.L12:
 117:c:/Users/User/Documents/GitHub/ch32h417/EVT/EXAM/SRC/Peripheral/src\ch32h417_can.c ****         {
 118:c:/Users/User/Documents/GitHub/ch32h417/EVT/EXAM/SRC/Peripheral/src\ch32h417_can.c ****             wait_ack++;
 119:c:/Users/User/Documents/GitHub/ch32h417/EVT/EXAM/SRC/Peripheral/src\ch32h417_can.c ****         }
 120:c:/Users/User/Documents/GitHub/ch32h417/EVT/EXAM/SRC/Peripheral/src\ch32h417_can.c **** 
 121:c:/Users/User/Documents/GitHub/ch32h417/EVT/EXAM/SRC/Peripheral/src\ch32h417_can.c ****         if((CANx->STATR & 0x1))
 166              		.loc 1 121 9 is_stmt 1
 167              		.loc 1 121 17 is_stmt 0
 168 0056 5840     		lw	a4,4(s0)
 169              		.loc 1 121 25
 170 0058 058B     		andi	a4,a4,1
 171              		.loc 1 121 11
 172 005a 31E7     		bne	a4,zero,.L14
 173              	.LVL17:
 174              	.L19:
 122:c:/Users/User/Documents/GitHub/ch32h417/EVT/EXAM/SRC/Peripheral/src\ch32h417_can.c ****         {
 123:c:/Users/User/Documents/GitHub/ch32h417/EVT/EXAM/SRC/Peripheral/src\ch32h417_can.c ****             CANx->BTIMR = ( uint32_t)0xC1100000| \
 124:c:/Users/User/Documents/GitHub/ch32h417/EVT/EXAM/SRC/Peripheral/src\ch32h417_can.c ****                                     ((uint32_t)SystemCoreClock/(((((*(__IO uint32_t *)(0x40021004))
 125:c:/Users/User/Documents/GitHub/ch32h417/EVT/EXAM/SRC/Peripheral/src\ch32h417_can.c ****         }
 126:c:/Users/User/Documents/GitHub/ch32h417/EVT/EXAM/SRC/Peripheral/src\ch32h417_can.c ****         else
 127:c:/Users/User/Documents/GitHub/ch32h417/EVT/EXAM/SRC/Peripheral/src\ch32h417_can.c ****         {
 128:c:/Users/User/Documents/GitHub/ch32h417/EVT/EXAM/SRC/Peripheral/src\ch32h417_can.c ****             return CAN_InitStatus_Failed;
 175              		.loc 1 128 20
 176 005c 0145     		li	a0,0
 177              	.L15:
 178              	.LVL18:
 129:c:/Users/User/Documents/GitHub/ch32h417/EVT/EXAM/SRC/Peripheral/src\ch32h417_can.c ****         }
 130:c:/Users/User/Documents/GitHub/ch32h417/EVT/EXAM/SRC/Peripheral/src\ch32h417_can.c ****         CANx->CTLR &= ~0x1;
 131:c:/Users/User/Documents/GitHub/ch32h417/EVT/EXAM/SRC/Peripheral/src\ch32h417_can.c ****         wait_ack = 0;
 132:c:/Users/User/Documents/GitHub/ch32h417/EVT/EXAM/SRC/Peripheral/src\ch32h417_can.c ****         while((CANx->STATR & 0x1) && (wait_ack != 0x0000FFFF))
 133:c:/Users/User/Documents/GitHub/ch32h417/EVT/EXAM/SRC/Peripheral/src\ch32h417_can.c ****         {
 134:c:/Users/User/Documents/GitHub/ch32h417/EVT/EXAM/SRC/Peripheral/src\ch32h417_can.c ****             wait_ack++;
 135:c:/Users/User/Documents/GitHub/ch32h417/EVT/EXAM/SRC/Peripheral/src\ch32h417_can.c ****         }
 136:c:/Users/User/Documents/GitHub/ch32h417/EVT/EXAM/SRC/Peripheral/src\ch32h417_can.c **** 
 137:c:/Users/User/Documents/GitHub/ch32h417/EVT/EXAM/SRC/Peripheral/src\ch32h417_can.c ****         if((CANx->STATR & 0x1)){
 138:c:/Users/User/Documents/GitHub/ch32h417/EVT/EXAM/SRC/Peripheral/src\ch32h417_can.c ****             return CAN_InitStatus_Failed;
 139:c:/Users/User/Documents/GitHub/ch32h417/EVT/EXAM/SRC/Peripheral/src\ch32h417_can.c ****         }
 140:c:/Users/User/Documents/GitHub/ch32h417/EVT/EXAM/SRC/Peripheral/src\ch32h417_can.c **** 
 141:c:/Users/User/Documents/GitHub/ch32h417/EVT/EXAM/SRC/Peripheral/src\ch32h417_can.c ****         (*(__IO uint32_t *)(0x4000660C)) |= 0xFFFFFFF;
 142:c:/Users/User/Documents/GitHub/ch32h417/EVT/EXAM/SRC/Peripheral/src\ch32h417_can.c **** 		(*(__IO uint32_t *)(0x40006620)) |= 0x3FF;
 143:c:/Users/User/Documents/GitHub/ch32h417/EVT/EXAM/SRC/Peripheral/src\ch32h417_can.c ****         (*(__IO uint32_t *)(0x40006640)) = 0x0;
 144:c:/Users/User/Documents/GitHub/ch32h417/EVT/EXAM/SRC/Peripheral/src\ch32h417_can.c ****         (*(__IO uint32_t *)(0x40006644)) = 0x0;
 145:c:/Users/User/Documents/GitHub/ch32h417/EVT/EXAM/SRC/Peripheral/src\ch32h417_can.c ****         (*(__IO uint32_t *)(0x40006648)) = 0x0;
 146:c:/Users/User/Documents/GitHub/ch32h417/EVT/EXAM/SRC/Peripheral/src\ch32h417_can.c ****         (*(__IO uint32_t *)(0x4000664C)) = 0x0;
 147:c:/Users/User/Documents/GitHub/ch32h417/EVT/EXAM/SRC/Peripheral/src\ch32h417_can.c **** 		(*(__IO uint32_t *)(0x40006650)) = 0x0;
 148:c:/Users/User/Documents/GitHub/ch32h417/EVT/EXAM/SRC/Peripheral/src\ch32h417_can.c ****         (*(__IO uint32_t *)(0x40006654)) = 0x0;
 149:c:/Users/User/Documents/GitHub/ch32h417/EVT/EXAM/SRC/Peripheral/src\ch32h417_can.c ****         (*(__IO uint32_t *)(0x4000661C)) |= 0xFFFFFFF;	
 150:c:/Users/User/Documents/GitHub/ch32h417/EVT/EXAM/SRC/Peripheral/src\ch32h417_can.c **** 		(*(__IO uint32_t *)(0x40006620)) |= 0x3FF;	
 151:c:/Users/User/Documents/GitHub/ch32h417/EVT/EXAM/SRC/Peripheral/src\ch32h417_can.c **** 		(*(__IO uint32_t *)(0x40006600)) = 0x2A010101;
 152:c:/Users/User/Documents/GitHub/ch32h417/EVT/EXAM/SRC/Peripheral/src\ch32h417_can.c ****         (*(__IO uint32_t *)(0x40006600)) &= ~0x1; 	
 153:c:/Users/User/Documents/GitHub/ch32h417/EVT/EXAM/SRC/Peripheral/src\ch32h417_can.c ****         if(CAN1 == CANx)
 154:c:/Users/User/Documents/GitHub/ch32h417/EVT/EXAM/SRC/Peripheral/src\ch32h417_can.c ****         {
 155:c:/Users/User/Documents/GitHub/ch32h417/EVT/EXAM/SRC/Peripheral/src\ch32h417_can.c ****             (*(__IO uint32_t *)(0x40006580)) |= 0x3;
 156:c:/Users/User/Documents/GitHub/ch32h417/EVT/EXAM/SRC/Peripheral/src\ch32h417_can.c ****             while(!((*(__IO uint32_t *)(0x4000640C)) & 0x3));
 157:c:/Users/User/Documents/GitHub/ch32h417/EVT/EXAM/SRC/Peripheral/src\ch32h417_can.c ****             (*(__IO uint32_t *)(0x4000640C)) = 0x38;
 158:c:/Users/User/Documents/GitHub/ch32h417/EVT/EXAM/SRC/Peripheral/src\ch32h417_can.c ****         }else if (CAN2 == CANx)
 159:c:/Users/User/Documents/GitHub/ch32h417/EVT/EXAM/SRC/Peripheral/src\ch32h417_can.c ****         {
 160:c:/Users/User/Documents/GitHub/ch32h417/EVT/EXAM/SRC/Peripheral/src\ch32h417_can.c ****             (*(__IO uint32_t *)(0x40006980)) |= 0x3;
 161:c:/Users/User/Documents/GitHub/ch32h417/EVT/EXAM/SRC/Peripheral/src\ch32h417_can.c ****             while(!((*(__IO uint32_t *)(0x4000680C)) & 0x3));
 162:c:/Users/User/Documents/GitHub/ch32h417/EVT/EXAM/SRC/Peripheral/src\ch32h417_can.c ****             (*(__IO uint32_t *)(0x4000680C)) = 0x38;
 163:c:/Users/User/Documents/GitHub/ch32h417/EVT/EXAM/SRC/Peripheral/src\ch32h417_can.c ****         }else if (CAN3 == CANx)
 164:c:/Users/User/Documents/GitHub/ch32h417/EVT/EXAM/SRC/Peripheral/src\ch32h417_can.c ****         {
 165:c:/Users/User/Documents/GitHub/ch32h417/EVT/EXAM/SRC/Peripheral/src\ch32h417_can.c ****             (*(__IO uint32_t *)(0x40007980)) |= 0x3;
 166:c:/Users/User/Documents/GitHub/ch32h417/EVT/EXAM/SRC/Peripheral/src\ch32h417_can.c ****             while(!((*(__IO uint32_t *)(0x4000780C)) & 0x3));
 167:c:/Users/User/Documents/GitHub/ch32h417/EVT/EXAM/SRC/Peripheral/src\ch32h417_can.c ****             (*(__IO uint32_t *)(0x4000780C)) = 0x38;
 168:c:/Users/User/Documents/GitHub/ch32h417/EVT/EXAM/SRC/Peripheral/src\ch32h417_can.c ****         }
 169:c:/Users/User/Documents/GitHub/ch32h417/EVT/EXAM/SRC/Peripheral/src\ch32h417_can.c **** 
 170:c:/Users/User/Documents/GitHub/ch32h417/EVT/EXAM/SRC/Peripheral/src\ch32h417_can.c ****         if(CAN1 == CANx)
 171:c:/Users/User/Documents/GitHub/ch32h417/EVT/EXAM/SRC/Peripheral/src\ch32h417_can.c ****         {
 172:c:/Users/User/Documents/GitHub/ch32h417/EVT/EXAM/SRC/Peripheral/src\ch32h417_can.c ****             (*(__IO uint32_t *)(0x40021014)) |= 0x02000000;
 173:c:/Users/User/Documents/GitHub/ch32h417/EVT/EXAM/SRC/Peripheral/src\ch32h417_can.c ****             (*(__IO uint32_t *)(0x40021014)) &= ~(0x02000000);
 174:c:/Users/User/Documents/GitHub/ch32h417/EVT/EXAM/SRC/Peripheral/src\ch32h417_can.c ****         }else if(CAN2 == CANx)
 175:c:/Users/User/Documents/GitHub/ch32h417/EVT/EXAM/SRC/Peripheral/src\ch32h417_can.c ****         {
 176:c:/Users/User/Documents/GitHub/ch32h417/EVT/EXAM/SRC/Peripheral/src\ch32h417_can.c ****             (*(__IO uint32_t *)(0x40021014)) |= 0x04000000;
 177:c:/Users/User/Documents/GitHub/ch32h417/EVT/EXAM/SRC/Peripheral/src\ch32h417_can.c ****             (*(__IO uint32_t *)(0x40021014)) &= ~(0x04000000);
 178:c:/Users/User/Documents/GitHub/ch32h417/EVT/EXAM/SRC/Peripheral/src\ch32h417_can.c ****         }else if(CAN3 == CANx)
 179:c:/Users/User/Documents/GitHub/ch32h417/EVT/EXAM/SRC/Peripheral/src\ch32h417_can.c **** 		{
 180:c:/Users/User/Documents/GitHub/ch32h417/EVT/EXAM/SRC/Peripheral/src\ch32h417_can.c **** 			(*(__IO uint32_t *)(0x40021014)) |= 0x01000000;
 181:c:/Users/User/Documents/GitHub/ch32h417/EVT/EXAM/SRC/Peripheral/src\ch32h417_can.c ****             (*(__IO uint32_t *)(0x40021014)) &= ~(0x01000000);
 182:c:/Users/User/Documents/GitHub/ch32h417/EVT/EXAM/SRC/Peripheral/src\ch32h417_can.c **** 		}
 183:c:/Users/User/Documents/GitHub/ch32h417/EVT/EXAM/SRC/Peripheral/src\ch32h417_can.c ****         (*(__IO uint32_t *)(0x40006600)) |= 0x1; 	
 184:c:/Users/User/Documents/GitHub/ch32h417/EVT/EXAM/SRC/Peripheral/src\ch32h417_can.c ****         (*(__IO uint32_t *)(0x4000660C)) |= 0xFFFFFFF;	
 185:c:/Users/User/Documents/GitHub/ch32h417/EVT/EXAM/SRC/Peripheral/src\ch32h417_can.c ****         (*(__IO uint32_t *)(0x4000661C)) |= 0xFFFFFFF;	
 186:c:/Users/User/Documents/GitHub/ch32h417/EVT/EXAM/SRC/Peripheral/src\ch32h417_can.c ****         (*(__IO uint32_t *)(0x40006600)) &= ~0x1;
 187:c:/Users/User/Documents/GitHub/ch32h417/EVT/EXAM/SRC/Peripheral/src\ch32h417_can.c **** 		(*(__IO uint32_t *)(0x40006600)) |= 0x1; 	
 188:c:/Users/User/Documents/GitHub/ch32h417/EVT/EXAM/SRC/Peripheral/src\ch32h417_can.c **** 		(*(__IO uint32_t *)(0x40006600)) = 0x2A010101;
 189:c:/Users/User/Documents/GitHub/ch32h417/EVT/EXAM/SRC/Peripheral/src\ch32h417_can.c **** 		(*(__IO uint32_t *)(0x40006600)) &= ~0x1;
 190:c:/Users/User/Documents/GitHub/ch32h417/EVT/EXAM/SRC/Peripheral/src\ch32h417_can.c ****         wait_ack = 0;
 191:c:/Users/User/Documents/GitHub/ch32h417/EVT/EXAM/SRC/Peripheral/src\ch32h417_can.c **** 	}
 192:c:/Users/User/Documents/GitHub/ch32h417/EVT/EXAM/SRC/Peripheral/src\ch32h417_can.c **** 
 193:c:/Users/User/Documents/GitHub/ch32h417/EVT/EXAM/SRC/Peripheral/src\ch32h417_can.c **** 	CANx->CTLR &= (~(uint32_t)CAN_CTLR_SLEEP);
 194:c:/Users/User/Documents/GitHub/ch32h417/EVT/EXAM/SRC/Peripheral/src\ch32h417_can.c **** 	CANx->CTLR |= CAN_CTLR_INRQ ;
 195:c:/Users/User/Documents/GitHub/ch32h417/EVT/EXAM/SRC/Peripheral/src\ch32h417_can.c **** 
 196:c:/Users/User/Documents/GitHub/ch32h417/EVT/EXAM/SRC/Peripheral/src\ch32h417_can.c **** 	while (((CANx->STATR & CAN_STATR_INAK) != CAN_STATR_INAK) && (wait_ack != INAK_TIMEOUT))
 197:c:/Users/User/Documents/GitHub/ch32h417/EVT/EXAM/SRC/Peripheral/src\ch32h417_can.c **** 	{
 198:c:/Users/User/Documents/GitHub/ch32h417/EVT/EXAM/SRC/Peripheral/src\ch32h417_can.c **** 		wait_ack++;
 199:c:/Users/User/Documents/GitHub/ch32h417/EVT/EXAM/SRC/Peripheral/src\ch32h417_can.c **** 	}
 200:c:/Users/User/Documents/GitHub/ch32h417/EVT/EXAM/SRC/Peripheral/src\ch32h417_can.c **** 
 201:c:/Users/User/Documents/GitHub/ch32h417/EVT/EXAM/SRC/Peripheral/src\ch32h417_can.c **** 	if ((CANx->STATR & CAN_STATR_INAK) != CAN_STATR_INAK)
 202:c:/Users/User/Documents/GitHub/ch32h417/EVT/EXAM/SRC/Peripheral/src\ch32h417_can.c **** 	{
 203:c:/Users/User/Documents/GitHub/ch32h417/EVT/EXAM/SRC/Peripheral/src\ch32h417_can.c **** 		InitStatus = CAN_InitStatus_Failed;
 204:c:/Users/User/Documents/GitHub/ch32h417/EVT/EXAM/SRC/Peripheral/src\ch32h417_can.c **** 	}
 205:c:/Users/User/Documents/GitHub/ch32h417/EVT/EXAM/SRC/Peripheral/src\ch32h417_can.c **** 	else 
 206:c:/Users/User/Documents/GitHub/ch32h417/EVT/EXAM/SRC/Peripheral/src\ch32h417_can.c **** 	{
 207:c:/Users/User/Documents/GitHub/ch32h417/EVT/EXAM/SRC/Peripheral/src\ch32h417_can.c **** 		if (CAN_InitStruct->CAN_TTCM == ENABLE)
 208:c:/Users/User/Documents/GitHub/ch32h417/EVT/EXAM/SRC/Peripheral/src\ch32h417_can.c **** 		{
 209:c:/Users/User/Documents/GitHub/ch32h417/EVT/EXAM/SRC/Peripheral/src\ch32h417_can.c **** 			CANx->CTLR |= CAN_CTLR_TTCM;
 210:c:/Users/User/Documents/GitHub/ch32h417/EVT/EXAM/SRC/Peripheral/src\ch32h417_can.c **** 		}
 211:c:/Users/User/Documents/GitHub/ch32h417/EVT/EXAM/SRC/Peripheral/src\ch32h417_can.c **** 		else
 212:c:/Users/User/Documents/GitHub/ch32h417/EVT/EXAM/SRC/Peripheral/src\ch32h417_can.c **** 		{
 213:c:/Users/User/Documents/GitHub/ch32h417/EVT/EXAM/SRC/Peripheral/src\ch32h417_can.c **** 			CANx->CTLR &= ~(uint32_t)CAN_CTLR_TTCM;
 214:c:/Users/User/Documents/GitHub/ch32h417/EVT/EXAM/SRC/Peripheral/src\ch32h417_can.c **** 		}
 215:c:/Users/User/Documents/GitHub/ch32h417/EVT/EXAM/SRC/Peripheral/src\ch32h417_can.c **** 
 216:c:/Users/User/Documents/GitHub/ch32h417/EVT/EXAM/SRC/Peripheral/src\ch32h417_can.c **** 		if (CAN_InitStruct->CAN_ABOM == ENABLE)
 217:c:/Users/User/Documents/GitHub/ch32h417/EVT/EXAM/SRC/Peripheral/src\ch32h417_can.c **** 		{
 218:c:/Users/User/Documents/GitHub/ch32h417/EVT/EXAM/SRC/Peripheral/src\ch32h417_can.c **** 			CANx->CTLR |= CAN_CTLR_ABOM;
 219:c:/Users/User/Documents/GitHub/ch32h417/EVT/EXAM/SRC/Peripheral/src\ch32h417_can.c **** 		}
 220:c:/Users/User/Documents/GitHub/ch32h417/EVT/EXAM/SRC/Peripheral/src\ch32h417_can.c **** 		else
 221:c:/Users/User/Documents/GitHub/ch32h417/EVT/EXAM/SRC/Peripheral/src\ch32h417_can.c **** 		{
 222:c:/Users/User/Documents/GitHub/ch32h417/EVT/EXAM/SRC/Peripheral/src\ch32h417_can.c **** 			CANx->CTLR &= ~(uint32_t)CAN_CTLR_ABOM;
 223:c:/Users/User/Documents/GitHub/ch32h417/EVT/EXAM/SRC/Peripheral/src\ch32h417_can.c **** 		}
 224:c:/Users/User/Documents/GitHub/ch32h417/EVT/EXAM/SRC/Peripheral/src\ch32h417_can.c **** 
 225:c:/Users/User/Documents/GitHub/ch32h417/EVT/EXAM/SRC/Peripheral/src\ch32h417_can.c **** 		if (CAN_InitStruct->CAN_AWUM == ENABLE)
 226:c:/Users/User/Documents/GitHub/ch32h417/EVT/EXAM/SRC/Peripheral/src\ch32h417_can.c **** 		{
 227:c:/Users/User/Documents/GitHub/ch32h417/EVT/EXAM/SRC/Peripheral/src\ch32h417_can.c **** 			CANx->CTLR |= CAN_CTLR_AWUM;
 228:c:/Users/User/Documents/GitHub/ch32h417/EVT/EXAM/SRC/Peripheral/src\ch32h417_can.c **** 		}
 229:c:/Users/User/Documents/GitHub/ch32h417/EVT/EXAM/SRC/Peripheral/src\ch32h417_can.c **** 		else
 230:c:/Users/User/Documents/GitHub/ch32h417/EVT/EXAM/SRC/Peripheral/src\ch32h417_can.c **** 		{
 231:c:/Users/User/Documents/GitHub/ch32h417/EVT/EXAM/SRC/Peripheral/src\ch32h417_can.c **** 			CANx->CTLR &= ~(uint32_t)CAN_CTLR_AWUM;
 232:c:/Users/User/Documents/GitHub/ch32h417/EVT/EXAM/SRC/Peripheral/src\ch32h417_can.c **** 		}
 233:c:/Users/User/Documents/GitHub/ch32h417/EVT/EXAM/SRC/Peripheral/src\ch32h417_can.c **** 
 234:c:/Users/User/Documents/GitHub/ch32h417/EVT/EXAM/SRC/Peripheral/src\ch32h417_can.c **** 		if (CAN_InitStruct->CAN_NART == ENABLE)
 235:c:/Users/User/Documents/GitHub/ch32h417/EVT/EXAM/SRC/Peripheral/src\ch32h417_can.c **** 		{
 236:c:/Users/User/Documents/GitHub/ch32h417/EVT/EXAM/SRC/Peripheral/src\ch32h417_can.c **** 			CANx->CTLR |= CAN_CTLR_NART;
 237:c:/Users/User/Documents/GitHub/ch32h417/EVT/EXAM/SRC/Peripheral/src\ch32h417_can.c **** 		}
 238:c:/Users/User/Documents/GitHub/ch32h417/EVT/EXAM/SRC/Peripheral/src\ch32h417_can.c **** 		else
 239:c:/Users/User/Documents/GitHub/ch32h417/EVT/EXAM/SRC/Peripheral/src\ch32h417_can.c **** 		{
 240:c:/Users/User/Documents/GitHub/ch32h417/EVT/EXAM/SRC/Peripheral/src\ch32h417_can.c **** 			CANx->CTLR &= ~(uint32_t)CAN_CTLR_NART;
 241:c:/Users/User/Documents/GitHub/ch32h417/EVT/EXAM/SRC/Peripheral/src\ch32h417_can.c **** 		}
 242:c:/Users/User/Documents/GitHub/ch32h417/EVT/EXAM/SRC/Peripheral/src\ch32h417_can.c **** 
 243:c:/Users/User/Documents/GitHub/ch32h417/EVT/EXAM/SRC/Peripheral/src\ch32h417_can.c **** 		if (CAN_InitStruct->CAN_RFLM == ENABLE)
 244:c:/Users/User/Documents/GitHub/ch32h417/EVT/EXAM/SRC/Peripheral/src\ch32h417_can.c **** 		{
 245:c:/Users/User/Documents/GitHub/ch32h417/EVT/EXAM/SRC/Peripheral/src\ch32h417_can.c **** 			CANx->CTLR |= CAN_CTLR_RFLM;
 246:c:/Users/User/Documents/GitHub/ch32h417/EVT/EXAM/SRC/Peripheral/src\ch32h417_can.c **** 		}
 247:c:/Users/User/Documents/GitHub/ch32h417/EVT/EXAM/SRC/Peripheral/src\ch32h417_can.c **** 		else
 248:c:/Users/User/Documents/GitHub/ch32h417/EVT/EXAM/SRC/Peripheral/src\ch32h417_can.c **** 		{
 249:c:/Users/User/Documents/GitHub/ch32h417/EVT/EXAM/SRC/Peripheral/src\ch32h417_can.c **** 			CANx->CTLR &= ~(uint32_t)CAN_CTLR_RFLM;
 250:c:/Users/User/Documents/GitHub/ch32h417/EVT/EXAM/SRC/Peripheral/src\ch32h417_can.c **** 		}
 251:c:/Users/User/Documents/GitHub/ch32h417/EVT/EXAM/SRC/Peripheral/src\ch32h417_can.c **** 
 252:c:/Users/User/Documents/GitHub/ch32h417/EVT/EXAM/SRC/Peripheral/src\ch32h417_can.c **** 		if (CAN_InitStruct->CAN_TXFP == ENABLE)
 253:c:/Users/User/Documents/GitHub/ch32h417/EVT/EXAM/SRC/Peripheral/src\ch32h417_can.c **** 		{
 254:c:/Users/User/Documents/GitHub/ch32h417/EVT/EXAM/SRC/Peripheral/src\ch32h417_can.c **** 			CANx->CTLR |= CAN_CTLR_TXFP;
 255:c:/Users/User/Documents/GitHub/ch32h417/EVT/EXAM/SRC/Peripheral/src\ch32h417_can.c **** 		}
 256:c:/Users/User/Documents/GitHub/ch32h417/EVT/EXAM/SRC/Peripheral/src\ch32h417_can.c **** 		else
 257:c:/Users/User/Documents/GitHub/ch32h417/EVT/EXAM/SRC/Peripheral/src\ch32h417_can.c **** 		{
 258:c:/Users/User/Documents/GitHub/ch32h417/EVT/EXAM/SRC/Peripheral/src\ch32h417_can.c **** 			CANx->CTLR &= ~(uint32_t)CAN_CTLR_TXFP;
 259:c:/Users/User/Documents/GitHub/ch32h417/EVT/EXAM/SRC/Peripheral/src\ch32h417_can.c **** 		}
 260:c:/Users/User/Documents/GitHub/ch32h417/EVT/EXAM/SRC/Peripheral/src\ch32h417_can.c **** 
 261:c:/Users/User/Documents/GitHub/ch32h417/EVT/EXAM/SRC/Peripheral/src\ch32h417_can.c **** 		CANx->BTIMR = (uint32_t)((uint32_t)CAN_InitStruct->CAN_Mode << 30) | \
 262:c:/Users/User/Documents/GitHub/ch32h417/EVT/EXAM/SRC/Peripheral/src\ch32h417_can.c **** 								((uint32_t)CAN_InitStruct->CAN_SJW << 24) | \
 263:c:/Users/User/Documents/GitHub/ch32h417/EVT/EXAM/SRC/Peripheral/src\ch32h417_can.c **** 								((uint32_t)CAN_InitStruct->CAN_BS1 << 16) | \
 264:c:/Users/User/Documents/GitHub/ch32h417/EVT/EXAM/SRC/Peripheral/src\ch32h417_can.c **** 								((uint32_t)CAN_InitStruct->CAN_BS2 << 20) | \
 265:c:/Users/User/Documents/GitHub/ch32h417/EVT/EXAM/SRC/Peripheral/src\ch32h417_can.c **** 								((uint32_t)CAN_InitStruct->CAN_Prescaler - 1);
 266:c:/Users/User/Documents/GitHub/ch32h417/EVT/EXAM/SRC/Peripheral/src\ch32h417_can.c **** 		CANx->CTLR &= ~(uint32_t)CAN_CTLR_INRQ;
 267:c:/Users/User/Documents/GitHub/ch32h417/EVT/EXAM/SRC/Peripheral/src\ch32h417_can.c **** 		wait_ack = 0;
 268:c:/Users/User/Documents/GitHub/ch32h417/EVT/EXAM/SRC/Peripheral/src\ch32h417_can.c **** 
 269:c:/Users/User/Documents/GitHub/ch32h417/EVT/EXAM/SRC/Peripheral/src\ch32h417_can.c **** 		while (((CANx->STATR & CAN_STATR_INAK) == CAN_STATR_INAK) && (wait_ack != INAK_TIMEOUT))
 270:c:/Users/User/Documents/GitHub/ch32h417/EVT/EXAM/SRC/Peripheral/src\ch32h417_can.c **** 		{
 271:c:/Users/User/Documents/GitHub/ch32h417/EVT/EXAM/SRC/Peripheral/src\ch32h417_can.c **** 			wait_ack++;
 272:c:/Users/User/Documents/GitHub/ch32h417/EVT/EXAM/SRC/Peripheral/src\ch32h417_can.c **** 		}
 273:c:/Users/User/Documents/GitHub/ch32h417/EVT/EXAM/SRC/Peripheral/src\ch32h417_can.c **** 
 274:c:/Users/User/Documents/GitHub/ch32h417/EVT/EXAM/SRC/Peripheral/src\ch32h417_can.c **** 		if ((CANx->STATR & CAN_STATR_INAK) == CAN_STATR_INAK)
 275:c:/Users/User/Documents/GitHub/ch32h417/EVT/EXAM/SRC/Peripheral/src\ch32h417_can.c **** 		{
 276:c:/Users/User/Documents/GitHub/ch32h417/EVT/EXAM/SRC/Peripheral/src\ch32h417_can.c **** 			InitStatus = CAN_InitStatus_Failed;
 277:c:/Users/User/Documents/GitHub/ch32h417/EVT/EXAM/SRC/Peripheral/src\ch32h417_can.c **** 		}
 278:c:/Users/User/Documents/GitHub/ch32h417/EVT/EXAM/SRC/Peripheral/src\ch32h417_can.c **** 		else
 279:c:/Users/User/Documents/GitHub/ch32h417/EVT/EXAM/SRC/Peripheral/src\ch32h417_can.c **** 		{
 280:c:/Users/User/Documents/GitHub/ch32h417/EVT/EXAM/SRC/Peripheral/src\ch32h417_can.c **** 			InitStatus = CAN_InitStatus_Success ;
 281:c:/Users/User/Documents/GitHub/ch32h417/EVT/EXAM/SRC/Peripheral/src\ch32h417_can.c **** 		}
 282:c:/Users/User/Documents/GitHub/ch32h417/EVT/EXAM/SRC/Peripheral/src\ch32h417_can.c **** 	}
 283:c:/Users/User/Documents/GitHub/ch32h417/EVT/EXAM/SRC/Peripheral/src\ch32h417_can.c **** 
 284:c:/Users/User/Documents/GitHub/ch32h417/EVT/EXAM/SRC/Peripheral/src\ch32h417_can.c **** 	return InitStatus;
 285:c:/Users/User/Documents/GitHub/ch32h417/EVT/EXAM/SRC/Peripheral/src\ch32h417_can.c **** }
 179              		.loc 1 285 1
 180 005e 17030000 		tail	__riscv_restore_2
 180      67000300 
 181              		.cfi_remember_state
 182              		.cfi_restore 9
 183              		.cfi_restore 8
 184              		.cfi_restore 1
 185              		.cfi_def_cfa_offset 0
 186              	.LVL19:
 187              	.L9:
 188              		.cfi_restore_state
 103:c:/Users/User/Documents/GitHub/ch32h417/EVT/EXAM/SRC/Peripheral/src\ch32h417_can.c ****         {
 189              		.loc 1 103 15 is_stmt 1
 103:c:/Users/User/Documents/GitHub/ch32h417/EVT/EXAM/SRC/Peripheral/src\ch32h417_can.c ****         {
 190              		.loc 1 103 17 is_stmt 0
 191 0066 B7770040 		li	a5,1073770496
 192 006a 93870780 		addi	a5,a5,-2048
 193 006e 631CF400 		bne	s0,a5,.L11
 105:c:/Users/User/Documents/GitHub/ch32h417/EVT/EXAM/SRC/Peripheral/src\ch32h417_can.c ****             (*(__IO uint32_t *)(0x40021014)) &= ~(0x04000000);
 194              		.loc 1 105 13 is_stmt 1
 105:c:/Users/User/Documents/GitHub/ch32h417/EVT/EXAM/SRC/Peripheral/src\ch32h417_can.c ****             (*(__IO uint32_t *)(0x40021014)) &= ~(0x04000000);
 195              		.loc 1 105 14 is_stmt 0
 196 0072 B7170240 		li	a5,1073876992
 197 0076 D84B     		lw	a4,20(a5)
 105:c:/Users/User/Documents/GitHub/ch32h417/EVT/EXAM/SRC/Peripheral/src\ch32h417_can.c ****             (*(__IO uint32_t *)(0x40021014)) &= ~(0x04000000);
 198              		.loc 1 105 46
 199 0078 1317A729 		bseti	a4,a4,26
 200 007c D8CB     		sw	a4,20(a5)
 106:c:/Users/User/Documents/GitHub/ch32h417/EVT/EXAM/SRC/Peripheral/src\ch32h417_can.c ****         }else if(CAN3 == CANx)
 201              		.loc 1 106 13 is_stmt 1
 106:c:/Users/User/Documents/GitHub/ch32h417/EVT/EXAM/SRC/Peripheral/src\ch32h417_can.c ****         }else if(CAN3 == CANx)
 202              		.loc 1 106 14 is_stmt 0
 203 007e D84B     		lw	a4,20(a5)
 106:c:/Users/User/Documents/GitHub/ch32h417/EVT/EXAM/SRC/Peripheral/src\ch32h417_can.c ****         }else if(CAN3 == CANx)
 204              		.loc 1 106 46
 205 0080 1317A749 		bclri	a4,a4,26
 206 0084 5DBF     		j	.L66
 207              	.L11:
 107:c:/Users/User/Documents/GitHub/ch32h417/EVT/EXAM/SRC/Peripheral/src\ch32h417_can.c **** 		{
 208              		.loc 1 107 15 is_stmt 1
 107:c:/Users/User/Documents/GitHub/ch32h417/EVT/EXAM/SRC/Peripheral/src\ch32h417_can.c **** 		{
 209              		.loc 1 107 17 is_stmt 0
 210 0086 B7870040 		li	a5,1073774592
 211 008a 93870780 		addi	a5,a5,-2048
 212 008e E317F4FA 		bne	s0,a5,.L10
 109:c:/Users/User/Documents/GitHub/ch32h417/EVT/EXAM/SRC/Peripheral/src\ch32h417_can.c ****             (*(__IO uint32_t *)(0x40021014)) &= ~(0x01000000);
 213              		.loc 1 109 4 is_stmt 1
 109:c:/Users/User/Documents/GitHub/ch32h417/EVT/EXAM/SRC/Peripheral/src\ch32h417_can.c ****             (*(__IO uint32_t *)(0x40021014)) &= ~(0x01000000);
 214              		.loc 1 109 5 is_stmt 0
 215 0092 B7170240 		li	a5,1073876992
 216 0096 D84B     		lw	a4,20(a5)
 109:c:/Users/User/Documents/GitHub/ch32h417/EVT/EXAM/SRC/Peripheral/src\ch32h417_can.c ****             (*(__IO uint32_t *)(0x40021014)) &= ~(0x01000000);
 217              		.loc 1 109 37
 218 0098 13178729 		bseti	a4,a4,24
 219 009c D8CB     		sw	a4,20(a5)
 110:c:/Users/User/Documents/GitHub/ch32h417/EVT/EXAM/SRC/Peripheral/src\ch32h417_can.c **** 		}
 220              		.loc 1 110 13 is_stmt 1
 110:c:/Users/User/Documents/GitHub/ch32h417/EVT/EXAM/SRC/Peripheral/src\ch32h417_can.c **** 		}
 221              		.loc 1 110 14 is_stmt 0
 222 009e D84B     		lw	a4,20(a5)
 110:c:/Users/User/Documents/GitHub/ch32h417/EVT/EXAM/SRC/Peripheral/src\ch32h417_can.c **** 		}
 223              		.loc 1 110 46
 224 00a0 13178749 		bclri	a4,a4,24
 225 00a4 59BF     		j	.L66
 226              	.LVL20:
 227              	.L14:
 123:c:/Users/User/Documents/GitHub/ch32h417/EVT/EXAM/SRC/Peripheral/src\ch32h417_can.c ****                                     ((uint32_t)SystemCoreClock/(((((*(__IO uint32_t *)(0x40021004))
 228              		.loc 1 123 13 is_stmt 1
 124:c:/Users/User/Documents/GitHub/ch32h417/EVT/EXAM/SRC/Peripheral/src\ch32h417_can.c ****         }
 229              		.loc 1 124 69 is_stmt 0
 230 00a6 37160240 		li	a2,1073876992
 231 00aa 5442     		lw	a3,4(a2)
 124:c:/Users/User/Documents/GitHub/ch32h417/EVT/EXAM/SRC/Peripheral/src\ch32h417_can.c ****         }
 232              		.loc 1 124 38
 233 00ac B7070000 		lui	a5,%hi(SystemCoreClock)
 234 00b0 83A70700 		lw	a5,%lo(SystemCoreClock)(a5)
 124:c:/Users/User/Documents/GitHub/ch32h417/EVT/EXAM/SRC/Peripheral/src\ch32h417_can.c ****         }
 235              		.loc 1 124 114
 236 00b4 93F60640 		andi	a3,a3,1024
 124:c:/Users/User/Documents/GitHub/ch32h417/EVT/EXAM/SRC/Peripheral/src\ch32h417_can.c ****         }
 237              		.loc 1 124 125
 238 00b8 99C6     		beq	a3,zero,.L16
 124:c:/Users/User/Documents/GitHub/ch32h417/EVT/EXAM/SRC/Peripheral/src\ch32h417_can.c ****         }
 239              		.loc 1 124 145 discriminator 1
 240 00ba 5442     		lw	a3,4(a2)
 124:c:/Users/User/Documents/GitHub/ch32h417/EVT/EXAM/SRC/Peripheral/src\ch32h417_can.c ****         }
 241              		.loc 1 124 125 discriminator 1
 242 00bc 0947     		li	a4,2
 124:c:/Users/User/Documents/GitHub/ch32h417/EVT/EXAM/SRC/Peripheral/src\ch32h417_can.c ****         }
 243              		.loc 1 124 177 discriminator 1
 244 00be A182     		srli	a3,a3,8
 124:c:/Users/User/Documents/GitHub/ch32h417/EVT/EXAM/SRC/Peripheral/src\ch32h417_can.c ****         }
 245              		.loc 1 124 183 discriminator 1
 246 00c0 8D8A     		andi	a3,a3,3
 124:c:/Users/User/Documents/GitHub/ch32h417/EVT/EXAM/SRC/Peripheral/src\ch32h417_can.c ****         }
 247              		.loc 1 124 125 discriminator 1
 248 00c2 3317D700 		sll	a4,a4,a3
 249              	.L16:
 124:c:/Users/User/Documents/GitHub/ch32h417/EVT/EXAM/SRC/Peripheral/src\ch32h417_can.c ****         }
 250              		.loc 1 124 63 discriminator 4
 251 00c6 B3D7E702 		divu	a5,a5,a4
 124:c:/Users/User/Documents/GitHub/ch32h417/EVT/EXAM/SRC/Peripheral/src\ch32h417_can.c ****         }
 252              		.loc 1 124 190 discriminator 4
 253 00ca 37173D00 		li	a4,4001792
 254 00ce 13070790 		addi	a4,a4,-1792
 255 00d2 B3D7E702 		divu	a5,a5,a4
 123:c:/Users/User/Documents/GitHub/ch32h417/EVT/EXAM/SRC/Peripheral/src\ch32h417_can.c ****                                     ((uint32_t)SystemCoreClock/(((((*(__IO uint32_t *)(0x40021004))
 256              		.loc 1 123 48 discriminator 4
 257 00d6 370710C1 		li	a4,-1055916032
 124:c:/Users/User/Documents/GitHub/ch32h417/EVT/EXAM/SRC/Peripheral/src\ch32h417_can.c ****         }
 258              		.loc 1 124 199 discriminator 4
 259 00da FD17     		addi	a5,a5,-1
 123:c:/Users/User/Documents/GitHub/ch32h417/EVT/EXAM/SRC/Peripheral/src\ch32h417_can.c ****                                     ((uint32_t)SystemCoreClock/(((((*(__IO uint32_t *)(0x40021004))
 260              		.loc 1 123 48 discriminator 4
 261 00dc D98F     		or	a5,a5,a4
 123:c:/Users/User/Documents/GitHub/ch32h417/EVT/EXAM/SRC/Peripheral/src\ch32h417_can.c ****                                     ((uint32_t)SystemCoreClock/(((((*(__IO uint32_t *)(0x40021004))
 262              		.loc 1 123 25 discriminator 4
 263 00de 5CCC     		sw	a5,28(s0)
 130:c:/Users/User/Documents/GitHub/ch32h417/EVT/EXAM/SRC/Peripheral/src\ch32h417_can.c ****         wait_ack = 0;
 264              		.loc 1 130 9 is_stmt 1 discriminator 4
 130:c:/Users/User/Documents/GitHub/ch32h417/EVT/EXAM/SRC/Peripheral/src\ch32h417_can.c ****         wait_ack = 0;
 265              		.loc 1 130 13 is_stmt 0 discriminator 4
 266 00e0 1C40     		lw	a5,0(s0)
 130:c:/Users/User/Documents/GitHub/ch32h417/EVT/EXAM/SRC/Peripheral/src\ch32h417_can.c ****         wait_ack = 0;
 267              		.loc 1 130 20 discriminator 4
 268 00e2 F99B     		andi	a5,a5,-2
 269 00e4 1CC0     		sw	a5,0(s0)
 131:c:/Users/User/Documents/GitHub/ch32h417/EVT/EXAM/SRC/Peripheral/src\ch32h417_can.c ****         while((CANx->STATR & 0x1) && (wait_ack != 0x0000FFFF))
 270              		.loc 1 131 9 is_stmt 1 discriminator 4
 271              	.LVL21:
 132:c:/Users/User/Documents/GitHub/ch32h417/EVT/EXAM/SRC/Peripheral/src\ch32h417_can.c ****         {
 272              		.loc 1 132 9 discriminator 4
 132:c:/Users/User/Documents/GitHub/ch32h417/EVT/EXAM/SRC/Peripheral/src\ch32h417_can.c ****         {
 273              		.loc 1 132 14 is_stmt 0 discriminator 4
 274 00e6 C167     		li	a5,65536
 275              	.LVL22:
 276              	.L18:
 132:c:/Users/User/Documents/GitHub/ch32h417/EVT/EXAM/SRC/Peripheral/src\ch32h417_can.c ****         {
 277              		.loc 1 132 35 is_stmt 1
 132:c:/Users/User/Documents/GitHub/ch32h417/EVT/EXAM/SRC/Peripheral/src\ch32h417_can.c ****         {
 278              		.loc 1 132 20 is_stmt 0
 279 00e8 5840     		lw	a4,4(s0)
 132:c:/Users/User/Documents/GitHub/ch32h417/EVT/EXAM/SRC/Peripheral/src\ch32h417_can.c ****         {
 280              		.loc 1 132 28
 281 00ea 058B     		andi	a4,a4,1
 132:c:/Users/User/Documents/GitHub/ch32h417/EVT/EXAM/SRC/Peripheral/src\ch32h417_can.c ****         {
 282              		.loc 1 132 35
 283 00ec 19C3     		beq	a4,zero,.L17
 132:c:/Users/User/Documents/GitHub/ch32h417/EVT/EXAM/SRC/Peripheral/src\ch32h417_can.c ****         {
 284              		.loc 1 132 35 discriminator 1
 285 00ee FD17     		addi	a5,a5,-1
 286              	.LVL23:
 287 00f0 E5FF     		bne	a5,zero,.L18
 288              	.LVL24:
 289              	.L17:
 137:c:/Users/User/Documents/GitHub/ch32h417/EVT/EXAM/SRC/Peripheral/src\ch32h417_can.c ****             return CAN_InitStatus_Failed;
 290              		.loc 1 137 9 is_stmt 1
 137:c:/Users/User/Documents/GitHub/ch32h417/EVT/EXAM/SRC/Peripheral/src\ch32h417_can.c ****             return CAN_InitStatus_Failed;
 291              		.loc 1 137 17 is_stmt 0
 292 00f2 5C40     		lw	a5,4(s0)
 137:c:/Users/User/Documents/GitHub/ch32h417/EVT/EXAM/SRC/Peripheral/src\ch32h417_can.c ****             return CAN_InitStatus_Failed;
 293              		.loc 1 137 25
 294 00f4 858B     		andi	a5,a5,1
 137:c:/Users/User/Documents/GitHub/ch32h417/EVT/EXAM/SRC/Peripheral/src\ch32h417_can.c ****             return CAN_InitStatus_Failed;
 295              		.loc 1 137 11
 296 00f6 BDF3     		bne	a5,zero,.L19
 141:c:/Users/User/Documents/GitHub/ch32h417/EVT/EXAM/SRC/Peripheral/src\ch32h417_can.c **** 		(*(__IO uint32_t *)(0x40006620)) |= 0x3FF;
 297              		.loc 1 141 9 is_stmt 1
 141:c:/Users/User/Documents/GitHub/ch32h417/EVT/EXAM/SRC/Peripheral/src\ch32h417_can.c **** 		(*(__IO uint32_t *)(0x40006620)) |= 0x3FF;
 298              		.loc 1 141 10 is_stmt 0
 299 00f8 B7670040 		li	a5,1073766400
 300 00fc 1386C760 		addi	a2,a5,1548
 301 0100 1842     		lw	a4,0(a2)
 141:c:/Users/User/Documents/GitHub/ch32h417/EVT/EXAM/SRC/Peripheral/src\ch32h417_can.c **** 		(*(__IO uint32_t *)(0x40006620)) |= 0x3FF;
 302              		.loc 1 141 42
 303 0102 B7060010 		li	a3,268435456
 304 0106 FD16     		addi	a3,a3,-1
 305 0108 558F     		or	a4,a4,a3
 306 010a 18C2     		sw	a4,0(a2)
 142:c:/Users/User/Documents/GitHub/ch32h417/EVT/EXAM/SRC/Peripheral/src\ch32h417_can.c ****         (*(__IO uint32_t *)(0x40006640)) = 0x0;
 307              		.loc 1 142 3 is_stmt 1
 142:c:/Users/User/Documents/GitHub/ch32h417/EVT/EXAM/SRC/Peripheral/src\ch32h417_can.c ****         (*(__IO uint32_t *)(0x40006640)) = 0x0;
 308              		.loc 1 142 4 is_stmt 0
 309 010c 13870762 		addi	a4,a5,1568
 310 0110 1043     		lw	a2,0(a4)
 149:c:/Users/User/Documents/GitHub/ch32h417/EVT/EXAM/SRC/Peripheral/src\ch32h417_can.c **** 		(*(__IO uint32_t *)(0x40006620)) |= 0x3FF;	
 311              		.loc 1 149 10
 312 0112 9385C761 		addi	a1,a5,1564
 142:c:/Users/User/Documents/GitHub/ch32h417/EVT/EXAM/SRC/Peripheral/src\ch32h417_can.c ****         (*(__IO uint32_t *)(0x40006640)) = 0x0;
 313              		.loc 1 142 36
 314 0116 1366F63F 		ori	a2,a2,1023
 315 011a 10C3     		sw	a2,0(a4)
 143:c:/Users/User/Documents/GitHub/ch32h417/EVT/EXAM/SRC/Peripheral/src\ch32h417_can.c ****         (*(__IO uint32_t *)(0x40006644)) = 0x0;
 316              		.loc 1 143 9 is_stmt 1
 143:c:/Users/User/Documents/GitHub/ch32h417/EVT/EXAM/SRC/Peripheral/src\ch32h417_can.c ****         (*(__IO uint32_t *)(0x40006644)) = 0x0;
 317              		.loc 1 143 42 is_stmt 0
 318 011c 13860764 		addi	a2,a5,1600
 319 0120 23200600 		sw	zero,0(a2)
 144:c:/Users/User/Documents/GitHub/ch32h417/EVT/EXAM/SRC/Peripheral/src\ch32h417_can.c ****         (*(__IO uint32_t *)(0x40006648)) = 0x0;
 320              		.loc 1 144 9 is_stmt 1
 144:c:/Users/User/Documents/GitHub/ch32h417/EVT/EXAM/SRC/Peripheral/src\ch32h417_can.c ****         (*(__IO uint32_t *)(0x40006648)) = 0x0;
 321              		.loc 1 144 42 is_stmt 0
 322 0124 13864764 		addi	a2,a5,1604
 323 0128 23200600 		sw	zero,0(a2)
 145:c:/Users/User/Documents/GitHub/ch32h417/EVT/EXAM/SRC/Peripheral/src\ch32h417_can.c ****         (*(__IO uint32_t *)(0x4000664C)) = 0x0;
 324              		.loc 1 145 9 is_stmt 1
 145:c:/Users/User/Documents/GitHub/ch32h417/EVT/EXAM/SRC/Peripheral/src\ch32h417_can.c ****         (*(__IO uint32_t *)(0x4000664C)) = 0x0;
 325              		.loc 1 145 42 is_stmt 0
 326 012c 13868764 		addi	a2,a5,1608
 327 0130 23200600 		sw	zero,0(a2)
 146:c:/Users/User/Documents/GitHub/ch32h417/EVT/EXAM/SRC/Peripheral/src\ch32h417_can.c **** 		(*(__IO uint32_t *)(0x40006650)) = 0x0;
 328              		.loc 1 146 9 is_stmt 1
 146:c:/Users/User/Documents/GitHub/ch32h417/EVT/EXAM/SRC/Peripheral/src\ch32h417_can.c **** 		(*(__IO uint32_t *)(0x40006650)) = 0x0;
 329              		.loc 1 146 42 is_stmt 0
 330 0134 1386C764 		addi	a2,a5,1612
 331 0138 23200600 		sw	zero,0(a2)
 147:c:/Users/User/Documents/GitHub/ch32h417/EVT/EXAM/SRC/Peripheral/src\ch32h417_can.c ****         (*(__IO uint32_t *)(0x40006654)) = 0x0;
 332              		.loc 1 147 3 is_stmt 1
 147:c:/Users/User/Documents/GitHub/ch32h417/EVT/EXAM/SRC/Peripheral/src\ch32h417_can.c ****         (*(__IO uint32_t *)(0x40006654)) = 0x0;
 333              		.loc 1 147 36 is_stmt 0
 334 013c 13860765 		addi	a2,a5,1616
 335 0140 23200600 		sw	zero,0(a2)
 148:c:/Users/User/Documents/GitHub/ch32h417/EVT/EXAM/SRC/Peripheral/src\ch32h417_can.c ****         (*(__IO uint32_t *)(0x4000661C)) |= 0xFFFFFFF;	
 336              		.loc 1 148 9 is_stmt 1
 148:c:/Users/User/Documents/GitHub/ch32h417/EVT/EXAM/SRC/Peripheral/src\ch32h417_can.c ****         (*(__IO uint32_t *)(0x4000661C)) |= 0xFFFFFFF;	
 337              		.loc 1 148 42 is_stmt 0
 338 0144 13864765 		addi	a2,a5,1620
 339 0148 23200600 		sw	zero,0(a2)
 149:c:/Users/User/Documents/GitHub/ch32h417/EVT/EXAM/SRC/Peripheral/src\ch32h417_can.c **** 		(*(__IO uint32_t *)(0x40006620)) |= 0x3FF;	
 340              		.loc 1 149 9 is_stmt 1
 149:c:/Users/User/Documents/GitHub/ch32h417/EVT/EXAM/SRC/Peripheral/src\ch32h417_can.c **** 		(*(__IO uint32_t *)(0x40006620)) |= 0x3FF;	
 341              		.loc 1 149 10 is_stmt 0
 342 014c 9041     		lw	a2,0(a1)
 149:c:/Users/User/Documents/GitHub/ch32h417/EVT/EXAM/SRC/Peripheral/src\ch32h417_can.c **** 		(*(__IO uint32_t *)(0x40006620)) |= 0x3FF;	
 343              		.loc 1 149 42
 344 014e D18E     		or	a3,a2,a3
 345 0150 94C1     		sw	a3,0(a1)
 150:c:/Users/User/Documents/GitHub/ch32h417/EVT/EXAM/SRC/Peripheral/src\ch32h417_can.c **** 		(*(__IO uint32_t *)(0x40006600)) = 0x2A010101;
 346              		.loc 1 150 3 is_stmt 1
 150:c:/Users/User/Documents/GitHub/ch32h417/EVT/EXAM/SRC/Peripheral/src\ch32h417_can.c **** 		(*(__IO uint32_t *)(0x40006600)) = 0x2A010101;
 347              		.loc 1 150 4 is_stmt 0
 348 0152 1443     		lw	a3,0(a4)
 150:c:/Users/User/Documents/GitHub/ch32h417/EVT/EXAM/SRC/Peripheral/src\ch32h417_can.c **** 		(*(__IO uint32_t *)(0x40006600)) = 0x2A010101;
 349              		.loc 1 150 36
 350 0154 93E6F63F 		ori	a3,a3,1023
 351 0158 14C3     		sw	a3,0(a4)
 151:c:/Users/User/Documents/GitHub/ch32h417/EVT/EXAM/SRC/Peripheral/src\ch32h417_can.c ****         (*(__IO uint32_t *)(0x40006600)) &= ~0x1; 	
 352              		.loc 1 151 3 is_stmt 1
 151:c:/Users/User/Documents/GitHub/ch32h417/EVT/EXAM/SRC/Peripheral/src\ch32h417_can.c ****         (*(__IO uint32_t *)(0x40006600)) &= ~0x1; 	
 353              		.loc 1 151 36 is_stmt 0
 354 015a B706012A 		li	a3,704708608
 355 015e 13870760 		addi	a4,a5,1536
 356 0162 93861610 		addi	a3,a3,257
 357 0166 14C3     		sw	a3,0(a4)
 152:c:/Users/User/Documents/GitHub/ch32h417/EVT/EXAM/SRC/Peripheral/src\ch32h417_can.c ****         if(CAN1 == CANx)
 358              		.loc 1 152 9 is_stmt 1
 152:c:/Users/User/Documents/GitHub/ch32h417/EVT/EXAM/SRC/Peripheral/src\ch32h417_can.c ****         if(CAN1 == CANx)
 359              		.loc 1 152 10 is_stmt 0
 360 0168 1443     		lw	a3,0(a4)
 152:c:/Users/User/Documents/GitHub/ch32h417/EVT/EXAM/SRC/Peripheral/src\ch32h417_can.c ****         if(CAN1 == CANx)
 361              		.loc 1 152 42
 362 016a F99A     		andi	a3,a3,-2
 363 016c 14C3     		sw	a3,0(a4)
 153:c:/Users/User/Documents/GitHub/ch32h417/EVT/EXAM/SRC/Peripheral/src\ch32h417_can.c ****         {
 364              		.loc 1 153 9 is_stmt 1
 153:c:/Users/User/Documents/GitHub/ch32h417/EVT/EXAM/SRC/Peripheral/src\ch32h417_can.c ****         {
 365              		.loc 1 153 11 is_stmt 0
 366 016e 13870740 		addi	a4,a5,1024
 367 0172 631EE412 		bne	s0,a4,.L20
 155:c:/Users/User/Documents/GitHub/ch32h417/EVT/EXAM/SRC/Peripheral/src\ch32h417_can.c ****             while(!((*(__IO uint32_t *)(0x4000640C)) & 0x3));
 368              		.loc 1 155 13 is_stmt 1
 155:c:/Users/User/Documents/GitHub/ch32h417/EVT/EXAM/SRC/Peripheral/src\ch32h417_can.c ****             while(!((*(__IO uint32_t *)(0x4000640C)) & 0x3));
 369              		.loc 1 155 14 is_stmt 0
 370 0176 93870758 		addi	a5,a5,1408
 371 017a 9843     		lw	a4,0(a5)
 156:c:/Users/User/Documents/GitHub/ch32h417/EVT/EXAM/SRC/Peripheral/src\ch32h417_can.c ****             (*(__IO uint32_t *)(0x4000640C)) = 0x38;
 372              		.loc 1 156 22
 373 017c B7660040 		li	a3,1073766400
 155:c:/Users/User/Documents/GitHub/ch32h417/EVT/EXAM/SRC/Peripheral/src\ch32h417_can.c ****             while(!((*(__IO uint32_t *)(0x4000640C)) & 0x3));
 374              		.loc 1 155 46
 375 0180 13673700 		ori	a4,a4,3
 376 0184 98C3     		sw	a4,0(a5)
 156:c:/Users/User/Documents/GitHub/ch32h417/EVT/EXAM/SRC/Peripheral/src\ch32h417_can.c ****             (*(__IO uint32_t *)(0x4000640C)) = 0x38;
 377              		.loc 1 156 13 is_stmt 1
 378              	.L21:
 156:c:/Users/User/Documents/GitHub/ch32h417/EVT/EXAM/SRC/Peripheral/src\ch32h417_can.c ****             (*(__IO uint32_t *)(0x4000640C)) = 0x38;
 379              		.loc 1 156 19 discriminator 1
 156:c:/Users/User/Documents/GitHub/ch32h417/EVT/EXAM/SRC/Peripheral/src\ch32h417_can.c ****             (*(__IO uint32_t *)(0x4000640C)) = 0x38;
 380              		.loc 1 156 22 is_stmt 0 discriminator 1
 381 0186 1387C640 		addi	a4,a3,1036
 382 018a 1C43     		lw	a5,0(a4)
 156:c:/Users/User/Documents/GitHub/ch32h417/EVT/EXAM/SRC/Peripheral/src\ch32h417_can.c ****             (*(__IO uint32_t *)(0x4000640C)) = 0x38;
 383              		.loc 1 156 54 discriminator 1
 384 018c 8D8B     		andi	a5,a5,3
 156:c:/Users/User/Documents/GitHub/ch32h417/EVT/EXAM/SRC/Peripheral/src\ch32h417_can.c ****             (*(__IO uint32_t *)(0x4000640C)) = 0x38;
 385              		.loc 1 156 19 discriminator 1
 386 018e E5DF     		beq	a5,zero,.L21
 157:c:/Users/User/Documents/GitHub/ch32h417/EVT/EXAM/SRC/Peripheral/src\ch32h417_can.c ****         }else if (CAN2 == CANx)
 387              		.loc 1 157 13 is_stmt 1
 157:c:/Users/User/Documents/GitHub/ch32h417/EVT/EXAM/SRC/Peripheral/src\ch32h417_can.c ****         }else if (CAN2 == CANx)
 388              		.loc 1 157 46 is_stmt 0
 389 0190 93078003 		li	a5,56
 390 0194 1CC3     		sw	a5,0(a4)
 170:c:/Users/User/Documents/GitHub/ch32h417/EVT/EXAM/SRC/Peripheral/src\ch32h417_can.c ****         {
 391              		.loc 1 170 9 is_stmt 1
 172:c:/Users/User/Documents/GitHub/ch32h417/EVT/EXAM/SRC/Peripheral/src\ch32h417_can.c ****             (*(__IO uint32_t *)(0x40021014)) &= ~(0x02000000);
 392              		.loc 1 172 13
 172:c:/Users/User/Documents/GitHub/ch32h417/EVT/EXAM/SRC/Peripheral/src\ch32h417_can.c ****             (*(__IO uint32_t *)(0x40021014)) &= ~(0x02000000);
 393              		.loc 1 172 14 is_stmt 0
 394 0196 B7170240 		li	a5,1073876992
 395 019a D84B     		lw	a4,20(a5)
 172:c:/Users/User/Documents/GitHub/ch32h417/EVT/EXAM/SRC/Peripheral/src\ch32h417_can.c ****             (*(__IO uint32_t *)(0x40021014)) &= ~(0x02000000);
 396              		.loc 1 172 46
 397 019c 13179729 		bseti	a4,a4,25
 398 01a0 D8CB     		sw	a4,20(a5)
 173:c:/Users/User/Documents/GitHub/ch32h417/EVT/EXAM/SRC/Peripheral/src\ch32h417_can.c ****         }else if(CAN2 == CANx)
 399              		.loc 1 173 13 is_stmt 1
 173:c:/Users/User/Documents/GitHub/ch32h417/EVT/EXAM/SRC/Peripheral/src\ch32h417_can.c ****         }else if(CAN2 == CANx)
 400              		.loc 1 173 14 is_stmt 0
 401 01a2 D84B     		lw	a4,20(a5)
 173:c:/Users/User/Documents/GitHub/ch32h417/EVT/EXAM/SRC/Peripheral/src\ch32h417_can.c ****         }else if(CAN2 == CANx)
 402              		.loc 1 173 46
 403 01a4 13179749 		bclri	a4,a4,25
 404              	.L67:
 181:c:/Users/User/Documents/GitHub/ch32h417/EVT/EXAM/SRC/Peripheral/src\ch32h417_can.c **** 		}
 405              		.loc 1 181 46
 406 01a8 D8CB     		sw	a4,20(a5)
 407              	.L22:
 183:c:/Users/User/Documents/GitHub/ch32h417/EVT/EXAM/SRC/Peripheral/src\ch32h417_can.c ****         (*(__IO uint32_t *)(0x4000660C)) |= 0xFFFFFFF;	
 408              		.loc 1 183 9 is_stmt 1
 183:c:/Users/User/Documents/GitHub/ch32h417/EVT/EXAM/SRC/Peripheral/src\ch32h417_can.c ****         (*(__IO uint32_t *)(0x4000660C)) |= 0xFFFFFFF;	
 409              		.loc 1 183 10 is_stmt 0
 410 01aa 37670040 		li	a4,1073766400
 411 01ae 93070760 		addi	a5,a4,1536
 412 01b2 9443     		lw	a3,0(a5)
 184:c:/Users/User/Documents/GitHub/ch32h417/EVT/EXAM/SRC/Peripheral/src\ch32h417_can.c ****         (*(__IO uint32_t *)(0x4000661C)) |= 0xFFFFFFF;	
 413              		.loc 1 184 10
 414 01b4 9305C760 		addi	a1,a4,1548
 185:c:/Users/User/Documents/GitHub/ch32h417/EVT/EXAM/SRC/Peripheral/src\ch32h417_can.c ****         (*(__IO uint32_t *)(0x40006600)) &= ~0x1;
 415              		.loc 1 185 10
 416 01b8 1307C761 		addi	a4,a4,1564
 183:c:/Users/User/Documents/GitHub/ch32h417/EVT/EXAM/SRC/Peripheral/src\ch32h417_can.c ****         (*(__IO uint32_t *)(0x4000660C)) |= 0xFFFFFFF;	
 417              		.loc 1 183 42
 418 01bc 93E61600 		ori	a3,a3,1
 419 01c0 94C3     		sw	a3,0(a5)
 184:c:/Users/User/Documents/GitHub/ch32h417/EVT/EXAM/SRC/Peripheral/src\ch32h417_can.c ****         (*(__IO uint32_t *)(0x4000661C)) |= 0xFFFFFFF;	
 420              		.loc 1 184 9 is_stmt 1
 184:c:/Users/User/Documents/GitHub/ch32h417/EVT/EXAM/SRC/Peripheral/src\ch32h417_can.c ****         (*(__IO uint32_t *)(0x4000661C)) |= 0xFFFFFFF;	
 421              		.loc 1 184 10 is_stmt 0
 422 01c2 9041     		lw	a2,0(a1)
 184:c:/Users/User/Documents/GitHub/ch32h417/EVT/EXAM/SRC/Peripheral/src\ch32h417_can.c ****         (*(__IO uint32_t *)(0x4000661C)) |= 0xFFFFFFF;	
 423              		.loc 1 184 42
 424 01c4 B7060010 		li	a3,268435456
 425 01c8 FD16     		addi	a3,a3,-1
 426 01ca 558E     		or	a2,a2,a3
 427 01cc 90C1     		sw	a2,0(a1)
 185:c:/Users/User/Documents/GitHub/ch32h417/EVT/EXAM/SRC/Peripheral/src\ch32h417_can.c ****         (*(__IO uint32_t *)(0x40006600)) &= ~0x1;
 428              		.loc 1 185 9 is_stmt 1
 185:c:/Users/User/Documents/GitHub/ch32h417/EVT/EXAM/SRC/Peripheral/src\ch32h417_can.c ****         (*(__IO uint32_t *)(0x40006600)) &= ~0x1;
 429              		.loc 1 185 10 is_stmt 0
 430 01ce 1043     		lw	a2,0(a4)
 185:c:/Users/User/Documents/GitHub/ch32h417/EVT/EXAM/SRC/Peripheral/src\ch32h417_can.c ****         (*(__IO uint32_t *)(0x40006600)) &= ~0x1;
 431              		.loc 1 185 42
 432 01d0 D18E     		or	a3,a2,a3
 433 01d2 14C3     		sw	a3,0(a4)
 186:c:/Users/User/Documents/GitHub/ch32h417/EVT/EXAM/SRC/Peripheral/src\ch32h417_can.c **** 		(*(__IO uint32_t *)(0x40006600)) |= 0x1; 	
 434              		.loc 1 186 9 is_stmt 1
 186:c:/Users/User/Documents/GitHub/ch32h417/EVT/EXAM/SRC/Peripheral/src\ch32h417_can.c **** 		(*(__IO uint32_t *)(0x40006600)) |= 0x1; 	
 435              		.loc 1 186 10 is_stmt 0
 436 01d4 9843     		lw	a4,0(a5)
 186:c:/Users/User/Documents/GitHub/ch32h417/EVT/EXAM/SRC/Peripheral/src\ch32h417_can.c **** 		(*(__IO uint32_t *)(0x40006600)) |= 0x1; 	
 437              		.loc 1 186 42
 438 01d6 799B     		andi	a4,a4,-2
 439 01d8 98C3     		sw	a4,0(a5)
 187:c:/Users/User/Documents/GitHub/ch32h417/EVT/EXAM/SRC/Peripheral/src\ch32h417_can.c **** 		(*(__IO uint32_t *)(0x40006600)) = 0x2A010101;
 440              		.loc 1 187 3 is_stmt 1
 187:c:/Users/User/Documents/GitHub/ch32h417/EVT/EXAM/SRC/Peripheral/src\ch32h417_can.c **** 		(*(__IO uint32_t *)(0x40006600)) = 0x2A010101;
 441              		.loc 1 187 4 is_stmt 0
 442 01da 9843     		lw	a4,0(a5)
 187:c:/Users/User/Documents/GitHub/ch32h417/EVT/EXAM/SRC/Peripheral/src\ch32h417_can.c **** 		(*(__IO uint32_t *)(0x40006600)) = 0x2A010101;
 443              		.loc 1 187 36
 444 01dc 13671700 		ori	a4,a4,1
 445 01e0 98C3     		sw	a4,0(a5)
 188:c:/Users/User/Documents/GitHub/ch32h417/EVT/EXAM/SRC/Peripheral/src\ch32h417_can.c **** 		(*(__IO uint32_t *)(0x40006600)) &= ~0x1;
 446              		.loc 1 188 3 is_stmt 1
 188:c:/Users/User/Documents/GitHub/ch32h417/EVT/EXAM/SRC/Peripheral/src\ch32h417_can.c **** 		(*(__IO uint32_t *)(0x40006600)) &= ~0x1;
 447              		.loc 1 188 36 is_stmt 0
 448 01e2 3707012A 		li	a4,704708608
 449 01e6 13071710 		addi	a4,a4,257
 450 01ea 98C3     		sw	a4,0(a5)
 189:c:/Users/User/Documents/GitHub/ch32h417/EVT/EXAM/SRC/Peripheral/src\ch32h417_can.c ****         wait_ack = 0;
 451              		.loc 1 189 3 is_stmt 1
 189:c:/Users/User/Documents/GitHub/ch32h417/EVT/EXAM/SRC/Peripheral/src\ch32h417_can.c ****         wait_ack = 0;
 452              		.loc 1 189 4 is_stmt 0
 453 01ec 9843     		lw	a4,0(a5)
 189:c:/Users/User/Documents/GitHub/ch32h417/EVT/EXAM/SRC/Peripheral/src\ch32h417_can.c ****         wait_ack = 0;
 454              		.loc 1 189 36
 455 01ee 799B     		andi	a4,a4,-2
 456 01f0 98C3     		sw	a4,0(a5)
 190:c:/Users/User/Documents/GitHub/ch32h417/EVT/EXAM/SRC/Peripheral/src\ch32h417_can.c **** 	}
 457              		.loc 1 190 9 is_stmt 1
 458              	.LVL25:
 459              	.L8:
 193:c:/Users/User/Documents/GitHub/ch32h417/EVT/EXAM/SRC/Peripheral/src\ch32h417_can.c **** 	CANx->CTLR |= CAN_CTLR_INRQ ;
 460              		.loc 1 193 2
 193:c:/Users/User/Documents/GitHub/ch32h417/EVT/EXAM/SRC/Peripheral/src\ch32h417_can.c **** 	CANx->CTLR |= CAN_CTLR_INRQ ;
 461              		.loc 1 193 6 is_stmt 0
 462 01f2 1C40     		lw	a5,0(s0)
 193:c:/Users/User/Documents/GitHub/ch32h417/EVT/EXAM/SRC/Peripheral/src\ch32h417_can.c **** 	CANx->CTLR |= CAN_CTLR_INRQ ;
 463              		.loc 1 193 13
 464 01f4 F59B     		andi	a5,a5,-3
 465 01f6 1CC0     		sw	a5,0(s0)
 194:c:/Users/User/Documents/GitHub/ch32h417/EVT/EXAM/SRC/Peripheral/src\ch32h417_can.c **** 
 466              		.loc 1 194 2 is_stmt 1
 194:c:/Users/User/Documents/GitHub/ch32h417/EVT/EXAM/SRC/Peripheral/src\ch32h417_can.c **** 
 467              		.loc 1 194 6 is_stmt 0
 468 01f8 1C40     		lw	a5,0(s0)
 194:c:/Users/User/Documents/GitHub/ch32h417/EVT/EXAM/SRC/Peripheral/src\ch32h417_can.c **** 
 469              		.loc 1 194 13
 470 01fa 93E71700 		ori	a5,a5,1
 471 01fe 1CC0     		sw	a5,0(s0)
 196:c:/Users/User/Documents/GitHub/ch32h417/EVT/EXAM/SRC/Peripheral/src\ch32h417_can.c **** 	{
 472              		.loc 1 196 2 is_stmt 1
 196:c:/Users/User/Documents/GitHub/ch32h417/EVT/EXAM/SRC/Peripheral/src\ch32h417_can.c **** 	{
 473              		.loc 1 196 8 is_stmt 0
 474 0200 C167     		li	a5,65536
 475              	.LVL26:
 476              	.L28:
 196:c:/Users/User/Documents/GitHub/ch32h417/EVT/EXAM/SRC/Peripheral/src\ch32h417_can.c **** 	{
 477              		.loc 1 196 60 is_stmt 1
 196:c:/Users/User/Documents/GitHub/ch32h417/EVT/EXAM/SRC/Peripheral/src\ch32h417_can.c **** 	{
 478              		.loc 1 196 15 is_stmt 0
 479 0202 5840     		lw	a4,4(s0)
 196:c:/Users/User/Documents/GitHub/ch32h417/EVT/EXAM/SRC/Peripheral/src\ch32h417_can.c **** 	{
 480              		.loc 1 196 23
 481 0204 058B     		andi	a4,a4,1
 196:c:/Users/User/Documents/GitHub/ch32h417/EVT/EXAM/SRC/Peripheral/src\ch32h417_can.c **** 	{
 482              		.loc 1 196 60
 483 0206 19E3     		bne	a4,zero,.L27
 196:c:/Users/User/Documents/GitHub/ch32h417/EVT/EXAM/SRC/Peripheral/src\ch32h417_can.c **** 	{
 484              		.loc 1 196 60 discriminator 1
 485 0208 FD17     		addi	a5,a5,-1
 486              	.LVL27:
 487 020a E5FF     		bne	a5,zero,.L28
 488              	.LVL28:
 489              	.L27:
 201:c:/Users/User/Documents/GitHub/ch32h417/EVT/EXAM/SRC/Peripheral/src\ch32h417_can.c **** 	{
 490              		.loc 1 201 2 is_stmt 1
 201:c:/Users/User/Documents/GitHub/ch32h417/EVT/EXAM/SRC/Peripheral/src\ch32h417_can.c **** 	{
 491              		.loc 1 201 11 is_stmt 0
 492 020c 5C40     		lw	a5,4(s0)
 201:c:/Users/User/Documents/GitHub/ch32h417/EVT/EXAM/SRC/Peripheral/src\ch32h417_can.c **** 	{
 493              		.loc 1 201 19
 494 020e 858B     		andi	a5,a5,1
 201:c:/Users/User/Documents/GitHub/ch32h417/EVT/EXAM/SRC/Peripheral/src\ch32h417_can.c **** 	{
 495              		.loc 1 201 5
 496 0210 E38607E4 		beq	a5,zero,.L19
 207:c:/Users/User/Documents/GitHub/ch32h417/EVT/EXAM/SRC/Peripheral/src\ch32h417_can.c **** 		{
 497              		.loc 1 207 3 is_stmt 1
 207:c:/Users/User/Documents/GitHub/ch32h417/EVT/EXAM/SRC/Peripheral/src\ch32h417_can.c **** 		{
 498              		.loc 1 207 6 is_stmt 0
 499 0214 9844     		lw	a4,8(s1)
 500 0216 8547     		li	a5,1
 501 0218 631BF710 		bne	a4,a5,.L29
 209:c:/Users/User/Documents/GitHub/ch32h417/EVT/EXAM/SRC/Peripheral/src\ch32h417_can.c **** 		}
 502              		.loc 1 209 4 is_stmt 1
 209:c:/Users/User/Documents/GitHub/ch32h417/EVT/EXAM/SRC/Peripheral/src\ch32h417_can.c **** 		}
 503              		.loc 1 209 8 is_stmt 0
 504 021c 1C40     		lw	a5,0(s0)
 209:c:/Users/User/Documents/GitHub/ch32h417/EVT/EXAM/SRC/Peripheral/src\ch32h417_can.c **** 		}
 505              		.loc 1 209 15
 506 021e 93E70708 		ori	a5,a5,128
 507              	.L68:
 216:c:/Users/User/Documents/GitHub/ch32h417/EVT/EXAM/SRC/Peripheral/src\ch32h417_can.c **** 		{
 508              		.loc 1 216 6
 509 0222 D844     		lw	a4,12(s1)
 213:c:/Users/User/Documents/GitHub/ch32h417/EVT/EXAM/SRC/Peripheral/src\ch32h417_can.c **** 		}
 510              		.loc 1 213 15
 511 0224 1CC0     		sw	a5,0(s0)
 216:c:/Users/User/Documents/GitHub/ch32h417/EVT/EXAM/SRC/Peripheral/src\ch32h417_can.c **** 		{
 512              		.loc 1 216 3 is_stmt 1
 216:c:/Users/User/Documents/GitHub/ch32h417/EVT/EXAM/SRC/Peripheral/src\ch32h417_can.c **** 		{
 513              		.loc 1 216 6 is_stmt 0
 514 0226 8547     		li	a5,1
 515 0228 6317F710 		bne	a4,a5,.L31
 218:c:/Users/User/Documents/GitHub/ch32h417/EVT/EXAM/SRC/Peripheral/src\ch32h417_can.c **** 		}
 516              		.loc 1 218 4 is_stmt 1
 218:c:/Users/User/Documents/GitHub/ch32h417/EVT/EXAM/SRC/Peripheral/src\ch32h417_can.c **** 		}
 517              		.loc 1 218 8 is_stmt 0
 518 022c 1C40     		lw	a5,0(s0)
 218:c:/Users/User/Documents/GitHub/ch32h417/EVT/EXAM/SRC/Peripheral/src\ch32h417_can.c **** 		}
 519              		.loc 1 218 15
 520 022e 93E70704 		ori	a5,a5,64
 521              	.L69:
 225:c:/Users/User/Documents/GitHub/ch32h417/EVT/EXAM/SRC/Peripheral/src\ch32h417_can.c **** 		{
 522              		.loc 1 225 6
 523 0232 9848     		lw	a4,16(s1)
 222:c:/Users/User/Documents/GitHub/ch32h417/EVT/EXAM/SRC/Peripheral/src\ch32h417_can.c **** 		}
 524              		.loc 1 222 15
 525 0234 1CC0     		sw	a5,0(s0)
 225:c:/Users/User/Documents/GitHub/ch32h417/EVT/EXAM/SRC/Peripheral/src\ch32h417_can.c **** 		{
 526              		.loc 1 225 3 is_stmt 1
 225:c:/Users/User/Documents/GitHub/ch32h417/EVT/EXAM/SRC/Peripheral/src\ch32h417_can.c **** 		{
 527              		.loc 1 225 6 is_stmt 0
 528 0236 8547     		li	a5,1
 529 0238 6313F710 		bne	a4,a5,.L33
 227:c:/Users/User/Documents/GitHub/ch32h417/EVT/EXAM/SRC/Peripheral/src\ch32h417_can.c **** 		}
 530              		.loc 1 227 4 is_stmt 1
 227:c:/Users/User/Documents/GitHub/ch32h417/EVT/EXAM/SRC/Peripheral/src\ch32h417_can.c **** 		}
 531              		.loc 1 227 8 is_stmt 0
 532 023c 1C40     		lw	a5,0(s0)
 227:c:/Users/User/Documents/GitHub/ch32h417/EVT/EXAM/SRC/Peripheral/src\ch32h417_can.c **** 		}
 533              		.loc 1 227 15
 534 023e 93E70702 		ori	a5,a5,32
 535              	.L70:
 234:c:/Users/User/Documents/GitHub/ch32h417/EVT/EXAM/SRC/Peripheral/src\ch32h417_can.c **** 		{
 536              		.loc 1 234 6
 537 0242 D848     		lw	a4,20(s1)
 231:c:/Users/User/Documents/GitHub/ch32h417/EVT/EXAM/SRC/Peripheral/src\ch32h417_can.c **** 		}
 538              		.loc 1 231 15
 539 0244 1CC0     		sw	a5,0(s0)
 234:c:/Users/User/Documents/GitHub/ch32h417/EVT/EXAM/SRC/Peripheral/src\ch32h417_can.c **** 		{
 540              		.loc 1 234 3 is_stmt 1
 234:c:/Users/User/Documents/GitHub/ch32h417/EVT/EXAM/SRC/Peripheral/src\ch32h417_can.c **** 		{
 541              		.loc 1 234 6 is_stmt 0
 542 0246 8547     		li	a5,1
 543 0248 631FF70E 		bne	a4,a5,.L35
 236:c:/Users/User/Documents/GitHub/ch32h417/EVT/EXAM/SRC/Peripheral/src\ch32h417_can.c **** 		}
 544              		.loc 1 236 4 is_stmt 1
 236:c:/Users/User/Documents/GitHub/ch32h417/EVT/EXAM/SRC/Peripheral/src\ch32h417_can.c **** 		}
 545              		.loc 1 236 8 is_stmt 0
 546 024c 1C40     		lw	a5,0(s0)
 236:c:/Users/User/Documents/GitHub/ch32h417/EVT/EXAM/SRC/Peripheral/src\ch32h417_can.c **** 		}
 547              		.loc 1 236 15
 548 024e 93E70701 		ori	a5,a5,16
 549              	.L71:
 243:c:/Users/User/Documents/GitHub/ch32h417/EVT/EXAM/SRC/Peripheral/src\ch32h417_can.c **** 		{
 550              		.loc 1 243 6
 551 0252 984C     		lw	a4,24(s1)
 240:c:/Users/User/Documents/GitHub/ch32h417/EVT/EXAM/SRC/Peripheral/src\ch32h417_can.c **** 		}
 552              		.loc 1 240 15
 553 0254 1CC0     		sw	a5,0(s0)
 243:c:/Users/User/Documents/GitHub/ch32h417/EVT/EXAM/SRC/Peripheral/src\ch32h417_can.c **** 		{
 554              		.loc 1 243 3 is_stmt 1
 243:c:/Users/User/Documents/GitHub/ch32h417/EVT/EXAM/SRC/Peripheral/src\ch32h417_can.c **** 		{
 555              		.loc 1 243 6 is_stmt 0
 556 0256 8547     		li	a5,1
 557 0258 631AF70E 		bne	a4,a5,.L37
 245:c:/Users/User/Documents/GitHub/ch32h417/EVT/EXAM/SRC/Peripheral/src\ch32h417_can.c **** 		}
 558              		.loc 1 245 4 is_stmt 1
 245:c:/Users/User/Documents/GitHub/ch32h417/EVT/EXAM/SRC/Peripheral/src\ch32h417_can.c **** 		}
 559              		.loc 1 245 8 is_stmt 0
 560 025c 1C40     		lw	a5,0(s0)
 245:c:/Users/User/Documents/GitHub/ch32h417/EVT/EXAM/SRC/Peripheral/src\ch32h417_can.c **** 		}
 561              		.loc 1 245 15
 562 025e 93E78700 		ori	a5,a5,8
 563              	.L72:
 252:c:/Users/User/Documents/GitHub/ch32h417/EVT/EXAM/SRC/Peripheral/src\ch32h417_can.c **** 		{
 564              		.loc 1 252 6
 565 0262 D84C     		lw	a4,28(s1)
 249:c:/Users/User/Documents/GitHub/ch32h417/EVT/EXAM/SRC/Peripheral/src\ch32h417_can.c **** 		}
 566              		.loc 1 249 15
 567 0264 1CC0     		sw	a5,0(s0)
 252:c:/Users/User/Documents/GitHub/ch32h417/EVT/EXAM/SRC/Peripheral/src\ch32h417_can.c **** 		{
 568              		.loc 1 252 3 is_stmt 1
 252:c:/Users/User/Documents/GitHub/ch32h417/EVT/EXAM/SRC/Peripheral/src\ch32h417_can.c **** 		{
 569              		.loc 1 252 6 is_stmt 0
 570 0266 8547     		li	a5,1
 571 0268 6315F70E 		bne	a4,a5,.L39
 254:c:/Users/User/Documents/GitHub/ch32h417/EVT/EXAM/SRC/Peripheral/src\ch32h417_can.c **** 		}
 572              		.loc 1 254 4 is_stmt 1
 254:c:/Users/User/Documents/GitHub/ch32h417/EVT/EXAM/SRC/Peripheral/src\ch32h417_can.c **** 		}
 573              		.loc 1 254 8 is_stmt 0
 574 026c 1C40     		lw	a5,0(s0)
 254:c:/Users/User/Documents/GitHub/ch32h417/EVT/EXAM/SRC/Peripheral/src\ch32h417_can.c **** 		}
 575              		.loc 1 254 15
 576 026e 93E74700 		ori	a5,a5,4
 577              	.L73:
 258:c:/Users/User/Documents/GitHub/ch32h417/EVT/EXAM/SRC/Peripheral/src\ch32h417_can.c **** 		}
 578              		.loc 1 258 15
 579 0272 1CC0     		sw	a5,0(s0)
 261:c:/Users/User/Documents/GitHub/ch32h417/EVT/EXAM/SRC/Peripheral/src\ch32h417_can.c **** 								((uint32_t)CAN_InitStruct->CAN_SJW << 24) | \
 580              		.loc 1 261 3 is_stmt 1
 261:c:/Users/User/Documents/GitHub/ch32h417/EVT/EXAM/SRC/Peripheral/src\ch32h417_can.c **** 								((uint32_t)CAN_InitStruct->CAN_SJW << 24) | \
 581              		.loc 1 261 28 is_stmt 0
 582 0274 BC20     		lbu	a5,2(s1)
 262:c:/Users/User/Documents/GitHub/ch32h417/EVT/EXAM/SRC/Peripheral/src\ch32h417_can.c **** 								((uint32_t)CAN_InitStruct->CAN_BS1 << 16) | \
 583              		.loc 1 262 10
 584 0276 B830     		lbu	a4,3(s1)
 261:c:/Users/User/Documents/GitHub/ch32h417/EVT/EXAM/SRC/Peripheral/src\ch32h417_can.c **** 								((uint32_t)CAN_InitStruct->CAN_SJW << 24) | \
 585              		.loc 1 261 17
 586 0278 FA07     		slli	a5,a5,30
 262:c:/Users/User/Documents/GitHub/ch32h417/EVT/EXAM/SRC/Peripheral/src\ch32h417_can.c **** 								((uint32_t)CAN_InitStruct->CAN_BS1 << 16) | \
 587              		.loc 1 262 44
 588 027a 6207     		slli	a4,a4,24
 261:c:/Users/User/Documents/GitHub/ch32h417/EVT/EXAM/SRC/Peripheral/src\ch32h417_can.c **** 								((uint32_t)CAN_InitStruct->CAN_SJW << 24) | \
 589              		.loc 1 261 70
 590 027c D98F     		or	a5,a5,a4
 263:c:/Users/User/Documents/GitHub/ch32h417/EVT/EXAM/SRC/Peripheral/src\ch32h417_can.c **** 								((uint32_t)CAN_InitStruct->CAN_BS2 << 20) | \
 591              		.loc 1 263 10
 592 027e D820     		lbu	a4,4(s1)
 263:c:/Users/User/Documents/GitHub/ch32h417/EVT/EXAM/SRC/Peripheral/src\ch32h417_can.c **** 								((uint32_t)CAN_InitStruct->CAN_BS2 << 20) | \
 593              		.loc 1 263 44
 594 0280 4207     		slli	a4,a4,16
 262:c:/Users/User/Documents/GitHub/ch32h417/EVT/EXAM/SRC/Peripheral/src\ch32h417_can.c **** 								((uint32_t)CAN_InitStruct->CAN_BS1 << 16) | \
 595              		.loc 1 262 51
 596 0282 D98F     		or	a5,a5,a4
 264:c:/Users/User/Documents/GitHub/ch32h417/EVT/EXAM/SRC/Peripheral/src\ch32h417_can.c **** 								((uint32_t)CAN_InitStruct->CAN_Prescaler - 1);
 597              		.loc 1 264 10
 598 0284 D830     		lbu	a4,5(s1)
 264:c:/Users/User/Documents/GitHub/ch32h417/EVT/EXAM/SRC/Peripheral/src\ch32h417_can.c **** 								((uint32_t)CAN_InitStruct->CAN_Prescaler - 1);
 599              		.loc 1 264 44
 600 0286 5207     		slli	a4,a4,20
 263:c:/Users/User/Documents/GitHub/ch32h417/EVT/EXAM/SRC/Peripheral/src\ch32h417_can.c **** 								((uint32_t)CAN_InitStruct->CAN_BS2 << 20) | \
 601              		.loc 1 263 51
 602 0288 D98F     		or	a5,a5,a4
 265:c:/Users/User/Documents/GitHub/ch32h417/EVT/EXAM/SRC/Peripheral/src\ch32h417_can.c **** 		CANx->CTLR &= ~(uint32_t)CAN_CTLR_INRQ;
 603              		.loc 1 265 10
 604 028a 9A20     		lhu	a4,0(s1)
 265:c:/Users/User/Documents/GitHub/ch32h417/EVT/EXAM/SRC/Peripheral/src\ch32h417_can.c **** 		CANx->CTLR &= ~(uint32_t)CAN_CTLR_INRQ;
 605              		.loc 1 265 50
 606 028c 7D17     		addi	a4,a4,-1
 264:c:/Users/User/Documents/GitHub/ch32h417/EVT/EXAM/SRC/Peripheral/src\ch32h417_can.c **** 								((uint32_t)CAN_InitStruct->CAN_Prescaler - 1);
 607              		.loc 1 264 51
 608 028e D98F     		or	a5,a5,a4
 261:c:/Users/User/Documents/GitHub/ch32h417/EVT/EXAM/SRC/Peripheral/src\ch32h417_can.c **** 								((uint32_t)CAN_InitStruct->CAN_SJW << 24) | \
 609              		.loc 1 261 15
 610 0290 5CCC     		sw	a5,28(s0)
 266:c:/Users/User/Documents/GitHub/ch32h417/EVT/EXAM/SRC/Peripheral/src\ch32h417_can.c **** 		wait_ack = 0;
 611              		.loc 1 266 3 is_stmt 1
 266:c:/Users/User/Documents/GitHub/ch32h417/EVT/EXAM/SRC/Peripheral/src\ch32h417_can.c **** 		wait_ack = 0;
 612              		.loc 1 266 7 is_stmt 0
 613 0292 1C40     		lw	a5,0(s0)
 266:c:/Users/User/Documents/GitHub/ch32h417/EVT/EXAM/SRC/Peripheral/src\ch32h417_can.c **** 		wait_ack = 0;
 614              		.loc 1 266 14
 615 0294 F99B     		andi	a5,a5,-2
 616 0296 1CC0     		sw	a5,0(s0)
 267:c:/Users/User/Documents/GitHub/ch32h417/EVT/EXAM/SRC/Peripheral/src\ch32h417_can.c **** 
 617              		.loc 1 267 3 is_stmt 1
 618              	.LVL29:
 269:c:/Users/User/Documents/GitHub/ch32h417/EVT/EXAM/SRC/Peripheral/src\ch32h417_can.c **** 		{
 619              		.loc 1 269 3
 269:c:/Users/User/Documents/GitHub/ch32h417/EVT/EXAM/SRC/Peripheral/src\ch32h417_can.c **** 		{
 620              		.loc 1 269 9 is_stmt 0
 621 0298 C167     		li	a5,65536
 622              	.LVL30:
 623              	.L42:
 269:c:/Users/User/Documents/GitHub/ch32h417/EVT/EXAM/SRC/Peripheral/src\ch32h417_can.c **** 		{
 624              		.loc 1 269 61 is_stmt 1
 269:c:/Users/User/Documents/GitHub/ch32h417/EVT/EXAM/SRC/Peripheral/src\ch32h417_can.c **** 		{
 625              		.loc 1 269 16 is_stmt 0
 626 029a 5840     		lw	a4,4(s0)
 269:c:/Users/User/Documents/GitHub/ch32h417/EVT/EXAM/SRC/Peripheral/src\ch32h417_can.c **** 		{
 627              		.loc 1 269 24
 628 029c 058B     		andi	a4,a4,1
 269:c:/Users/User/Documents/GitHub/ch32h417/EVT/EXAM/SRC/Peripheral/src\ch32h417_can.c **** 		{
 629              		.loc 1 269 61
 630 029e 19C3     		beq	a4,zero,.L41
 269:c:/Users/User/Documents/GitHub/ch32h417/EVT/EXAM/SRC/Peripheral/src\ch32h417_can.c **** 		{
 631              		.loc 1 269 61 discriminator 1
 632 02a0 FD17     		addi	a5,a5,-1
 633              	.LVL31:
 634 02a2 E5FF     		bne	a5,zero,.L42
 635              	.LVL32:
 636              	.L41:
 274:c:/Users/User/Documents/GitHub/ch32h417/EVT/EXAM/SRC/Peripheral/src\ch32h417_can.c **** 		{
 637              		.loc 1 274 3 is_stmt 1
 274:c:/Users/User/Documents/GitHub/ch32h417/EVT/EXAM/SRC/Peripheral/src\ch32h417_can.c **** 		{
 638              		.loc 1 274 12 is_stmt 0
 639 02a4 4840     		lw	a0,4(s0)
 640 02a6 1345F5FF 		not	a0,a0
 641 02aa 0589     		andi	a0,a0,1
 642 02ac 4DBB     		j	.L15
 643              	.L20:
 158:c:/Users/User/Documents/GitHub/ch32h417/EVT/EXAM/SRC/Peripheral/src\ch32h417_can.c ****         {
 644              		.loc 1 158 15 is_stmt 1
 158:c:/Users/User/Documents/GitHub/ch32h417/EVT/EXAM/SRC/Peripheral/src\ch32h417_can.c ****         {
 645              		.loc 1 158 18 is_stmt 0
 646 02ae B7770040 		li	a5,1073770496
 647 02b2 13870780 		addi	a4,a5,-2048
 648 02b6 6302E404 		beq	s0,a4,.L23
 163:c:/Users/User/Documents/GitHub/ch32h417/EVT/EXAM/SRC/Peripheral/src\ch32h417_can.c ****         {
 649              		.loc 1 163 15 is_stmt 1
 163:c:/Users/User/Documents/GitHub/ch32h417/EVT/EXAM/SRC/Peripheral/src\ch32h417_can.c ****         {
 650              		.loc 1 163 18 is_stmt 0
 651 02ba B7870040 		li	a5,1073774592
 652 02be 13870780 		addi	a4,a5,-2048
 653 02c2 E314E4EE 		bne	s0,a4,.L22
 165:c:/Users/User/Documents/GitHub/ch32h417/EVT/EXAM/SRC/Peripheral/src\ch32h417_can.c ****             while(!((*(__IO uint32_t *)(0x4000780C)) & 0x3));
 654              		.loc 1 165 13 is_stmt 1
 165:c:/Users/User/Documents/GitHub/ch32h417/EVT/EXAM/SRC/Peripheral/src\ch32h417_can.c ****             while(!((*(__IO uint32_t *)(0x4000780C)) & 0x3));
 655              		.loc 1 165 14 is_stmt 0
 656 02c6 93870798 		addi	a5,a5,-1664
 657 02ca 9843     		lw	a4,0(a5)
 166:c:/Users/User/Documents/GitHub/ch32h417/EVT/EXAM/SRC/Peripheral/src\ch32h417_can.c ****             (*(__IO uint32_t *)(0x4000780C)) = 0x38;
 658              		.loc 1 166 22
 659 02cc B7860040 		li	a3,1073774592
 165:c:/Users/User/Documents/GitHub/ch32h417/EVT/EXAM/SRC/Peripheral/src\ch32h417_can.c ****             while(!((*(__IO uint32_t *)(0x4000780C)) & 0x3));
 660              		.loc 1 165 46
 661 02d0 13673700 		ori	a4,a4,3
 662 02d4 98C3     		sw	a4,0(a5)
 166:c:/Users/User/Documents/GitHub/ch32h417/EVT/EXAM/SRC/Peripheral/src\ch32h417_can.c ****             (*(__IO uint32_t *)(0x4000780C)) = 0x38;
 663              		.loc 1 166 13 is_stmt 1
 664              	.L26:
 166:c:/Users/User/Documents/GitHub/ch32h417/EVT/EXAM/SRC/Peripheral/src\ch32h417_can.c ****             (*(__IO uint32_t *)(0x4000780C)) = 0x38;
 665              		.loc 1 166 19 discriminator 1
 166:c:/Users/User/Documents/GitHub/ch32h417/EVT/EXAM/SRC/Peripheral/src\ch32h417_can.c ****             (*(__IO uint32_t *)(0x4000780C)) = 0x38;
 666              		.loc 1 166 22 is_stmt 0 discriminator 1
 667 02d6 1387C680 		addi	a4,a3,-2036
 668 02da 1C43     		lw	a5,0(a4)
 166:c:/Users/User/Documents/GitHub/ch32h417/EVT/EXAM/SRC/Peripheral/src\ch32h417_can.c ****             (*(__IO uint32_t *)(0x4000780C)) = 0x38;
 669              		.loc 1 166 54 discriminator 1
 670 02dc 8D8B     		andi	a5,a5,3
 166:c:/Users/User/Documents/GitHub/ch32h417/EVT/EXAM/SRC/Peripheral/src\ch32h417_can.c ****             (*(__IO uint32_t *)(0x4000780C)) = 0x38;
 671              		.loc 1 166 19 discriminator 1
 672 02de E5DF     		beq	a5,zero,.L26
 167:c:/Users/User/Documents/GitHub/ch32h417/EVT/EXAM/SRC/Peripheral/src\ch32h417_can.c ****         }
 673              		.loc 1 167 13 is_stmt 1
 167:c:/Users/User/Documents/GitHub/ch32h417/EVT/EXAM/SRC/Peripheral/src\ch32h417_can.c ****         }
 674              		.loc 1 167 46 is_stmt 0
 675 02e0 93078003 		li	a5,56
 676 02e4 1CC3     		sw	a5,0(a4)
 170:c:/Users/User/Documents/GitHub/ch32h417/EVT/EXAM/SRC/Peripheral/src\ch32h417_can.c ****         {
 677              		.loc 1 170 9 is_stmt 1
 174:c:/Users/User/Documents/GitHub/ch32h417/EVT/EXAM/SRC/Peripheral/src\ch32h417_can.c ****         {
 678              		.loc 1 174 15
 180:c:/Users/User/Documents/GitHub/ch32h417/EVT/EXAM/SRC/Peripheral/src\ch32h417_can.c ****             (*(__IO uint32_t *)(0x40021014)) &= ~(0x01000000);
 679              		.loc 1 180 4
 180:c:/Users/User/Documents/GitHub/ch32h417/EVT/EXAM/SRC/Peripheral/src\ch32h417_can.c ****             (*(__IO uint32_t *)(0x40021014)) &= ~(0x01000000);
 680              		.loc 1 180 5 is_stmt 0
 681 02e6 B7170240 		li	a5,1073876992
 682 02ea D84B     		lw	a4,20(a5)
 180:c:/Users/User/Documents/GitHub/ch32h417/EVT/EXAM/SRC/Peripheral/src\ch32h417_can.c ****             (*(__IO uint32_t *)(0x40021014)) &= ~(0x01000000);
 683              		.loc 1 180 37
 684 02ec 13178729 		bseti	a4,a4,24
 685 02f0 D8CB     		sw	a4,20(a5)
 181:c:/Users/User/Documents/GitHub/ch32h417/EVT/EXAM/SRC/Peripheral/src\ch32h417_can.c **** 		}
 686              		.loc 1 181 13 is_stmt 1
 181:c:/Users/User/Documents/GitHub/ch32h417/EVT/EXAM/SRC/Peripheral/src\ch32h417_can.c **** 		}
 687              		.loc 1 181 14 is_stmt 0
 688 02f2 D84B     		lw	a4,20(a5)
 181:c:/Users/User/Documents/GitHub/ch32h417/EVT/EXAM/SRC/Peripheral/src\ch32h417_can.c **** 		}
 689              		.loc 1 181 46
 690 02f4 13178749 		bclri	a4,a4,24
 691 02f8 45BD     		j	.L67
 692              	.L23:
 160:c:/Users/User/Documents/GitHub/ch32h417/EVT/EXAM/SRC/Peripheral/src\ch32h417_can.c ****             while(!((*(__IO uint32_t *)(0x4000680C)) & 0x3));
 693              		.loc 1 160 13 is_stmt 1
 160:c:/Users/User/Documents/GitHub/ch32h417/EVT/EXAM/SRC/Peripheral/src\ch32h417_can.c ****             while(!((*(__IO uint32_t *)(0x4000680C)) & 0x3));
 694              		.loc 1 160 14 is_stmt 0
 695 02fa 93870798 		addi	a5,a5,-1664
 696 02fe 9843     		lw	a4,0(a5)
 161:c:/Users/User/Documents/GitHub/ch32h417/EVT/EXAM/SRC/Peripheral/src\ch32h417_can.c ****             (*(__IO uint32_t *)(0x4000680C)) = 0x38;
 697              		.loc 1 161 22
 698 0300 B7760040 		li	a3,1073770496
 160:c:/Users/User/Documents/GitHub/ch32h417/EVT/EXAM/SRC/Peripheral/src\ch32h417_can.c ****             while(!((*(__IO uint32_t *)(0x4000680C)) & 0x3));
 699              		.loc 1 160 46
 700 0304 13673700 		ori	a4,a4,3
 701 0308 98C3     		sw	a4,0(a5)
 161:c:/Users/User/Documents/GitHub/ch32h417/EVT/EXAM/SRC/Peripheral/src\ch32h417_can.c ****             (*(__IO uint32_t *)(0x4000680C)) = 0x38;
 702              		.loc 1 161 13 is_stmt 1
 703              	.L25:
 161:c:/Users/User/Documents/GitHub/ch32h417/EVT/EXAM/SRC/Peripheral/src\ch32h417_can.c ****             (*(__IO uint32_t *)(0x4000680C)) = 0x38;
 704              		.loc 1 161 19 discriminator 1
 161:c:/Users/User/Documents/GitHub/ch32h417/EVT/EXAM/SRC/Peripheral/src\ch32h417_can.c ****             (*(__IO uint32_t *)(0x4000680C)) = 0x38;
 705              		.loc 1 161 22 is_stmt 0 discriminator 1
 706 030a 1387C680 		addi	a4,a3,-2036
 707 030e 1C43     		lw	a5,0(a4)
 161:c:/Users/User/Documents/GitHub/ch32h417/EVT/EXAM/SRC/Peripheral/src\ch32h417_can.c ****             (*(__IO uint32_t *)(0x4000680C)) = 0x38;
 708              		.loc 1 161 54 discriminator 1
 709 0310 8D8B     		andi	a5,a5,3
 161:c:/Users/User/Documents/GitHub/ch32h417/EVT/EXAM/SRC/Peripheral/src\ch32h417_can.c ****             (*(__IO uint32_t *)(0x4000680C)) = 0x38;
 710              		.loc 1 161 19 discriminator 1
 711 0312 E5DF     		beq	a5,zero,.L25
 162:c:/Users/User/Documents/GitHub/ch32h417/EVT/EXAM/SRC/Peripheral/src\ch32h417_can.c ****         }else if (CAN3 == CANx)
 712              		.loc 1 162 13 is_stmt 1
 162:c:/Users/User/Documents/GitHub/ch32h417/EVT/EXAM/SRC/Peripheral/src\ch32h417_can.c ****         }else if (CAN3 == CANx)
 713              		.loc 1 162 46 is_stmt 0
 714 0314 93078003 		li	a5,56
 715 0318 1CC3     		sw	a5,0(a4)
 170:c:/Users/User/Documents/GitHub/ch32h417/EVT/EXAM/SRC/Peripheral/src\ch32h417_can.c ****         {
 716              		.loc 1 170 9 is_stmt 1
 176:c:/Users/User/Documents/GitHub/ch32h417/EVT/EXAM/SRC/Peripheral/src\ch32h417_can.c ****             (*(__IO uint32_t *)(0x40021014)) &= ~(0x04000000);
 717              		.loc 1 176 13
 176:c:/Users/User/Documents/GitHub/ch32h417/EVT/EXAM/SRC/Peripheral/src\ch32h417_can.c ****             (*(__IO uint32_t *)(0x40021014)) &= ~(0x04000000);
 718              		.loc 1 176 14 is_stmt 0
 719 031a B7170240 		li	a5,1073876992
 720 031e D84B     		lw	a4,20(a5)
 176:c:/Users/User/Documents/GitHub/ch32h417/EVT/EXAM/SRC/Peripheral/src\ch32h417_can.c ****             (*(__IO uint32_t *)(0x40021014)) &= ~(0x04000000);
 721              		.loc 1 176 46
 722 0320 1317A729 		bseti	a4,a4,26
 723 0324 D8CB     		sw	a4,20(a5)
 177:c:/Users/User/Documents/GitHub/ch32h417/EVT/EXAM/SRC/Peripheral/src\ch32h417_can.c ****         }else if(CAN3 == CANx)
 724              		.loc 1 177 13 is_stmt 1
 177:c:/Users/User/Documents/GitHub/ch32h417/EVT/EXAM/SRC/Peripheral/src\ch32h417_can.c ****         }else if(CAN3 == CANx)
 725              		.loc 1 177 14 is_stmt 0
 726 0326 D84B     		lw	a4,20(a5)
 177:c:/Users/User/Documents/GitHub/ch32h417/EVT/EXAM/SRC/Peripheral/src\ch32h417_can.c ****         }else if(CAN3 == CANx)
 727              		.loc 1 177 46
 728 0328 1317A749 		bclri	a4,a4,26
 729 032c B5BD     		j	.L67
 730              	.L29:
 213:c:/Users/User/Documents/GitHub/ch32h417/EVT/EXAM/SRC/Peripheral/src\ch32h417_can.c **** 		}
 731              		.loc 1 213 4 is_stmt 1
 213:c:/Users/User/Documents/GitHub/ch32h417/EVT/EXAM/SRC/Peripheral/src\ch32h417_can.c **** 		}
 732              		.loc 1 213 8 is_stmt 0
 733 032e 1C40     		lw	a5,0(s0)
 213:c:/Users/User/Documents/GitHub/ch32h417/EVT/EXAM/SRC/Peripheral/src\ch32h417_can.c **** 		}
 734              		.loc 1 213 15
 735 0330 93F7F7F7 		andi	a5,a5,-129
 736 0334 FDB5     		j	.L68
 737              	.L31:
 222:c:/Users/User/Documents/GitHub/ch32h417/EVT/EXAM/SRC/Peripheral/src\ch32h417_can.c **** 		}
 738              		.loc 1 222 4 is_stmt 1
 222:c:/Users/User/Documents/GitHub/ch32h417/EVT/EXAM/SRC/Peripheral/src\ch32h417_can.c **** 		}
 739              		.loc 1 222 8 is_stmt 0
 740 0336 1C40     		lw	a5,0(s0)
 222:c:/Users/User/Documents/GitHub/ch32h417/EVT/EXAM/SRC/Peripheral/src\ch32h417_can.c **** 		}
 741              		.loc 1 222 15
 742 0338 93F7F7FB 		andi	a5,a5,-65
 743 033c DDBD     		j	.L69
 744              	.L33:
 231:c:/Users/User/Documents/GitHub/ch32h417/EVT/EXAM/SRC/Peripheral/src\ch32h417_can.c **** 		}
 745              		.loc 1 231 4 is_stmt 1
 231:c:/Users/User/Documents/GitHub/ch32h417/EVT/EXAM/SRC/Peripheral/src\ch32h417_can.c **** 		}
 746              		.loc 1 231 8 is_stmt 0
 747 033e 1C40     		lw	a5,0(s0)
 231:c:/Users/User/Documents/GitHub/ch32h417/EVT/EXAM/SRC/Peripheral/src\ch32h417_can.c **** 		}
 748              		.loc 1 231 15
 749 0340 93F7F7FD 		andi	a5,a5,-33
 750 0344 FDBD     		j	.L70
 751              	.L35:
 240:c:/Users/User/Documents/GitHub/ch32h417/EVT/EXAM/SRC/Peripheral/src\ch32h417_can.c **** 		}
 752              		.loc 1 240 4 is_stmt 1
 240:c:/Users/User/Documents/GitHub/ch32h417/EVT/EXAM/SRC/Peripheral/src\ch32h417_can.c **** 		}
 753              		.loc 1 240 8 is_stmt 0
 754 0346 1C40     		lw	a5,0(s0)
 240:c:/Users/User/Documents/GitHub/ch32h417/EVT/EXAM/SRC/Peripheral/src\ch32h417_can.c **** 		}
 755              		.loc 1 240 15
 756 0348 BD9B     		andi	a5,a5,-17
 757 034a 21B7     		j	.L71
 758              	.L37:
 249:c:/Users/User/Documents/GitHub/ch32h417/EVT/EXAM/SRC/Peripheral/src\ch32h417_can.c **** 		}
 759              		.loc 1 249 4 is_stmt 1
 249:c:/Users/User/Documents/GitHub/ch32h417/EVT/EXAM/SRC/Peripheral/src\ch32h417_can.c **** 		}
 760              		.loc 1 249 8 is_stmt 0
 761 034c 1C40     		lw	a5,0(s0)
 249:c:/Users/User/Documents/GitHub/ch32h417/EVT/EXAM/SRC/Peripheral/src\ch32h417_can.c **** 		}
 762              		.loc 1 249 15
 763 034e DD9B     		andi	a5,a5,-9
 764 0350 09BF     		j	.L72
 765              	.L39:
 258:c:/Users/User/Documents/GitHub/ch32h417/EVT/EXAM/SRC/Peripheral/src\ch32h417_can.c **** 		}
 766              		.loc 1 258 4 is_stmt 1
 258:c:/Users/User/Documents/GitHub/ch32h417/EVT/EXAM/SRC/Peripheral/src\ch32h417_can.c **** 		}
 767              		.loc 1 258 8 is_stmt 0
 768 0352 1C40     		lw	a5,0(s0)
 258:c:/Users/User/Documents/GitHub/ch32h417/EVT/EXAM/SRC/Peripheral/src\ch32h417_can.c **** 		}
 769              		.loc 1 258 15
 770 0354 ED9B     		andi	a5,a5,-5
 771 0356 31BF     		j	.L73
 772              		.cfi_endproc
 773              	.LFE41:
 775              		.section	.text.CAN_FilterInit,"ax",@progbits
 776              		.align	1
 777              		.globl	CAN_FilterInit
 779              	CAN_FilterInit:
 780              	.LFB42:
 286:c:/Users/User/Documents/GitHub/ch32h417/EVT/EXAM/SRC/Peripheral/src\ch32h417_can.c **** 
 287:c:/Users/User/Documents/GitHub/ch32h417/EVT/EXAM/SRC/Peripheral/src\ch32h417_can.c **** /*********************************************************************
 288:c:/Users/User/Documents/GitHub/ch32h417/EVT/EXAM/SRC/Peripheral/src\ch32h417_can.c ****  * @fn      CAN_FilterInit
 289:c:/Users/User/Documents/GitHub/ch32h417/EVT/EXAM/SRC/Peripheral/src\ch32h417_can.c ****  *
 290:c:/Users/User/Documents/GitHub/ch32h417/EVT/EXAM/SRC/Peripheral/src\ch32h417_can.c ****  * @brief   Initializes the CAN peripheral according to the specified
 291:c:/Users/User/Documents/GitHub/ch32h417/EVT/EXAM/SRC/Peripheral/src\ch32h417_can.c ****  *        parameters in the CAN_FilterInitStruct.
 292:c:/Users/User/Documents/GitHub/ch32h417/EVT/EXAM/SRC/Peripheral/src\ch32h417_can.c ****  *
 293:c:/Users/User/Documents/GitHub/ch32h417/EVT/EXAM/SRC/Peripheral/src\ch32h417_can.c ****  * @param   CAN_FilterInitStruct - pointer to a CAN_FilterInitTypeDef
 294:c:/Users/User/Documents/GitHub/ch32h417/EVT/EXAM/SRC/Peripheral/src\ch32h417_can.c ****  *        structure that contains the configuration information.
 295:c:/Users/User/Documents/GitHub/ch32h417/EVT/EXAM/SRC/Peripheral/src\ch32h417_can.c ****  *
 296:c:/Users/User/Documents/GitHub/ch32h417/EVT/EXAM/SRC/Peripheral/src\ch32h417_can.c ****  * @return  none
 297:c:/Users/User/Documents/GitHub/ch32h417/EVT/EXAM/SRC/Peripheral/src\ch32h417_can.c ****  */
 298:c:/Users/User/Documents/GitHub/ch32h417/EVT/EXAM/SRC/Peripheral/src\ch32h417_can.c **** void CAN_FilterInit(CAN_FilterInitTypeDef *CAN_FilterInitStruct)
 299:c:/Users/User/Documents/GitHub/ch32h417/EVT/EXAM/SRC/Peripheral/src\ch32h417_can.c **** {
 781              		.loc 1 299 1 is_stmt 1
 782              		.cfi_startproc
 783              	.LVL33:
 300:c:/Users/User/Documents/GitHub/ch32h417/EVT/EXAM/SRC/Peripheral/src\ch32h417_can.c ****     uint32_t filter_number_bit_pos = 0;
 784              		.loc 1 300 5
 301:c:/Users/User/Documents/GitHub/ch32h417/EVT/EXAM/SRC/Peripheral/src\ch32h417_can.c **** 
 302:c:/Users/User/Documents/GitHub/ch32h417/EVT/EXAM/SRC/Peripheral/src\ch32h417_can.c ****     filter_number_bit_pos = ((uint32_t)1) << ((CAN_FilterInitStruct->CAN_FilterNumber > 27) ? (CAN_
 785              		.loc 1 302 5
 786              		.loc 1 302 68 is_stmt 0
 787 0000 3025     		lbu	a2,10(a0)
 788              		.loc 1 302 43
 789 0002 6D47     		li	a4,27
 790 0004 B7670040 		li	a5,1073766400
 791 0008 6376C708 		bleu	a2,a4,.L75
 303:c:/Users/User/Documents/GitHub/ch32h417/EVT/EXAM/SRC/Peripheral/src\ch32h417_can.c ****     CAN1->FCTLR |= FCTLR_FINIT;
 792              		.loc 1 303 9 discriminator 1
 793 000c 93870760 		addi	a5,a5,1536
 794 0010 9443     		lw	a3,0(a5)
 302:c:/Users/User/Documents/GitHub/ch32h417/EVT/EXAM/SRC/Peripheral/src\ch32h417_can.c ****     CAN1->FCTLR |= FCTLR_FINIT;
 795              		.loc 1 302 135 discriminator 1
 796 0012 930556FE 		addi	a1,a2,-27
 302:c:/Users/User/Documents/GitHub/ch32h417/EVT/EXAM/SRC/Peripheral/src\ch32h417_can.c ****     CAN1->FCTLR |= FCTLR_FINIT;
 797              		.loc 1 302 43 discriminator 1
 798 0016 3317B028 		bset	a4,x0,a1
 799              	.LVL34:
 800              		.loc 1 303 5 is_stmt 1 discriminator 1
 801              		.loc 1 303 17 is_stmt 0 discriminator 1
 802 001a 93E61600 		ori	a3,a3,1
 803 001e 94C3     		sw	a3,0(a5)
 304:c:/Users/User/Documents/GitHub/ch32h417/EVT/EXAM/SRC/Peripheral/src\ch32h417_can.c **** 	if(CAN_FilterInitStruct->CAN_FilterNumber > 27)
 804              		.loc 1 304 2 is_stmt 1 discriminator 1
 305:c:/Users/User/Documents/GitHub/ch32h417/EVT/EXAM/SRC/Peripheral/src\ch32h417_can.c **** 	{
 306:c:/Users/User/Documents/GitHub/ch32h417/EVT/EXAM/SRC/Peripheral/src\ch32h417_can.c **** 		CAN1->FWR_CAN3 &= ~((uint32_t)filter_number_bit_pos);
 805              		.loc 1 306 3 discriminator 1
 806              		.loc 1 306 7 is_stmt 0 discriminator 1
 807 0020 9453     		lw	a3,32(a5)
 808              		.loc 1 306 18 discriminator 1
 809 0022 B396B648 		bclr	a3,a3,a1
 810 0026 94D3     		sw	a3,32(a5)
 811              	.L76:
 307:c:/Users/User/Documents/GitHub/ch32h417/EVT/EXAM/SRC/Peripheral/src\ch32h417_can.c **** 	}
 308:c:/Users/User/Documents/GitHub/ch32h417/EVT/EXAM/SRC/Peripheral/src\ch32h417_can.c ****     else
 309:c:/Users/User/Documents/GitHub/ch32h417/EVT/EXAM/SRC/Peripheral/src\ch32h417_can.c **** 	{
 310:c:/Users/User/Documents/GitHub/ch32h417/EVT/EXAM/SRC/Peripheral/src\ch32h417_can.c **** 		CAN1->FWR &= ~((uint32_t)filter_number_bit_pos);
 311:c:/Users/User/Documents/GitHub/ch32h417/EVT/EXAM/SRC/Peripheral/src\ch32h417_can.c **** 	}
 312:c:/Users/User/Documents/GitHub/ch32h417/EVT/EXAM/SRC/Peripheral/src\ch32h417_can.c **** 
 313:c:/Users/User/Documents/GitHub/ch32h417/EVT/EXAM/SRC/Peripheral/src\ch32h417_can.c ****     if(CAN_FilterInitStruct->CAN_FilterScale == CAN_FilterScale_16bit)
 812              		.loc 1 313 5 is_stmt 1
 813              		.loc 1 313 28 is_stmt 0
 814 0028 5425     		lbu	a3,12(a0)
 815 002a B7670040 		li	a5,1073766400
 816 002e 93870740 		addi	a5,a5,1024
 817              		.loc 1 313 7
 818 0032 B5EE     		bne	a3,zero,.L77
 314:c:/Users/User/Documents/GitHub/ch32h417/EVT/EXAM/SRC/Peripheral/src\ch32h417_can.c ****     {
 315:c:/Users/User/Documents/GitHub/ch32h417/EVT/EXAM/SRC/Peripheral/src\ch32h417_can.c ****         CAN1->FSCFGR &= ~(uint32_t)filter_number_bit_pos;
 819              		.loc 1 315 9 is_stmt 1
 820              		.loc 1 315 13 is_stmt 0
 821 0034 83A6C720 		lw	a3,524(a5)
 316:c:/Users/User/Documents/GitHub/ch32h417/EVT/EXAM/SRC/Peripheral/src\ch32h417_can.c **** 
 317:c:/Users/User/Documents/GitHub/ch32h417/EVT/EXAM/SRC/Peripheral/src\ch32h417_can.c ****         CAN1->sFilterRegister[CAN_FilterInitStruct->CAN_FilterNumber].FR1 =
 318:c:/Users/User/Documents/GitHub/ch32h417/EVT/EXAM/SRC/Peripheral/src\ch32h417_can.c ****             ((0x0000FFFF & (uint32_t)CAN_FilterInitStruct->CAN_FilterMaskIdLow) << 16) |
 319:c:/Users/User/Documents/GitHub/ch32h417/EVT/EXAM/SRC/Peripheral/src\ch32h417_can.c ****             (0x0000FFFF & (uint32_t)CAN_FilterInitStruct->CAN_FilterIdLow);
 822              		.loc 1 319 25
 823 0038 2E21     		lhu	a1,2(a0)
 315:c:/Users/User/Documents/GitHub/ch32h417/EVT/EXAM/SRC/Peripheral/src\ch32h417_can.c **** 
 824              		.loc 1 315 22
 825 003a B3F6E640 		andn	a3,a3,a4
 826 003e 23A6D720 		sw	a3,524(a5)
 317:c:/Users/User/Documents/GitHub/ch32h417/EVT/EXAM/SRC/Peripheral/src\ch32h417_can.c ****             ((0x0000FFFF & (uint32_t)CAN_FilterInitStruct->CAN_FilterMaskIdLow) << 16) |
 827              		.loc 1 317 9 is_stmt 1
 318:c:/Users/User/Documents/GitHub/ch32h417/EVT/EXAM/SRC/Peripheral/src\ch32h417_can.c ****             (0x0000FFFF & (uint32_t)CAN_FilterInitStruct->CAN_FilterIdLow);
 828              		.loc 1 318 26 is_stmt 0
 829 0042 7621     		lhu	a3,6(a0)
 830 0044 B367F620 		sh3add	a5,a2,a5
 318:c:/Users/User/Documents/GitHub/ch32h417/EVT/EXAM/SRC/Peripheral/src\ch32h417_can.c ****             (0x0000FFFF & (uint32_t)CAN_FilterInitStruct->CAN_FilterIdLow);
 831              		.loc 1 318 81
 832 0048 C206     		slli	a3,a3,16
 318:c:/Users/User/Documents/GitHub/ch32h417/EVT/EXAM/SRC/Peripheral/src\ch32h417_can.c ****             (0x0000FFFF & (uint32_t)CAN_FilterInitStruct->CAN_FilterIdLow);
 833              		.loc 1 318 88
 834 004a CD8E     		or	a3,a3,a1
 317:c:/Users/User/Documents/GitHub/ch32h417/EVT/EXAM/SRC/Peripheral/src\ch32h417_can.c ****             ((0x0000FFFF & (uint32_t)CAN_FilterInitStruct->CAN_FilterMaskIdLow) << 16) |
 835              		.loc 1 317 75
 836 004c 23A0D724 		sw	a3,576(a5)
 320:c:/Users/User/Documents/GitHub/ch32h417/EVT/EXAM/SRC/Peripheral/src\ch32h417_can.c **** 
 321:c:/Users/User/Documents/GitHub/ch32h417/EVT/EXAM/SRC/Peripheral/src\ch32h417_can.c ****         CAN1->sFilterRegister[CAN_FilterInitStruct->CAN_FilterNumber].FR2 =
 837              		.loc 1 321 9 is_stmt 1
 322:c:/Users/User/Documents/GitHub/ch32h417/EVT/EXAM/SRC/Peripheral/src\ch32h417_can.c ****             ((0x0000FFFF & (uint32_t)CAN_FilterInitStruct->CAN_FilterMaskIdHigh) << 16) |
 838              		.loc 1 322 26 is_stmt 0
 839 0050 5621     		lhu	a3,4(a0)
 323:c:/Users/User/Documents/GitHub/ch32h417/EVT/EXAM/SRC/Peripheral/src\ch32h417_can.c ****             (0x0000FFFF & (uint32_t)CAN_FilterInitStruct->CAN_FilterIdHigh);
 840              		.loc 1 323 25
 841 0052 0E21     		lhu	a1,0(a0)
 322:c:/Users/User/Documents/GitHub/ch32h417/EVT/EXAM/SRC/Peripheral/src\ch32h417_can.c ****             ((0x0000FFFF & (uint32_t)CAN_FilterInitStruct->CAN_FilterMaskIdHigh) << 16) |
 842              		.loc 1 322 82
 843 0054 C206     		slli	a3,a3,16
 844              	.L114:
 324:c:/Users/User/Documents/GitHub/ch32h417/EVT/EXAM/SRC/Peripheral/src\ch32h417_can.c ****     }
 325:c:/Users/User/Documents/GitHub/ch32h417/EVT/EXAM/SRC/Peripheral/src\ch32h417_can.c **** 
 326:c:/Users/User/Documents/GitHub/ch32h417/EVT/EXAM/SRC/Peripheral/src\ch32h417_can.c ****     if(CAN_FilterInitStruct->CAN_FilterScale == CAN_FilterScale_32bit)
 327:c:/Users/User/Documents/GitHub/ch32h417/EVT/EXAM/SRC/Peripheral/src\ch32h417_can.c ****     {
 328:c:/Users/User/Documents/GitHub/ch32h417/EVT/EXAM/SRC/Peripheral/src\ch32h417_can.c ****         CAN1->FSCFGR |= filter_number_bit_pos;
 329:c:/Users/User/Documents/GitHub/ch32h417/EVT/EXAM/SRC/Peripheral/src\ch32h417_can.c **** 
 330:c:/Users/User/Documents/GitHub/ch32h417/EVT/EXAM/SRC/Peripheral/src\ch32h417_can.c ****         CAN1->sFilterRegister[CAN_FilterInitStruct->CAN_FilterNumber].FR1 =
 331:c:/Users/User/Documents/GitHub/ch32h417/EVT/EXAM/SRC/Peripheral/src\ch32h417_can.c ****             ((0x0000FFFF & (uint32_t)CAN_FilterInitStruct->CAN_FilterIdHigh) << 16) |
 332:c:/Users/User/Documents/GitHub/ch32h417/EVT/EXAM/SRC/Peripheral/src\ch32h417_can.c ****             (0x0000FFFF & (uint32_t)CAN_FilterInitStruct->CAN_FilterIdLow);
 333:c:/Users/User/Documents/GitHub/ch32h417/EVT/EXAM/SRC/Peripheral/src\ch32h417_can.c **** 
 334:c:/Users/User/Documents/GitHub/ch32h417/EVT/EXAM/SRC/Peripheral/src\ch32h417_can.c ****         CAN1->sFilterRegister[CAN_FilterInitStruct->CAN_FilterNumber].FR2 =
 335:c:/Users/User/Documents/GitHub/ch32h417/EVT/EXAM/SRC/Peripheral/src\ch32h417_can.c ****             ((0x0000FFFF & (uint32_t)CAN_FilterInitStruct->CAN_FilterMaskIdHigh) << 16) |
 845              		.loc 1 335 89
 846 0056 CD8E     		or	a3,a3,a1
 334:c:/Users/User/Documents/GitHub/ch32h417/EVT/EXAM/SRC/Peripheral/src\ch32h417_can.c ****             ((0x0000FFFF & (uint32_t)CAN_FilterInitStruct->CAN_FilterMaskIdHigh) << 16) |
 847              		.loc 1 334 75
 848 0058 23A2D724 		sw	a3,580(a5)
 849              	.L78:
 336:c:/Users/User/Documents/GitHub/ch32h417/EVT/EXAM/SRC/Peripheral/src\ch32h417_can.c ****             (0x0000FFFF & (uint32_t)CAN_FilterInitStruct->CAN_FilterMaskIdLow);
 337:c:/Users/User/Documents/GitHub/ch32h417/EVT/EXAM/SRC/Peripheral/src\ch32h417_can.c ****     }
 338:c:/Users/User/Documents/GitHub/ch32h417/EVT/EXAM/SRC/Peripheral/src\ch32h417_can.c **** 
 339:c:/Users/User/Documents/GitHub/ch32h417/EVT/EXAM/SRC/Peripheral/src\ch32h417_can.c ****     if(CAN_FilterInitStruct->CAN_FilterMode == CAN_FilterMode_IdMask)
 850              		.loc 1 339 5 is_stmt 1
 851              		.loc 1 339 7 is_stmt 0
 852 005c 2C35     		lbu	a1,11(a0)
 340:c:/Users/User/Documents/GitHub/ch32h417/EVT/EXAM/SRC/Peripheral/src\ch32h417_can.c ****     {
 341:c:/Users/User/Documents/GitHub/ch32h417/EVT/EXAM/SRC/Peripheral/src\ch32h417_can.c **** 		if(CAN_FilterInitStruct->CAN_FilterNumber > 27)
 342:c:/Users/User/Documents/GitHub/ch32h417/EVT/EXAM/SRC/Peripheral/src\ch32h417_can.c **** 		{
 343:c:/Users/User/Documents/GitHub/ch32h417/EVT/EXAM/SRC/Peripheral/src\ch32h417_can.c ****         	CAN1->FMCFGR_CAN3 &= ~(uint32_t)filter_number_bit_pos;
 344:c:/Users/User/Documents/GitHub/ch32h417/EVT/EXAM/SRC/Peripheral/src\ch32h417_can.c **** 		}
 345:c:/Users/User/Documents/GitHub/ch32h417/EVT/EXAM/SRC/Peripheral/src\ch32h417_can.c **** 		else
 346:c:/Users/User/Documents/GitHub/ch32h417/EVT/EXAM/SRC/Peripheral/src\ch32h417_can.c **** 		{
 347:c:/Users/User/Documents/GitHub/ch32h417/EVT/EXAM/SRC/Peripheral/src\ch32h417_can.c ****         	CAN1->FMCFGR &= ~(uint32_t)filter_number_bit_pos;
 348:c:/Users/User/Documents/GitHub/ch32h417/EVT/EXAM/SRC/Peripheral/src\ch32h417_can.c **** 		}
 349:c:/Users/User/Documents/GitHub/ch32h417/EVT/EXAM/SRC/Peripheral/src\ch32h417_can.c ****     }
 350:c:/Users/User/Documents/GitHub/ch32h417/EVT/EXAM/SRC/Peripheral/src\ch32h417_can.c ****     else
 351:c:/Users/User/Documents/GitHub/ch32h417/EVT/EXAM/SRC/Peripheral/src\ch32h417_can.c ****     {
 352:c:/Users/User/Documents/GitHub/ch32h417/EVT/EXAM/SRC/Peripheral/src\ch32h417_can.c **** 		if(CAN_FilterInitStruct->CAN_FilterNumber > 27)
 353:c:/Users/User/Documents/GitHub/ch32h417/EVT/EXAM/SRC/Peripheral/src\ch32h417_can.c **** 		{
 354:c:/Users/User/Documents/GitHub/ch32h417/EVT/EXAM/SRC/Peripheral/src\ch32h417_can.c **** 			CAN1->FMCFGR_CAN3 |= (uint32_t)filter_number_bit_pos;
 355:c:/Users/User/Documents/GitHub/ch32h417/EVT/EXAM/SRC/Peripheral/src\ch32h417_can.c **** 		}
 356:c:/Users/User/Documents/GitHub/ch32h417/EVT/EXAM/SRC/Peripheral/src\ch32h417_can.c **** 		else
 357:c:/Users/User/Documents/GitHub/ch32h417/EVT/EXAM/SRC/Peripheral/src\ch32h417_can.c **** 		{
 358:c:/Users/User/Documents/GitHub/ch32h417/EVT/EXAM/SRC/Peripheral/src\ch32h417_can.c **** 			CAN1->FMCFGR |= (uint32_t)filter_number_bit_pos;
 359:c:/Users/User/Documents/GitHub/ch32h417/EVT/EXAM/SRC/Peripheral/src\ch32h417_can.c **** 		}
 360:c:/Users/User/Documents/GitHub/ch32h417/EVT/EXAM/SRC/Peripheral/src\ch32h417_can.c ****     }
 361:c:/Users/User/Documents/GitHub/ch32h417/EVT/EXAM/SRC/Peripheral/src\ch32h417_can.c **** 
 362:c:/Users/User/Documents/GitHub/ch32h417/EVT/EXAM/SRC/Peripheral/src\ch32h417_can.c ****     if(CAN_FilterInitStruct->CAN_FilterFIFOAssignment == CAN_Filter_FIFO0)
 853              		.loc 1 362 28
 854 005e 1625     		lhu	a3,8(a0)
 855 0060 1C49     		lw	a5,16(a0)
 339:c:/Users/User/Documents/GitHub/ch32h417/EVT/EXAM/SRC/Peripheral/src\ch32h417_can.c ****     {
 856              		.loc 1 339 7
 857 0062 C9E9     		bne	a1,zero,.L79
 341:c:/Users/User/Documents/GitHub/ch32h417/EVT/EXAM/SRC/Peripheral/src\ch32h417_can.c **** 		{
 858              		.loc 1 341 3 is_stmt 1
 859 0064 B7650040 		li	a1,1073766400
 341:c:/Users/User/Documents/GitHub/ch32h417/EVT/EXAM/SRC/Peripheral/src\ch32h417_can.c **** 		{
 860              		.loc 1 341 5 is_stmt 0
 861 0068 6D48     		li	a6,27
 315:c:/Users/User/Documents/GitHub/ch32h417/EVT/EXAM/SRC/Peripheral/src\ch32h417_can.c **** 
 862              		.loc 1 315 25
 863 006a 1345F7FF 		not	a0,a4
 864              	.LVL35:
 865 006e 93850540 		addi	a1,a1,1024
 341:c:/Users/User/Documents/GitHub/ch32h417/EVT/EXAM/SRC/Peripheral/src\ch32h417_can.c **** 		{
 866              		.loc 1 341 5
 867 0072 6372C806 		bleu	a2,a6,.L80
 343:c:/Users/User/Documents/GitHub/ch32h417/EVT/EXAM/SRC/Peripheral/src\ch32h417_can.c **** 		}
 868              		.loc 1 343 10 is_stmt 1
 343:c:/Users/User/Documents/GitHub/ch32h417/EVT/EXAM/SRC/Peripheral/src\ch32h417_can.c **** 		}
 869              		.loc 1 343 14 is_stmt 0
 870 0076 03A68520 		lw	a2,520(a1)
 343:c:/Users/User/Documents/GitHub/ch32h417/EVT/EXAM/SRC/Peripheral/src\ch32h417_can.c **** 		}
 871              		.loc 1 343 28
 872 007a 698E     		and	a2,a2,a0
 873              	.L125:
 354:c:/Users/User/Documents/GitHub/ch32h417/EVT/EXAM/SRC/Peripheral/src\ch32h417_can.c **** 		}
 874              		.loc 1 354 22
 875 007c 23A4C520 		sw	a2,520(a1)
 876              		.loc 1 362 5 is_stmt 1
 877              		.loc 1 362 7 is_stmt 0
 878 0080 C9CA     		beq	a3,zero,.L81
 363:c:/Users/User/Documents/GitHub/ch32h417/EVT/EXAM/SRC/Peripheral/src\ch32h417_can.c ****     {
 364:c:/Users/User/Documents/GitHub/ch32h417/EVT/EXAM/SRC/Peripheral/src\ch32h417_can.c **** 		if(CAN_FilterInitStruct->CAN_FilterNumber > 27)
 365:c:/Users/User/Documents/GitHub/ch32h417/EVT/EXAM/SRC/Peripheral/src\ch32h417_can.c **** 		{
 366:c:/Users/User/Documents/GitHub/ch32h417/EVT/EXAM/SRC/Peripheral/src\ch32h417_can.c ****         	CAN1->FAFIFOR_CAN3 &= ~(uint32_t)filter_number_bit_pos;
 367:c:/Users/User/Documents/GitHub/ch32h417/EVT/EXAM/SRC/Peripheral/src\ch32h417_can.c **** 		}
 368:c:/Users/User/Documents/GitHub/ch32h417/EVT/EXAM/SRC/Peripheral/src\ch32h417_can.c **** 		else
 369:c:/Users/User/Documents/GitHub/ch32h417/EVT/EXAM/SRC/Peripheral/src\ch32h417_can.c **** 		{
 370:c:/Users/User/Documents/GitHub/ch32h417/EVT/EXAM/SRC/Peripheral/src\ch32h417_can.c ****         	CAN1->FAFIFOR &= ~(uint32_t)filter_number_bit_pos;
 371:c:/Users/User/Documents/GitHub/ch32h417/EVT/EXAM/SRC/Peripheral/src\ch32h417_can.c **** 		}
 372:c:/Users/User/Documents/GitHub/ch32h417/EVT/EXAM/SRC/Peripheral/src\ch32h417_can.c ****     }
 373:c:/Users/User/Documents/GitHub/ch32h417/EVT/EXAM/SRC/Peripheral/src\ch32h417_can.c **** 
 374:c:/Users/User/Documents/GitHub/ch32h417/EVT/EXAM/SRC/Peripheral/src\ch32h417_can.c ****     if(CAN_FilterInitStruct->CAN_FilterFIFOAssignment == CAN_Filter_FIFO1)
 879              		.loc 1 374 5 is_stmt 1
 880              		.loc 1 374 7 is_stmt 0
 881 0082 0546     		li	a2,1
 882 0084 6394C60E 		bne	a3,a2,.L112
 375:c:/Users/User/Documents/GitHub/ch32h417/EVT/EXAM/SRC/Peripheral/src\ch32h417_can.c ****     {
 376:c:/Users/User/Documents/GitHub/ch32h417/EVT/EXAM/SRC/Peripheral/src\ch32h417_can.c **** 		if(CAN_FilterInitStruct->CAN_FilterNumber > 27)
 377:c:/Users/User/Documents/GitHub/ch32h417/EVT/EXAM/SRC/Peripheral/src\ch32h417_can.c **** 		{
 378:c:/Users/User/Documents/GitHub/ch32h417/EVT/EXAM/SRC/Peripheral/src\ch32h417_can.c ****         	CAN1->FAFIFOR_CAN3 |= (uint32_t)filter_number_bit_pos;
 883              		.loc 1 378 10 is_stmt 1
 884              		.loc 1 378 14 is_stmt 0
 885 0088 B7660040 		li	a3,1073766400
 886 008c 03A68661 		lw	a2,1560(a3)
 887              		.loc 1 378 29
 888 0090 598E     		or	a2,a2,a4
 889 0092 71A0     		j	.L116
 890              	.LVL36:
 891              	.L75:
 303:c:/Users/User/Documents/GitHub/ch32h417/EVT/EXAM/SRC/Peripheral/src\ch32h417_can.c **** 	if(CAN_FilterInitStruct->CAN_FilterNumber > 27)
 892              		.loc 1 303 9 discriminator 2
 893 0094 93870760 		addi	a5,a5,1536
 894 0098 9443     		lw	a3,0(a5)
 302:c:/Users/User/Documents/GitHub/ch32h417/EVT/EXAM/SRC/Peripheral/src\ch32h417_can.c ****     CAN1->FCTLR |= FCTLR_FINIT;
 895              		.loc 1 302 43 discriminator 2
 896 009a 3317C028 		bset	a4,x0,a2
 897              	.LVL37:
 303:c:/Users/User/Documents/GitHub/ch32h417/EVT/EXAM/SRC/Peripheral/src\ch32h417_can.c **** 	if(CAN_FilterInitStruct->CAN_FilterNumber > 27)
 898              		.loc 1 303 5 is_stmt 1 discriminator 2
 303:c:/Users/User/Documents/GitHub/ch32h417/EVT/EXAM/SRC/Peripheral/src\ch32h417_can.c **** 	if(CAN_FilterInitStruct->CAN_FilterNumber > 27)
 899              		.loc 1 303 17 is_stmt 0 discriminator 2
 900 009e 93E61600 		ori	a3,a3,1
 901 00a2 94C3     		sw	a3,0(a5)
 304:c:/Users/User/Documents/GitHub/ch32h417/EVT/EXAM/SRC/Peripheral/src\ch32h417_can.c **** 	{
 902              		.loc 1 304 2 is_stmt 1 discriminator 2
 310:c:/Users/User/Documents/GitHub/ch32h417/EVT/EXAM/SRC/Peripheral/src\ch32h417_can.c **** 	}
 903              		.loc 1 310 3 discriminator 2
 310:c:/Users/User/Documents/GitHub/ch32h417/EVT/EXAM/SRC/Peripheral/src\ch32h417_can.c **** 	}
 904              		.loc 1 310 7 is_stmt 0 discriminator 2
 905 00a4 D44F     		lw	a3,28(a5)
 310:c:/Users/User/Documents/GitHub/ch32h417/EVT/EXAM/SRC/Peripheral/src\ch32h417_can.c **** 	}
 906              		.loc 1 310 13 discriminator 2
 907 00a6 B396C648 		bclr	a3,a3,a2
 908 00aa D4CF     		sw	a3,28(a5)
 909 00ac B5BF     		j	.L76
 910              	.L77:
 326:c:/Users/User/Documents/GitHub/ch32h417/EVT/EXAM/SRC/Peripheral/src\ch32h417_can.c ****     {
 911              		.loc 1 326 5 is_stmt 1
 326:c:/Users/User/Documents/GitHub/ch32h417/EVT/EXAM/SRC/Peripheral/src\ch32h417_can.c ****     {
 912              		.loc 1 326 7 is_stmt 0
 913 00ae 8545     		li	a1,1
 914 00b0 E396B6FA 		bne	a3,a1,.L78
 328:c:/Users/User/Documents/GitHub/ch32h417/EVT/EXAM/SRC/Peripheral/src\ch32h417_can.c **** 
 915              		.loc 1 328 9 is_stmt 1
 328:c:/Users/User/Documents/GitHub/ch32h417/EVT/EXAM/SRC/Peripheral/src\ch32h417_can.c **** 
 916              		.loc 1 328 13 is_stmt 0
 917 00b4 83A6C720 		lw	a3,524(a5)
 332:c:/Users/User/Documents/GitHub/ch32h417/EVT/EXAM/SRC/Peripheral/src\ch32h417_can.c **** 
 918              		.loc 1 332 25
 919 00b8 2E21     		lhu	a1,2(a0)
 328:c:/Users/User/Documents/GitHub/ch32h417/EVT/EXAM/SRC/Peripheral/src\ch32h417_can.c **** 
 920              		.loc 1 328 22
 921 00ba D98E     		or	a3,a3,a4
 922 00bc 23A6D720 		sw	a3,524(a5)
 330:c:/Users/User/Documents/GitHub/ch32h417/EVT/EXAM/SRC/Peripheral/src\ch32h417_can.c ****             ((0x0000FFFF & (uint32_t)CAN_FilterInitStruct->CAN_FilterIdHigh) << 16) |
 923              		.loc 1 330 9 is_stmt 1
 331:c:/Users/User/Documents/GitHub/ch32h417/EVT/EXAM/SRC/Peripheral/src\ch32h417_can.c ****             (0x0000FFFF & (uint32_t)CAN_FilterInitStruct->CAN_FilterIdLow);
 924              		.loc 1 331 26 is_stmt 0
 925 00c0 1621     		lhu	a3,0(a0)
 926 00c2 B367F620 		sh3add	a5,a2,a5
 331:c:/Users/User/Documents/GitHub/ch32h417/EVT/EXAM/SRC/Peripheral/src\ch32h417_can.c ****             (0x0000FFFF & (uint32_t)CAN_FilterInitStruct->CAN_FilterIdLow);
 927              		.loc 1 331 78
 928 00c6 C206     		slli	a3,a3,16
 331:c:/Users/User/Documents/GitHub/ch32h417/EVT/EXAM/SRC/Peripheral/src\ch32h417_can.c ****             (0x0000FFFF & (uint32_t)CAN_FilterInitStruct->CAN_FilterIdLow);
 929              		.loc 1 331 85
 930 00c8 CD8E     		or	a3,a3,a1
 330:c:/Users/User/Documents/GitHub/ch32h417/EVT/EXAM/SRC/Peripheral/src\ch32h417_can.c ****             ((0x0000FFFF & (uint32_t)CAN_FilterInitStruct->CAN_FilterIdHigh) << 16) |
 931              		.loc 1 330 75
 932 00ca 23A0D724 		sw	a3,576(a5)
 334:c:/Users/User/Documents/GitHub/ch32h417/EVT/EXAM/SRC/Peripheral/src\ch32h417_can.c ****             ((0x0000FFFF & (uint32_t)CAN_FilterInitStruct->CAN_FilterMaskIdHigh) << 16) |
 933              		.loc 1 334 9 is_stmt 1
 335:c:/Users/User/Documents/GitHub/ch32h417/EVT/EXAM/SRC/Peripheral/src\ch32h417_can.c ****             (0x0000FFFF & (uint32_t)CAN_FilterInitStruct->CAN_FilterMaskIdLow);
 934              		.loc 1 335 26 is_stmt 0
 935 00ce 5621     		lhu	a3,4(a0)
 336:c:/Users/User/Documents/GitHub/ch32h417/EVT/EXAM/SRC/Peripheral/src\ch32h417_can.c ****     }
 936              		.loc 1 336 25
 937 00d0 6E21     		lhu	a1,6(a0)
 335:c:/Users/User/Documents/GitHub/ch32h417/EVT/EXAM/SRC/Peripheral/src\ch32h417_can.c ****             (0x0000FFFF & (uint32_t)CAN_FilterInitStruct->CAN_FilterMaskIdLow);
 938              		.loc 1 335 82
 939 00d2 C206     		slli	a3,a3,16
 940 00d4 49B7     		j	.L114
 941              	.LVL38:
 942              	.L80:
 347:c:/Users/User/Documents/GitHub/ch32h417/EVT/EXAM/SRC/Peripheral/src\ch32h417_can.c **** 		}
 943              		.loc 1 347 10 is_stmt 1
 347:c:/Users/User/Documents/GitHub/ch32h417/EVT/EXAM/SRC/Peripheral/src\ch32h417_can.c **** 		}
 944              		.loc 1 347 14 is_stmt 0
 945 00d6 03A64520 		lw	a2,516(a1)
 347:c:/Users/User/Documents/GitHub/ch32h417/EVT/EXAM/SRC/Peripheral/src\ch32h417_can.c **** 		}
 946              		.loc 1 347 23
 947 00da 698E     		and	a2,a2,a0
 948              	.L127:
 358:c:/Users/User/Documents/GitHub/ch32h417/EVT/EXAM/SRC/Peripheral/src\ch32h417_can.c **** 		}
 949              		.loc 1 358 17
 950 00dc 23A2C520 		sw	a2,516(a1)
 362:c:/Users/User/Documents/GitHub/ch32h417/EVT/EXAM/SRC/Peripheral/src\ch32h417_can.c ****     {
 951              		.loc 1 362 5 is_stmt 1
 362:c:/Users/User/Documents/GitHub/ch32h417/EVT/EXAM/SRC/Peripheral/src\ch32h417_can.c ****     {
 952              		.loc 1 362 7 is_stmt 0
 953 00e0 BDC2     		beq	a3,zero,.L84
 374:c:/Users/User/Documents/GitHub/ch32h417/EVT/EXAM/SRC/Peripheral/src\ch32h417_can.c ****     {
 954              		.loc 1 374 5 is_stmt 1
 374:c:/Users/User/Documents/GitHub/ch32h417/EVT/EXAM/SRC/Peripheral/src\ch32h417_can.c ****     {
 955              		.loc 1 374 7 is_stmt 0
 956 00e2 0546     		li	a2,1
 957 00e4 6397C608 		bne	a3,a2,.L111
 379:c:/Users/User/Documents/GitHub/ch32h417/EVT/EXAM/SRC/Peripheral/src\ch32h417_can.c **** 		}
 380:c:/Users/User/Documents/GitHub/ch32h417/EVT/EXAM/SRC/Peripheral/src\ch32h417_can.c **** 		else
 381:c:/Users/User/Documents/GitHub/ch32h417/EVT/EXAM/SRC/Peripheral/src\ch32h417_can.c **** 		{
 382:c:/Users/User/Documents/GitHub/ch32h417/EVT/EXAM/SRC/Peripheral/src\ch32h417_can.c **** 			CAN1->FAFIFOR |= (uint32_t)filter_number_bit_pos;
 958              		.loc 1 382 4 is_stmt 1
 959              		.loc 1 382 8 is_stmt 0
 960 00e8 B7660040 		li	a3,1073766400
 961 00ec 03A64661 		lw	a2,1556(a3)
 962              		.loc 1 382 18
 963 00f0 598E     		or	a2,a2,a4
 964 00f2 85A0     		j	.L119
 965              	.LVL39:
 966              	.L79:
 352:c:/Users/User/Documents/GitHub/ch32h417/EVT/EXAM/SRC/Peripheral/src\ch32h417_can.c **** 		{
 967              		.loc 1 352 3 is_stmt 1
 968 00f4 B7650040 		li	a1,1073766400
 352:c:/Users/User/Documents/GitHub/ch32h417/EVT/EXAM/SRC/Peripheral/src\ch32h417_can.c **** 		{
 969              		.loc 1 352 5 is_stmt 0
 970 00f8 6D45     		li	a0,27
 971              	.LVL40:
 972 00fa 93850540 		addi	a1,a1,1024
 973 00fe 6376C500 		bleu	a2,a0,.L86
 354:c:/Users/User/Documents/GitHub/ch32h417/EVT/EXAM/SRC/Peripheral/src\ch32h417_can.c **** 		}
 974              		.loc 1 354 4 is_stmt 1
 354:c:/Users/User/Documents/GitHub/ch32h417/EVT/EXAM/SRC/Peripheral/src\ch32h417_can.c **** 		}
 975              		.loc 1 354 8 is_stmt 0
 976 0102 03A68520 		lw	a2,520(a1)
 354:c:/Users/User/Documents/GitHub/ch32h417/EVT/EXAM/SRC/Peripheral/src\ch32h417_can.c **** 		}
 977              		.loc 1 354 22
 978 0106 598E     		or	a2,a2,a4
 979 0108 95BF     		j	.L125
 980              	.L86:
 358:c:/Users/User/Documents/GitHub/ch32h417/EVT/EXAM/SRC/Peripheral/src\ch32h417_can.c **** 		}
 981              		.loc 1 358 4 is_stmt 1
 358:c:/Users/User/Documents/GitHub/ch32h417/EVT/EXAM/SRC/Peripheral/src\ch32h417_can.c **** 		}
 982              		.loc 1 358 8 is_stmt 0
 983 010a 03A64520 		lw	a2,516(a1)
 358:c:/Users/User/Documents/GitHub/ch32h417/EVT/EXAM/SRC/Peripheral/src\ch32h417_can.c **** 		}
 984              		.loc 1 358 17
 985 010e 598E     		or	a2,a2,a4
 986 0110 F1B7     		j	.L127
 987              	.L81:
 366:c:/Users/User/Documents/GitHub/ch32h417/EVT/EXAM/SRC/Peripheral/src\ch32h417_can.c **** 		}
 988              		.loc 1 366 10 is_stmt 1
 366:c:/Users/User/Documents/GitHub/ch32h417/EVT/EXAM/SRC/Peripheral/src\ch32h417_can.c **** 		}
 989              		.loc 1 366 14 is_stmt 0
 990 0112 B7660040 		li	a3,1073766400
 991 0116 03A68661 		lw	a2,1560(a3)
 366:c:/Users/User/Documents/GitHub/ch32h417/EVT/EXAM/SRC/Peripheral/src\ch32h417_can.c **** 		}
 992              		.loc 1 366 29
 993 011a 3376E640 		andn	a2,a2,a4
 994              	.L116:
 995 011e 23ACC660 		sw	a2,1560(a3)
 374:c:/Users/User/Documents/GitHub/ch32h417/EVT/EXAM/SRC/Peripheral/src\ch32h417_can.c ****     {
 996              		.loc 1 374 5 is_stmt 1
 383:c:/Users/User/Documents/GitHub/ch32h417/EVT/EXAM/SRC/Peripheral/src\ch32h417_can.c **** 		}
 384:c:/Users/User/Documents/GitHub/ch32h417/EVT/EXAM/SRC/Peripheral/src\ch32h417_can.c ****     }
 385:c:/Users/User/Documents/GitHub/ch32h417/EVT/EXAM/SRC/Peripheral/src\ch32h417_can.c **** 
 386:c:/Users/User/Documents/GitHub/ch32h417/EVT/EXAM/SRC/Peripheral/src\ch32h417_can.c ****     if(CAN_FilterInitStruct->CAN_FilterActivation == ENABLE)
 997              		.loc 1 386 5
 998              		.loc 1 386 7 is_stmt 0
 999 0122 8546     		li	a3,1
 1000 0124 6399D700 		bne	a5,a3,.L93
 1001              	.L92:
 387:c:/Users/User/Documents/GitHub/ch32h417/EVT/EXAM/SRC/Peripheral/src\ch32h417_can.c ****     {
 388:c:/Users/User/Documents/GitHub/ch32h417/EVT/EXAM/SRC/Peripheral/src\ch32h417_can.c **** 		if(CAN_FilterInitStruct->CAN_FilterNumber > 27)
 389:c:/Users/User/Documents/GitHub/ch32h417/EVT/EXAM/SRC/Peripheral/src\ch32h417_can.c **** 		{
 390:c:/Users/User/Documents/GitHub/ch32h417/EVT/EXAM/SRC/Peripheral/src\ch32h417_can.c ****         	CAN1->FWR_CAN3 |= filter_number_bit_pos;
 1002              		.loc 1 390 10 is_stmt 1
 1003              		.loc 1 390 14 is_stmt 0
 1004 0128 B7670040 		li	a5,1073766400
 1005 012c 83A60762 		lw	a3,1568(a5)
 1006              		.loc 1 390 25
 1007 0130 558F     		or	a4,a3,a4
 1008              	.LVL41:
 1009 0132 23A0E762 		sw	a4,1568(a5)
 1010              	.L93:
 391:c:/Users/User/Documents/GitHub/ch32h417/EVT/EXAM/SRC/Peripheral/src\ch32h417_can.c **** 		}
 392:c:/Users/User/Documents/GitHub/ch32h417/EVT/EXAM/SRC/Peripheral/src\ch32h417_can.c **** 		else
 393:c:/Users/User/Documents/GitHub/ch32h417/EVT/EXAM/SRC/Peripheral/src\ch32h417_can.c **** 		{
 394:c:/Users/User/Documents/GitHub/ch32h417/EVT/EXAM/SRC/Peripheral/src\ch32h417_can.c ****         	CAN1->FWR |= filter_number_bit_pos;
 395:c:/Users/User/Documents/GitHub/ch32h417/EVT/EXAM/SRC/Peripheral/src\ch32h417_can.c **** 		}
 396:c:/Users/User/Documents/GitHub/ch32h417/EVT/EXAM/SRC/Peripheral/src\ch32h417_can.c ****     }
 397:c:/Users/User/Documents/GitHub/ch32h417/EVT/EXAM/SRC/Peripheral/src\ch32h417_can.c **** 
 398:c:/Users/User/Documents/GitHub/ch32h417/EVT/EXAM/SRC/Peripheral/src\ch32h417_can.c ****     CAN1->FCTLR &= ~FCTLR_FINIT;
 1011              		.loc 1 398 5 is_stmt 1
 1012              		.loc 1 398 9 is_stmt 0
 1013 0136 B7670040 		li	a5,1073766400
 1014 013a 03A70760 		lw	a4,1536(a5)
 1015              		.loc 1 398 17
 1016 013e 799B     		andi	a4,a4,-2
 1017 0140 23A0E760 		sw	a4,1536(a5)
 399:c:/Users/User/Documents/GitHub/ch32h417/EVT/EXAM/SRC/Peripheral/src\ch32h417_can.c **** }
 1018              		.loc 1 399 1
 1019 0144 8280     		ret
 1020              	.LVL42:
 1021              	.L84:
 370:c:/Users/User/Documents/GitHub/ch32h417/EVT/EXAM/SRC/Peripheral/src\ch32h417_can.c **** 		}
 1022              		.loc 1 370 10 is_stmt 1
 370:c:/Users/User/Documents/GitHub/ch32h417/EVT/EXAM/SRC/Peripheral/src\ch32h417_can.c **** 		}
 1023              		.loc 1 370 14 is_stmt 0
 1024 0146 B7660040 		li	a3,1073766400
 1025 014a 03A64661 		lw	a2,1556(a3)
 370:c:/Users/User/Documents/GitHub/ch32h417/EVT/EXAM/SRC/Peripheral/src\ch32h417_can.c **** 		}
 1026              		.loc 1 370 24
 1027 014e 3376E640 		andn	a2,a2,a4
 1028              	.L119:
 382:c:/Users/User/Documents/GitHub/ch32h417/EVT/EXAM/SRC/Peripheral/src\ch32h417_can.c **** 		}
 1029              		.loc 1 382 18
 1030 0152 23AAC660 		sw	a2,1556(a3)
 386:c:/Users/User/Documents/GitHub/ch32h417/EVT/EXAM/SRC/Peripheral/src\ch32h417_can.c ****     {
 1031              		.loc 1 386 5 is_stmt 1
 386:c:/Users/User/Documents/GitHub/ch32h417/EVT/EXAM/SRC/Peripheral/src\ch32h417_can.c ****     {
 1032              		.loc 1 386 7 is_stmt 0
 1033 0156 8546     		li	a3,1
 1034 0158 E39FD7FC 		bne	a5,a3,.L93
 1035              	.L94:
 394:c:/Users/User/Documents/GitHub/ch32h417/EVT/EXAM/SRC/Peripheral/src\ch32h417_can.c **** 		}
 1036              		.loc 1 394 10 is_stmt 1
 394:c:/Users/User/Documents/GitHub/ch32h417/EVT/EXAM/SRC/Peripheral/src\ch32h417_can.c **** 		}
 1037              		.loc 1 394 14 is_stmt 0
 1038 015c B7670040 		li	a5,1073766400
 1039 0160 83A6C761 		lw	a3,1564(a5)
 394:c:/Users/User/Documents/GitHub/ch32h417/EVT/EXAM/SRC/Peripheral/src\ch32h417_can.c **** 		}
 1040              		.loc 1 394 20
 1041 0164 558F     		or	a4,a3,a4
 1042              	.LVL43:
 1043 0166 23AEE760 		sw	a4,1564(a5)
 1044 016a F1B7     		j	.L93
 1045              	.LVL44:
 1046              	.L112:
 386:c:/Users/User/Documents/GitHub/ch32h417/EVT/EXAM/SRC/Peripheral/src\ch32h417_can.c ****     {
 1047              		.loc 1 386 5 is_stmt 1
 386:c:/Users/User/Documents/GitHub/ch32h417/EVT/EXAM/SRC/Peripheral/src\ch32h417_can.c ****     {
 1048              		.loc 1 386 7 is_stmt 0
 1049 016c E395C7FC 		bne	a5,a2,.L93
 1050 0170 65BF     		j	.L92
 1051              	.L111:
 386:c:/Users/User/Documents/GitHub/ch32h417/EVT/EXAM/SRC/Peripheral/src\ch32h417_can.c ****     {
 1052              		.loc 1 386 5 is_stmt 1
 386:c:/Users/User/Documents/GitHub/ch32h417/EVT/EXAM/SRC/Peripheral/src\ch32h417_can.c ****     {
 1053              		.loc 1 386 7 is_stmt 0
 1054 0172 E392C7FC 		bne	a5,a2,.L93
 1055 0176 DDB7     		j	.L94
 1056              		.cfi_endproc
 1057              	.LFE42:
 1059              		.section	.text.CAN_StructInit,"ax",@progbits
 1060              		.align	1
 1061              		.globl	CAN_StructInit
 1063              	CAN_StructInit:
 1064              	.LFB43:
 400:c:/Users/User/Documents/GitHub/ch32h417/EVT/EXAM/SRC/Peripheral/src\ch32h417_can.c **** 
 401:c:/Users/User/Documents/GitHub/ch32h417/EVT/EXAM/SRC/Peripheral/src\ch32h417_can.c **** /*********************************************************************
 402:c:/Users/User/Documents/GitHub/ch32h417/EVT/EXAM/SRC/Peripheral/src\ch32h417_can.c ****  * @fn      CAN_StructInit
 403:c:/Users/User/Documents/GitHub/ch32h417/EVT/EXAM/SRC/Peripheral/src\ch32h417_can.c ****  *
 404:c:/Users/User/Documents/GitHub/ch32h417/EVT/EXAM/SRC/Peripheral/src\ch32h417_can.c ****  * @brief   Fills each CAN_InitStruct member with its default value.
 405:c:/Users/User/Documents/GitHub/ch32h417/EVT/EXAM/SRC/Peripheral/src\ch32h417_can.c ****  *
 406:c:/Users/User/Documents/GitHub/ch32h417/EVT/EXAM/SRC/Peripheral/src\ch32h417_can.c ****  * @param   CAN_InitStruct - pointer to a CAN_InitTypeDef structure which
 407:c:/Users/User/Documents/GitHub/ch32h417/EVT/EXAM/SRC/Peripheral/src\ch32h417_can.c ****  *        will be initialized.
 408:c:/Users/User/Documents/GitHub/ch32h417/EVT/EXAM/SRC/Peripheral/src\ch32h417_can.c ****  *
 409:c:/Users/User/Documents/GitHub/ch32h417/EVT/EXAM/SRC/Peripheral/src\ch32h417_can.c ****  * @return  none
 410:c:/Users/User/Documents/GitHub/ch32h417/EVT/EXAM/SRC/Peripheral/src\ch32h417_can.c ****  */
 411:c:/Users/User/Documents/GitHub/ch32h417/EVT/EXAM/SRC/Peripheral/src\ch32h417_can.c **** void CAN_StructInit(CAN_InitTypeDef* CAN_InitStruct)
 412:c:/Users/User/Documents/GitHub/ch32h417/EVT/EXAM/SRC/Peripheral/src\ch32h417_can.c **** {
 1065              		.loc 1 412 1 is_stmt 1
 1066              		.cfi_startproc
 1067              	.LVL45:
 413:c:/Users/User/Documents/GitHub/ch32h417/EVT/EXAM/SRC/Peripheral/src\ch32h417_can.c **** 	CAN_InitStruct->CAN_TTCM = DISABLE;
 1068              		.loc 1 413 2
 414:c:/Users/User/Documents/GitHub/ch32h417/EVT/EXAM/SRC/Peripheral/src\ch32h417_can.c **** 	CAN_InitStruct->CAN_ABOM = DISABLE;
 415:c:/Users/User/Documents/GitHub/ch32h417/EVT/EXAM/SRC/Peripheral/src\ch32h417_can.c **** 	CAN_InitStruct->CAN_AWUM = DISABLE;
 416:c:/Users/User/Documents/GitHub/ch32h417/EVT/EXAM/SRC/Peripheral/src\ch32h417_can.c **** 	CAN_InitStruct->CAN_NART = DISABLE;
 417:c:/Users/User/Documents/GitHub/ch32h417/EVT/EXAM/SRC/Peripheral/src\ch32h417_can.c **** 	CAN_InitStruct->CAN_RFLM = DISABLE;
 418:c:/Users/User/Documents/GitHub/ch32h417/EVT/EXAM/SRC/Peripheral/src\ch32h417_can.c **** 	CAN_InitStruct->CAN_TXFP = DISABLE;
 419:c:/Users/User/Documents/GitHub/ch32h417/EVT/EXAM/SRC/Peripheral/src\ch32h417_can.c **** 	CAN_InitStruct->CAN_Mode = CAN_Mode_Normal;
 420:c:/Users/User/Documents/GitHub/ch32h417/EVT/EXAM/SRC/Peripheral/src\ch32h417_can.c **** 	CAN_InitStruct->CAN_SJW = CAN_SJW_1tq;
 421:c:/Users/User/Documents/GitHub/ch32h417/EVT/EXAM/SRC/Peripheral/src\ch32h417_can.c **** 	CAN_InitStruct->CAN_BS1 = CAN_BS1_4tq;
 422:c:/Users/User/Documents/GitHub/ch32h417/EVT/EXAM/SRC/Peripheral/src\ch32h417_can.c **** 	CAN_InitStruct->CAN_BS2 = CAN_BS2_3tq;
 423:c:/Users/User/Documents/GitHub/ch32h417/EVT/EXAM/SRC/Peripheral/src\ch32h417_can.c **** 	CAN_InitStruct->CAN_Prescaler = 1;
 1069              		.loc 1 423 32 is_stmt 0
 1070 0000 8547     		li	a5,1
 1071 0002 1CC1     		sw	a5,0(a0)
 421:c:/Users/User/Documents/GitHub/ch32h417/EVT/EXAM/SRC/Peripheral/src\ch32h417_can.c **** 	CAN_InitStruct->CAN_BS2 = CAN_BS2_3tq;
 1072              		.loc 1 421 26
 1073 0004 93073020 		li	a5,515
 413:c:/Users/User/Documents/GitHub/ch32h417/EVT/EXAM/SRC/Peripheral/src\ch32h417_can.c **** 	CAN_InitStruct->CAN_TTCM = DISABLE;
 1074              		.loc 1 413 27
 1075 0008 23240500 		sw	zero,8(a0)
 414:c:/Users/User/Documents/GitHub/ch32h417/EVT/EXAM/SRC/Peripheral/src\ch32h417_can.c **** 	CAN_InitStruct->CAN_ABOM = DISABLE;
 1076              		.loc 1 414 2 is_stmt 1
 414:c:/Users/User/Documents/GitHub/ch32h417/EVT/EXAM/SRC/Peripheral/src\ch32h417_can.c **** 	CAN_InitStruct->CAN_ABOM = DISABLE;
 1077              		.loc 1 414 27 is_stmt 0
 1078 000c 23260500 		sw	zero,12(a0)
 415:c:/Users/User/Documents/GitHub/ch32h417/EVT/EXAM/SRC/Peripheral/src\ch32h417_can.c **** 	CAN_InitStruct->CAN_NART = DISABLE;
 1079              		.loc 1 415 2 is_stmt 1
 415:c:/Users/User/Documents/GitHub/ch32h417/EVT/EXAM/SRC/Peripheral/src\ch32h417_can.c **** 	CAN_InitStruct->CAN_NART = DISABLE;
 1080              		.loc 1 415 27 is_stmt 0
 1081 0010 23280500 		sw	zero,16(a0)
 416:c:/Users/User/Documents/GitHub/ch32h417/EVT/EXAM/SRC/Peripheral/src\ch32h417_can.c **** 	CAN_InitStruct->CAN_RFLM = DISABLE;
 1082              		.loc 1 416 2 is_stmt 1
 416:c:/Users/User/Documents/GitHub/ch32h417/EVT/EXAM/SRC/Peripheral/src\ch32h417_can.c **** 	CAN_InitStruct->CAN_RFLM = DISABLE;
 1083              		.loc 1 416 27 is_stmt 0
 1084 0014 232A0500 		sw	zero,20(a0)
 417:c:/Users/User/Documents/GitHub/ch32h417/EVT/EXAM/SRC/Peripheral/src\ch32h417_can.c **** 	CAN_InitStruct->CAN_TXFP = DISABLE;
 1085              		.loc 1 417 2 is_stmt 1
 417:c:/Users/User/Documents/GitHub/ch32h417/EVT/EXAM/SRC/Peripheral/src\ch32h417_can.c **** 	CAN_InitStruct->CAN_TXFP = DISABLE;
 1086              		.loc 1 417 27 is_stmt 0
 1087 0018 232C0500 		sw	zero,24(a0)
 418:c:/Users/User/Documents/GitHub/ch32h417/EVT/EXAM/SRC/Peripheral/src\ch32h417_can.c **** 	CAN_InitStruct->CAN_Mode = CAN_Mode_Normal;
 1088              		.loc 1 418 2 is_stmt 1
 418:c:/Users/User/Documents/GitHub/ch32h417/EVT/EXAM/SRC/Peripheral/src\ch32h417_can.c **** 	CAN_InitStruct->CAN_Mode = CAN_Mode_Normal;
 1089              		.loc 1 418 27 is_stmt 0
 1090 001c 232E0500 		sw	zero,28(a0)
 419:c:/Users/User/Documents/GitHub/ch32h417/EVT/EXAM/SRC/Peripheral/src\ch32h417_can.c **** 	CAN_InitStruct->CAN_SJW = CAN_SJW_1tq;
 1091              		.loc 1 419 2 is_stmt 1
 420:c:/Users/User/Documents/GitHub/ch32h417/EVT/EXAM/SRC/Peripheral/src\ch32h417_can.c **** 	CAN_InitStruct->CAN_BS1 = CAN_BS1_4tq;
 1092              		.loc 1 420 2
 421:c:/Users/User/Documents/GitHub/ch32h417/EVT/EXAM/SRC/Peripheral/src\ch32h417_can.c **** 	CAN_InitStruct->CAN_BS2 = CAN_BS2_3tq;
 1093              		.loc 1 421 2
 422:c:/Users/User/Documents/GitHub/ch32h417/EVT/EXAM/SRC/Peripheral/src\ch32h417_can.c **** 	CAN_InitStruct->CAN_Prescaler = 1;
 1094              		.loc 1 422 2
 1095              		.loc 1 423 2
 421:c:/Users/User/Documents/GitHub/ch32h417/EVT/EXAM/SRC/Peripheral/src\ch32h417_can.c **** 	CAN_InitStruct->CAN_BS2 = CAN_BS2_3tq;
 1096              		.loc 1 421 26 is_stmt 0
 1097 0020 5EA1     		sh	a5,4(a0)
 424:c:/Users/User/Documents/GitHub/ch32h417/EVT/EXAM/SRC/Peripheral/src\ch32h417_can.c **** }
 1098              		.loc 1 424 1
 1099 0022 8280     		ret
 1100              		.cfi_endproc
 1101              	.LFE43:
 1103              		.section	.text.CAN_SlaveStartBank,"ax",@progbits
 1104              		.align	1
 1105              		.globl	CAN_SlaveStartBank
 1107              	CAN_SlaveStartBank:
 1108              	.LFB44:
 425:c:/Users/User/Documents/GitHub/ch32h417/EVT/EXAM/SRC/Peripheral/src\ch32h417_can.c **** 
 426:c:/Users/User/Documents/GitHub/ch32h417/EVT/EXAM/SRC/Peripheral/src\ch32h417_can.c **** /*********************************************************************
 427:c:/Users/User/Documents/GitHub/ch32h417/EVT/EXAM/SRC/Peripheral/src\ch32h417_can.c ****  * @fn      CAN_SlaveStartBank
 428:c:/Users/User/Documents/GitHub/ch32h417/EVT/EXAM/SRC/Peripheral/src\ch32h417_can.c ****  *
 429:c:/Users/User/Documents/GitHub/ch32h417/EVT/EXAM/SRC/Peripheral/src\ch32h417_can.c ****  * @brief   This function applies only to CH32 Connectivity line devices.
 430:c:/Users/User/Documents/GitHub/ch32h417/EVT/EXAM/SRC/Peripheral/src\ch32h417_can.c ****  *
 431:c:/Users/User/Documents/GitHub/ch32h417/EVT/EXAM/SRC/Peripheral/src\ch32h417_can.c ****  * @param   CAN2_BankNumber - Select the start slave bank filter from 1..41.
 432:c:/Users/User/Documents/GitHub/ch32h417/EVT/EXAM/SRC/Peripheral/src\ch32h417_can.c ****  *			CAN3_BankNumber - Select the start slave bank filter from CAN2_BankNumber..42.
 433:c:/Users/User/Documents/GitHub/ch32h417/EVT/EXAM/SRC/Peripheral/src\ch32h417_can.c ****  *			
 434:c:/Users/User/Documents/GitHub/ch32h417/EVT/EXAM/SRC/Peripheral/src\ch32h417_can.c ****  * @return  none
 435:c:/Users/User/Documents/GitHub/ch32h417/EVT/EXAM/SRC/Peripheral/src\ch32h417_can.c ****  */
 436:c:/Users/User/Documents/GitHub/ch32h417/EVT/EXAM/SRC/Peripheral/src\ch32h417_can.c **** void CAN_SlaveStartBank(uint8_t CAN2_BankNumber, uint8_t CAN3_BankNumber)
 437:c:/Users/User/Documents/GitHub/ch32h417/EVT/EXAM/SRC/Peripheral/src\ch32h417_can.c **** {
 1109              		.loc 1 437 1 is_stmt 1
 1110              		.cfi_startproc
 1111              	.LVL46:
 438:c:/Users/User/Documents/GitHub/ch32h417/EVT/EXAM/SRC/Peripheral/src\ch32h417_can.c ****     CAN1->FCTLR |= FCTLR_FINIT;
 1112              		.loc 1 438 5
 1113              		.loc 1 438 9 is_stmt 0
 1114 0000 B7670040 		li	a5,1073766400
 1115 0004 93870760 		addi	a5,a5,1536
 1116 0008 9843     		lw	a4,0(a5)
 439:c:/Users/User/Documents/GitHub/ch32h417/EVT/EXAM/SRC/Peripheral/src\ch32h417_can.c **** 	CAN1->FCTLR &= (uint32_t)0xFFC0C0F1;
 1117              		.loc 1 439 14
 1118 000a B7C6C0FF 		li	a3,-4145152
 1119 000e 9386160F 		addi	a3,a3,241
 438:c:/Users/User/Documents/GitHub/ch32h417/EVT/EXAM/SRC/Peripheral/src\ch32h417_can.c ****     CAN1->FCTLR |= FCTLR_FINIT;
 1120              		.loc 1 438 17
 1121 0012 13671700 		ori	a4,a4,1
 1122 0016 98C3     		sw	a4,0(a5)
 1123              		.loc 1 439 2 is_stmt 1
 1124              		.loc 1 439 6 is_stmt 0
 1125 0018 9843     		lw	a4,0(a5)
 440:c:/Users/User/Documents/GitHub/ch32h417/EVT/EXAM/SRC/Peripheral/src\ch32h417_can.c **** 	CAN1->FCTLR |= (CAN2_BankNumber << 8) | ((CAN3_BankNumber - 1) << 16);
 1126              		.loc 1 440 60
 1127 001a FD15     		addi	a1,a1,-1
 1128              	.LVL47:
 1129              		.loc 1 440 65
 1130 001c C205     		slli	a1,a1,16
 439:c:/Users/User/Documents/GitHub/ch32h417/EVT/EXAM/SRC/Peripheral/src\ch32h417_can.c **** 	CAN1->FCTLR &= (uint32_t)0xFFC0C0F1;
 1131              		.loc 1 439 14
 1132 001e 758F     		and	a4,a4,a3
 1133 0020 98C3     		sw	a4,0(a5)
 1134              		.loc 1 440 2 is_stmt 1
 1135              		.loc 1 440 6 is_stmt 0
 1136 0022 9843     		lw	a4,0(a5)
 1137              		.loc 1 440 34
 1138 0024 2205     		slli	a0,a0,8
 1139              	.LVL48:
 1140              		.loc 1 440 40
 1141 0026 C98D     		or	a1,a1,a0
 1142              		.loc 1 440 14
 1143 0028 D98D     		or	a1,a1,a4
 1144 002a 8CC3     		sw	a1,0(a5)
 441:c:/Users/User/Documents/GitHub/ch32h417/EVT/EXAM/SRC/Peripheral/src\ch32h417_can.c ****     CAN1->FCTLR &= ~FCTLR_FINIT;
 1145              		.loc 1 441 5 is_stmt 1
 1146              		.loc 1 441 9 is_stmt 0
 1147 002c 9843     		lw	a4,0(a5)
 1148              		.loc 1 441 17
 1149 002e 799B     		andi	a4,a4,-2
 1150 0030 98C3     		sw	a4,0(a5)
 442:c:/Users/User/Documents/GitHub/ch32h417/EVT/EXAM/SRC/Peripheral/src\ch32h417_can.c **** }
 1151              		.loc 1 442 1
 1152 0032 8280     		ret
 1153              		.cfi_endproc
 1154              	.LFE44:
 1156              		.section	.text.CAN_DBGFreeze,"ax",@progbits
 1157              		.align	1
 1158              		.globl	CAN_DBGFreeze
 1160              	CAN_DBGFreeze:
 1161              	.LFB45:
 443:c:/Users/User/Documents/GitHub/ch32h417/EVT/EXAM/SRC/Peripheral/src\ch32h417_can.c **** 
 444:c:/Users/User/Documents/GitHub/ch32h417/EVT/EXAM/SRC/Peripheral/src\ch32h417_can.c **** /*********************************************************************
 445:c:/Users/User/Documents/GitHub/ch32h417/EVT/EXAM/SRC/Peripheral/src\ch32h417_can.c ****  * @fn      CAN_DBGFreeze
 446:c:/Users/User/Documents/GitHub/ch32h417/EVT/EXAM/SRC/Peripheral/src\ch32h417_can.c ****  *
 447:c:/Users/User/Documents/GitHub/ch32h417/EVT/EXAM/SRC/Peripheral/src\ch32h417_can.c ****  * @brief   Enables or disables the DBG Freeze for CAN.
 448:c:/Users/User/Documents/GitHub/ch32h417/EVT/EXAM/SRC/Peripheral/src\ch32h417_can.c ****  *
 449:c:/Users/User/Documents/GitHub/ch32h417/EVT/EXAM/SRC/Peripheral/src\ch32h417_can.c ****  * @param   CANx - where x can be 1...3 to select the CAN peripheral.
 450:c:/Users/User/Documents/GitHub/ch32h417/EVT/EXAM/SRC/Peripheral/src\ch32h417_can.c ****  *          NewState - ENABLE or DISABLE.
 451:c:/Users/User/Documents/GitHub/ch32h417/EVT/EXAM/SRC/Peripheral/src\ch32h417_can.c ****  *
 452:c:/Users/User/Documents/GitHub/ch32h417/EVT/EXAM/SRC/Peripheral/src\ch32h417_can.c ****  * @return  none
 453:c:/Users/User/Documents/GitHub/ch32h417/EVT/EXAM/SRC/Peripheral/src\ch32h417_can.c ****  */
 454:c:/Users/User/Documents/GitHub/ch32h417/EVT/EXAM/SRC/Peripheral/src\ch32h417_can.c **** void CAN_DBGFreeze(CAN_TypeDef* CANx, FunctionalState NewState)
 455:c:/Users/User/Documents/GitHub/ch32h417/EVT/EXAM/SRC/Peripheral/src\ch32h417_can.c **** {
 1162              		.loc 1 455 1 is_stmt 1
 1163              		.cfi_startproc
 1164              	.LVL49:
 456:c:/Users/User/Documents/GitHub/ch32h417/EVT/EXAM/SRC/Peripheral/src\ch32h417_can.c **** 	if (NewState != DISABLE)
 1165              		.loc 1 456 2
 457:c:/Users/User/Documents/GitHub/ch32h417/EVT/EXAM/SRC/Peripheral/src\ch32h417_can.c **** 	{
 458:c:/Users/User/Documents/GitHub/ch32h417/EVT/EXAM/SRC/Peripheral/src\ch32h417_can.c **** 		CANx->CTLR |= CTLR_DBF;
 1166              		.loc 1 458 7 is_stmt 0
 1167 0000 1C41     		lw	a5,0(a0)
 456:c:/Users/User/Documents/GitHub/ch32h417/EVT/EXAM/SRC/Peripheral/src\ch32h417_can.c **** 	if (NewState != DISABLE)
 1168              		.loc 1 456 5
 1169 0002 89C5     		beq	a1,zero,.L131
 1170              		.loc 1 458 3 is_stmt 1
 1171              		.loc 1 458 14 is_stmt 0
 1172 0004 93970729 		bseti	a5,a5,16
 1173              	.L133:
 459:c:/Users/User/Documents/GitHub/ch32h417/EVT/EXAM/SRC/Peripheral/src\ch32h417_can.c **** 	}
 460:c:/Users/User/Documents/GitHub/ch32h417/EVT/EXAM/SRC/Peripheral/src\ch32h417_can.c **** 	else
 461:c:/Users/User/Documents/GitHub/ch32h417/EVT/EXAM/SRC/Peripheral/src\ch32h417_can.c **** 	{
 462:c:/Users/User/Documents/GitHub/ch32h417/EVT/EXAM/SRC/Peripheral/src\ch32h417_can.c **** 		CANx->CTLR &= ~CTLR_DBF;
 1174              		.loc 1 462 14
 1175 0008 1CC1     		sw	a5,0(a0)
 463:c:/Users/User/Documents/GitHub/ch32h417/EVT/EXAM/SRC/Peripheral/src\ch32h417_can.c **** 	}
 464:c:/Users/User/Documents/GitHub/ch32h417/EVT/EXAM/SRC/Peripheral/src\ch32h417_can.c **** }
 1176              		.loc 1 464 1
 1177 000a 8280     		ret
 1178              	.L131:
 462:c:/Users/User/Documents/GitHub/ch32h417/EVT/EXAM/SRC/Peripheral/src\ch32h417_can.c **** 	}
 1179              		.loc 1 462 3 is_stmt 1
 462:c:/Users/User/Documents/GitHub/ch32h417/EVT/EXAM/SRC/Peripheral/src\ch32h417_can.c **** 	}
 1180              		.loc 1 462 14 is_stmt 0
 1181 000c 93970749 		bclri	a5,a5,16
 1182 0010 E5BF     		j	.L133
 1183              		.cfi_endproc
 1184              	.LFE45:
 1186              		.section	.text.CAN_TTComModeCmd,"ax",@progbits
 1187              		.align	1
 1188              		.globl	CAN_TTComModeCmd
 1190              	CAN_TTComModeCmd:
 1191              	.LFB46:
 465:c:/Users/User/Documents/GitHub/ch32h417/EVT/EXAM/SRC/Peripheral/src\ch32h417_can.c **** 
 466:c:/Users/User/Documents/GitHub/ch32h417/EVT/EXAM/SRC/Peripheral/src\ch32h417_can.c **** /*********************************************************************
 467:c:/Users/User/Documents/GitHub/ch32h417/EVT/EXAM/SRC/Peripheral/src\ch32h417_can.c ****  * @fn      CAN_TTComModeCmd
 468:c:/Users/User/Documents/GitHub/ch32h417/EVT/EXAM/SRC/Peripheral/src\ch32h417_can.c ****  *
 469:c:/Users/User/Documents/GitHub/ch32h417/EVT/EXAM/SRC/Peripheral/src\ch32h417_can.c ****  * @brief   Enables or disables the CAN Time TriggerOperation communication mode.
 470:c:/Users/User/Documents/GitHub/ch32h417/EVT/EXAM/SRC/Peripheral/src\ch32h417_can.c ****  *
 471:c:/Users/User/Documents/GitHub/ch32h417/EVT/EXAM/SRC/Peripheral/src\ch32h417_can.c ****  * @param   CANx - where x can be 1...3 to select the CAN peripheral.
 472:c:/Users/User/Documents/GitHub/ch32h417/EVT/EXAM/SRC/Peripheral/src\ch32h417_can.c ****  *          NewState - ENABLE or DISABLE.
 473:c:/Users/User/Documents/GitHub/ch32h417/EVT/EXAM/SRC/Peripheral/src\ch32h417_can.c ****  *          Note-
 474:c:/Users/User/Documents/GitHub/ch32h417/EVT/EXAM/SRC/Peripheral/src\ch32h417_can.c ****  *            DLC must be programmed as 8 in order Time Stamp (2 bytes) to be
 475:c:/Users/User/Documents/GitHub/ch32h417/EVT/EXAM/SRC/Peripheral/src\ch32h417_can.c ****  *          sent over the CAN bus. 
 476:c:/Users/User/Documents/GitHub/ch32h417/EVT/EXAM/SRC/Peripheral/src\ch32h417_can.c ****  *
 477:c:/Users/User/Documents/GitHub/ch32h417/EVT/EXAM/SRC/Peripheral/src\ch32h417_can.c ****  * @return  none
 478:c:/Users/User/Documents/GitHub/ch32h417/EVT/EXAM/SRC/Peripheral/src\ch32h417_can.c ****  */
 479:c:/Users/User/Documents/GitHub/ch32h417/EVT/EXAM/SRC/Peripheral/src\ch32h417_can.c **** void CAN_TTComModeCmd(CAN_TypeDef* CANx, FunctionalState NewState)
 480:c:/Users/User/Documents/GitHub/ch32h417/EVT/EXAM/SRC/Peripheral/src\ch32h417_can.c **** {
 1192              		.loc 1 480 1 is_stmt 1
 1193              		.cfi_startproc
 1194              	.LVL50:
 481:c:/Users/User/Documents/GitHub/ch32h417/EVT/EXAM/SRC/Peripheral/src\ch32h417_can.c **** 	if (NewState != DISABLE)
 1195              		.loc 1 481 2
 482:c:/Users/User/Documents/GitHub/ch32h417/EVT/EXAM/SRC/Peripheral/src\ch32h417_can.c **** 	{
 483:c:/Users/User/Documents/GitHub/ch32h417/EVT/EXAM/SRC/Peripheral/src\ch32h417_can.c **** 		CANx->CTLR |= CAN_CTLR_TTCM;
 1196              		.loc 1 483 7 is_stmt 0
 1197 0000 1C41     		lw	a5,0(a0)
 481:c:/Users/User/Documents/GitHub/ch32h417/EVT/EXAM/SRC/Peripheral/src\ch32h417_can.c **** 	if (NewState != DISABLE)
 1198              		.loc 1 481 5
 1199 0002 9DC1     		beq	a1,zero,.L135
 1200              		.loc 1 483 3 is_stmt 1
 1201              		.loc 1 483 14 is_stmt 0
 1202 0004 93E70708 		ori	a5,a5,128
 1203 0008 1CC1     		sw	a5,0(a0)
 484:c:/Users/User/Documents/GitHub/ch32h417/EVT/EXAM/SRC/Peripheral/src\ch32h417_can.c **** 
 485:c:/Users/User/Documents/GitHub/ch32h417/EVT/EXAM/SRC/Peripheral/src\ch32h417_can.c **** 		CANx->sTxMailBox[0].TXMDTR |= ((uint32_t)CAN_TXMDT0R_TGT);
 1204              		.loc 1 485 3 is_stmt 1
 1205              		.loc 1 485 22 is_stmt 0
 1206 000a 13050518 		addi	a0,a0,384
 1207              	.LVL51:
 1208 000e 5C41     		lw	a5,4(a0)
 1209              		.loc 1 485 30
 1210 0010 93E70710 		ori	a5,a5,256
 1211 0014 5CC1     		sw	a5,4(a0)
 486:c:/Users/User/Documents/GitHub/ch32h417/EVT/EXAM/SRC/Peripheral/src\ch32h417_can.c **** 		CANx->sTxMailBox[1].TXMDTR |= ((uint32_t)CAN_TXMDT1R_TGT);
 1212              		.loc 1 486 3 is_stmt 1
 1213              		.loc 1 486 22 is_stmt 0
 1214 0016 5C49     		lw	a5,20(a0)
 1215              		.loc 1 486 30
 1216 0018 93E70710 		ori	a5,a5,256
 1217 001c 5CC9     		sw	a5,20(a0)
 487:c:/Users/User/Documents/GitHub/ch32h417/EVT/EXAM/SRC/Peripheral/src\ch32h417_can.c **** 		CANx->sTxMailBox[2].TXMDTR |= ((uint32_t)CAN_TXMDT2R_TGT);
 1218              		.loc 1 487 3 is_stmt 1
 1219              		.loc 1 487 22 is_stmt 0
 1220 001e 5C51     		lw	a5,36(a0)
 1221              		.loc 1 487 30
 1222 0020 93E70710 		ori	a5,a5,256
 1223              	.LVL52:
 1224              	.L137:
 488:c:/Users/User/Documents/GitHub/ch32h417/EVT/EXAM/SRC/Peripheral/src\ch32h417_can.c **** 	}
 489:c:/Users/User/Documents/GitHub/ch32h417/EVT/EXAM/SRC/Peripheral/src\ch32h417_can.c **** 	else
 490:c:/Users/User/Documents/GitHub/ch32h417/EVT/EXAM/SRC/Peripheral/src\ch32h417_can.c **** 	{
 491:c:/Users/User/Documents/GitHub/ch32h417/EVT/EXAM/SRC/Peripheral/src\ch32h417_can.c **** 		CANx->CTLR &= (uint32_t)(~(uint32_t)CAN_CTLR_TTCM);
 492:c:/Users/User/Documents/GitHub/ch32h417/EVT/EXAM/SRC/Peripheral/src\ch32h417_can.c **** 
 493:c:/Users/User/Documents/GitHub/ch32h417/EVT/EXAM/SRC/Peripheral/src\ch32h417_can.c **** 		CANx->sTxMailBox[0].TXMDTR &= ((uint32_t)~CAN_TXMDT0R_TGT);
 494:c:/Users/User/Documents/GitHub/ch32h417/EVT/EXAM/SRC/Peripheral/src\ch32h417_can.c **** 		CANx->sTxMailBox[1].TXMDTR &= ((uint32_t)~CAN_TXMDT1R_TGT);
 495:c:/Users/User/Documents/GitHub/ch32h417/EVT/EXAM/SRC/Peripheral/src\ch32h417_can.c **** 		CANx->sTxMailBox[2].TXMDTR &= ((uint32_t)~CAN_TXMDT2R_TGT);
 1225              		.loc 1 495 30
 1226 0024 5CD1     		sw	a5,36(a0)
 496:c:/Users/User/Documents/GitHub/ch32h417/EVT/EXAM/SRC/Peripheral/src\ch32h417_can.c **** 	}
 497:c:/Users/User/Documents/GitHub/ch32h417/EVT/EXAM/SRC/Peripheral/src\ch32h417_can.c **** }
 1227              		.loc 1 497 1
 1228 0026 8280     		ret
 1229              	.LVL53:
 1230              	.L135:
 491:c:/Users/User/Documents/GitHub/ch32h417/EVT/EXAM/SRC/Peripheral/src\ch32h417_can.c **** 
 1231              		.loc 1 491 3 is_stmt 1
 491:c:/Users/User/Documents/GitHub/ch32h417/EVT/EXAM/SRC/Peripheral/src\ch32h417_can.c **** 
 1232              		.loc 1 491 14 is_stmt 0
 1233 0028 93F7F7F7 		andi	a5,a5,-129
 1234 002c 1CC1     		sw	a5,0(a0)
 493:c:/Users/User/Documents/GitHub/ch32h417/EVT/EXAM/SRC/Peripheral/src\ch32h417_can.c **** 		CANx->sTxMailBox[1].TXMDTR &= ((uint32_t)~CAN_TXMDT1R_TGT);
 1235              		.loc 1 493 3 is_stmt 1
 493:c:/Users/User/Documents/GitHub/ch32h417/EVT/EXAM/SRC/Peripheral/src\ch32h417_can.c **** 		CANx->sTxMailBox[1].TXMDTR &= ((uint32_t)~CAN_TXMDT1R_TGT);
 1236              		.loc 1 493 22 is_stmt 0
 1237 002e 13050518 		addi	a0,a0,384
 1238              	.LVL54:
 1239 0032 5C41     		lw	a5,4(a0)
 493:c:/Users/User/Documents/GitHub/ch32h417/EVT/EXAM/SRC/Peripheral/src\ch32h417_can.c **** 		CANx->sTxMailBox[1].TXMDTR &= ((uint32_t)~CAN_TXMDT1R_TGT);
 1240              		.loc 1 493 30
 1241 0034 93F7F7EF 		andi	a5,a5,-257
 1242 0038 5CC1     		sw	a5,4(a0)
 494:c:/Users/User/Documents/GitHub/ch32h417/EVT/EXAM/SRC/Peripheral/src\ch32h417_can.c **** 		CANx->sTxMailBox[2].TXMDTR &= ((uint32_t)~CAN_TXMDT2R_TGT);
 1243              		.loc 1 494 3 is_stmt 1
 494:c:/Users/User/Documents/GitHub/ch32h417/EVT/EXAM/SRC/Peripheral/src\ch32h417_can.c **** 		CANx->sTxMailBox[2].TXMDTR &= ((uint32_t)~CAN_TXMDT2R_TGT);
 1244              		.loc 1 494 22 is_stmt 0
 1245 003a 5C49     		lw	a5,20(a0)
 494:c:/Users/User/Documents/GitHub/ch32h417/EVT/EXAM/SRC/Peripheral/src\ch32h417_can.c **** 		CANx->sTxMailBox[2].TXMDTR &= ((uint32_t)~CAN_TXMDT2R_TGT);
 1246              		.loc 1 494 30
 1247 003c 93F7F7EF 		andi	a5,a5,-257
 1248 0040 5CC9     		sw	a5,20(a0)
 495:c:/Users/User/Documents/GitHub/ch32h417/EVT/EXAM/SRC/Peripheral/src\ch32h417_can.c **** 	}
 1249              		.loc 1 495 3 is_stmt 1
 495:c:/Users/User/Documents/GitHub/ch32h417/EVT/EXAM/SRC/Peripheral/src\ch32h417_can.c **** 	}
 1250              		.loc 1 495 22 is_stmt 0
 1251 0042 5C51     		lw	a5,36(a0)
 495:c:/Users/User/Documents/GitHub/ch32h417/EVT/EXAM/SRC/Peripheral/src\ch32h417_can.c **** 	}
 1252              		.loc 1 495 30
 1253 0044 93F7F7EF 		andi	a5,a5,-257
 1254 0048 F1BF     		j	.L137
 1255              		.cfi_endproc
 1256              	.LFE46:
 1258              		.section	.text.CAN_Transmit,"ax",@progbits
 1259              		.align	1
 1260              		.globl	CAN_Transmit
 1262              	CAN_Transmit:
 1263              	.LFB47:
 498:c:/Users/User/Documents/GitHub/ch32h417/EVT/EXAM/SRC/Peripheral/src\ch32h417_can.c **** 
 499:c:/Users/User/Documents/GitHub/ch32h417/EVT/EXAM/SRC/Peripheral/src\ch32h417_can.c **** /*********************************************************************
 500:c:/Users/User/Documents/GitHub/ch32h417/EVT/EXAM/SRC/Peripheral/src\ch32h417_can.c ****  * @fn      CAN_Transmit
 501:c:/Users/User/Documents/GitHub/ch32h417/EVT/EXAM/SRC/Peripheral/src\ch32h417_can.c ****  *
 502:c:/Users/User/Documents/GitHub/ch32h417/EVT/EXAM/SRC/Peripheral/src\ch32h417_can.c ****  * @brief   Initiates the transmission of a message.
 503:c:/Users/User/Documents/GitHub/ch32h417/EVT/EXAM/SRC/Peripheral/src\ch32h417_can.c ****  *
 504:c:/Users/User/Documents/GitHub/ch32h417/EVT/EXAM/SRC/Peripheral/src\ch32h417_can.c ****  * @param   CANx - where x can be 1...3 to select the CAN peripheral.
 505:c:/Users/User/Documents/GitHub/ch32h417/EVT/EXAM/SRC/Peripheral/src\ch32h417_can.c ****  *          TxMessage - pointer to a structure which contains CAN Id, CAN
 506:c:/Users/User/Documents/GitHub/ch32h417/EVT/EXAM/SRC/Peripheral/src\ch32h417_can.c ****  *        DLC and CAN data.
 507:c:/Users/User/Documents/GitHub/ch32h417/EVT/EXAM/SRC/Peripheral/src\ch32h417_can.c ****  *
 508:c:/Users/User/Documents/GitHub/ch32h417/EVT/EXAM/SRC/Peripheral/src\ch32h417_can.c ****  * @return  transmit_mailbox - The number of the mailbox that is used for
 509:c:/Users/User/Documents/GitHub/ch32h417/EVT/EXAM/SRC/Peripheral/src\ch32h417_can.c ****  *        transmission or CAN_TxStatus_NoMailBox if there is no empty mailbox.
 510:c:/Users/User/Documents/GitHub/ch32h417/EVT/EXAM/SRC/Peripheral/src\ch32h417_can.c ****  */
 511:c:/Users/User/Documents/GitHub/ch32h417/EVT/EXAM/SRC/Peripheral/src\ch32h417_can.c **** uint8_t CAN_Transmit(CAN_TypeDef* CANx, CanTxMsg* TxMessage)
 512:c:/Users/User/Documents/GitHub/ch32h417/EVT/EXAM/SRC/Peripheral/src\ch32h417_can.c **** {
 1264              		.loc 1 512 1 is_stmt 1
 1265              		.cfi_startproc
 1266              	.LVL55:
 513:c:/Users/User/Documents/GitHub/ch32h417/EVT/EXAM/SRC/Peripheral/src\ch32h417_can.c **** 	uint8_t transmit_mailbox = 0;
 1267              		.loc 1 513 2
 514:c:/Users/User/Documents/GitHub/ch32h417/EVT/EXAM/SRC/Peripheral/src\ch32h417_can.c **** 
 515:c:/Users/User/Documents/GitHub/ch32h417/EVT/EXAM/SRC/Peripheral/src\ch32h417_can.c **** 	if ((CANx->TSTATR&CAN_TSTATR_TME0) == CAN_TSTATR_TME0)
 1268              		.loc 1 515 2
 1269              		.loc 1 515 11 is_stmt 0
 1270 0000 1845     		lw	a4,8(a0)
 1271              		.loc 1 515 19
 1272 0002 B7060004 		li	a3,67108864
 512:c:/Users/User/Documents/GitHub/ch32h417/EVT/EXAM/SRC/Peripheral/src\ch32h417_can.c **** 	uint8_t transmit_mailbox = 0;
 1273              		.loc 1 512 1
 1274 0006 AA87     		mv	a5,a0
 1275              		.loc 1 515 19
 1276 0008 758F     		and	a4,a4,a3
 1277              		.loc 1 515 5
 1278 000a 51E7     		bne	a4,zero,.L143
 516:c:/Users/User/Documents/GitHub/ch32h417/EVT/EXAM/SRC/Peripheral/src\ch32h417_can.c **** 	{
 517:c:/Users/User/Documents/GitHub/ch32h417/EVT/EXAM/SRC/Peripheral/src\ch32h417_can.c **** 		transmit_mailbox = 0;
 518:c:/Users/User/Documents/GitHub/ch32h417/EVT/EXAM/SRC/Peripheral/src\ch32h417_can.c **** 	}
 519:c:/Users/User/Documents/GitHub/ch32h417/EVT/EXAM/SRC/Peripheral/src\ch32h417_can.c **** 	else if ((CANx->TSTATR&CAN_TSTATR_TME1) == CAN_TSTATR_TME1)
 1279              		.loc 1 519 7 is_stmt 1
 1280              		.loc 1 519 16 is_stmt 0
 1281 000c 1845     		lw	a4,8(a0)
 1282              		.loc 1 519 24
 1283 000e B7060008 		li	a3,134217728
 1284 0012 758F     		and	a4,a4,a3
 1285              		.loc 1 519 10
 1286 0014 59E3     		bne	a4,zero,.L144
 520:c:/Users/User/Documents/GitHub/ch32h417/EVT/EXAM/SRC/Peripheral/src\ch32h417_can.c **** 	{
 521:c:/Users/User/Documents/GitHub/ch32h417/EVT/EXAM/SRC/Peripheral/src\ch32h417_can.c **** 		transmit_mailbox = 1;
 522:c:/Users/User/Documents/GitHub/ch32h417/EVT/EXAM/SRC/Peripheral/src\ch32h417_can.c **** 	}
 523:c:/Users/User/Documents/GitHub/ch32h417/EVT/EXAM/SRC/Peripheral/src\ch32h417_can.c **** 	else if ((CANx->TSTATR&CAN_TSTATR_TME2) == CAN_TSTATR_TME2)
 1287              		.loc 1 523 7 is_stmt 1
 1288              		.loc 1 523 16 is_stmt 0
 1289 0016 1845     		lw	a4,8(a0)
 1290              		.loc 1 523 24
 1291 0018 B7060010 		li	a3,268435456
 524:c:/Users/User/Documents/GitHub/ch32h417/EVT/EXAM/SRC/Peripheral/src\ch32h417_can.c **** 	{
 525:c:/Users/User/Documents/GitHub/ch32h417/EVT/EXAM/SRC/Peripheral/src\ch32h417_can.c **** 		transmit_mailbox = 2;
 526:c:/Users/User/Documents/GitHub/ch32h417/EVT/EXAM/SRC/Peripheral/src\ch32h417_can.c **** 	}
 527:c:/Users/User/Documents/GitHub/ch32h417/EVT/EXAM/SRC/Peripheral/src\ch32h417_can.c **** 	else
 528:c:/Users/User/Documents/GitHub/ch32h417/EVT/EXAM/SRC/Peripheral/src\ch32h417_can.c **** 	{
 529:c:/Users/User/Documents/GitHub/ch32h417/EVT/EXAM/SRC/Peripheral/src\ch32h417_can.c **** 		transmit_mailbox = CAN_TxStatus_NoMailBox;
 1292              		.loc 1 529 20
 1293 001c 1145     		li	a0,4
 1294              	.LVL56:
 523:c:/Users/User/Documents/GitHub/ch32h417/EVT/EXAM/SRC/Peripheral/src\ch32h417_can.c **** 	{
 1295              		.loc 1 523 24
 1296 001e 758F     		and	a4,a4,a3
 523:c:/Users/User/Documents/GitHub/ch32h417/EVT/EXAM/SRC/Peripheral/src\ch32h417_can.c **** 	{
 1297              		.loc 1 523 10
 1298 0020 35CB     		beq	a4,zero,.L140
 525:c:/Users/User/Documents/GitHub/ch32h417/EVT/EXAM/SRC/Peripheral/src\ch32h417_can.c **** 	}
 1299              		.loc 1 525 20
 1300 0022 0945     		li	a0,2
 1301              	.L139:
 1302              	.LVL57:
 530:c:/Users/User/Documents/GitHub/ch32h417/EVT/EXAM/SRC/Peripheral/src\ch32h417_can.c **** 	}
 531:c:/Users/User/Documents/GitHub/ch32h417/EVT/EXAM/SRC/Peripheral/src\ch32h417_can.c **** 
 532:c:/Users/User/Documents/GitHub/ch32h417/EVT/EXAM/SRC/Peripheral/src\ch32h417_can.c **** 	if (transmit_mailbox != CAN_TxStatus_NoMailBox)
 533:c:/Users/User/Documents/GitHub/ch32h417/EVT/EXAM/SRC/Peripheral/src\ch32h417_can.c **** 	{
 534:c:/Users/User/Documents/GitHub/ch32h417/EVT/EXAM/SRC/Peripheral/src\ch32h417_can.c **** 		CANx->sTxMailBox[transmit_mailbox].TXMIR &= TMIDxR_TXRQ;
 1303              		.loc 1 534 3 is_stmt 1
 1304 0024 13174500 		slli	a4,a0,4
 1305 0028 BA97     		add	a5,a5,a4
 1306              	.LVL58:
 1307              		.loc 1 534 37 is_stmt 0
 1308 002a 03A70718 		lw	a4,384(a5)
 1309              		.loc 1 534 44
 1310 002e 058B     		andi	a4,a4,1
 1311 0030 23A0E718 		sw	a4,384(a5)
 535:c:/Users/User/Documents/GitHub/ch32h417/EVT/EXAM/SRC/Peripheral/src\ch32h417_can.c **** 		if (TxMessage->IDE == CAN_Id_Standard)
 1312              		.loc 1 535 3 is_stmt 1
 1313              		.loc 1 535 16 is_stmt 0
 1314 0034 9425     		lbu	a3,8(a1)
 536:c:/Users/User/Documents/GitHub/ch32h417/EVT/EXAM/SRC/Peripheral/src\ch32h417_can.c **** 		{
 537:c:/Users/User/Documents/GitHub/ch32h417/EVT/EXAM/SRC/Peripheral/src\ch32h417_can.c **** 			CANx->sTxMailBox[transmit_mailbox].TXMIR |= ((TxMessage->StdId << 21) | \
 538:c:/Users/User/Documents/GitHub/ch32h417/EVT/EXAM/SRC/Peripheral/src\ch32h417_can.c **** 														TxMessage->RTR);
 1315              		.loc 1 538 24
 1316 0036 9035     		lbu	a2,9(a1)
 535:c:/Users/User/Documents/GitHub/ch32h417/EVT/EXAM/SRC/Peripheral/src\ch32h417_can.c **** 		if (TxMessage->IDE == CAN_Id_Standard)
 1317              		.loc 1 535 6
 1318 0038 BDE2     		bne	a3,zero,.L141
 537:c:/Users/User/Documents/GitHub/ch32h417/EVT/EXAM/SRC/Peripheral/src\ch32h417_can.c **** 														TxMessage->RTR);
 1319              		.loc 1 537 4 is_stmt 1
 537:c:/Users/User/Documents/GitHub/ch32h417/EVT/EXAM/SRC/Peripheral/src\ch32h417_can.c **** 														TxMessage->RTR);
 1320              		.loc 1 537 67 is_stmt 0
 1321 003a 9841     		lw	a4,0(a1)
 537:c:/Users/User/Documents/GitHub/ch32h417/EVT/EXAM/SRC/Peripheral/src\ch32h417_can.c **** 														TxMessage->RTR);
 1322              		.loc 1 537 38
 1323 003c 83A60718 		lw	a3,384(a5)
 537:c:/Users/User/Documents/GitHub/ch32h417/EVT/EXAM/SRC/Peripheral/src\ch32h417_can.c **** 														TxMessage->RTR);
 1324              		.loc 1 537 67
 1325 0040 5607     		slli	a4,a4,21
 537:c:/Users/User/Documents/GitHub/ch32h417/EVT/EXAM/SRC/Peripheral/src\ch32h417_can.c **** 														TxMessage->RTR);
 1326              		.loc 1 537 74
 1327 0042 518F     		or	a4,a4,a2
 537:c:/Users/User/Documents/GitHub/ch32h417/EVT/EXAM/SRC/Peripheral/src\ch32h417_can.c **** 														TxMessage->RTR);
 1328              		.loc 1 537 45
 1329 0044 558F     		or	a4,a4,a3
 1330              	.L146:
 539:c:/Users/User/Documents/GitHub/ch32h417/EVT/EXAM/SRC/Peripheral/src\ch32h417_can.c **** 		}
 540:c:/Users/User/Documents/GitHub/ch32h417/EVT/EXAM/SRC/Peripheral/src\ch32h417_can.c **** 		else
 541:c:/Users/User/Documents/GitHub/ch32h417/EVT/EXAM/SRC/Peripheral/src\ch32h417_can.c **** 		{
 542:c:/Users/User/Documents/GitHub/ch32h417/EVT/EXAM/SRC/Peripheral/src\ch32h417_can.c **** 			CANx->sTxMailBox[transmit_mailbox].TXMIR |= ((TxMessage->ExtId << 3) | \
 1331              		.loc 1 542 45
 1332 0046 23A0E718 		sw	a4,384(a5)
 543:c:/Users/User/Documents/GitHub/ch32h417/EVT/EXAM/SRC/Peripheral/src\ch32h417_can.c **** 														TxMessage->IDE | \
 544:c:/Users/User/Documents/GitHub/ch32h417/EVT/EXAM/SRC/Peripheral/src\ch32h417_can.c **** 														TxMessage->RTR);
 545:c:/Users/User/Documents/GitHub/ch32h417/EVT/EXAM/SRC/Peripheral/src\ch32h417_can.c **** 		}
 546:c:/Users/User/Documents/GitHub/ch32h417/EVT/EXAM/SRC/Peripheral/src\ch32h417_can.c **** 		
 547:c:/Users/User/Documents/GitHub/ch32h417/EVT/EXAM/SRC/Peripheral/src\ch32h417_can.c **** 		TxMessage->DLC &= (uint8_t)0x0000000F;
 1333              		.loc 1 547 3 is_stmt 1
 1334              		.loc 1 547 18 is_stmt 0
 1335 004a B825     		lbu	a4,10(a1)
 548:c:/Users/User/Documents/GitHub/ch32h417/EVT/EXAM/SRC/Peripheral/src\ch32h417_can.c **** 		CANx->sTxMailBox[transmit_mailbox].TXMDTR &= (uint32_t)0xFFFFFFF0;
 1336              		.loc 1 548 37
 1337 004c 93870718 		addi	a5,a5,384
 547:c:/Users/User/Documents/GitHub/ch32h417/EVT/EXAM/SRC/Peripheral/src\ch32h417_can.c **** 		CANx->sTxMailBox[transmit_mailbox].TXMDTR &= (uint32_t)0xFFFFFFF0;
 1338              		.loc 1 547 18
 1339 0050 3D8B     		andi	a4,a4,15
 1340 0052 B8A5     		sb	a4,10(a1)
 1341              		.loc 1 548 3 is_stmt 1
 1342              		.loc 1 548 37 is_stmt 0
 1343 0054 D443     		lw	a3,4(a5)
 1344              		.loc 1 548 45
 1345 0056 C19A     		andi	a3,a3,-16
 1346 0058 D4C3     		sw	a3,4(a5)
 549:c:/Users/User/Documents/GitHub/ch32h417/EVT/EXAM/SRC/Peripheral/src\ch32h417_can.c **** 		CANx->sTxMailBox[transmit_mailbox].TXMDTR |= TxMessage->DLC;
 1347              		.loc 1 549 3 is_stmt 1
 1348              		.loc 1 549 37 is_stmt 0
 1349 005a D443     		lw	a3,4(a5)
 1350              		.loc 1 549 45
 1351 005c 558F     		or	a4,a4,a3
 1352 005e D8C3     		sw	a4,4(a5)
 550:c:/Users/User/Documents/GitHub/ch32h417/EVT/EXAM/SRC/Peripheral/src\ch32h417_can.c **** 
 551:c:/Users/User/Documents/GitHub/ch32h417/EVT/EXAM/SRC/Peripheral/src\ch32h417_can.c **** 		CANx->sTxMailBox[transmit_mailbox].TXMDLR = (((uint32_t)TxMessage->Data[3] << 24) | 
 1353              		.loc 1 551 3 is_stmt 1
 552:c:/Users/User/Documents/GitHub/ch32h417/EVT/EXAM/SRC/Peripheral/src\ch32h417_can.c **** 													 ((uint32_t)TxMessage->Data[2] << 16) |
 553:c:/Users/User/Documents/GitHub/ch32h417/EVT/EXAM/SRC/Peripheral/src\ch32h417_can.c **** 													 ((uint32_t)TxMessage->Data[1] << 8) | 
 1354              		.loc 1 553 51 is_stmt 0
 1355 0060 D825     		lbu	a4,12(a1)
 1356 0062 B435     		lbu	a3,11(a1)
 1357 0064 2207     		slli	a4,a4,8
 1358 0066 558F     		or	a4,a4,a3
 1359 0068 D435     		lbu	a3,13(a1)
 1360 006a C206     		slli	a3,a3,16
 1361 006c D98E     		or	a3,a3,a4
 1362 006e F825     		lbu	a4,14(a1)
 1363 0070 6207     		slli	a4,a4,24
 1364 0072 558F     		or	a4,a4,a3
 551:c:/Users/User/Documents/GitHub/ch32h417/EVT/EXAM/SRC/Peripheral/src\ch32h417_can.c **** 													 ((uint32_t)TxMessage->Data[2] << 16) |
 1365              		.loc 1 551 45
 1366 0074 98C7     		sw	a4,8(a5)
 554:c:/Users/User/Documents/GitHub/ch32h417/EVT/EXAM/SRC/Peripheral/src\ch32h417_can.c **** 													 ((uint32_t)TxMessage->Data[0]));
 555:c:/Users/User/Documents/GitHub/ch32h417/EVT/EXAM/SRC/Peripheral/src\ch32h417_can.c **** 		CANx->sTxMailBox[transmit_mailbox].TXMDHR = (((uint32_t)TxMessage->Data[7] << 24) | 
 1367              		.loc 1 555 3 is_stmt 1
 556:c:/Users/User/Documents/GitHub/ch32h417/EVT/EXAM/SRC/Peripheral/src\ch32h417_can.c **** 													((uint32_t)TxMessage->Data[6] << 16) |
 557:c:/Users/User/Documents/GitHub/ch32h417/EVT/EXAM/SRC/Peripheral/src\ch32h417_can.c **** 													((uint32_t)TxMessage->Data[5] << 8) |
 1368              		.loc 1 557 50 is_stmt 0
 1369 0076 9829     		lbu	a4,16(a1)
 1370 0078 F435     		lbu	a3,15(a1)
 1371 007a 2207     		slli	a4,a4,8
 1372 007c 558F     		or	a4,a4,a3
 1373 007e 9439     		lbu	a3,17(a1)
 1374 0080 C206     		slli	a3,a3,16
 1375 0082 D98E     		or	a3,a3,a4
 1376 0084 B829     		lbu	a4,18(a1)
 1377 0086 6207     		slli	a4,a4,24
 1378 0088 558F     		or	a4,a4,a3
 555:c:/Users/User/Documents/GitHub/ch32h417/EVT/EXAM/SRC/Peripheral/src\ch32h417_can.c **** 													((uint32_t)TxMessage->Data[6] << 16) |
 1379              		.loc 1 555 45
 1380 008a D8C7     		sw	a4,12(a5)
 558:c:/Users/User/Documents/GitHub/ch32h417/EVT/EXAM/SRC/Peripheral/src\ch32h417_can.c **** 													((uint32_t)TxMessage->Data[4]));
 559:c:/Users/User/Documents/GitHub/ch32h417/EVT/EXAM/SRC/Peripheral/src\ch32h417_can.c **** 		CANx->sTxMailBox[transmit_mailbox].TXMIR |= TMIDxR_TXRQ;
 1381              		.loc 1 559 3 is_stmt 1
 1382              		.loc 1 559 37 is_stmt 0
 1383 008c 9843     		lw	a4,0(a5)
 1384              		.loc 1 559 44
 1385 008e 13671700 		ori	a4,a4,1
 1386 0092 98C3     		sw	a4,0(a5)
 1387              	.L140:
 560:c:/Users/User/Documents/GitHub/ch32h417/EVT/EXAM/SRC/Peripheral/src\ch32h417_can.c **** 	}
 561:c:/Users/User/Documents/GitHub/ch32h417/EVT/EXAM/SRC/Peripheral/src\ch32h417_can.c **** 	
 562:c:/Users/User/Documents/GitHub/ch32h417/EVT/EXAM/SRC/Peripheral/src\ch32h417_can.c **** 	return transmit_mailbox;
 1388              		.loc 1 562 2 is_stmt 1
 563:c:/Users/User/Documents/GitHub/ch32h417/EVT/EXAM/SRC/Peripheral/src\ch32h417_can.c **** }
 1389              		.loc 1 563 1 is_stmt 0
 1390 0094 8280     		ret
 1391              	.LVL59:
 1392              	.L143:
 517:c:/Users/User/Documents/GitHub/ch32h417/EVT/EXAM/SRC/Peripheral/src\ch32h417_can.c **** 	}
 1393              		.loc 1 517 20
 1394 0096 0145     		li	a0,0
 1395              	.LVL60:
 1396 0098 71B7     		j	.L139
 1397              	.LVL61:
 1398              	.L144:
 521:c:/Users/User/Documents/GitHub/ch32h417/EVT/EXAM/SRC/Peripheral/src\ch32h417_can.c **** 	}
 1399              		.loc 1 521 20
 1400 009a 0545     		li	a0,1
 1401              	.LVL62:
 1402 009c 61B7     		j	.L139
 1403              	.LVL63:
 1404              	.L141:
 542:c:/Users/User/Documents/GitHub/ch32h417/EVT/EXAM/SRC/Peripheral/src\ch32h417_can.c **** 														TxMessage->IDE | \
 1405              		.loc 1 542 4 is_stmt 1
 542:c:/Users/User/Documents/GitHub/ch32h417/EVT/EXAM/SRC/Peripheral/src\ch32h417_can.c **** 														TxMessage->IDE | \
 1406              		.loc 1 542 67 is_stmt 0
 1407 009e D841     		lw	a4,4(a1)
 542:c:/Users/User/Documents/GitHub/ch32h417/EVT/EXAM/SRC/Peripheral/src\ch32h417_can.c **** 														TxMessage->IDE | \
 1408              		.loc 1 542 38
 1409 00a0 03A80718 		lw	a6,384(a5)
 542:c:/Users/User/Documents/GitHub/ch32h417/EVT/EXAM/SRC/Peripheral/src\ch32h417_can.c **** 														TxMessage->IDE | \
 1410              		.loc 1 542 67
 1411 00a4 0E07     		slli	a4,a4,3
 543:c:/Users/User/Documents/GitHub/ch32h417/EVT/EXAM/SRC/Peripheral/src\ch32h417_can.c **** 														TxMessage->RTR);
 1412              		.loc 1 543 30
 1413 00a6 518F     		or	a4,a4,a2
 1414 00a8 558F     		or	a4,a4,a3
 542:c:/Users/User/Documents/GitHub/ch32h417/EVT/EXAM/SRC/Peripheral/src\ch32h417_can.c **** 														TxMessage->IDE | \
 1415              		.loc 1 542 45
 1416 00aa 33670701 		or	a4,a4,a6
 1417 00ae 61BF     		j	.L146
 1418              		.cfi_endproc
 1419              	.LFE47:
 1421              		.section	.text.CAN_TransmitStatus,"ax",@progbits
 1422              		.align	1
 1423              		.globl	CAN_TransmitStatus
 1425              	CAN_TransmitStatus:
 1426              	.LFB48:
 564:c:/Users/User/Documents/GitHub/ch32h417/EVT/EXAM/SRC/Peripheral/src\ch32h417_can.c **** 
 565:c:/Users/User/Documents/GitHub/ch32h417/EVT/EXAM/SRC/Peripheral/src\ch32h417_can.c **** /*********************************************************************
 566:c:/Users/User/Documents/GitHub/ch32h417/EVT/EXAM/SRC/Peripheral/src\ch32h417_can.c ****  * @fn      CAN_TransmitStatus
 567:c:/Users/User/Documents/GitHub/ch32h417/EVT/EXAM/SRC/Peripheral/src\ch32h417_can.c ****  *
 568:c:/Users/User/Documents/GitHub/ch32h417/EVT/EXAM/SRC/Peripheral/src\ch32h417_can.c ****  * @brief   Checks the transmission of a message.
 569:c:/Users/User/Documents/GitHub/ch32h417/EVT/EXAM/SRC/Peripheral/src\ch32h417_can.c ****  *
 570:c:/Users/User/Documents/GitHub/ch32h417/EVT/EXAM/SRC/Peripheral/src\ch32h417_can.c ****  * @param   CANx - where x can be 1...3 to select the CAN peripheral.
 571:c:/Users/User/Documents/GitHub/ch32h417/EVT/EXAM/SRC/Peripheral/src\ch32h417_can.c ****  *          TransmitMailbox - the number of the mailbox that is used for
 572:c:/Users/User/Documents/GitHub/ch32h417/EVT/EXAM/SRC/Peripheral/src\ch32h417_can.c ****  *        transmission.
 573:c:/Users/User/Documents/GitHub/ch32h417/EVT/EXAM/SRC/Peripheral/src\ch32h417_can.c ****  *
 574:c:/Users/User/Documents/GitHub/ch32h417/EVT/EXAM/SRC/Peripheral/src\ch32h417_can.c ****  * @return  state -
 575:c:/Users/User/Documents/GitHub/ch32h417/EVT/EXAM/SRC/Peripheral/src\ch32h417_can.c ****  *            CAN_TxStatus_Ok.
 576:c:/Users/User/Documents/GitHub/ch32h417/EVT/EXAM/SRC/Peripheral/src\ch32h417_can.c ****  *            CAN_TxStatus_Failed.
 577:c:/Users/User/Documents/GitHub/ch32h417/EVT/EXAM/SRC/Peripheral/src\ch32h417_can.c ****  */
 578:c:/Users/User/Documents/GitHub/ch32h417/EVT/EXAM/SRC/Peripheral/src\ch32h417_can.c **** uint8_t CAN_TransmitStatus(CAN_TypeDef* CANx, uint8_t TransmitMailbox)
 579:c:/Users/User/Documents/GitHub/ch32h417/EVT/EXAM/SRC/Peripheral/src\ch32h417_can.c **** {
 1427              		.loc 1 579 1 is_stmt 1
 1428              		.cfi_startproc
 1429              	.LVL64:
 580:c:/Users/User/Documents/GitHub/ch32h417/EVT/EXAM/SRC/Peripheral/src\ch32h417_can.c **** 	uint32_t state = 0;
 1430              		.loc 1 580 2
 581:c:/Users/User/Documents/GitHub/ch32h417/EVT/EXAM/SRC/Peripheral/src\ch32h417_can.c **** 
 582:c:/Users/User/Documents/GitHub/ch32h417/EVT/EXAM/SRC/Peripheral/src\ch32h417_can.c **** 	switch (TransmitMailbox)
 1431              		.loc 1 582 2
 1432 0000 0547     		li	a4,1
 579:c:/Users/User/Documents/GitHub/ch32h417/EVT/EXAM/SRC/Peripheral/src\ch32h417_can.c **** 	uint32_t state = 0;
 1433              		.loc 1 579 1 is_stmt 0
 1434 0002 AA87     		mv	a5,a0
 1435              		.loc 1 582 2
 1436 0004 6380E502 		beq	a1,a4,.L148
 1437 0008 0947     		li	a4,2
 1438 000a 638CE502 		beq	a1,a4,.L149
 583:c:/Users/User/Documents/GitHub/ch32h417/EVT/EXAM/SRC/Peripheral/src\ch32h417_can.c **** 	{
 584:c:/Users/User/Documents/GitHub/ch32h417/EVT/EXAM/SRC/Peripheral/src\ch32h417_can.c **** 		case (CAN_TXMAILBOX_0): 
 585:c:/Users/User/Documents/GitHub/ch32h417/EVT/EXAM/SRC/Peripheral/src\ch32h417_can.c **** 			state = CANx->TSTATR & (CAN_TSTATR_RQCP0 | CAN_TSTATR_TXOK0 | CAN_TSTATR_TME0);
 586:c:/Users/User/Documents/GitHub/ch32h417/EVT/EXAM/SRC/Peripheral/src\ch32h417_can.c **** 			break;
 587:c:/Users/User/Documents/GitHub/ch32h417/EVT/EXAM/SRC/Peripheral/src\ch32h417_can.c **** 		
 588:c:/Users/User/Documents/GitHub/ch32h417/EVT/EXAM/SRC/Peripheral/src\ch32h417_can.c **** 		case (CAN_TXMAILBOX_1): 
 589:c:/Users/User/Documents/GitHub/ch32h417/EVT/EXAM/SRC/Peripheral/src\ch32h417_can.c **** 			state = CANx->TSTATR & (CAN_TSTATR_RQCP1 | CAN_TSTATR_TXOK1 | CAN_TSTATR_TME1);
 590:c:/Users/User/Documents/GitHub/ch32h417/EVT/EXAM/SRC/Peripheral/src\ch32h417_can.c **** 			break;
 591:c:/Users/User/Documents/GitHub/ch32h417/EVT/EXAM/SRC/Peripheral/src\ch32h417_can.c **** 		
 592:c:/Users/User/Documents/GitHub/ch32h417/EVT/EXAM/SRC/Peripheral/src\ch32h417_can.c **** 		case (CAN_TXMAILBOX_2): 
 593:c:/Users/User/Documents/GitHub/ch32h417/EVT/EXAM/SRC/Peripheral/src\ch32h417_can.c **** 			state = CANx->TSTATR & (CAN_TSTATR_RQCP2 | CAN_TSTATR_TXOK2 | CAN_TSTATR_TME2);
 594:c:/Users/User/Documents/GitHub/ch32h417/EVT/EXAM/SRC/Peripheral/src\ch32h417_can.c **** 			break;
 595:c:/Users/User/Documents/GitHub/ch32h417/EVT/EXAM/SRC/Peripheral/src\ch32h417_can.c **** 		
 596:c:/Users/User/Documents/GitHub/ch32h417/EVT/EXAM/SRC/Peripheral/src\ch32h417_can.c **** 		default:
 597:c:/Users/User/Documents/GitHub/ch32h417/EVT/EXAM/SRC/Peripheral/src\ch32h417_can.c **** 			state = CAN_TxStatus_Failed;
 598:c:/Users/User/Documents/GitHub/ch32h417/EVT/EXAM/SRC/Peripheral/src\ch32h417_can.c **** 			break;
 599:c:/Users/User/Documents/GitHub/ch32h417/EVT/EXAM/SRC/Peripheral/src\ch32h417_can.c **** 	}
 600:c:/Users/User/Documents/GitHub/ch32h417/EVT/EXAM/SRC/Peripheral/src\ch32h417_can.c **** 	
 601:c:/Users/User/Documents/GitHub/ch32h417/EVT/EXAM/SRC/Peripheral/src\ch32h417_can.c **** 	switch (state)
 602:c:/Users/User/Documents/GitHub/ch32h417/EVT/EXAM/SRC/Peripheral/src\ch32h417_can.c **** 	{
 603:c:/Users/User/Documents/GitHub/ch32h417/EVT/EXAM/SRC/Peripheral/src\ch32h417_can.c **** 		case (0x0): 
 604:c:/Users/User/Documents/GitHub/ch32h417/EVT/EXAM/SRC/Peripheral/src\ch32h417_can.c **** 			state = CAN_TxStatus_Pending;
 1439              		.loc 1 604 10
 1440 000e 0945     		li	a0,2
 1441              	.LVL65:
 582:c:/Users/User/Documents/GitHub/ch32h417/EVT/EXAM/SRC/Peripheral/src\ch32h417_can.c **** 	{
 1442              		.loc 1 582 2
 1443 0010 85E9     		bne	a1,zero,.L150
 585:c:/Users/User/Documents/GitHub/ch32h417/EVT/EXAM/SRC/Peripheral/src\ch32h417_can.c **** 			break;
 1444              		.loc 1 585 4 is_stmt 1
 585:c:/Users/User/Documents/GitHub/ch32h417/EVT/EXAM/SRC/Peripheral/src\ch32h417_can.c **** 			break;
 1445              		.loc 1 585 16 is_stmt 0
 1446 0012 9C47     		lw	a5,8(a5)
 1447              	.LVL66:
 585:c:/Users/User/Documents/GitHub/ch32h417/EVT/EXAM/SRC/Peripheral/src\ch32h417_can.c **** 			break;
 1448              		.loc 1 585 10
 1449 0014 37070004 		li	a4,67108864
 1450 0018 0D07     		addi	a4,a4,3
 1451 001a F98F     		and	a5,a5,a4
 1452              	.LVL67:
 586:c:/Users/User/Documents/GitHub/ch32h417/EVT/EXAM/SRC/Peripheral/src\ch32h417_can.c **** 		
 1453              		.loc 1 586 4 is_stmt 1
 601:c:/Users/User/Documents/GitHub/ch32h417/EVT/EXAM/SRC/Peripheral/src\ch32h417_can.c **** 	{
 1454              		.loc 1 601 2
 1455 001c 0545     		li	a0,1
 1456 001e 639BE702 		bne	a5,a4,.L151
 1457 0022 8280     		ret
 1458              	.LVL68:
 1459              	.L148:
 589:c:/Users/User/Documents/GitHub/ch32h417/EVT/EXAM/SRC/Peripheral/src\ch32h417_can.c **** 			break;
 1460              		.loc 1 589 4
 589:c:/Users/User/Documents/GitHub/ch32h417/EVT/EXAM/SRC/Peripheral/src\ch32h417_can.c **** 			break;
 1461              		.loc 1 589 16 is_stmt 0
 1462 0024 1C45     		lw	a5,8(a0)
 589:c:/Users/User/Documents/GitHub/ch32h417/EVT/EXAM/SRC/Peripheral/src\ch32h417_can.c **** 			break;
 1463              		.loc 1 589 10
 1464 0026 37070008 		li	a4,134217728
 1465 002a 13070730 		addi	a4,a4,768
 601:c:/Users/User/Documents/GitHub/ch32h417/EVT/EXAM/SRC/Peripheral/src\ch32h417_can.c **** 	{
 1466              		.loc 1 601 2
 1467 002e B7060004 		li	a3,67108864
 589:c:/Users/User/Documents/GitHub/ch32h417/EVT/EXAM/SRC/Peripheral/src\ch32h417_can.c **** 			break;
 1468              		.loc 1 589 10
 1469 0032 F98F     		and	a5,a5,a4
 1470              	.LVL69:
 590:c:/Users/User/Documents/GitHub/ch32h417/EVT/EXAM/SRC/Peripheral/src\ch32h417_can.c **** 		
 1471              		.loc 1 590 4 is_stmt 1
 601:c:/Users/User/Documents/GitHub/ch32h417/EVT/EXAM/SRC/Peripheral/src\ch32h417_can.c **** 	{
 1472              		.loc 1 601 2
 1473 0034 8D06     		addi	a3,a3,3
 1474 0036 63FFF600 		bleu	a5,a3,.L151
 1475 003a 998F     		sub	a5,a5,a4
 1476              	.LVL70:
 1477              	.L155:
 1478 003c 13B51700 		seqz	a0,a5
 1479              	.LVL71:
 1480              	.L150:
 605:c:/Users/User/Documents/GitHub/ch32h417/EVT/EXAM/SRC/Peripheral/src\ch32h417_can.c **** 			break;
 606:c:/Users/User/Documents/GitHub/ch32h417/EVT/EXAM/SRC/Peripheral/src\ch32h417_can.c **** 		
 607:c:/Users/User/Documents/GitHub/ch32h417/EVT/EXAM/SRC/Peripheral/src\ch32h417_can.c **** 		 case (CAN_TSTATR_RQCP0 | CAN_TSTATR_TME0): 
 608:c:/Users/User/Documents/GitHub/ch32h417/EVT/EXAM/SRC/Peripheral/src\ch32h417_can.c **** 			state = CAN_TxStatus_Failed;
 609:c:/Users/User/Documents/GitHub/ch32h417/EVT/EXAM/SRC/Peripheral/src\ch32h417_can.c **** 			break;
 610:c:/Users/User/Documents/GitHub/ch32h417/EVT/EXAM/SRC/Peripheral/src\ch32h417_can.c **** 		
 611:c:/Users/User/Documents/GitHub/ch32h417/EVT/EXAM/SRC/Peripheral/src\ch32h417_can.c **** 		 case (CAN_TSTATR_RQCP1 | CAN_TSTATR_TME1): 
 612:c:/Users/User/Documents/GitHub/ch32h417/EVT/EXAM/SRC/Peripheral/src\ch32h417_can.c **** 			state = CAN_TxStatus_Failed;
 613:c:/Users/User/Documents/GitHub/ch32h417/EVT/EXAM/SRC/Peripheral/src\ch32h417_can.c **** 			break;
 614:c:/Users/User/Documents/GitHub/ch32h417/EVT/EXAM/SRC/Peripheral/src\ch32h417_can.c **** 		
 615:c:/Users/User/Documents/GitHub/ch32h417/EVT/EXAM/SRC/Peripheral/src\ch32h417_can.c **** 		 case (CAN_TSTATR_RQCP2 | CAN_TSTATR_TME2):
 616:c:/Users/User/Documents/GitHub/ch32h417/EVT/EXAM/SRC/Peripheral/src\ch32h417_can.c **** 			state = CAN_TxStatus_Failed;
 617:c:/Users/User/Documents/GitHub/ch32h417/EVT/EXAM/SRC/Peripheral/src\ch32h417_can.c **** 			break;
 618:c:/Users/User/Documents/GitHub/ch32h417/EVT/EXAM/SRC/Peripheral/src\ch32h417_can.c **** 		
 619:c:/Users/User/Documents/GitHub/ch32h417/EVT/EXAM/SRC/Peripheral/src\ch32h417_can.c **** 		case (CAN_TSTATR_RQCP0 | CAN_TSTATR_TXOK0 | CAN_TSTATR_TME0):
 620:c:/Users/User/Documents/GitHub/ch32h417/EVT/EXAM/SRC/Peripheral/src\ch32h417_can.c **** 			state = CAN_TxStatus_Ok;
 621:c:/Users/User/Documents/GitHub/ch32h417/EVT/EXAM/SRC/Peripheral/src\ch32h417_can.c **** 			break;
 622:c:/Users/User/Documents/GitHub/ch32h417/EVT/EXAM/SRC/Peripheral/src\ch32h417_can.c **** 		
 623:c:/Users/User/Documents/GitHub/ch32h417/EVT/EXAM/SRC/Peripheral/src\ch32h417_can.c **** 		case (CAN_TSTATR_RQCP1 | CAN_TSTATR_TXOK1 | CAN_TSTATR_TME1):
 624:c:/Users/User/Documents/GitHub/ch32h417/EVT/EXAM/SRC/Peripheral/src\ch32h417_can.c **** 			state = CAN_TxStatus_Ok;
 625:c:/Users/User/Documents/GitHub/ch32h417/EVT/EXAM/SRC/Peripheral/src\ch32h417_can.c **** 			break;
 626:c:/Users/User/Documents/GitHub/ch32h417/EVT/EXAM/SRC/Peripheral/src\ch32h417_can.c **** 		
 627:c:/Users/User/Documents/GitHub/ch32h417/EVT/EXAM/SRC/Peripheral/src\ch32h417_can.c **** 		case (CAN_TSTATR_RQCP2 | CAN_TSTATR_TXOK2 | CAN_TSTATR_TME2):
 628:c:/Users/User/Documents/GitHub/ch32h417/EVT/EXAM/SRC/Peripheral/src\ch32h417_can.c **** 			state = CAN_TxStatus_Ok;
 629:c:/Users/User/Documents/GitHub/ch32h417/EVT/EXAM/SRC/Peripheral/src\ch32h417_can.c **** 			break;
 630:c:/Users/User/Documents/GitHub/ch32h417/EVT/EXAM/SRC/Peripheral/src\ch32h417_can.c **** 		
 631:c:/Users/User/Documents/GitHub/ch32h417/EVT/EXAM/SRC/Peripheral/src\ch32h417_can.c **** 		default: 
 632:c:/Users/User/Documents/GitHub/ch32h417/EVT/EXAM/SRC/Peripheral/src\ch32h417_can.c **** 			state = CAN_TxStatus_Failed;
 633:c:/Users/User/Documents/GitHub/ch32h417/EVT/EXAM/SRC/Peripheral/src\ch32h417_can.c **** 			break;
 634:c:/Users/User/Documents/GitHub/ch32h417/EVT/EXAM/SRC/Peripheral/src\ch32h417_can.c **** 	}
 635:c:/Users/User/Documents/GitHub/ch32h417/EVT/EXAM/SRC/Peripheral/src\ch32h417_can.c **** 	
 636:c:/Users/User/Documents/GitHub/ch32h417/EVT/EXAM/SRC/Peripheral/src\ch32h417_can.c **** 	return (uint8_t) state;
 1481              		.loc 1 636 2
 637:c:/Users/User/Documents/GitHub/ch32h417/EVT/EXAM/SRC/Peripheral/src\ch32h417_can.c **** }
 1482              		.loc 1 637 1 is_stmt 0
 1483 0040 8280     		ret
 1484              	.LVL72:
 1485              	.L149:
 593:c:/Users/User/Documents/GitHub/ch32h417/EVT/EXAM/SRC/Peripheral/src\ch32h417_can.c **** 			break;
 1486              		.loc 1 593 4 is_stmt 1
 593:c:/Users/User/Documents/GitHub/ch32h417/EVT/EXAM/SRC/Peripheral/src\ch32h417_can.c **** 			break;
 1487              		.loc 1 593 16 is_stmt 0
 1488 0042 1C45     		lw	a5,8(a0)
 593:c:/Users/User/Documents/GitHub/ch32h417/EVT/EXAM/SRC/Peripheral/src\ch32h417_can.c **** 			break;
 1489              		.loc 1 593 10
 1490 0044 B7060310 		li	a3,268632064
 601:c:/Users/User/Documents/GitHub/ch32h417/EVT/EXAM/SRC/Peripheral/src\ch32h417_can.c **** 	{
 1491              		.loc 1 601 2
 1492 0048 37070004 		li	a4,67108864
 593:c:/Users/User/Documents/GitHub/ch32h417/EVT/EXAM/SRC/Peripheral/src\ch32h417_can.c **** 			break;
 1493              		.loc 1 593 10
 1494 004c F58F     		and	a5,a5,a3
 1495              	.LVL73:
 594:c:/Users/User/Documents/GitHub/ch32h417/EVT/EXAM/SRC/Peripheral/src\ch32h417_can.c **** 		
 1496              		.loc 1 594 4 is_stmt 1
 601:c:/Users/User/Documents/GitHub/ch32h417/EVT/EXAM/SRC/Peripheral/src\ch32h417_can.c **** 	{
 1497              		.loc 1 601 2
 1498 004e 0D07     		addi	a4,a4,3
 1499 0050 6367F700 		bgtu	a5,a4,.L152
 1500              	.LVL74:
 1501              	.L151:
 1502 0054 93B71700 		seqz	a5,a5
 1503              	.LVL75:
 1504 0058 13951700 		slli	a0,a5,1
 1505 005c 8280     		ret
 1506              	.LVL76:
 1507              	.L152:
 1508 005e 958F     		sub	a5,a5,a3
 1509              	.LVL77:
 1510 0060 F1BF     		j	.L155
 1511              		.cfi_endproc
 1512              	.LFE48:
 1514              		.section	.text.CAN_CancelTransmit,"ax",@progbits
 1515              		.align	1
 1516              		.globl	CAN_CancelTransmit
 1518              	CAN_CancelTransmit:
 1519              	.LFB49:
 638:c:/Users/User/Documents/GitHub/ch32h417/EVT/EXAM/SRC/Peripheral/src\ch32h417_can.c **** 
 639:c:/Users/User/Documents/GitHub/ch32h417/EVT/EXAM/SRC/Peripheral/src\ch32h417_can.c **** /*********************************************************************
 640:c:/Users/User/Documents/GitHub/ch32h417/EVT/EXAM/SRC/Peripheral/src\ch32h417_can.c ****  * @fn      CAN_CancelTransmit
 641:c:/Users/User/Documents/GitHub/ch32h417/EVT/EXAM/SRC/Peripheral/src\ch32h417_can.c ****  *
 642:c:/Users/User/Documents/GitHub/ch32h417/EVT/EXAM/SRC/Peripheral/src\ch32h417_can.c ****  * @brief   Cancels a transmit request.
 643:c:/Users/User/Documents/GitHub/ch32h417/EVT/EXAM/SRC/Peripheral/src\ch32h417_can.c ****  *
 644:c:/Users/User/Documents/GitHub/ch32h417/EVT/EXAM/SRC/Peripheral/src\ch32h417_can.c ****  * @param   CANx - where x can be 1...3 to select the CAN peripheral.
 645:c:/Users/User/Documents/GitHub/ch32h417/EVT/EXAM/SRC/Peripheral/src\ch32h417_can.c ****  *          Mailbox -  Mailbox number.
 646:c:/Users/User/Documents/GitHub/ch32h417/EVT/EXAM/SRC/Peripheral/src\ch32h417_can.c ****  *            CAN_TXMAILBOX_0.
 647:c:/Users/User/Documents/GitHub/ch32h417/EVT/EXAM/SRC/Peripheral/src\ch32h417_can.c ****  *            CAN_TXMAILBOX_1.
 648:c:/Users/User/Documents/GitHub/ch32h417/EVT/EXAM/SRC/Peripheral/src\ch32h417_can.c ****  *            CAN_TXMAILBOX_2.
 649:c:/Users/User/Documents/GitHub/ch32h417/EVT/EXAM/SRC/Peripheral/src\ch32h417_can.c ****  *
 650:c:/Users/User/Documents/GitHub/ch32h417/EVT/EXAM/SRC/Peripheral/src\ch32h417_can.c ****  * @return  none
 651:c:/Users/User/Documents/GitHub/ch32h417/EVT/EXAM/SRC/Peripheral/src\ch32h417_can.c ****  */
 652:c:/Users/User/Documents/GitHub/ch32h417/EVT/EXAM/SRC/Peripheral/src\ch32h417_can.c **** void CAN_CancelTransmit(CAN_TypeDef* CANx, uint8_t Mailbox)
 653:c:/Users/User/Documents/GitHub/ch32h417/EVT/EXAM/SRC/Peripheral/src\ch32h417_can.c **** {
 1520              		.loc 1 653 1
 1521              		.cfi_startproc
 1522              	.LVL78:
 654:c:/Users/User/Documents/GitHub/ch32h417/EVT/EXAM/SRC/Peripheral/src\ch32h417_can.c **** 	switch (Mailbox)
 1523              		.loc 1 654 2
 1524 0000 8547     		li	a5,1
 1525 0002 638BF500 		beq	a1,a5,.L157
 1526 0006 8947     		li	a5,2
 1527 0008 638CF500 		beq	a1,a5,.L158
 1528 000c 89E5     		bne	a1,zero,.L156
 655:c:/Users/User/Documents/GitHub/ch32h417/EVT/EXAM/SRC/Peripheral/src\ch32h417_can.c **** 	{
 656:c:/Users/User/Documents/GitHub/ch32h417/EVT/EXAM/SRC/Peripheral/src\ch32h417_can.c **** 		case (CAN_TXMAILBOX_0): 
 657:c:/Users/User/Documents/GitHub/ch32h417/EVT/EXAM/SRC/Peripheral/src\ch32h417_can.c **** 			CANx->TSTATR |= CAN_TSTATR_ABRQ0;
 1529              		.loc 1 657 4
 1530              		.loc 1 657 8 is_stmt 0
 1531 000e 1C45     		lw	a5,8(a0)
 1532              		.loc 1 657 17
 1533 0010 93E70708 		ori	a5,a5,128
 1534              	.L160:
 658:c:/Users/User/Documents/GitHub/ch32h417/EVT/EXAM/SRC/Peripheral/src\ch32h417_can.c **** 			break;
 659:c:/Users/User/Documents/GitHub/ch32h417/EVT/EXAM/SRC/Peripheral/src\ch32h417_can.c **** 		
 660:c:/Users/User/Documents/GitHub/ch32h417/EVT/EXAM/SRC/Peripheral/src\ch32h417_can.c **** 		case (CAN_TXMAILBOX_1): 
 661:c:/Users/User/Documents/GitHub/ch32h417/EVT/EXAM/SRC/Peripheral/src\ch32h417_can.c **** 			CANx->TSTATR |= CAN_TSTATR_ABRQ1;
 662:c:/Users/User/Documents/GitHub/ch32h417/EVT/EXAM/SRC/Peripheral/src\ch32h417_can.c **** 			break;
 663:c:/Users/User/Documents/GitHub/ch32h417/EVT/EXAM/SRC/Peripheral/src\ch32h417_can.c **** 		
 664:c:/Users/User/Documents/GitHub/ch32h417/EVT/EXAM/SRC/Peripheral/src\ch32h417_can.c **** 		case (CAN_TXMAILBOX_2): 
 665:c:/Users/User/Documents/GitHub/ch32h417/EVT/EXAM/SRC/Peripheral/src\ch32h417_can.c **** 			CANx->TSTATR |= CAN_TSTATR_ABRQ2;
 1535              		.loc 1 665 17
 1536 0014 1CC5     		sw	a5,8(a0)
 666:c:/Users/User/Documents/GitHub/ch32h417/EVT/EXAM/SRC/Peripheral/src\ch32h417_can.c **** 			break;
 1537              		.loc 1 666 4 is_stmt 1
 1538              	.L156:
 667:c:/Users/User/Documents/GitHub/ch32h417/EVT/EXAM/SRC/Peripheral/src\ch32h417_can.c **** 		
 668:c:/Users/User/Documents/GitHub/ch32h417/EVT/EXAM/SRC/Peripheral/src\ch32h417_can.c **** 		default:
 669:c:/Users/User/Documents/GitHub/ch32h417/EVT/EXAM/SRC/Peripheral/src\ch32h417_can.c **** 			break;
 670:c:/Users/User/Documents/GitHub/ch32h417/EVT/EXAM/SRC/Peripheral/src\ch32h417_can.c **** 	}
 671:c:/Users/User/Documents/GitHub/ch32h417/EVT/EXAM/SRC/Peripheral/src\ch32h417_can.c **** }
 1539              		.loc 1 671 1 is_stmt 0
 1540 0016 8280     		ret
 1541              	.L157:
 661:c:/Users/User/Documents/GitHub/ch32h417/EVT/EXAM/SRC/Peripheral/src\ch32h417_can.c **** 			break;
 1542              		.loc 1 661 4 is_stmt 1
 661:c:/Users/User/Documents/GitHub/ch32h417/EVT/EXAM/SRC/Peripheral/src\ch32h417_can.c **** 			break;
 1543              		.loc 1 661 8 is_stmt 0
 1544 0018 1C45     		lw	a5,8(a0)
 661:c:/Users/User/Documents/GitHub/ch32h417/EVT/EXAM/SRC/Peripheral/src\ch32h417_can.c **** 			break;
 1545              		.loc 1 661 17
 1546 001a 9397F728 		bseti	a5,a5,15
 1547 001e DDBF     		j	.L160
 1548              	.L158:
 665:c:/Users/User/Documents/GitHub/ch32h417/EVT/EXAM/SRC/Peripheral/src\ch32h417_can.c **** 			break;
 1549              		.loc 1 665 4 is_stmt 1
 665:c:/Users/User/Documents/GitHub/ch32h417/EVT/EXAM/SRC/Peripheral/src\ch32h417_can.c **** 			break;
 1550              		.loc 1 665 8 is_stmt 0
 1551 0020 1C45     		lw	a5,8(a0)
 665:c:/Users/User/Documents/GitHub/ch32h417/EVT/EXAM/SRC/Peripheral/src\ch32h417_can.c **** 			break;
 1552              		.loc 1 665 17
 1553 0022 93977729 		bseti	a5,a5,23
 1554 0026 FDB7     		j	.L160
 1555              		.cfi_endproc
 1556              	.LFE49:
 1558              		.section	.text.CAN_Receive,"ax",@progbits
 1559              		.align	1
 1560              		.globl	CAN_Receive
 1562              	CAN_Receive:
 1563              	.LFB50:
 672:c:/Users/User/Documents/GitHub/ch32h417/EVT/EXAM/SRC/Peripheral/src\ch32h417_can.c **** 
 673:c:/Users/User/Documents/GitHub/ch32h417/EVT/EXAM/SRC/Peripheral/src\ch32h417_can.c **** /*********************************************************************
 674:c:/Users/User/Documents/GitHub/ch32h417/EVT/EXAM/SRC/Peripheral/src\ch32h417_can.c ****  * @fn      CAN_Receive
 675:c:/Users/User/Documents/GitHub/ch32h417/EVT/EXAM/SRC/Peripheral/src\ch32h417_can.c ****  *
 676:c:/Users/User/Documents/GitHub/ch32h417/EVT/EXAM/SRC/Peripheral/src\ch32h417_can.c ****  * @brief   Receives a message.
 677:c:/Users/User/Documents/GitHub/ch32h417/EVT/EXAM/SRC/Peripheral/src\ch32h417_can.c ****  *
 678:c:/Users/User/Documents/GitHub/ch32h417/EVT/EXAM/SRC/Peripheral/src\ch32h417_can.c ****  * @param   CANx - where x can be 1...3 to select the CAN peripheral.
 679:c:/Users/User/Documents/GitHub/ch32h417/EVT/EXAM/SRC/Peripheral/src\ch32h417_can.c ****  *          FIFONumber - Receive FIFO number.
 680:c:/Users/User/Documents/GitHub/ch32h417/EVT/EXAM/SRC/Peripheral/src\ch32h417_can.c ****  *            CAN_FIFO0.
 681:c:/Users/User/Documents/GitHub/ch32h417/EVT/EXAM/SRC/Peripheral/src\ch32h417_can.c ****  *          RxMessage -  pointer to a structure receive message which contains
 682:c:/Users/User/Documents/GitHub/ch32h417/EVT/EXAM/SRC/Peripheral/src\ch32h417_can.c ****  *        CAN Id, CAN DLC and CAN datas.
 683:c:/Users/User/Documents/GitHub/ch32h417/EVT/EXAM/SRC/Peripheral/src\ch32h417_can.c ****  *
 684:c:/Users/User/Documents/GitHub/ch32h417/EVT/EXAM/SRC/Peripheral/src\ch32h417_can.c ****  * @return  none
 685:c:/Users/User/Documents/GitHub/ch32h417/EVT/EXAM/SRC/Peripheral/src\ch32h417_can.c ****  */
 686:c:/Users/User/Documents/GitHub/ch32h417/EVT/EXAM/SRC/Peripheral/src\ch32h417_can.c **** void CAN_Receive(CAN_TypeDef* CANx, uint8_t FIFONumber, CanRxMsg* RxMessage)
 687:c:/Users/User/Documents/GitHub/ch32h417/EVT/EXAM/SRC/Peripheral/src\ch32h417_can.c **** {
 1564              		.loc 1 687 1 is_stmt 1
 1565              		.cfi_startproc
 1566              	.LVL79:
 688:c:/Users/User/Documents/GitHub/ch32h417/EVT/EXAM/SRC/Peripheral/src\ch32h417_can.c **** 	RxMessage->IDE = (uint8_t)0x04 & CANx->sFIFOMailBox[FIFONumber].RXMIR;
 1567              		.loc 1 688 2
 1568 0000 93974500 		slli	a5,a1,4
 1569 0004 AA97     		add	a5,a0,a5
 1570              		.loc 1 688 65 is_stmt 0
 1571 0006 03A7071B 		lw	a4,432(a5)
 1572              		.loc 1 688 33
 1573 000a 118B     		andi	a4,a4,4
 1574              		.loc 1 688 17
 1575 000c 18A6     		sb	a4,8(a2)
 689:c:/Users/User/Documents/GitHub/ch32h417/EVT/EXAM/SRC/Peripheral/src\ch32h417_can.c **** 	
 690:c:/Users/User/Documents/GitHub/ch32h417/EVT/EXAM/SRC/Peripheral/src\ch32h417_can.c **** 	if (RxMessage->IDE == CAN_Id_Standard)
 1576              		.loc 1 690 2 is_stmt 1
 1577              		.loc 1 690 5 is_stmt 0
 1578 000e 29EB     		bne	a4,zero,.L162
 691:c:/Users/User/Documents/GitHub/ch32h417/EVT/EXAM/SRC/Peripheral/src\ch32h417_can.c **** 	{
 692:c:/Users/User/Documents/GitHub/ch32h417/EVT/EXAM/SRC/Peripheral/src\ch32h417_can.c **** 		RxMessage->StdId = (uint32_t)0x000007FF & (CANx->sFIFOMailBox[FIFONumber].RXMIR >> 21);
 1579              		.loc 1 692 3 is_stmt 1
 1580              		.loc 1 692 76 is_stmt 0
 1581 0010 03A7071B 		lw	a4,432(a5)
 1582              		.loc 1 692 83
 1583 0014 5583     		srli	a4,a4,21
 1584              		.loc 1 692 20
 1585 0016 18C2     		sw	a4,0(a2)
 1586              	.L163:
 693:c:/Users/User/Documents/GitHub/ch32h417/EVT/EXAM/SRC/Peripheral/src\ch32h417_can.c **** 	}
 694:c:/Users/User/Documents/GitHub/ch32h417/EVT/EXAM/SRC/Peripheral/src\ch32h417_can.c **** 	else
 695:c:/Users/User/Documents/GitHub/ch32h417/EVT/EXAM/SRC/Peripheral/src\ch32h417_can.c **** 	{
 696:c:/Users/User/Documents/GitHub/ch32h417/EVT/EXAM/SRC/Peripheral/src\ch32h417_can.c **** 		RxMessage->ExtId = (uint32_t)0x1FFFFFFF & (CANx->sFIFOMailBox[FIFONumber].RXMIR >> 3);
 697:c:/Users/User/Documents/GitHub/ch32h417/EVT/EXAM/SRC/Peripheral/src\ch32h417_can.c **** 	}
 698:c:/Users/User/Documents/GitHub/ch32h417/EVT/EXAM/SRC/Peripheral/src\ch32h417_can.c **** 	
 699:c:/Users/User/Documents/GitHub/ch32h417/EVT/EXAM/SRC/Peripheral/src\ch32h417_can.c **** 	RxMessage->RTR = (uint8_t)0x02 & CANx->sFIFOMailBox[FIFONumber].RXMIR;
 1587              		.loc 1 699 2 is_stmt 1
 1588              		.loc 1 699 65 is_stmt 0
 1589 0018 93870718 		addi	a5,a5,384
 1590 001c 985B     		lw	a4,48(a5)
 1591              		.loc 1 699 33
 1592 001e 098B     		andi	a4,a4,2
 1593              		.loc 1 699 17
 1594 0020 18B6     		sb	a4,9(a2)
 700:c:/Users/User/Documents/GitHub/ch32h417/EVT/EXAM/SRC/Peripheral/src\ch32h417_can.c **** 	RxMessage->DLC = (uint8_t)0x0F & CANx->sFIFOMailBox[FIFONumber].RXMDTR;
 1595              		.loc 1 700 2 is_stmt 1
 1596              		.loc 1 700 65 is_stmt 0
 1597 0022 D85B     		lw	a4,52(a5)
 1598              		.loc 1 700 33
 1599 0024 3D8B     		andi	a4,a4,15
 1600              		.loc 1 700 17
 1601 0026 38A6     		sb	a4,10(a2)
 701:c:/Users/User/Documents/GitHub/ch32h417/EVT/EXAM/SRC/Peripheral/src\ch32h417_can.c **** 	RxMessage->Data[0] = (uint8_t)0xFF & CANx->sFIFOMailBox[FIFONumber].RXMDLR;
 1602              		.loc 1 701 2 is_stmt 1
 1603              		.loc 1 701 69 is_stmt 0
 1604 0028 985F     		lw	a4,56(a5)
 1605              		.loc 1 701 21
 1606 002a 38B6     		sb	a4,11(a2)
 702:c:/Users/User/Documents/GitHub/ch32h417/EVT/EXAM/SRC/Peripheral/src\ch32h417_can.c **** 	RxMessage->Data[1] = (uint8_t)0xFF & (CANx->sFIFOMailBox[FIFONumber].RXMDLR >> 8);
 1607              		.loc 1 702 2 is_stmt 1
 1608              		.loc 1 702 70 is_stmt 0
 1609 002c 985F     		lw	a4,56(a5)
 1610              		.loc 1 702 78
 1611 002e 2183     		srli	a4,a4,8
 1612              		.loc 1 702 21
 1613 0030 58A6     		sb	a4,12(a2)
 703:c:/Users/User/Documents/GitHub/ch32h417/EVT/EXAM/SRC/Peripheral/src\ch32h417_can.c **** 	RxMessage->Data[2] = (uint8_t)0xFF & (CANx->sFIFOMailBox[FIFONumber].RXMDLR >> 16);
 1614              		.loc 1 703 2 is_stmt 1
 1615              		.loc 1 703 70 is_stmt 0
 1616 0032 985F     		lw	a4,56(a5)
 1617              		.loc 1 703 78
 1618 0034 4183     		srli	a4,a4,16
 1619              		.loc 1 703 21
 1620 0036 58B6     		sb	a4,13(a2)
 704:c:/Users/User/Documents/GitHub/ch32h417/EVT/EXAM/SRC/Peripheral/src\ch32h417_can.c **** 	RxMessage->Data[3] = (uint8_t)0xFF & (CANx->sFIFOMailBox[FIFONumber].RXMDLR >> 24);
 1621              		.loc 1 704 2 is_stmt 1
 1622              		.loc 1 704 70 is_stmt 0
 1623 0038 985F     		lw	a4,56(a5)
 1624              		.loc 1 704 78
 1625 003a 6183     		srli	a4,a4,24
 1626              		.loc 1 704 21
 1627 003c 78A6     		sb	a4,14(a2)
 705:c:/Users/User/Documents/GitHub/ch32h417/EVT/EXAM/SRC/Peripheral/src\ch32h417_can.c **** 	RxMessage->Data[4] = (uint8_t)0xFF & CANx->sFIFOMailBox[FIFONumber].RXMDHR;
 1628              		.loc 1 705 2 is_stmt 1
 1629              		.loc 1 705 69 is_stmt 0
 1630 003e D85F     		lw	a4,60(a5)
 1631              		.loc 1 705 21
 1632 0040 78B6     		sb	a4,15(a2)
 706:c:/Users/User/Documents/GitHub/ch32h417/EVT/EXAM/SRC/Peripheral/src\ch32h417_can.c **** 	RxMessage->Data[5] = (uint8_t)0xFF & (CANx->sFIFOMailBox[FIFONumber].RXMDHR >> 8);
 1633              		.loc 1 706 2 is_stmt 1
 1634              		.loc 1 706 70 is_stmt 0
 1635 0042 D85F     		lw	a4,60(a5)
 1636              		.loc 1 706 78
 1637 0044 2183     		srli	a4,a4,8
 1638              		.loc 1 706 21
 1639 0046 18AA     		sb	a4,16(a2)
 707:c:/Users/User/Documents/GitHub/ch32h417/EVT/EXAM/SRC/Peripheral/src\ch32h417_can.c **** 	RxMessage->Data[6] = (uint8_t)0xFF & (CANx->sFIFOMailBox[FIFONumber].RXMDHR >> 16);
 1640              		.loc 1 707 2 is_stmt 1
 1641              		.loc 1 707 70 is_stmt 0
 1642 0048 D85F     		lw	a4,60(a5)
 1643              		.loc 1 707 78
 1644 004a 4183     		srli	a4,a4,16
 1645              		.loc 1 707 21
 1646 004c 18BA     		sb	a4,17(a2)
 708:c:/Users/User/Documents/GitHub/ch32h417/EVT/EXAM/SRC/Peripheral/src\ch32h417_can.c **** 	RxMessage->Data[7] = (uint8_t)0xFF & (CANx->sFIFOMailBox[FIFONumber].RXMDHR >> 24);
 1647              		.loc 1 708 2 is_stmt 1
 1648              		.loc 1 708 70 is_stmt 0
 1649 004e DC5F     		lw	a5,60(a5)
 1650              		.loc 1 708 78
 1651 0050 E183     		srli	a5,a5,24
 1652              		.loc 1 708 21
 1653 0052 3CAA     		sb	a5,18(a2)
 709:c:/Users/User/Documents/GitHub/ch32h417/EVT/EXAM/SRC/Peripheral/src\ch32h417_can.c **** 
 710:c:/Users/User/Documents/GitHub/ch32h417/EVT/EXAM/SRC/Peripheral/src\ch32h417_can.c ****     if(FIFONumber == CAN_FIFO0)
 1654              		.loc 1 710 5 is_stmt 1
 1655              		.loc 1 710 7 is_stmt 0
 1656 0054 99E9     		bne	a1,zero,.L164
 711:c:/Users/User/Documents/GitHub/ch32h417/EVT/EXAM/SRC/Peripheral/src\ch32h417_can.c ****     {
 712:c:/Users/User/Documents/GitHub/ch32h417/EVT/EXAM/SRC/Peripheral/src\ch32h417_can.c ****         CANx->RFIFO0 |= CAN_RFIFO0_RFOM0;
 1657              		.loc 1 712 9 is_stmt 1
 1658              		.loc 1 712 13 is_stmt 0
 1659 0056 5C45     		lw	a5,12(a0)
 1660              		.loc 1 712 22
 1661 0058 93E70702 		ori	a5,a5,32
 1662 005c 5CC5     		sw	a5,12(a0)
 1663 005e 8280     		ret
 1664              	.L162:
 696:c:/Users/User/Documents/GitHub/ch32h417/EVT/EXAM/SRC/Peripheral/src\ch32h417_can.c **** 	}
 1665              		.loc 1 696 3 is_stmt 1
 696:c:/Users/User/Documents/GitHub/ch32h417/EVT/EXAM/SRC/Peripheral/src\ch32h417_can.c **** 	}
 1666              		.loc 1 696 76 is_stmt 0
 1667 0060 03A7071B 		lw	a4,432(a5)
 696:c:/Users/User/Documents/GitHub/ch32h417/EVT/EXAM/SRC/Peripheral/src\ch32h417_can.c **** 	}
 1668              		.loc 1 696 83
 1669 0064 0D83     		srli	a4,a4,3
 696:c:/Users/User/Documents/GitHub/ch32h417/EVT/EXAM/SRC/Peripheral/src\ch32h417_can.c **** 	}
 1670              		.loc 1 696 20
 1671 0066 58C2     		sw	a4,4(a2)
 1672 0068 45BF     		j	.L163
 1673              	.L164:
 713:c:/Users/User/Documents/GitHub/ch32h417/EVT/EXAM/SRC/Peripheral/src\ch32h417_can.c ****     }
 714:c:/Users/User/Documents/GitHub/ch32h417/EVT/EXAM/SRC/Peripheral/src\ch32h417_can.c ****     else
 715:c:/Users/User/Documents/GitHub/ch32h417/EVT/EXAM/SRC/Peripheral/src\ch32h417_can.c ****     {
 716:c:/Users/User/Documents/GitHub/ch32h417/EVT/EXAM/SRC/Peripheral/src\ch32h417_can.c ****         CANx->RFIFO1 |= CAN_RFIFO1_RFOM1;
 1674              		.loc 1 716 9 is_stmt 1
 1675              		.loc 1 716 13 is_stmt 0
 1676 006a 1C49     		lw	a5,16(a0)
 1677              		.loc 1 716 22
 1678 006c 93E70702 		ori	a5,a5,32
 1679 0070 1CC9     		sw	a5,16(a0)
 717:c:/Users/User/Documents/GitHub/ch32h417/EVT/EXAM/SRC/Peripheral/src\ch32h417_can.c ****     }
 718:c:/Users/User/Documents/GitHub/ch32h417/EVT/EXAM/SRC/Peripheral/src\ch32h417_can.c **** }
 1680              		.loc 1 718 1
 1681 0072 8280     		ret
 1682              		.cfi_endproc
 1683              	.LFE50:
 1685              		.section	.text.CAN_FIFORelease,"ax",@progbits
 1686              		.align	1
 1687              		.globl	CAN_FIFORelease
 1689              	CAN_FIFORelease:
 1690              	.LFB51:
 719:c:/Users/User/Documents/GitHub/ch32h417/EVT/EXAM/SRC/Peripheral/src\ch32h417_can.c **** 
 720:c:/Users/User/Documents/GitHub/ch32h417/EVT/EXAM/SRC/Peripheral/src\ch32h417_can.c **** /*********************************************************************
 721:c:/Users/User/Documents/GitHub/ch32h417/EVT/EXAM/SRC/Peripheral/src\ch32h417_can.c ****  * @fn      CAN_FIFORelease
 722:c:/Users/User/Documents/GitHub/ch32h417/EVT/EXAM/SRC/Peripheral/src\ch32h417_can.c ****  *
 723:c:/Users/User/Documents/GitHub/ch32h417/EVT/EXAM/SRC/Peripheral/src\ch32h417_can.c ****  * @brief   Releases the specified FIFO.
 724:c:/Users/User/Documents/GitHub/ch32h417/EVT/EXAM/SRC/Peripheral/src\ch32h417_can.c ****  *
 725:c:/Users/User/Documents/GitHub/ch32h417/EVT/EXAM/SRC/Peripheral/src\ch32h417_can.c ****  * @param   CANx - where x can be 1...3 to select the CAN peripheral.
 726:c:/Users/User/Documents/GitHub/ch32h417/EVT/EXAM/SRC/Peripheral/src\ch32h417_can.c ****  *          FIFONumber - Receive FIFO number.
 727:c:/Users/User/Documents/GitHub/ch32h417/EVT/EXAM/SRC/Peripheral/src\ch32h417_can.c ****  *            CAN_FIFO0.
 728:c:/Users/User/Documents/GitHub/ch32h417/EVT/EXAM/SRC/Peripheral/src\ch32h417_can.c ****  *
 729:c:/Users/User/Documents/GitHub/ch32h417/EVT/EXAM/SRC/Peripheral/src\ch32h417_can.c ****  * @return  none
 730:c:/Users/User/Documents/GitHub/ch32h417/EVT/EXAM/SRC/Peripheral/src\ch32h417_can.c ****  */
 731:c:/Users/User/Documents/GitHub/ch32h417/EVT/EXAM/SRC/Peripheral/src\ch32h417_can.c **** void CAN_FIFORelease(CAN_TypeDef* CANx, uint8_t FIFONumber)
 732:c:/Users/User/Documents/GitHub/ch32h417/EVT/EXAM/SRC/Peripheral/src\ch32h417_can.c **** {
 1691              		.loc 1 732 1 is_stmt 1
 1692              		.cfi_startproc
 1693              	.LVL80:
 733:c:/Users/User/Documents/GitHub/ch32h417/EVT/EXAM/SRC/Peripheral/src\ch32h417_can.c ****     if(FIFONumber == CAN_FIFO0)
 1694              		.loc 1 733 5
 1695              		.loc 1 733 7 is_stmt 0
 1696 0000 91E5     		bne	a1,zero,.L167
 734:c:/Users/User/Documents/GitHub/ch32h417/EVT/EXAM/SRC/Peripheral/src\ch32h417_can.c ****     {
 735:c:/Users/User/Documents/GitHub/ch32h417/EVT/EXAM/SRC/Peripheral/src\ch32h417_can.c ****         CANx->RFIFO0 |= CAN_RFIFO0_RFOM0;
 1697              		.loc 1 735 9 is_stmt 1
 1698              		.loc 1 735 13 is_stmt 0
 1699 0002 5C45     		lw	a5,12(a0)
 1700              		.loc 1 735 22
 1701 0004 93E70702 		ori	a5,a5,32
 1702 0008 5CC5     		sw	a5,12(a0)
 1703 000a 8280     		ret
 1704              	.L167:
 736:c:/Users/User/Documents/GitHub/ch32h417/EVT/EXAM/SRC/Peripheral/src\ch32h417_can.c ****     }
 737:c:/Users/User/Documents/GitHub/ch32h417/EVT/EXAM/SRC/Peripheral/src\ch32h417_can.c ****     else
 738:c:/Users/User/Documents/GitHub/ch32h417/EVT/EXAM/SRC/Peripheral/src\ch32h417_can.c ****     {
 739:c:/Users/User/Documents/GitHub/ch32h417/EVT/EXAM/SRC/Peripheral/src\ch32h417_can.c ****         CANx->RFIFO1 |= CAN_RFIFO1_RFOM1;
 1705              		.loc 1 739 9 is_stmt 1
 1706              		.loc 1 739 13 is_stmt 0
 1707 000c 1C49     		lw	a5,16(a0)
 1708              		.loc 1 739 22
 1709 000e 93E70702 		ori	a5,a5,32
 1710 0012 1CC9     		sw	a5,16(a0)
 740:c:/Users/User/Documents/GitHub/ch32h417/EVT/EXAM/SRC/Peripheral/src\ch32h417_can.c ****     }
 741:c:/Users/User/Documents/GitHub/ch32h417/EVT/EXAM/SRC/Peripheral/src\ch32h417_can.c **** }
 1711              		.loc 1 741 1
 1712 0014 8280     		ret
 1713              		.cfi_endproc
 1714              	.LFE51:
 1716              		.section	.text.CAN_MessagePending,"ax",@progbits
 1717              		.align	1
 1718              		.globl	CAN_MessagePending
 1720              	CAN_MessagePending:
 1721              	.LFB52:
 742:c:/Users/User/Documents/GitHub/ch32h417/EVT/EXAM/SRC/Peripheral/src\ch32h417_can.c **** 
 743:c:/Users/User/Documents/GitHub/ch32h417/EVT/EXAM/SRC/Peripheral/src\ch32h417_can.c **** /*********************************************************************
 744:c:/Users/User/Documents/GitHub/ch32h417/EVT/EXAM/SRC/Peripheral/src\ch32h417_can.c ****  * @fn      CAN_MessagePending
 745:c:/Users/User/Documents/GitHub/ch32h417/EVT/EXAM/SRC/Peripheral/src\ch32h417_can.c ****  *
 746:c:/Users/User/Documents/GitHub/ch32h417/EVT/EXAM/SRC/Peripheral/src\ch32h417_can.c ****  * @brief   Returns the number of pending messages.
 747:c:/Users/User/Documents/GitHub/ch32h417/EVT/EXAM/SRC/Peripheral/src\ch32h417_can.c ****  *
 748:c:/Users/User/Documents/GitHub/ch32h417/EVT/EXAM/SRC/Peripheral/src\ch32h417_can.c ****  * @param   CANx - where x can be 1...3 to select the CAN peripheral.
 749:c:/Users/User/Documents/GitHub/ch32h417/EVT/EXAM/SRC/Peripheral/src\ch32h417_can.c ****  *          FIFONumber - Receive FIFO number.
 750:c:/Users/User/Documents/GitHub/ch32h417/EVT/EXAM/SRC/Peripheral/src\ch32h417_can.c ****  *            CAN_FIFO0.
 751:c:/Users/User/Documents/GitHub/ch32h417/EVT/EXAM/SRC/Peripheral/src\ch32h417_can.c ****  *            CAN_FIFO1.
 752:c:/Users/User/Documents/GitHub/ch32h417/EVT/EXAM/SRC/Peripheral/src\ch32h417_can.c ****  *
 753:c:/Users/User/Documents/GitHub/ch32h417/EVT/EXAM/SRC/Peripheral/src\ch32h417_can.c ****  * @return  message_pending - which is the number of pending message.
 754:c:/Users/User/Documents/GitHub/ch32h417/EVT/EXAM/SRC/Peripheral/src\ch32h417_can.c ****  */
 755:c:/Users/User/Documents/GitHub/ch32h417/EVT/EXAM/SRC/Peripheral/src\ch32h417_can.c **** uint8_t CAN_MessagePending(CAN_TypeDef* CANx, uint8_t FIFONumber)
 756:c:/Users/User/Documents/GitHub/ch32h417/EVT/EXAM/SRC/Peripheral/src\ch32h417_can.c **** {
 1722              		.loc 1 756 1 is_stmt 1
 1723              		.cfi_startproc
 1724              	.LVL81:
 757:c:/Users/User/Documents/GitHub/ch32h417/EVT/EXAM/SRC/Peripheral/src\ch32h417_can.c **** 	uint8_t message_pending=0;
 1725              		.loc 1 757 2
 758:c:/Users/User/Documents/GitHub/ch32h417/EVT/EXAM/SRC/Peripheral/src\ch32h417_can.c **** 
 759:c:/Users/User/Documents/GitHub/ch32h417/EVT/EXAM/SRC/Peripheral/src\ch32h417_can.c ****     if(FIFONumber == CAN_FIFO0)
 1726              		.loc 1 759 5
 756:c:/Users/User/Documents/GitHub/ch32h417/EVT/EXAM/SRC/Peripheral/src\ch32h417_can.c **** 	uint8_t message_pending=0;
 1727              		.loc 1 756 1 is_stmt 0
 1728 0000 AA87     		mv	a5,a0
 1729              		.loc 1 759 7
 1730 0002 81E5     		bne	a1,zero,.L170
 760:c:/Users/User/Documents/GitHub/ch32h417/EVT/EXAM/SRC/Peripheral/src\ch32h417_can.c ****     {
 761:c:/Users/User/Documents/GitHub/ch32h417/EVT/EXAM/SRC/Peripheral/src\ch32h417_can.c ****         message_pending = (uint8_t)(CANx->RFIFO0 & (uint32_t)0x03);
 1731              		.loc 1 761 9 is_stmt 1
 1732              		.loc 1 761 41 is_stmt 0
 1733 0004 4845     		lw	a0,12(a0)
 1734              	.LVL82:
 1735              	.L173:
 762:c:/Users/User/Documents/GitHub/ch32h417/EVT/EXAM/SRC/Peripheral/src\ch32h417_can.c ****     }
 763:c:/Users/User/Documents/GitHub/ch32h417/EVT/EXAM/SRC/Peripheral/src\ch32h417_can.c ****     else if(FIFONumber == CAN_FIFO1)
 764:c:/Users/User/Documents/GitHub/ch32h417/EVT/EXAM/SRC/Peripheral/src\ch32h417_can.c ****     {
 765:c:/Users/User/Documents/GitHub/ch32h417/EVT/EXAM/SRC/Peripheral/src\ch32h417_can.c ****         message_pending = (uint8_t)(CANx->RFIFO1 & (uint32_t)0x03);
 1736              		.loc 1 765 25
 1737 0006 0D89     		andi	a0,a0,3
 1738              	.LVL83:
 1739              	.L171:
 766:c:/Users/User/Documents/GitHub/ch32h417/EVT/EXAM/SRC/Peripheral/src\ch32h417_can.c ****     }
 767:c:/Users/User/Documents/GitHub/ch32h417/EVT/EXAM/SRC/Peripheral/src\ch32h417_can.c ****     else
 768:c:/Users/User/Documents/GitHub/ch32h417/EVT/EXAM/SRC/Peripheral/src\ch32h417_can.c ****     {
 769:c:/Users/User/Documents/GitHub/ch32h417/EVT/EXAM/SRC/Peripheral/src\ch32h417_can.c ****         message_pending = 0;
 770:c:/Users/User/Documents/GitHub/ch32h417/EVT/EXAM/SRC/Peripheral/src\ch32h417_can.c ****     }
 771:c:/Users/User/Documents/GitHub/ch32h417/EVT/EXAM/SRC/Peripheral/src\ch32h417_can.c **** 
 772:c:/Users/User/Documents/GitHub/ch32h417/EVT/EXAM/SRC/Peripheral/src\ch32h417_can.c ****     return message_pending;
 1740              		.loc 1 772 5 is_stmt 1
 773:c:/Users/User/Documents/GitHub/ch32h417/EVT/EXAM/SRC/Peripheral/src\ch32h417_can.c **** }
 1741              		.loc 1 773 1 is_stmt 0
 1742 0008 8280     		ret
 1743              	.LVL84:
 1744              	.L170:
 763:c:/Users/User/Documents/GitHub/ch32h417/EVT/EXAM/SRC/Peripheral/src\ch32h417_can.c ****     {
 1745              		.loc 1 763 10 is_stmt 1
 763:c:/Users/User/Documents/GitHub/ch32h417/EVT/EXAM/SRC/Peripheral/src\ch32h417_can.c ****     {
 1746              		.loc 1 763 12 is_stmt 0
 1747 000a 0547     		li	a4,1
 769:c:/Users/User/Documents/GitHub/ch32h417/EVT/EXAM/SRC/Peripheral/src\ch32h417_can.c ****     }
 1748              		.loc 1 769 25
 1749 000c 0145     		li	a0,0
 1750              	.LVL85:
 763:c:/Users/User/Documents/GitHub/ch32h417/EVT/EXAM/SRC/Peripheral/src\ch32h417_can.c ****     {
 1751              		.loc 1 763 12
 1752 000e E39DE5FE 		bne	a1,a4,.L171
 765:c:/Users/User/Documents/GitHub/ch32h417/EVT/EXAM/SRC/Peripheral/src\ch32h417_can.c ****     }
 1753              		.loc 1 765 9 is_stmt 1
 765:c:/Users/User/Documents/GitHub/ch32h417/EVT/EXAM/SRC/Peripheral/src\ch32h417_can.c ****     }
 1754              		.loc 1 765 41 is_stmt 0
 1755 0012 884B     		lw	a0,16(a5)
 1756 0014 CDBF     		j	.L173
 1757              		.cfi_endproc
 1758              	.LFE52:
 1760              		.section	.text.CAN_OperatingModeRequest,"ax",@progbits
 1761              		.align	1
 1762              		.globl	CAN_OperatingModeRequest
 1764              	CAN_OperatingModeRequest:
 1765              	.LFB53:
 774:c:/Users/User/Documents/GitHub/ch32h417/EVT/EXAM/SRC/Peripheral/src\ch32h417_can.c **** 
 775:c:/Users/User/Documents/GitHub/ch32h417/EVT/EXAM/SRC/Peripheral/src\ch32h417_can.c **** /*********************************************************************
 776:c:/Users/User/Documents/GitHub/ch32h417/EVT/EXAM/SRC/Peripheral/src\ch32h417_can.c ****  * @fn      CAN_OperatingModeRequest
 777:c:/Users/User/Documents/GitHub/ch32h417/EVT/EXAM/SRC/Peripheral/src\ch32h417_can.c ****  *
 778:c:/Users/User/Documents/GitHub/ch32h417/EVT/EXAM/SRC/Peripheral/src\ch32h417_can.c ****  * @brief   Select the CAN Operation mode.
 779:c:/Users/User/Documents/GitHub/ch32h417/EVT/EXAM/SRC/Peripheral/src\ch32h417_can.c ****  *
 780:c:/Users/User/Documents/GitHub/ch32h417/EVT/EXAM/SRC/Peripheral/src\ch32h417_can.c ****  * @param   CANx - where x can be 1...3 to select the CAN peripheral.
 781:c:/Users/User/Documents/GitHub/ch32h417/EVT/EXAM/SRC/Peripheral/src\ch32h417_can.c ****  *          CAN_OperatingMode - CAN Operating Mode.
 782:c:/Users/User/Documents/GitHub/ch32h417/EVT/EXAM/SRC/Peripheral/src\ch32h417_can.c ****  *            CAN_OperatingMode_Initialization.
 783:c:/Users/User/Documents/GitHub/ch32h417/EVT/EXAM/SRC/Peripheral/src\ch32h417_can.c ****  *            CAN_OperatingMode_Normal.
 784:c:/Users/User/Documents/GitHub/ch32h417/EVT/EXAM/SRC/Peripheral/src\ch32h417_can.c ****  *            CAN_OperatingMode_Sleep.
 785:c:/Users/User/Documents/GitHub/ch32h417/EVT/EXAM/SRC/Peripheral/src\ch32h417_can.c ****  *
 786:c:/Users/User/Documents/GitHub/ch32h417/EVT/EXAM/SRC/Peripheral/src\ch32h417_can.c ****  * @return  status -
 787:c:/Users/User/Documents/GitHub/ch32h417/EVT/EXAM/SRC/Peripheral/src\ch32h417_can.c ****  *            CAN_ModeStatus_Failed - CAN failed entering the specific mode.
 788:c:/Users/User/Documents/GitHub/ch32h417/EVT/EXAM/SRC/Peripheral/src\ch32h417_can.c ****  *            CAN_ModeStatus_Success - CAN Succeed entering the specific mode.
 789:c:/Users/User/Documents/GitHub/ch32h417/EVT/EXAM/SRC/Peripheral/src\ch32h417_can.c ****  */
 790:c:/Users/User/Documents/GitHub/ch32h417/EVT/EXAM/SRC/Peripheral/src\ch32h417_can.c **** uint8_t CAN_OperatingModeRequest(CAN_TypeDef* CANx, uint8_t CAN_OperatingMode)
 791:c:/Users/User/Documents/GitHub/ch32h417/EVT/EXAM/SRC/Peripheral/src\ch32h417_can.c **** {
 1766              		.loc 1 791 1 is_stmt 1
 1767              		.cfi_startproc
 1768              	.LVL86:
 792:c:/Users/User/Documents/GitHub/ch32h417/EVT/EXAM/SRC/Peripheral/src\ch32h417_can.c **** 	uint8_t status = CAN_ModeStatus_Failed;
 1769              		.loc 1 792 2
 793:c:/Users/User/Documents/GitHub/ch32h417/EVT/EXAM/SRC/Peripheral/src\ch32h417_can.c **** 	uint32_t timeout = INAK_TIMEOUT; 
 1770              		.loc 1 793 2
 794:c:/Users/User/Documents/GitHub/ch32h417/EVT/EXAM/SRC/Peripheral/src\ch32h417_can.c **** 
 795:c:/Users/User/Documents/GitHub/ch32h417/EVT/EXAM/SRC/Peripheral/src\ch32h417_can.c **** 	if (CAN_OperatingMode == CAN_OperatingMode_Initialization)
 1771              		.loc 1 795 2
 791:c:/Users/User/Documents/GitHub/ch32h417/EVT/EXAM/SRC/Peripheral/src\ch32h417_can.c **** 	uint8_t status = CAN_ModeStatus_Failed;
 1772              		.loc 1 791 1 is_stmt 0
 1773 0000 AA87     		mv	a5,a0
 1774              		.loc 1 795 5
 1775 0002 85E5     		bne	a1,zero,.L175
 796:c:/Users/User/Documents/GitHub/ch32h417/EVT/EXAM/SRC/Peripheral/src\ch32h417_can.c **** 	{
 797:c:/Users/User/Documents/GitHub/ch32h417/EVT/EXAM/SRC/Peripheral/src\ch32h417_can.c **** 		CANx->CTLR = (uint32_t)((CANx->CTLR & (uint32_t)(~(uint32_t)CAN_CTLR_SLEEP)) | CAN_CTLR_INRQ);
 1776              		.loc 1 797 3 is_stmt 1
 1777              		.loc 1 797 32 is_stmt 0
 1778 0004 1841     		lw	a4,0(a0)
 798:c:/Users/User/Documents/GitHub/ch32h417/EVT/EXAM/SRC/Peripheral/src\ch32h417_can.c **** 
 799:c:/Users/User/Documents/GitHub/ch32h417/EVT/EXAM/SRC/Peripheral/src\ch32h417_can.c **** 		while (((CANx->STATR & CAN_MODE_MASK) != CAN_STATR_INAK) && (timeout != 0))
 1779              		.loc 1 799 60
 1780 0006 0546     		li	a2,1
 797:c:/Users/User/Documents/GitHub/ch32h417/EVT/EXAM/SRC/Peripheral/src\ch32h417_can.c **** 
 1781              		.loc 1 797 16
 1782 0008 719B     		andi	a4,a4,-4
 1783 000a 13671700 		ori	a4,a4,1
 797:c:/Users/User/Documents/GitHub/ch32h417/EVT/EXAM/SRC/Peripheral/src\ch32h417_can.c **** 
 1784              		.loc 1 797 14
 1785 000e 18C1     		sw	a4,0(a0)
 1786              		.loc 1 799 3 is_stmt 1
 1787              		.loc 1 799 9 is_stmt 0
 1788 0010 4167     		li	a4,65536
 1789              	.LVL87:
 1790              	.L177:
 1791              		.loc 1 799 60 is_stmt 1
 1792              		.loc 1 799 16 is_stmt 0
 1793 0012 D443     		lw	a3,4(a5)
 1794              		.loc 1 799 24
 1795 0014 8D8A     		andi	a3,a3,3
 1796              		.loc 1 799 60
 1797 0016 6384C600 		beq	a3,a2,.L176
 1798              		.loc 1 799 60 discriminator 1
 1799 001a 7D17     		addi	a4,a4,-1
 1800              	.LVL88:
 1801 001c 7DFB     		bne	a4,zero,.L177
 1802              	.LVL89:
 1803              	.L176:
 800:c:/Users/User/Documents/GitHub/ch32h417/EVT/EXAM/SRC/Peripheral/src\ch32h417_can.c **** 		{
 801:c:/Users/User/Documents/GitHub/ch32h417/EVT/EXAM/SRC/Peripheral/src\ch32h417_can.c **** 			timeout--;
 802:c:/Users/User/Documents/GitHub/ch32h417/EVT/EXAM/SRC/Peripheral/src\ch32h417_can.c **** 		}
 803:c:/Users/User/Documents/GitHub/ch32h417/EVT/EXAM/SRC/Peripheral/src\ch32h417_can.c **** 		if ((CANx->STATR & CAN_MODE_MASK) != CAN_STATR_INAK)
 1804              		.loc 1 803 3 is_stmt 1
 1805              		.loc 1 803 12 is_stmt 0
 1806 001e C843     		lw	a0,4(a5)
 1807              	.LVL90:
 1808              		.loc 1 803 20
 1809 0020 0D89     		andi	a0,a0,3
 1810              		.loc 1 803 6
 1811 0022 7D15     		addi	a0,a0,-1
 1812              	.LVL91:
 1813              	.L191:
 804:c:/Users/User/Documents/GitHub/ch32h417/EVT/EXAM/SRC/Peripheral/src\ch32h417_can.c **** 		{
 805:c:/Users/User/Documents/GitHub/ch32h417/EVT/EXAM/SRC/Peripheral/src\ch32h417_can.c **** 			status = CAN_ModeStatus_Failed;
 806:c:/Users/User/Documents/GitHub/ch32h417/EVT/EXAM/SRC/Peripheral/src\ch32h417_can.c **** 		}
 807:c:/Users/User/Documents/GitHub/ch32h417/EVT/EXAM/SRC/Peripheral/src\ch32h417_can.c **** 		else
 808:c:/Users/User/Documents/GitHub/ch32h417/EVT/EXAM/SRC/Peripheral/src\ch32h417_can.c **** 		{
 809:c:/Users/User/Documents/GitHub/ch32h417/EVT/EXAM/SRC/Peripheral/src\ch32h417_can.c **** 			status = CAN_ModeStatus_Success;
 810:c:/Users/User/Documents/GitHub/ch32h417/EVT/EXAM/SRC/Peripheral/src\ch32h417_can.c **** 		}
 811:c:/Users/User/Documents/GitHub/ch32h417/EVT/EXAM/SRC/Peripheral/src\ch32h417_can.c **** 	}
 812:c:/Users/User/Documents/GitHub/ch32h417/EVT/EXAM/SRC/Peripheral/src\ch32h417_can.c **** 	else if (CAN_OperatingMode == CAN_OperatingMode_Normal)
 813:c:/Users/User/Documents/GitHub/ch32h417/EVT/EXAM/SRC/Peripheral/src\ch32h417_can.c **** 	{
 814:c:/Users/User/Documents/GitHub/ch32h417/EVT/EXAM/SRC/Peripheral/src\ch32h417_can.c **** 		CANx->CTLR &= (uint32_t)(~(CAN_CTLR_SLEEP|CAN_CTLR_INRQ));
 815:c:/Users/User/Documents/GitHub/ch32h417/EVT/EXAM/SRC/Peripheral/src\ch32h417_can.c **** 
 816:c:/Users/User/Documents/GitHub/ch32h417/EVT/EXAM/SRC/Peripheral/src\ch32h417_can.c **** 		while (((CANx->STATR & CAN_MODE_MASK) != 0) && (timeout!=0))
 817:c:/Users/User/Documents/GitHub/ch32h417/EVT/EXAM/SRC/Peripheral/src\ch32h417_can.c **** 		{
 818:c:/Users/User/Documents/GitHub/ch32h417/EVT/EXAM/SRC/Peripheral/src\ch32h417_can.c **** 			timeout--;
 819:c:/Users/User/Documents/GitHub/ch32h417/EVT/EXAM/SRC/Peripheral/src\ch32h417_can.c **** 		}
 820:c:/Users/User/Documents/GitHub/ch32h417/EVT/EXAM/SRC/Peripheral/src\ch32h417_can.c **** 		if ((CANx->STATR & CAN_MODE_MASK) != 0)
 821:c:/Users/User/Documents/GitHub/ch32h417/EVT/EXAM/SRC/Peripheral/src\ch32h417_can.c **** 		{
 822:c:/Users/User/Documents/GitHub/ch32h417/EVT/EXAM/SRC/Peripheral/src\ch32h417_can.c **** 			status = CAN_ModeStatus_Failed;
 823:c:/Users/User/Documents/GitHub/ch32h417/EVT/EXAM/SRC/Peripheral/src\ch32h417_can.c **** 		}
 824:c:/Users/User/Documents/GitHub/ch32h417/EVT/EXAM/SRC/Peripheral/src\ch32h417_can.c **** 		else
 825:c:/Users/User/Documents/GitHub/ch32h417/EVT/EXAM/SRC/Peripheral/src\ch32h417_can.c **** 		{
 826:c:/Users/User/Documents/GitHub/ch32h417/EVT/EXAM/SRC/Peripheral/src\ch32h417_can.c **** 			status = CAN_ModeStatus_Success;
 827:c:/Users/User/Documents/GitHub/ch32h417/EVT/EXAM/SRC/Peripheral/src\ch32h417_can.c **** 		}
 828:c:/Users/User/Documents/GitHub/ch32h417/EVT/EXAM/SRC/Peripheral/src\ch32h417_can.c **** 	}
 829:c:/Users/User/Documents/GitHub/ch32h417/EVT/EXAM/SRC/Peripheral/src\ch32h417_can.c **** 	else if (CAN_OperatingMode == CAN_OperatingMode_Sleep)
 830:c:/Users/User/Documents/GitHub/ch32h417/EVT/EXAM/SRC/Peripheral/src\ch32h417_can.c **** 	{
 831:c:/Users/User/Documents/GitHub/ch32h417/EVT/EXAM/SRC/Peripheral/src\ch32h417_can.c **** 		CANx->CTLR = (uint32_t)((CANx->CTLR & (uint32_t)(~(uint32_t)CAN_CTLR_INRQ)) | CAN_CTLR_SLEEP);
 832:c:/Users/User/Documents/GitHub/ch32h417/EVT/EXAM/SRC/Peripheral/src\ch32h417_can.c **** 
 833:c:/Users/User/Documents/GitHub/ch32h417/EVT/EXAM/SRC/Peripheral/src\ch32h417_can.c **** 		while (((CANx->STATR & CAN_MODE_MASK) != CAN_STATR_SLAK) && (timeout!=0))
 834:c:/Users/User/Documents/GitHub/ch32h417/EVT/EXAM/SRC/Peripheral/src\ch32h417_can.c **** 		{
 835:c:/Users/User/Documents/GitHub/ch32h417/EVT/EXAM/SRC/Peripheral/src\ch32h417_can.c **** 			timeout--;
 836:c:/Users/User/Documents/GitHub/ch32h417/EVT/EXAM/SRC/Peripheral/src\ch32h417_can.c **** 		}
 837:c:/Users/User/Documents/GitHub/ch32h417/EVT/EXAM/SRC/Peripheral/src\ch32h417_can.c **** 		if ((CANx->STATR & CAN_MODE_MASK) != CAN_STATR_SLAK)
 1814              		.loc 1 837 6
 1815 0024 13351500 		seqz	a0,a0
 1816              	.L178:
 1817              	.LVL92:
 838:c:/Users/User/Documents/GitHub/ch32h417/EVT/EXAM/SRC/Peripheral/src\ch32h417_can.c **** 		{
 839:c:/Users/User/Documents/GitHub/ch32h417/EVT/EXAM/SRC/Peripheral/src\ch32h417_can.c **** 			status = CAN_ModeStatus_Failed;
 840:c:/Users/User/Documents/GitHub/ch32h417/EVT/EXAM/SRC/Peripheral/src\ch32h417_can.c **** 		}
 841:c:/Users/User/Documents/GitHub/ch32h417/EVT/EXAM/SRC/Peripheral/src\ch32h417_can.c **** 		else
 842:c:/Users/User/Documents/GitHub/ch32h417/EVT/EXAM/SRC/Peripheral/src\ch32h417_can.c **** 		{
 843:c:/Users/User/Documents/GitHub/ch32h417/EVT/EXAM/SRC/Peripheral/src\ch32h417_can.c **** 			status = CAN_ModeStatus_Success;
 844:c:/Users/User/Documents/GitHub/ch32h417/EVT/EXAM/SRC/Peripheral/src\ch32h417_can.c **** 		}
 845:c:/Users/User/Documents/GitHub/ch32h417/EVT/EXAM/SRC/Peripheral/src\ch32h417_can.c **** 	}
 846:c:/Users/User/Documents/GitHub/ch32h417/EVT/EXAM/SRC/Peripheral/src\ch32h417_can.c **** 	else
 847:c:/Users/User/Documents/GitHub/ch32h417/EVT/EXAM/SRC/Peripheral/src\ch32h417_can.c **** 	{
 848:c:/Users/User/Documents/GitHub/ch32h417/EVT/EXAM/SRC/Peripheral/src\ch32h417_can.c **** 		status = CAN_ModeStatus_Failed;
 849:c:/Users/User/Documents/GitHub/ch32h417/EVT/EXAM/SRC/Peripheral/src\ch32h417_can.c **** 	}
 850:c:/Users/User/Documents/GitHub/ch32h417/EVT/EXAM/SRC/Peripheral/src\ch32h417_can.c **** 
 851:c:/Users/User/Documents/GitHub/ch32h417/EVT/EXAM/SRC/Peripheral/src\ch32h417_can.c **** 	return  (uint8_t) status;
 1818              		.loc 1 851 2 is_stmt 1
 852:c:/Users/User/Documents/GitHub/ch32h417/EVT/EXAM/SRC/Peripheral/src\ch32h417_can.c **** }
 1819              		.loc 1 852 1 is_stmt 0
 1820 0028 8280     		ret
 1821              	.LVL93:
 1822              	.L175:
 812:c:/Users/User/Documents/GitHub/ch32h417/EVT/EXAM/SRC/Peripheral/src\ch32h417_can.c **** 	{
 1823              		.loc 1 812 7 is_stmt 1
 812:c:/Users/User/Documents/GitHub/ch32h417/EVT/EXAM/SRC/Peripheral/src\ch32h417_can.c **** 	{
 1824              		.loc 1 812 10 is_stmt 0
 1825 002a 0547     		li	a4,1
 1826 002c 639EE500 		bne	a1,a4,.L179
 814:c:/Users/User/Documents/GitHub/ch32h417/EVT/EXAM/SRC/Peripheral/src\ch32h417_can.c **** 
 1827              		.loc 1 814 3 is_stmt 1
 814:c:/Users/User/Documents/GitHub/ch32h417/EVT/EXAM/SRC/Peripheral/src\ch32h417_can.c **** 
 1828              		.loc 1 814 7 is_stmt 0
 1829 0030 1841     		lw	a4,0(a0)
 814:c:/Users/User/Documents/GitHub/ch32h417/EVT/EXAM/SRC/Peripheral/src\ch32h417_can.c **** 
 1830              		.loc 1 814 14
 1831 0032 719B     		andi	a4,a4,-4
 1832 0034 18C1     		sw	a4,0(a0)
 816:c:/Users/User/Documents/GitHub/ch32h417/EVT/EXAM/SRC/Peripheral/src\ch32h417_can.c **** 		{
 1833              		.loc 1 816 3 is_stmt 1
 816:c:/Users/User/Documents/GitHub/ch32h417/EVT/EXAM/SRC/Peripheral/src\ch32h417_can.c **** 		{
 1834              		.loc 1 816 9 is_stmt 0
 1835 0036 4167     		li	a4,65536
 1836              	.LVL94:
 1837              	.L181:
 816:c:/Users/User/Documents/GitHub/ch32h417/EVT/EXAM/SRC/Peripheral/src\ch32h417_can.c **** 		{
 1838              		.loc 1 816 47 is_stmt 1
 816:c:/Users/User/Documents/GitHub/ch32h417/EVT/EXAM/SRC/Peripheral/src\ch32h417_can.c **** 		{
 1839              		.loc 1 816 16 is_stmt 0
 1840 0038 D443     		lw	a3,4(a5)
 816:c:/Users/User/Documents/GitHub/ch32h417/EVT/EXAM/SRC/Peripheral/src\ch32h417_can.c **** 		{
 1841              		.loc 1 816 24
 1842 003a 8D8A     		andi	a3,a3,3
 816:c:/Users/User/Documents/GitHub/ch32h417/EVT/EXAM/SRC/Peripheral/src\ch32h417_can.c **** 		{
 1843              		.loc 1 816 47
 1844 003c 99C2     		beq	a3,zero,.L180
 816:c:/Users/User/Documents/GitHub/ch32h417/EVT/EXAM/SRC/Peripheral/src\ch32h417_can.c **** 		{
 1845              		.loc 1 816 47 discriminator 1
 1846 003e 7D17     		addi	a4,a4,-1
 1847              	.LVL95:
 1848 0040 65FF     		bne	a4,zero,.L181
 1849              	.LVL96:
 1850              	.L180:
 820:c:/Users/User/Documents/GitHub/ch32h417/EVT/EXAM/SRC/Peripheral/src\ch32h417_can.c **** 		{
 1851              		.loc 1 820 3 is_stmt 1
 820:c:/Users/User/Documents/GitHub/ch32h417/EVT/EXAM/SRC/Peripheral/src\ch32h417_can.c **** 		{
 1852              		.loc 1 820 12 is_stmt 0
 1853 0042 C843     		lw	a0,4(a5)
 1854              	.LVL97:
 820:c:/Users/User/Documents/GitHub/ch32h417/EVT/EXAM/SRC/Peripheral/src\ch32h417_can.c **** 		{
 1855              		.loc 1 820 20
 1856 0044 0D89     		andi	a0,a0,3
 1857 0046 F9BF     		j	.L191
 1858              	.LVL98:
 1859              	.L179:
 829:c:/Users/User/Documents/GitHub/ch32h417/EVT/EXAM/SRC/Peripheral/src\ch32h417_can.c **** 	{
 1860              		.loc 1 829 7 is_stmt 1
 829:c:/Users/User/Documents/GitHub/ch32h417/EVT/EXAM/SRC/Peripheral/src\ch32h417_can.c **** 	{
 1861              		.loc 1 829 10 is_stmt 0
 1862 0048 0947     		li	a4,2
 848:c:/Users/User/Documents/GitHub/ch32h417/EVT/EXAM/SRC/Peripheral/src\ch32h417_can.c **** 	}
 1863              		.loc 1 848 10
 1864 004a 0145     		li	a0,0
 1865              	.LVL99:
 829:c:/Users/User/Documents/GitHub/ch32h417/EVT/EXAM/SRC/Peripheral/src\ch32h417_can.c **** 	{
 1866              		.loc 1 829 10
 1867 004c E39EE5FC 		bne	a1,a4,.L178
 831:c:/Users/User/Documents/GitHub/ch32h417/EVT/EXAM/SRC/Peripheral/src\ch32h417_can.c **** 
 1868              		.loc 1 831 3 is_stmt 1
 831:c:/Users/User/Documents/GitHub/ch32h417/EVT/EXAM/SRC/Peripheral/src\ch32h417_can.c **** 
 1869              		.loc 1 831 32 is_stmt 0
 1870 0050 9843     		lw	a4,0(a5)
 833:c:/Users/User/Documents/GitHub/ch32h417/EVT/EXAM/SRC/Peripheral/src\ch32h417_can.c **** 		{
 1871              		.loc 1 833 60
 1872 0052 0946     		li	a2,2
 831:c:/Users/User/Documents/GitHub/ch32h417/EVT/EXAM/SRC/Peripheral/src\ch32h417_can.c **** 
 1873              		.loc 1 831 16
 1874 0054 719B     		andi	a4,a4,-4
 1875 0056 13672700 		ori	a4,a4,2
 831:c:/Users/User/Documents/GitHub/ch32h417/EVT/EXAM/SRC/Peripheral/src\ch32h417_can.c **** 
 1876              		.loc 1 831 14
 1877 005a 98C3     		sw	a4,0(a5)
 833:c:/Users/User/Documents/GitHub/ch32h417/EVT/EXAM/SRC/Peripheral/src\ch32h417_can.c **** 		{
 1878              		.loc 1 833 3 is_stmt 1
 833:c:/Users/User/Documents/GitHub/ch32h417/EVT/EXAM/SRC/Peripheral/src\ch32h417_can.c **** 		{
 1879              		.loc 1 833 9 is_stmt 0
 1880 005c 4167     		li	a4,65536
 1881              	.LVL100:
 1882              	.L183:
 833:c:/Users/User/Documents/GitHub/ch32h417/EVT/EXAM/SRC/Peripheral/src\ch32h417_can.c **** 		{
 1883              		.loc 1 833 60 is_stmt 1
 833:c:/Users/User/Documents/GitHub/ch32h417/EVT/EXAM/SRC/Peripheral/src\ch32h417_can.c **** 		{
 1884              		.loc 1 833 16 is_stmt 0
 1885 005e D443     		lw	a3,4(a5)
 833:c:/Users/User/Documents/GitHub/ch32h417/EVT/EXAM/SRC/Peripheral/src\ch32h417_can.c **** 		{
 1886              		.loc 1 833 24
 1887 0060 8D8A     		andi	a3,a3,3
 833:c:/Users/User/Documents/GitHub/ch32h417/EVT/EXAM/SRC/Peripheral/src\ch32h417_can.c **** 		{
 1888              		.loc 1 833 60
 1889 0062 6384C600 		beq	a3,a2,.L182
 833:c:/Users/User/Documents/GitHub/ch32h417/EVT/EXAM/SRC/Peripheral/src\ch32h417_can.c **** 		{
 1890              		.loc 1 833 60 discriminator 1
 1891 0066 7D17     		addi	a4,a4,-1
 1892              	.LVL101:
 1893 0068 7DFB     		bne	a4,zero,.L183
 1894              	.LVL102:
 1895              	.L182:
 837:c:/Users/User/Documents/GitHub/ch32h417/EVT/EXAM/SRC/Peripheral/src\ch32h417_can.c **** 		{
 1896              		.loc 1 837 3 is_stmt 1
 837:c:/Users/User/Documents/GitHub/ch32h417/EVT/EXAM/SRC/Peripheral/src\ch32h417_can.c **** 		{
 1897              		.loc 1 837 12 is_stmt 0
 1898 006a C843     		lw	a0,4(a5)
 837:c:/Users/User/Documents/GitHub/ch32h417/EVT/EXAM/SRC/Peripheral/src\ch32h417_can.c **** 		{
 1899              		.loc 1 837 20
 1900 006c 0D89     		andi	a0,a0,3
 837:c:/Users/User/Documents/GitHub/ch32h417/EVT/EXAM/SRC/Peripheral/src\ch32h417_can.c **** 		{
 1901              		.loc 1 837 6
 1902 006e 7915     		addi	a0,a0,-2
 1903 0070 55BF     		j	.L191
 1904              		.cfi_endproc
 1905              	.LFE53:
 1907              		.section	.text.CAN_Sleep,"ax",@progbits
 1908              		.align	1
 1909              		.globl	CAN_Sleep
 1911              	CAN_Sleep:
 1912              	.LFB54:
 853:c:/Users/User/Documents/GitHub/ch32h417/EVT/EXAM/SRC/Peripheral/src\ch32h417_can.c **** 
 854:c:/Users/User/Documents/GitHub/ch32h417/EVT/EXAM/SRC/Peripheral/src\ch32h417_can.c **** /*********************************************************************
 855:c:/Users/User/Documents/GitHub/ch32h417/EVT/EXAM/SRC/Peripheral/src\ch32h417_can.c ****  * @fn      CAN_Sleep
 856:c:/Users/User/Documents/GitHub/ch32h417/EVT/EXAM/SRC/Peripheral/src\ch32h417_can.c ****  *
 857:c:/Users/User/Documents/GitHub/ch32h417/EVT/EXAM/SRC/Peripheral/src\ch32h417_can.c ****  * @brief   Enters the low power mode.
 858:c:/Users/User/Documents/GitHub/ch32h417/EVT/EXAM/SRC/Peripheral/src\ch32h417_can.c ****  *
 859:c:/Users/User/Documents/GitHub/ch32h417/EVT/EXAM/SRC/Peripheral/src\ch32h417_can.c ****  * @param   CANx - where x can be 1...3 to select the CAN peripheral.
 860:c:/Users/User/Documents/GitHub/ch32h417/EVT/EXAM/SRC/Peripheral/src\ch32h417_can.c ****  *
 861:c:/Users/User/Documents/GitHub/ch32h417/EVT/EXAM/SRC/Peripheral/src\ch32h417_can.c ****  * @return  sleepstatus -
 862:c:/Users/User/Documents/GitHub/ch32h417/EVT/EXAM/SRC/Peripheral/src\ch32h417_can.c ****  *            CAN_Sleep_Ok.
 863:c:/Users/User/Documents/GitHub/ch32h417/EVT/EXAM/SRC/Peripheral/src\ch32h417_can.c ****  *            CAN_Sleep_Failed.
 864:c:/Users/User/Documents/GitHub/ch32h417/EVT/EXAM/SRC/Peripheral/src\ch32h417_can.c ****  */
 865:c:/Users/User/Documents/GitHub/ch32h417/EVT/EXAM/SRC/Peripheral/src\ch32h417_can.c **** uint8_t CAN_Sleep(CAN_TypeDef* CANx)
 866:c:/Users/User/Documents/GitHub/ch32h417/EVT/EXAM/SRC/Peripheral/src\ch32h417_can.c **** {
 1913              		.loc 1 866 1 is_stmt 1
 1914              		.cfi_startproc
 1915              	.LVL103:
 867:c:/Users/User/Documents/GitHub/ch32h417/EVT/EXAM/SRC/Peripheral/src\ch32h417_can.c **** 	uint8_t sleepstatus = CAN_Sleep_Failed;
 1916              		.loc 1 867 2
 868:c:/Users/User/Documents/GitHub/ch32h417/EVT/EXAM/SRC/Peripheral/src\ch32h417_can.c **** 
 869:c:/Users/User/Documents/GitHub/ch32h417/EVT/EXAM/SRC/Peripheral/src\ch32h417_can.c **** 	CANx->CTLR = (((CANx->CTLR) & (uint32_t)(~(uint32_t)CAN_CTLR_INRQ)) | CAN_CTLR_SLEEP);
 1917              		.loc 1 869 2
 1918              		.loc 1 869 22 is_stmt 0
 1919 0000 1C41     		lw	a5,0(a0)
 1920              		.loc 1 869 70
 1921 0002 F19B     		andi	a5,a5,-4
 1922 0004 93E72700 		ori	a5,a5,2
 1923              		.loc 1 869 13
 1924 0008 1CC1     		sw	a5,0(a0)
 870:c:/Users/User/Documents/GitHub/ch32h417/EVT/EXAM/SRC/Peripheral/src\ch32h417_can.c **** 	 
 871:c:/Users/User/Documents/GitHub/ch32h417/EVT/EXAM/SRC/Peripheral/src\ch32h417_can.c **** 	if ((CANx->STATR & (CAN_STATR_SLAK|CAN_STATR_INAK)) == CAN_STATR_SLAK)
 1925              		.loc 1 871 2 is_stmt 1
 1926              		.loc 1 871 11 is_stmt 0
 1927 000a 4841     		lw	a0,4(a0)
 1928              	.LVL104:
 872:c:/Users/User/Documents/GitHub/ch32h417/EVT/EXAM/SRC/Peripheral/src\ch32h417_can.c **** 	{
 873:c:/Users/User/Documents/GitHub/ch32h417/EVT/EXAM/SRC/Peripheral/src\ch32h417_can.c **** 		sleepstatus =  CAN_Sleep_Ok;
 874:c:/Users/User/Documents/GitHub/ch32h417/EVT/EXAM/SRC/Peripheral/src\ch32h417_can.c **** 	}
 875:c:/Users/User/Documents/GitHub/ch32h417/EVT/EXAM/SRC/Peripheral/src\ch32h417_can.c **** 	
 876:c:/Users/User/Documents/GitHub/ch32h417/EVT/EXAM/SRC/Peripheral/src\ch32h417_can.c **** 	return (uint8_t)sleepstatus;
 1929              		.loc 1 876 2 is_stmt 1
 871:c:/Users/User/Documents/GitHub/ch32h417/EVT/EXAM/SRC/Peripheral/src\ch32h417_can.c **** 	{
 1930              		.loc 1 871 19 is_stmt 0
 1931 000c 0D89     		andi	a0,a0,3
 1932              	.LVL105:
 871:c:/Users/User/Documents/GitHub/ch32h417/EVT/EXAM/SRC/Peripheral/src\ch32h417_can.c **** 	{
 1933              		.loc 1 871 5
 1934 000e 7915     		addi	a0,a0,-2
 877:c:/Users/User/Documents/GitHub/ch32h417/EVT/EXAM/SRC/Peripheral/src\ch32h417_can.c **** }
 1935              		.loc 1 877 1
 1936 0010 13351500 		seqz	a0,a0
 1937 0014 8280     		ret
 1938              		.cfi_endproc
 1939              	.LFE54:
 1941              		.section	.text.CAN_WakeUp,"ax",@progbits
 1942              		.align	1
 1943              		.globl	CAN_WakeUp
 1945              	CAN_WakeUp:
 1946              	.LFB55:
 878:c:/Users/User/Documents/GitHub/ch32h417/EVT/EXAM/SRC/Peripheral/src\ch32h417_can.c **** 
 879:c:/Users/User/Documents/GitHub/ch32h417/EVT/EXAM/SRC/Peripheral/src\ch32h417_can.c **** /*********************************************************************
 880:c:/Users/User/Documents/GitHub/ch32h417/EVT/EXAM/SRC/Peripheral/src\ch32h417_can.c ****  * @fn      CAN_WakeUp
 881:c:/Users/User/Documents/GitHub/ch32h417/EVT/EXAM/SRC/Peripheral/src\ch32h417_can.c ****  *
 882:c:/Users/User/Documents/GitHub/ch32h417/EVT/EXAM/SRC/Peripheral/src\ch32h417_can.c ****  * @brief   Wakes the CAN up.
 883:c:/Users/User/Documents/GitHub/ch32h417/EVT/EXAM/SRC/Peripheral/src\ch32h417_can.c ****  *
 884:c:/Users/User/Documents/GitHub/ch32h417/EVT/EXAM/SRC/Peripheral/src\ch32h417_can.c ****  * @param   CANx - where x can be 1...3 to select the CAN peripheral.
 885:c:/Users/User/Documents/GitHub/ch32h417/EVT/EXAM/SRC/Peripheral/src\ch32h417_can.c ****  *
 886:c:/Users/User/Documents/GitHub/ch32h417/EVT/EXAM/SRC/Peripheral/src\ch32h417_can.c ****  * @return  wakeupstatus -
 887:c:/Users/User/Documents/GitHub/ch32h417/EVT/EXAM/SRC/Peripheral/src\ch32h417_can.c ****  *            CAN_WakeUp_Ok.
 888:c:/Users/User/Documents/GitHub/ch32h417/EVT/EXAM/SRC/Peripheral/src\ch32h417_can.c ****  *            CAN_WakeUp_Failed.
 889:c:/Users/User/Documents/GitHub/ch32h417/EVT/EXAM/SRC/Peripheral/src\ch32h417_can.c ****  */
 890:c:/Users/User/Documents/GitHub/ch32h417/EVT/EXAM/SRC/Peripheral/src\ch32h417_can.c **** uint8_t CAN_WakeUp(CAN_TypeDef* CANx)
 891:c:/Users/User/Documents/GitHub/ch32h417/EVT/EXAM/SRC/Peripheral/src\ch32h417_can.c **** {
 1947              		.loc 1 891 1 is_stmt 1
 1948              		.cfi_startproc
 1949              	.LVL106:
 892:c:/Users/User/Documents/GitHub/ch32h417/EVT/EXAM/SRC/Peripheral/src\ch32h417_can.c **** 	uint32_t wait_slak = SLAK_TIMEOUT;
 1950              		.loc 1 892 2
 893:c:/Users/User/Documents/GitHub/ch32h417/EVT/EXAM/SRC/Peripheral/src\ch32h417_can.c **** 	uint8_t wakeupstatus = CAN_WakeUp_Failed;
 1951              		.loc 1 893 2
 894:c:/Users/User/Documents/GitHub/ch32h417/EVT/EXAM/SRC/Peripheral/src\ch32h417_can.c **** 		
 895:c:/Users/User/Documents/GitHub/ch32h417/EVT/EXAM/SRC/Peripheral/src\ch32h417_can.c **** 	CANx->CTLR &= ~(uint32_t)CAN_CTLR_SLEEP;
 1952              		.loc 1 895 2
 1953              		.loc 1 895 6 is_stmt 0
 1954 0000 1C41     		lw	a5,0(a0)
 1955              		.loc 1 895 13
 1956 0002 F59B     		andi	a5,a5,-3
 1957 0004 1CC1     		sw	a5,0(a0)
 896:c:/Users/User/Documents/GitHub/ch32h417/EVT/EXAM/SRC/Peripheral/src\ch32h417_can.c **** 		
 897:c:/Users/User/Documents/GitHub/ch32h417/EVT/EXAM/SRC/Peripheral/src\ch32h417_can.c **** 	while(((CANx->STATR & CAN_STATR_SLAK) == CAN_STATR_SLAK)&&(wait_slak!=0x00))
 1958              		.loc 1 897 2 is_stmt 1
 1959              		.loc 1 897 7 is_stmt 0
 1960 0006 C167     		li	a5,65536
 1961              	.LVL107:
 1962              	.L195:
 1963              		.loc 1 897 58 is_stmt 1
 1964              		.loc 1 897 14 is_stmt 0
 1965 0008 5841     		lw	a4,4(a0)
 1966              		.loc 1 897 22
 1967 000a 098B     		andi	a4,a4,2
 1968              		.loc 1 897 58
 1969 000c 19C3     		beq	a4,zero,.L194
 1970              		.loc 1 897 58 discriminator 1
 1971 000e FD17     		addi	a5,a5,-1
 1972              	.LVL108:
 1973 0010 E5FF     		bne	a5,zero,.L195
 1974              	.LVL109:
 1975              	.L194:
 898:c:/Users/User/Documents/GitHub/ch32h417/EVT/EXAM/SRC/Peripheral/src\ch32h417_can.c **** 	{
 899:c:/Users/User/Documents/GitHub/ch32h417/EVT/EXAM/SRC/Peripheral/src\ch32h417_can.c **** 		 wait_slak--;
 900:c:/Users/User/Documents/GitHub/ch32h417/EVT/EXAM/SRC/Peripheral/src\ch32h417_can.c **** 	}
 901:c:/Users/User/Documents/GitHub/ch32h417/EVT/EXAM/SRC/Peripheral/src\ch32h417_can.c **** 	if((CANx->STATR & CAN_STATR_SLAK) != CAN_STATR_SLAK)
 1976              		.loc 1 901 2 is_stmt 1
 1977              		.loc 1 901 10 is_stmt 0
 1978 0012 4841     		lw	a0,4(a0)
 1979              	.LVL110:
 902:c:/Users/User/Documents/GitHub/ch32h417/EVT/EXAM/SRC/Peripheral/src\ch32h417_can.c **** 	{
 903:c:/Users/User/Documents/GitHub/ch32h417/EVT/EXAM/SRC/Peripheral/src\ch32h417_can.c **** 		wakeupstatus = CAN_WakeUp_Ok;
 904:c:/Users/User/Documents/GitHub/ch32h417/EVT/EXAM/SRC/Peripheral/src\ch32h417_can.c **** 	}
 905:c:/Users/User/Documents/GitHub/ch32h417/EVT/EXAM/SRC/Peripheral/src\ch32h417_can.c **** 
 906:c:/Users/User/Documents/GitHub/ch32h417/EVT/EXAM/SRC/Peripheral/src\ch32h417_can.c **** 	return (uint8_t)wakeupstatus;
 1980              		.loc 1 906 2 is_stmt 1
 901:c:/Users/User/Documents/GitHub/ch32h417/EVT/EXAM/SRC/Peripheral/src\ch32h417_can.c **** 	{
 1981              		.loc 1 901 4 is_stmt 0
 1982 0014 13452500 		xori	a0,a0,2
 1983              	.LVL111:
 907:c:/Users/User/Documents/GitHub/ch32h417/EVT/EXAM/SRC/Peripheral/src\ch32h417_can.c **** }
 1984              		.loc 1 907 1
 1985 0018 13551548 		bexti	a0,a0,1
 1986              	.LVL112:
 1987 001c 8280     		ret
 1988              		.cfi_endproc
 1989              	.LFE55:
 1991              		.section	.text.CAN_GetLastErrorCode,"ax",@progbits
 1992              		.align	1
 1993              		.globl	CAN_GetLastErrorCode
 1995              	CAN_GetLastErrorCode:
 1996              	.LFB56:
 908:c:/Users/User/Documents/GitHub/ch32h417/EVT/EXAM/SRC/Peripheral/src\ch32h417_can.c **** 
 909:c:/Users/User/Documents/GitHub/ch32h417/EVT/EXAM/SRC/Peripheral/src\ch32h417_can.c **** /*********************************************************************
 910:c:/Users/User/Documents/GitHub/ch32h417/EVT/EXAM/SRC/Peripheral/src\ch32h417_can.c ****  * @fn      CAN_GetLastErrorCode
 911:c:/Users/User/Documents/GitHub/ch32h417/EVT/EXAM/SRC/Peripheral/src\ch32h417_can.c ****  *
 912:c:/Users/User/Documents/GitHub/ch32h417/EVT/EXAM/SRC/Peripheral/src\ch32h417_can.c ****  * @brief   Returns the CANx's last error code (LEC).
 913:c:/Users/User/Documents/GitHub/ch32h417/EVT/EXAM/SRC/Peripheral/src\ch32h417_can.c ****  *
 914:c:/Users/User/Documents/GitHub/ch32h417/EVT/EXAM/SRC/Peripheral/src\ch32h417_can.c ****  * @param   CANx - where x can be 1...3 to select the CAN peripheral.
 915:c:/Users/User/Documents/GitHub/ch32h417/EVT/EXAM/SRC/Peripheral/src\ch32h417_can.c ****  *
 916:c:/Users/User/Documents/GitHub/ch32h417/EVT/EXAM/SRC/Peripheral/src\ch32h417_can.c ****  * @return  errorcode - specifies the Error code.
 917:c:/Users/User/Documents/GitHub/ch32h417/EVT/EXAM/SRC/Peripheral/src\ch32h417_can.c ****  *            CAN_ErrorCode_NoErr - No Error.
 918:c:/Users/User/Documents/GitHub/ch32h417/EVT/EXAM/SRC/Peripheral/src\ch32h417_can.c ****  *            CAN_ErrorCode_StuffErr - Stuff Error.
 919:c:/Users/User/Documents/GitHub/ch32h417/EVT/EXAM/SRC/Peripheral/src\ch32h417_can.c ****  *            CAN_ErrorCode_FormErr - Form Error.
 920:c:/Users/User/Documents/GitHub/ch32h417/EVT/EXAM/SRC/Peripheral/src\ch32h417_can.c ****  *            CAN_ErrorCode_ACKErr - Acknowledgment Error.
 921:c:/Users/User/Documents/GitHub/ch32h417/EVT/EXAM/SRC/Peripheral/src\ch32h417_can.c ****  *            CAN_ErrorCode_BitRecessiveErr - Bit Recessive Error.
 922:c:/Users/User/Documents/GitHub/ch32h417/EVT/EXAM/SRC/Peripheral/src\ch32h417_can.c ****  *            CAN_ErrorCode_BitDominantErr - Bit Dominant Error.
 923:c:/Users/User/Documents/GitHub/ch32h417/EVT/EXAM/SRC/Peripheral/src\ch32h417_can.c ****  *            CAN_ErrorCode_CRCErr - CRC Error.
 924:c:/Users/User/Documents/GitHub/ch32h417/EVT/EXAM/SRC/Peripheral/src\ch32h417_can.c ****  *            CAN_ErrorCode_SoftwareSetErr - Software Set Error.
 925:c:/Users/User/Documents/GitHub/ch32h417/EVT/EXAM/SRC/Peripheral/src\ch32h417_can.c ****  */
 926:c:/Users/User/Documents/GitHub/ch32h417/EVT/EXAM/SRC/Peripheral/src\ch32h417_can.c **** uint8_t CAN_GetLastErrorCode(CAN_TypeDef* CANx)
 927:c:/Users/User/Documents/GitHub/ch32h417/EVT/EXAM/SRC/Peripheral/src\ch32h417_can.c **** {
 1997              		.loc 1 927 1 is_stmt 1
 1998              		.cfi_startproc
 1999              	.LVL113:
 928:c:/Users/User/Documents/GitHub/ch32h417/EVT/EXAM/SRC/Peripheral/src\ch32h417_can.c **** 	uint8_t errorcode=0;
 2000              		.loc 1 928 2
 929:c:/Users/User/Documents/GitHub/ch32h417/EVT/EXAM/SRC/Peripheral/src\ch32h417_can.c **** 	
 930:c:/Users/User/Documents/GitHub/ch32h417/EVT/EXAM/SRC/Peripheral/src\ch32h417_can.c **** 	errorcode = (((uint8_t)CANx->ERRSR) & (uint8_t)CAN_ERRSR_LEC);
 2001              		.loc 1 930 2
 2002              		.loc 1 930 29 is_stmt 0
 2003 0000 084D     		lw	a0,24(a0)
 2004              	.LVL114:
 931:c:/Users/User/Documents/GitHub/ch32h417/EVT/EXAM/SRC/Peripheral/src\ch32h417_can.c **** 	
 932:c:/Users/User/Documents/GitHub/ch32h417/EVT/EXAM/SRC/Peripheral/src\ch32h417_can.c **** 	return errorcode;
 2005              		.loc 1 932 2 is_stmt 1
 933:c:/Users/User/Documents/GitHub/ch32h417/EVT/EXAM/SRC/Peripheral/src\ch32h417_can.c **** }
 2006              		.loc 1 933 1 is_stmt 0
 2007 0002 13750507 		andi	a0,a0,112
 2008              	.LVL115:
 2009 0006 8280     		ret
 2010              		.cfi_endproc
 2011              	.LFE56:
 2013              		.section	.text.CAN_GetReceiveErrorCounter,"ax",@progbits
 2014              		.align	1
 2015              		.globl	CAN_GetReceiveErrorCounter
 2017              	CAN_GetReceiveErrorCounter:
 2018              	.LFB57:
 934:c:/Users/User/Documents/GitHub/ch32h417/EVT/EXAM/SRC/Peripheral/src\ch32h417_can.c **** 
 935:c:/Users/User/Documents/GitHub/ch32h417/EVT/EXAM/SRC/Peripheral/src\ch32h417_can.c **** /*********************************************************************
 936:c:/Users/User/Documents/GitHub/ch32h417/EVT/EXAM/SRC/Peripheral/src\ch32h417_can.c ****  * @fn      CAN_GetReceiveErrorCounter
 937:c:/Users/User/Documents/GitHub/ch32h417/EVT/EXAM/SRC/Peripheral/src\ch32h417_can.c ****  *
 938:c:/Users/User/Documents/GitHub/ch32h417/EVT/EXAM/SRC/Peripheral/src\ch32h417_can.c ****  * @brief   Returns the CANx Receive Error Counter (REC).
 939:c:/Users/User/Documents/GitHub/ch32h417/EVT/EXAM/SRC/Peripheral/src\ch32h417_can.c ****  *
 940:c:/Users/User/Documents/GitHub/ch32h417/EVT/EXAM/SRC/Peripheral/src\ch32h417_can.c ****  * @param   CANx - where x can be 1...3 to select the CAN peripheral.
 941:c:/Users/User/Documents/GitHub/ch32h417/EVT/EXAM/SRC/Peripheral/src\ch32h417_can.c ****  *         Note-   
 942:c:/Users/User/Documents/GitHub/ch32h417/EVT/EXAM/SRC/Peripheral/src\ch32h417_can.c ****  *         In case of an error during reception, this counter is incremented 
 943:c:/Users/User/Documents/GitHub/ch32h417/EVT/EXAM/SRC/Peripheral/src\ch32h417_can.c ****  *         by 1 or by 8 depending on the error condition as defined by the CAN 
 944:c:/Users/User/Documents/GitHub/ch32h417/EVT/EXAM/SRC/Peripheral/src\ch32h417_can.c ****  *         standard. After every successful reception, the counter is 
 945:c:/Users/User/Documents/GitHub/ch32h417/EVT/EXAM/SRC/Peripheral/src\ch32h417_can.c ****  *         decremented by 1 or reset to 120 if its value was higher than 128. 
 946:c:/Users/User/Documents/GitHub/ch32h417/EVT/EXAM/SRC/Peripheral/src\ch32h417_can.c ****  *         When the counter value exceeds 127, the CAN controller enters the 
 947:c:/Users/User/Documents/GitHub/ch32h417/EVT/EXAM/SRC/Peripheral/src\ch32h417_can.c ****  *         error passive state.  
 948:c:/Users/User/Documents/GitHub/ch32h417/EVT/EXAM/SRC/Peripheral/src\ch32h417_can.c ****  * @return  counter - CAN Receive Error Counter.
 949:c:/Users/User/Documents/GitHub/ch32h417/EVT/EXAM/SRC/Peripheral/src\ch32h417_can.c ****  */
 950:c:/Users/User/Documents/GitHub/ch32h417/EVT/EXAM/SRC/Peripheral/src\ch32h417_can.c **** uint8_t CAN_GetReceiveErrorCounter(CAN_TypeDef* CANx)
 951:c:/Users/User/Documents/GitHub/ch32h417/EVT/EXAM/SRC/Peripheral/src\ch32h417_can.c **** {
 2019              		.loc 1 951 1 is_stmt 1
 2020              		.cfi_startproc
 2021              	.LVL116:
 952:c:/Users/User/Documents/GitHub/ch32h417/EVT/EXAM/SRC/Peripheral/src\ch32h417_can.c **** 	uint8_t counter=0;
 2022              		.loc 1 952 2
 953:c:/Users/User/Documents/GitHub/ch32h417/EVT/EXAM/SRC/Peripheral/src\ch32h417_can.c **** 	 
 954:c:/Users/User/Documents/GitHub/ch32h417/EVT/EXAM/SRC/Peripheral/src\ch32h417_can.c **** 	counter = (uint8_t)((CANx->ERRSR & CAN_ERRSR_REC)>> 24);
 2023              		.loc 1 954 2
 2024              		.loc 1 954 27 is_stmt 0
 2025 0000 084D     		lw	a0,24(a0)
 2026              	.LVL117:
 955:c:/Users/User/Documents/GitHub/ch32h417/EVT/EXAM/SRC/Peripheral/src\ch32h417_can.c **** 	
 956:c:/Users/User/Documents/GitHub/ch32h417/EVT/EXAM/SRC/Peripheral/src\ch32h417_can.c **** 	return counter;
 2027              		.loc 1 956 2 is_stmt 1
 957:c:/Users/User/Documents/GitHub/ch32h417/EVT/EXAM/SRC/Peripheral/src\ch32h417_can.c **** }
 2028              		.loc 1 957 1 is_stmt 0
 2029 0002 6181     		srli	a0,a0,24
 2030              	.LVL118:
 2031 0004 8280     		ret
 2032              		.cfi_endproc
 2033              	.LFE57:
 2035              		.section	.text.CAN_GetLSBTransmitErrorCounter,"ax",@progbits
 2036              		.align	1
 2037              		.globl	CAN_GetLSBTransmitErrorCounter
 2039              	CAN_GetLSBTransmitErrorCounter:
 2040              	.LFB58:
 958:c:/Users/User/Documents/GitHub/ch32h417/EVT/EXAM/SRC/Peripheral/src\ch32h417_can.c **** 
 959:c:/Users/User/Documents/GitHub/ch32h417/EVT/EXAM/SRC/Peripheral/src\ch32h417_can.c **** /*********************************************************************
 960:c:/Users/User/Documents/GitHub/ch32h417/EVT/EXAM/SRC/Peripheral/src\ch32h417_can.c ****  * @fn      CAN_GetLSBTransmitErrorCounter
 961:c:/Users/User/Documents/GitHub/ch32h417/EVT/EXAM/SRC/Peripheral/src\ch32h417_can.c ****  *
 962:c:/Users/User/Documents/GitHub/ch32h417/EVT/EXAM/SRC/Peripheral/src\ch32h417_can.c ****  * @brief   Returns the LSB of the 9-bit CANx Transmit Error Counter(TEC).
 963:c:/Users/User/Documents/GitHub/ch32h417/EVT/EXAM/SRC/Peripheral/src\ch32h417_can.c ****  *
 964:c:/Users/User/Documents/GitHub/ch32h417/EVT/EXAM/SRC/Peripheral/src\ch32h417_can.c ****  * @param   CANx - where x can be 1...3 to select the CAN peripheral.
 965:c:/Users/User/Documents/GitHub/ch32h417/EVT/EXAM/SRC/Peripheral/src\ch32h417_can.c ****  *
 966:c:/Users/User/Documents/GitHub/ch32h417/EVT/EXAM/SRC/Peripheral/src\ch32h417_can.c ****  * @return  counter - LSB of the 9-bit CAN Transmit Error Counter.
 967:c:/Users/User/Documents/GitHub/ch32h417/EVT/EXAM/SRC/Peripheral/src\ch32h417_can.c ****  */
 968:c:/Users/User/Documents/GitHub/ch32h417/EVT/EXAM/SRC/Peripheral/src\ch32h417_can.c **** uint8_t CAN_GetLSBTransmitErrorCounter(CAN_TypeDef* CANx)
 969:c:/Users/User/Documents/GitHub/ch32h417/EVT/EXAM/SRC/Peripheral/src\ch32h417_can.c **** {
 2041              		.loc 1 969 1 is_stmt 1
 2042              		.cfi_startproc
 2043              	.LVL119:
 970:c:/Users/User/Documents/GitHub/ch32h417/EVT/EXAM/SRC/Peripheral/src\ch32h417_can.c **** 	uint8_t counter=0;
 2044              		.loc 1 970 2
 971:c:/Users/User/Documents/GitHub/ch32h417/EVT/EXAM/SRC/Peripheral/src\ch32h417_can.c **** 	
 972:c:/Users/User/Documents/GitHub/ch32h417/EVT/EXAM/SRC/Peripheral/src\ch32h417_can.c **** 	counter = (uint8_t)((CANx->ERRSR & CAN_ERRSR_TEC)>> 16);
 2045              		.loc 1 972 2
 2046              		.loc 1 972 27 is_stmt 0
 2047 0000 084D     		lw	a0,24(a0)
 2048              	.LVL120:
 973:c:/Users/User/Documents/GitHub/ch32h417/EVT/EXAM/SRC/Peripheral/src\ch32h417_can.c **** 	
 974:c:/Users/User/Documents/GitHub/ch32h417/EVT/EXAM/SRC/Peripheral/src\ch32h417_can.c **** 	return counter;
 2049              		.loc 1 974 2 is_stmt 1
 972:c:/Users/User/Documents/GitHub/ch32h417/EVT/EXAM/SRC/Peripheral/src\ch32h417_can.c **** 	
 2050              		.loc 1 972 51 is_stmt 0
 2051 0002 4181     		srli	a0,a0,16
 2052              	.LVL121:
 975:c:/Users/User/Documents/GitHub/ch32h417/EVT/EXAM/SRC/Peripheral/src\ch32h417_can.c **** }
 2053              		.loc 1 975 1
 2054 0004 1375F50F 		andi	a0,a0,0xff
 2055 0008 8280     		ret
 2056              		.cfi_endproc
 2057              	.LFE58:
 2059              		.section	.text.CAN_ITConfig,"ax",@progbits
 2060              		.align	1
 2061              		.globl	CAN_ITConfig
 2063              	CAN_ITConfig:
 2064              	.LFB59:
 976:c:/Users/User/Documents/GitHub/ch32h417/EVT/EXAM/SRC/Peripheral/src\ch32h417_can.c **** 
 977:c:/Users/User/Documents/GitHub/ch32h417/EVT/EXAM/SRC/Peripheral/src\ch32h417_can.c **** /*********************************************************************
 978:c:/Users/User/Documents/GitHub/ch32h417/EVT/EXAM/SRC/Peripheral/src\ch32h417_can.c ****  * @fn      CAN_ITConfig
 979:c:/Users/User/Documents/GitHub/ch32h417/EVT/EXAM/SRC/Peripheral/src\ch32h417_can.c ****  *
 980:c:/Users/User/Documents/GitHub/ch32h417/EVT/EXAM/SRC/Peripheral/src\ch32h417_can.c ****  * @brief   Enables or disables the specified CANx interrupts.
 981:c:/Users/User/Documents/GitHub/ch32h417/EVT/EXAM/SRC/Peripheral/src\ch32h417_can.c ****  *
 982:c:/Users/User/Documents/GitHub/ch32h417/EVT/EXAM/SRC/Peripheral/src\ch32h417_can.c ****  * @param   CANx - where x can be 1...3 to select the CAN peripheral.
 983:c:/Users/User/Documents/GitHub/ch32h417/EVT/EXAM/SRC/Peripheral/src\ch32h417_can.c ****  *          CAN_IT - specifies the CAN interrupt sources to be enabled or disabled.
 984:c:/Users/User/Documents/GitHub/ch32h417/EVT/EXAM/SRC/Peripheral/src\ch32h417_can.c ****  *            CAN_IT_TME.
 985:c:/Users/User/Documents/GitHub/ch32h417/EVT/EXAM/SRC/Peripheral/src\ch32h417_can.c ****  *            CAN_IT_FMP0.
 986:c:/Users/User/Documents/GitHub/ch32h417/EVT/EXAM/SRC/Peripheral/src\ch32h417_can.c ****  *            CAN_IT_FF0.
 987:c:/Users/User/Documents/GitHub/ch32h417/EVT/EXAM/SRC/Peripheral/src\ch32h417_can.c ****  *            CAN_IT_FOV0.
 988:c:/Users/User/Documents/GitHub/ch32h417/EVT/EXAM/SRC/Peripheral/src\ch32h417_can.c ****  *            CAN_IT_FMP1.
 989:c:/Users/User/Documents/GitHub/ch32h417/EVT/EXAM/SRC/Peripheral/src\ch32h417_can.c ****  *            CAN_IT_FF1.
 990:c:/Users/User/Documents/GitHub/ch32h417/EVT/EXAM/SRC/Peripheral/src\ch32h417_can.c ****  *            CAN_IT_FOV1.
 991:c:/Users/User/Documents/GitHub/ch32h417/EVT/EXAM/SRC/Peripheral/src\ch32h417_can.c ****  *            CAN_IT_EWG.
 992:c:/Users/User/Documents/GitHub/ch32h417/EVT/EXAM/SRC/Peripheral/src\ch32h417_can.c ****  *            CAN_IT_EPV.
 993:c:/Users/User/Documents/GitHub/ch32h417/EVT/EXAM/SRC/Peripheral/src\ch32h417_can.c ****  *            CAN_IT_LEC.
 994:c:/Users/User/Documents/GitHub/ch32h417/EVT/EXAM/SRC/Peripheral/src\ch32h417_can.c ****  *            CAN_IT_ERR.
 995:c:/Users/User/Documents/GitHub/ch32h417/EVT/EXAM/SRC/Peripheral/src\ch32h417_can.c ****  *            CAN_IT_WKU.
 996:c:/Users/User/Documents/GitHub/ch32h417/EVT/EXAM/SRC/Peripheral/src\ch32h417_can.c ****  *            CAN_IT_SLK.
 997:c:/Users/User/Documents/GitHub/ch32h417/EVT/EXAM/SRC/Peripheral/src\ch32h417_can.c ****  *          NewState - ENABLE or DISABLE.
 998:c:/Users/User/Documents/GitHub/ch32h417/EVT/EXAM/SRC/Peripheral/src\ch32h417_can.c ****  *
 999:c:/Users/User/Documents/GitHub/ch32h417/EVT/EXAM/SRC/Peripheral/src\ch32h417_can.c ****  * @return  counter - LSB of the 9-bit CAN Transmit Error Counter.
1000:c:/Users/User/Documents/GitHub/ch32h417/EVT/EXAM/SRC/Peripheral/src\ch32h417_can.c ****  */
1001:c:/Users/User/Documents/GitHub/ch32h417/EVT/EXAM/SRC/Peripheral/src\ch32h417_can.c **** void CAN_ITConfig(CAN_TypeDef* CANx, uint32_t CAN_IT, FunctionalState NewState)
1002:c:/Users/User/Documents/GitHub/ch32h417/EVT/EXAM/SRC/Peripheral/src\ch32h417_can.c **** {
 2065              		.loc 1 1002 1 is_stmt 1
 2066              		.cfi_startproc
 2067              	.LVL122:
1003:c:/Users/User/Documents/GitHub/ch32h417/EVT/EXAM/SRC/Peripheral/src\ch32h417_can.c **** 	if (NewState != DISABLE)
 2068              		.loc 1 1003 2
1004:c:/Users/User/Documents/GitHub/ch32h417/EVT/EXAM/SRC/Peripheral/src\ch32h417_can.c **** 	{
1005:c:/Users/User/Documents/GitHub/ch32h417/EVT/EXAM/SRC/Peripheral/src\ch32h417_can.c **** 		CANx->INTENR |= CAN_IT;
 2069              		.loc 1 1005 7 is_stmt 0
 2070 0000 5C49     		lw	a5,20(a0)
1003:c:/Users/User/Documents/GitHub/ch32h417/EVT/EXAM/SRC/Peripheral/src\ch32h417_can.c **** 	if (NewState != DISABLE)
 2071              		.loc 1 1003 5
 2072 0002 01C6     		beq	a2,zero,.L204
 2073              		.loc 1 1005 3 is_stmt 1
 2074              		.loc 1 1005 16 is_stmt 0
 2075 0004 CD8F     		or	a5,a5,a1
 2076 0006 5CC9     		sw	a5,20(a0)
 2077 0008 8280     		ret
 2078              	.L204:
1006:c:/Users/User/Documents/GitHub/ch32h417/EVT/EXAM/SRC/Peripheral/src\ch32h417_can.c **** 	}
1007:c:/Users/User/Documents/GitHub/ch32h417/EVT/EXAM/SRC/Peripheral/src\ch32h417_can.c **** 	else
1008:c:/Users/User/Documents/GitHub/ch32h417/EVT/EXAM/SRC/Peripheral/src\ch32h417_can.c **** 	{
1009:c:/Users/User/Documents/GitHub/ch32h417/EVT/EXAM/SRC/Peripheral/src\ch32h417_can.c **** 		CANx->INTENR &= ~CAN_IT;
 2079              		.loc 1 1009 3 is_stmt 1
 2080              		.loc 1 1009 16 is_stmt 0
 2081 000a B3F5B740 		andn	a1,a5,a1
 2082              	.LVL123:
 2083 000e 4CC9     		sw	a1,20(a0)
1010:c:/Users/User/Documents/GitHub/ch32h417/EVT/EXAM/SRC/Peripheral/src\ch32h417_can.c **** 	}
1011:c:/Users/User/Documents/GitHub/ch32h417/EVT/EXAM/SRC/Peripheral/src\ch32h417_can.c **** }
 2084              		.loc 1 1011 1
 2085 0010 8280     		ret
 2086              		.cfi_endproc
 2087              	.LFE59:
 2089              		.section	.text.CAN_GetFlagStatus,"ax",@progbits
 2090              		.align	1
 2091              		.globl	CAN_GetFlagStatus
 2093              	CAN_GetFlagStatus:
 2094              	.LFB60:
1012:c:/Users/User/Documents/GitHub/ch32h417/EVT/EXAM/SRC/Peripheral/src\ch32h417_can.c **** 
1013:c:/Users/User/Documents/GitHub/ch32h417/EVT/EXAM/SRC/Peripheral/src\ch32h417_can.c **** /*********************************************************************
1014:c:/Users/User/Documents/GitHub/ch32h417/EVT/EXAM/SRC/Peripheral/src\ch32h417_can.c ****  * @fn      CAN_GetFlagStatus
1015:c:/Users/User/Documents/GitHub/ch32h417/EVT/EXAM/SRC/Peripheral/src\ch32h417_can.c ****  *
1016:c:/Users/User/Documents/GitHub/ch32h417/EVT/EXAM/SRC/Peripheral/src\ch32h417_can.c ****  * @brief   Checks whether the specified CAN flag is set or not.
1017:c:/Users/User/Documents/GitHub/ch32h417/EVT/EXAM/SRC/Peripheral/src\ch32h417_can.c ****  *
1018:c:/Users/User/Documents/GitHub/ch32h417/EVT/EXAM/SRC/Peripheral/src\ch32h417_can.c ****  * @param   CANx - where x can be 1...3 to select the CAN peripheral.
1019:c:/Users/User/Documents/GitHub/ch32h417/EVT/EXAM/SRC/Peripheral/src\ch32h417_can.c ****  *          CAN_FLAG - specifies the flag to check.
1020:c:/Users/User/Documents/GitHub/ch32h417/EVT/EXAM/SRC/Peripheral/src\ch32h417_can.c ****  *            CAN_FLAG_EWG.
1021:c:/Users/User/Documents/GitHub/ch32h417/EVT/EXAM/SRC/Peripheral/src\ch32h417_can.c ****  *            CAN_FLAG_EPV.
1022:c:/Users/User/Documents/GitHub/ch32h417/EVT/EXAM/SRC/Peripheral/src\ch32h417_can.c ****  *            CAN_FLAG_BOF.
1023:c:/Users/User/Documents/GitHub/ch32h417/EVT/EXAM/SRC/Peripheral/src\ch32h417_can.c ****  *            CAN_FLAG_RQCP0.
1024:c:/Users/User/Documents/GitHub/ch32h417/EVT/EXAM/SRC/Peripheral/src\ch32h417_can.c ****  *            CAN_FLAG_RQCP1.
1025:c:/Users/User/Documents/GitHub/ch32h417/EVT/EXAM/SRC/Peripheral/src\ch32h417_can.c ****  *            CAN_FLAG_RQCP2.
1026:c:/Users/User/Documents/GitHub/ch32h417/EVT/EXAM/SRC/Peripheral/src\ch32h417_can.c ****  *            CAN_FLAG_FMP1.
1027:c:/Users/User/Documents/GitHub/ch32h417/EVT/EXAM/SRC/Peripheral/src\ch32h417_can.c ****  *            CAN_FLAG_FF1.
1028:c:/Users/User/Documents/GitHub/ch32h417/EVT/EXAM/SRC/Peripheral/src\ch32h417_can.c ****  *            CAN_FLAG_FOV1.
1029:c:/Users/User/Documents/GitHub/ch32h417/EVT/EXAM/SRC/Peripheral/src\ch32h417_can.c ****  *            CAN_FLAG_FMP0.
1030:c:/Users/User/Documents/GitHub/ch32h417/EVT/EXAM/SRC/Peripheral/src\ch32h417_can.c ****  *            CAN_FLAG_FF0.
1031:c:/Users/User/Documents/GitHub/ch32h417/EVT/EXAM/SRC/Peripheral/src\ch32h417_can.c ****  *            CAN_FLAG_FOV0.
1032:c:/Users/User/Documents/GitHub/ch32h417/EVT/EXAM/SRC/Peripheral/src\ch32h417_can.c ****  *            CAN_FLAG_WKU.
1033:c:/Users/User/Documents/GitHub/ch32h417/EVT/EXAM/SRC/Peripheral/src\ch32h417_can.c ****  *            CAN_FLAG_SLAK.
1034:c:/Users/User/Documents/GitHub/ch32h417/EVT/EXAM/SRC/Peripheral/src\ch32h417_can.c ****  *            CAN_FLAG_LEC.
1035:c:/Users/User/Documents/GitHub/ch32h417/EVT/EXAM/SRC/Peripheral/src\ch32h417_can.c ****  *          NewState - ENABLE or DISABLE.
1036:c:/Users/User/Documents/GitHub/ch32h417/EVT/EXAM/SRC/Peripheral/src\ch32h417_can.c ****  *
1037:c:/Users/User/Documents/GitHub/ch32h417/EVT/EXAM/SRC/Peripheral/src\ch32h417_can.c ****  * @return  FlagStatus - SET or RESET.
1038:c:/Users/User/Documents/GitHub/ch32h417/EVT/EXAM/SRC/Peripheral/src\ch32h417_can.c ****  */
1039:c:/Users/User/Documents/GitHub/ch32h417/EVT/EXAM/SRC/Peripheral/src\ch32h417_can.c **** FlagStatus CAN_GetFlagStatus(CAN_TypeDef* CANx, uint32_t CAN_FLAG)
1040:c:/Users/User/Documents/GitHub/ch32h417/EVT/EXAM/SRC/Peripheral/src\ch32h417_can.c **** {
 2095              		.loc 1 1040 1 is_stmt 1
 2096              		.cfi_startproc
 2097              	.LVL124:
1041:c:/Users/User/Documents/GitHub/ch32h417/EVT/EXAM/SRC/Peripheral/src\ch32h417_can.c **** 	FlagStatus bitstatus = RESET;
 2098              		.loc 1 1041 2
1042:c:/Users/User/Documents/GitHub/ch32h417/EVT/EXAM/SRC/Peripheral/src\ch32h417_can.c **** 	
1043:c:/Users/User/Documents/GitHub/ch32h417/EVT/EXAM/SRC/Peripheral/src\ch32h417_can.c **** 	if((CAN_FLAG & CAN_FLAGS_ERRSR) != (uint32_t)RESET)
 2099              		.loc 1 1043 2
 2100              		.loc 1 1043 15 is_stmt 0
 2101 0000 B707F000 		li	a5,15728640
 2102 0004 ED8F     		and	a5,a1,a5
 2103              		.loc 1 1043 4
 2104 0006 99C7     		beq	a5,zero,.L207
1044:c:/Users/User/Documents/GitHub/ch32h417/EVT/EXAM/SRC/Peripheral/src\ch32h417_can.c **** 	{ 
1045:c:/Users/User/Documents/GitHub/ch32h417/EVT/EXAM/SRC/Peripheral/src\ch32h417_can.c **** 		if ((CANx->ERRSR & (CAN_FLAG & 0x000FFFFF)) != (uint32_t)RESET)
 2105              		.loc 1 1045 3 is_stmt 1
 2106              		.loc 1 1045 12 is_stmt 0
 2107 0008 084D     		lw	a0,24(a0)
 2108              	.LVL125:
 2109              	.L214:
1046:c:/Users/User/Documents/GitHub/ch32h417/EVT/EXAM/SRC/Peripheral/src\ch32h417_can.c **** 		{ 
1047:c:/Users/User/Documents/GitHub/ch32h417/EVT/EXAM/SRC/Peripheral/src\ch32h417_can.c **** 			bitstatus = SET;
1048:c:/Users/User/Documents/GitHub/ch32h417/EVT/EXAM/SRC/Peripheral/src\ch32h417_can.c **** 		}
1049:c:/Users/User/Documents/GitHub/ch32h417/EVT/EXAM/SRC/Peripheral/src\ch32h417_can.c **** 		else
1050:c:/Users/User/Documents/GitHub/ch32h417/EVT/EXAM/SRC/Peripheral/src\ch32h417_can.c **** 		{ 
1051:c:/Users/User/Documents/GitHub/ch32h417/EVT/EXAM/SRC/Peripheral/src\ch32h417_can.c **** 			bitstatus = RESET;
1052:c:/Users/User/Documents/GitHub/ch32h417/EVT/EXAM/SRC/Peripheral/src\ch32h417_can.c **** 		}
1053:c:/Users/User/Documents/GitHub/ch32h417/EVT/EXAM/SRC/Peripheral/src\ch32h417_can.c **** 	}
1054:c:/Users/User/Documents/GitHub/ch32h417/EVT/EXAM/SRC/Peripheral/src\ch32h417_can.c **** 	else if((CAN_FLAG & CAN_FLAGS_STATR) != (uint32_t)RESET)
1055:c:/Users/User/Documents/GitHub/ch32h417/EVT/EXAM/SRC/Peripheral/src\ch32h417_can.c **** 	{ 
1056:c:/Users/User/Documents/GitHub/ch32h417/EVT/EXAM/SRC/Peripheral/src\ch32h417_can.c **** 		if ((CANx->STATR & (CAN_FLAG & 0x000FFFFF)) != (uint32_t)RESET)
1057:c:/Users/User/Documents/GitHub/ch32h417/EVT/EXAM/SRC/Peripheral/src\ch32h417_can.c **** 		{ 
1058:c:/Users/User/Documents/GitHub/ch32h417/EVT/EXAM/SRC/Peripheral/src\ch32h417_can.c **** 			bitstatus = SET;
1059:c:/Users/User/Documents/GitHub/ch32h417/EVT/EXAM/SRC/Peripheral/src\ch32h417_can.c **** 		}
1060:c:/Users/User/Documents/GitHub/ch32h417/EVT/EXAM/SRC/Peripheral/src\ch32h417_can.c **** 		else
1061:c:/Users/User/Documents/GitHub/ch32h417/EVT/EXAM/SRC/Peripheral/src\ch32h417_can.c **** 		{ 
1062:c:/Users/User/Documents/GitHub/ch32h417/EVT/EXAM/SRC/Peripheral/src\ch32h417_can.c **** 			bitstatus = RESET;
1063:c:/Users/User/Documents/GitHub/ch32h417/EVT/EXAM/SRC/Peripheral/src\ch32h417_can.c **** 		}
1064:c:/Users/User/Documents/GitHub/ch32h417/EVT/EXAM/SRC/Peripheral/src\ch32h417_can.c **** 	}
1065:c:/Users/User/Documents/GitHub/ch32h417/EVT/EXAM/SRC/Peripheral/src\ch32h417_can.c **** 	else if((CAN_FLAG & CAN_FLAGS_TSTATR) != (uint32_t)RESET)
1066:c:/Users/User/Documents/GitHub/ch32h417/EVT/EXAM/SRC/Peripheral/src\ch32h417_can.c **** 	{ 
1067:c:/Users/User/Documents/GitHub/ch32h417/EVT/EXAM/SRC/Peripheral/src\ch32h417_can.c **** 		if ((CANx->TSTATR & (CAN_FLAG & 0x000FFFFF)) != (uint32_t)RESET)
 2110              		.loc 1 1067 21
 2111 000a 6D8D     		and	a0,a0,a1
 2112 000c 3205     		slli	a0,a0,12
 2113              	.L212:
1068:c:/Users/User/Documents/GitHub/ch32h417/EVT/EXAM/SRC/Peripheral/src\ch32h417_can.c **** 		{ 
1069:c:/Users/User/Documents/GitHub/ch32h417/EVT/EXAM/SRC/Peripheral/src\ch32h417_can.c **** 			bitstatus = SET;
1070:c:/Users/User/Documents/GitHub/ch32h417/EVT/EXAM/SRC/Peripheral/src\ch32h417_can.c **** 		}
1071:c:/Users/User/Documents/GitHub/ch32h417/EVT/EXAM/SRC/Peripheral/src\ch32h417_can.c **** 		else
1072:c:/Users/User/Documents/GitHub/ch32h417/EVT/EXAM/SRC/Peripheral/src\ch32h417_can.c **** 		{ 
1073:c:/Users/User/Documents/GitHub/ch32h417/EVT/EXAM/SRC/Peripheral/src\ch32h417_can.c **** 			bitstatus = RESET;
1074:c:/Users/User/Documents/GitHub/ch32h417/EVT/EXAM/SRC/Peripheral/src\ch32h417_can.c **** 		}
1075:c:/Users/User/Documents/GitHub/ch32h417/EVT/EXAM/SRC/Peripheral/src\ch32h417_can.c **** 	}
1076:c:/Users/User/Documents/GitHub/ch32h417/EVT/EXAM/SRC/Peripheral/src\ch32h417_can.c **** 	else if((CAN_FLAG & CAN_FLAGS_RFIFO0) != (uint32_t)RESET)
1077:c:/Users/User/Documents/GitHub/ch32h417/EVT/EXAM/SRC/Peripheral/src\ch32h417_can.c **** 	{ 
1078:c:/Users/User/Documents/GitHub/ch32h417/EVT/EXAM/SRC/Peripheral/src\ch32h417_can.c **** 		if ((CANx->RFIFO0 & (CAN_FLAG & 0x000FFFFF)) != (uint32_t)RESET)
1079:c:/Users/User/Documents/GitHub/ch32h417/EVT/EXAM/SRC/Peripheral/src\ch32h417_can.c **** 		{ 
1080:c:/Users/User/Documents/GitHub/ch32h417/EVT/EXAM/SRC/Peripheral/src\ch32h417_can.c **** 			bitstatus = SET;
1081:c:/Users/User/Documents/GitHub/ch32h417/EVT/EXAM/SRC/Peripheral/src\ch32h417_can.c **** 		}
1082:c:/Users/User/Documents/GitHub/ch32h417/EVT/EXAM/SRC/Peripheral/src\ch32h417_can.c **** 		else
1083:c:/Users/User/Documents/GitHub/ch32h417/EVT/EXAM/SRC/Peripheral/src\ch32h417_can.c **** 		{ 
1084:c:/Users/User/Documents/GitHub/ch32h417/EVT/EXAM/SRC/Peripheral/src\ch32h417_can.c **** 			bitstatus = RESET;
1085:c:/Users/User/Documents/GitHub/ch32h417/EVT/EXAM/SRC/Peripheral/src\ch32h417_can.c **** 		}
1086:c:/Users/User/Documents/GitHub/ch32h417/EVT/EXAM/SRC/Peripheral/src\ch32h417_can.c **** 	}
1087:c:/Users/User/Documents/GitHub/ch32h417/EVT/EXAM/SRC/Peripheral/src\ch32h417_can.c **** 	else
1088:c:/Users/User/Documents/GitHub/ch32h417/EVT/EXAM/SRC/Peripheral/src\ch32h417_can.c ****     {
1089:c:/Users/User/Documents/GitHub/ch32h417/EVT/EXAM/SRC/Peripheral/src\ch32h417_can.c ****         if((uint32_t)(CANx->RFIFO1 & (CAN_FLAG & 0x000FFFFF)) != (uint32_t)RESET)
 2114              		.loc 1 1089 11
 2115 000e 3335A000 		snez	a0,a0
 2116              	.LVL126:
1090:c:/Users/User/Documents/GitHub/ch32h417/EVT/EXAM/SRC/Peripheral/src\ch32h417_can.c ****         {
1091:c:/Users/User/Documents/GitHub/ch32h417/EVT/EXAM/SRC/Peripheral/src\ch32h417_can.c ****             bitstatus = SET;
1092:c:/Users/User/Documents/GitHub/ch32h417/EVT/EXAM/SRC/Peripheral/src\ch32h417_can.c ****         }
1093:c:/Users/User/Documents/GitHub/ch32h417/EVT/EXAM/SRC/Peripheral/src\ch32h417_can.c ****         else
1094:c:/Users/User/Documents/GitHub/ch32h417/EVT/EXAM/SRC/Peripheral/src\ch32h417_can.c ****         {
1095:c:/Users/User/Documents/GitHub/ch32h417/EVT/EXAM/SRC/Peripheral/src\ch32h417_can.c ****             bitstatus = RESET;
1096:c:/Users/User/Documents/GitHub/ch32h417/EVT/EXAM/SRC/Peripheral/src\ch32h417_can.c ****         }
1097:c:/Users/User/Documents/GitHub/ch32h417/EVT/EXAM/SRC/Peripheral/src\ch32h417_can.c ****     }
1098:c:/Users/User/Documents/GitHub/ch32h417/EVT/EXAM/SRC/Peripheral/src\ch32h417_can.c **** 
1099:c:/Users/User/Documents/GitHub/ch32h417/EVT/EXAM/SRC/Peripheral/src\ch32h417_can.c **** 	return  bitstatus;
 2117              		.loc 1 1099 2 is_stmt 1
1100:c:/Users/User/Documents/GitHub/ch32h417/EVT/EXAM/SRC/Peripheral/src\ch32h417_can.c **** }
 2118              		.loc 1 1100 1 is_stmt 0
 2119 0012 8280     		ret
 2120              	.LVL127:
 2121              	.L207:
1054:c:/Users/User/Documents/GitHub/ch32h417/EVT/EXAM/SRC/Peripheral/src\ch32h417_can.c **** 	{ 
 2122              		.loc 1 1054 7 is_stmt 1
1054:c:/Users/User/Documents/GitHub/ch32h417/EVT/EXAM/SRC/Peripheral/src\ch32h417_can.c **** 	{ 
 2123              		.loc 1 1054 20 is_stmt 0
 2124 0014 B7070001 		li	a5,16777216
 2125 0018 ED8F     		and	a5,a1,a5
1054:c:/Users/User/Documents/GitHub/ch32h417/EVT/EXAM/SRC/Peripheral/src\ch32h417_can.c **** 	{ 
 2126              		.loc 1 1054 9
 2127 001a 99C3     		beq	a5,zero,.L209
1056:c:/Users/User/Documents/GitHub/ch32h417/EVT/EXAM/SRC/Peripheral/src\ch32h417_can.c **** 		{ 
 2128              		.loc 1 1056 3 is_stmt 1
1056:c:/Users/User/Documents/GitHub/ch32h417/EVT/EXAM/SRC/Peripheral/src\ch32h417_can.c **** 		{ 
 2129              		.loc 1 1056 12 is_stmt 0
 2130 001c 4841     		lw	a0,4(a0)
 2131              	.LVL128:
 2132 001e F5B7     		j	.L214
 2133              	.LVL129:
 2134              	.L209:
1065:c:/Users/User/Documents/GitHub/ch32h417/EVT/EXAM/SRC/Peripheral/src\ch32h417_can.c **** 	{ 
 2135              		.loc 1 1065 7 is_stmt 1
1065:c:/Users/User/Documents/GitHub/ch32h417/EVT/EXAM/SRC/Peripheral/src\ch32h417_can.c **** 	{ 
 2136              		.loc 1 1065 20 is_stmt 0
 2137 0020 B7070008 		li	a5,134217728
 2138 0024 ED8F     		and	a5,a1,a5
1065:c:/Users/User/Documents/GitHub/ch32h417/EVT/EXAM/SRC/Peripheral/src\ch32h417_can.c **** 	{ 
 2139              		.loc 1 1065 9
 2140 0026 99C3     		beq	a5,zero,.L210
1067:c:/Users/User/Documents/GitHub/ch32h417/EVT/EXAM/SRC/Peripheral/src\ch32h417_can.c **** 		{ 
 2141              		.loc 1 1067 3 is_stmt 1
1067:c:/Users/User/Documents/GitHub/ch32h417/EVT/EXAM/SRC/Peripheral/src\ch32h417_can.c **** 		{ 
 2142              		.loc 1 1067 12 is_stmt 0
 2143 0028 0845     		lw	a0,8(a0)
 2144              	.LVL130:
 2145 002a C5B7     		j	.L214
 2146              	.LVL131:
 2147              	.L210:
1076:c:/Users/User/Documents/GitHub/ch32h417/EVT/EXAM/SRC/Peripheral/src\ch32h417_can.c **** 	{ 
 2148              		.loc 1 1076 7 is_stmt 1
1076:c:/Users/User/Documents/GitHub/ch32h417/EVT/EXAM/SRC/Peripheral/src\ch32h417_can.c **** 	{ 
 2149              		.loc 1 1076 20 is_stmt 0
 2150 002c 37070002 		li	a4,33554432
 2151 0030 B7071000 		li	a5,1048576
 2152 0034 6D8F     		and	a4,a1,a4
 2153 0036 FD17     		addi	a5,a5,-1
1076:c:/Users/User/Documents/GitHub/ch32h417/EVT/EXAM/SRC/Peripheral/src\ch32h417_can.c **** 	{ 
 2154              		.loc 1 1076 9
 2155 0038 09C7     		beq	a4,zero,.L211
1078:c:/Users/User/Documents/GitHub/ch32h417/EVT/EXAM/SRC/Peripheral/src\ch32h417_can.c **** 		{ 
 2156              		.loc 1 1078 3 is_stmt 1
1078:c:/Users/User/Documents/GitHub/ch32h417/EVT/EXAM/SRC/Peripheral/src\ch32h417_can.c **** 		{ 
 2157              		.loc 1 1078 12 is_stmt 0
 2158 003a 4845     		lw	a0,12(a0)
 2159              	.LVL132:
 2160              	.L213:
1089:c:/Users/User/Documents/GitHub/ch32h417/EVT/EXAM/SRC/Peripheral/src\ch32h417_can.c ****         {
 2161              		.loc 1 1089 12
 2162 003c 6D8D     		and	a0,a0,a1
 2163 003e 7D8D     		and	a0,a0,a5
 2164 0040 F9B7     		j	.L212
 2165              	.LVL133:
 2166              	.L211:
1089:c:/Users/User/Documents/GitHub/ch32h417/EVT/EXAM/SRC/Peripheral/src\ch32h417_can.c ****         {
 2167              		.loc 1 1089 9 is_stmt 1
1089:c:/Users/User/Documents/GitHub/ch32h417/EVT/EXAM/SRC/Peripheral/src\ch32h417_can.c ****         {
 2168              		.loc 1 1089 27 is_stmt 0
 2169 0042 0849     		lw	a0,16(a0)
 2170              	.LVL134:
 2171 0044 E5BF     		j	.L213
 2172              		.cfi_endproc
 2173              	.LFE60:
 2175              		.section	.text.CAN_ClearFlag,"ax",@progbits
 2176              		.align	1
 2177              		.globl	CAN_ClearFlag
 2179              	CAN_ClearFlag:
 2180              	.LFB61:
1101:c:/Users/User/Documents/GitHub/ch32h417/EVT/EXAM/SRC/Peripheral/src\ch32h417_can.c **** 
1102:c:/Users/User/Documents/GitHub/ch32h417/EVT/EXAM/SRC/Peripheral/src\ch32h417_can.c **** /*********************************************************************
1103:c:/Users/User/Documents/GitHub/ch32h417/EVT/EXAM/SRC/Peripheral/src\ch32h417_can.c ****  * @fn      CAN_ClearFlag
1104:c:/Users/User/Documents/GitHub/ch32h417/EVT/EXAM/SRC/Peripheral/src\ch32h417_can.c ****  *
1105:c:/Users/User/Documents/GitHub/ch32h417/EVT/EXAM/SRC/Peripheral/src\ch32h417_can.c ****  * @brief   Clears the CAN's pending flags.
1106:c:/Users/User/Documents/GitHub/ch32h417/EVT/EXAM/SRC/Peripheral/src\ch32h417_can.c ****  *
1107:c:/Users/User/Documents/GitHub/ch32h417/EVT/EXAM/SRC/Peripheral/src\ch32h417_can.c ****  * @param   CANx - where x can be 1...3 to select the CAN peripheral.
1108:c:/Users/User/Documents/GitHub/ch32h417/EVT/EXAM/SRC/Peripheral/src\ch32h417_can.c ****  *          CAN_FLAG - specifies the flag to clear.
1109:c:/Users/User/Documents/GitHub/ch32h417/EVT/EXAM/SRC/Peripheral/src\ch32h417_can.c ****  *            CAN_FLAG_RQCP0.
1110:c:/Users/User/Documents/GitHub/ch32h417/EVT/EXAM/SRC/Peripheral/src\ch32h417_can.c ****  *            CAN_FLAG_RQCP1.
1111:c:/Users/User/Documents/GitHub/ch32h417/EVT/EXAM/SRC/Peripheral/src\ch32h417_can.c ****  *            CAN_FLAG_RQCP2.
1112:c:/Users/User/Documents/GitHub/ch32h417/EVT/EXAM/SRC/Peripheral/src\ch32h417_can.c ****  *            CAN_FLAG_FF1.
1113:c:/Users/User/Documents/GitHub/ch32h417/EVT/EXAM/SRC/Peripheral/src\ch32h417_can.c ****  *            CAN_FLAG_FOV1.
1114:c:/Users/User/Documents/GitHub/ch32h417/EVT/EXAM/SRC/Peripheral/src\ch32h417_can.c ****  *            CAN_FLAG_FF0.
1115:c:/Users/User/Documents/GitHub/ch32h417/EVT/EXAM/SRC/Peripheral/src\ch32h417_can.c ****  *            CAN_FLAG_FOV0.
1116:c:/Users/User/Documents/GitHub/ch32h417/EVT/EXAM/SRC/Peripheral/src\ch32h417_can.c ****  *            CAN_FLAG_WKU.
1117:c:/Users/User/Documents/GitHub/ch32h417/EVT/EXAM/SRC/Peripheral/src\ch32h417_can.c ****  *            CAN_FLAG_SLAK.
1118:c:/Users/User/Documents/GitHub/ch32h417/EVT/EXAM/SRC/Peripheral/src\ch32h417_can.c ****  *            CAN_FLAG_LEC.
1119:c:/Users/User/Documents/GitHub/ch32h417/EVT/EXAM/SRC/Peripheral/src\ch32h417_can.c ****  *
1120:c:/Users/User/Documents/GitHub/ch32h417/EVT/EXAM/SRC/Peripheral/src\ch32h417_can.c ****  * @return  none
1121:c:/Users/User/Documents/GitHub/ch32h417/EVT/EXAM/SRC/Peripheral/src\ch32h417_can.c ****  */
1122:c:/Users/User/Documents/GitHub/ch32h417/EVT/EXAM/SRC/Peripheral/src\ch32h417_can.c **** void CAN_ClearFlag(CAN_TypeDef* CANx, uint32_t CAN_FLAG)
1123:c:/Users/User/Documents/GitHub/ch32h417/EVT/EXAM/SRC/Peripheral/src\ch32h417_can.c **** {
 2181              		.loc 1 1123 1 is_stmt 1
 2182              		.cfi_startproc
 2183              	.LVL135:
1124:c:/Users/User/Documents/GitHub/ch32h417/EVT/EXAM/SRC/Peripheral/src\ch32h417_can.c **** 	uint32_t flagtmp=0;
 2184              		.loc 1 1124 2
1125:c:/Users/User/Documents/GitHub/ch32h417/EVT/EXAM/SRC/Peripheral/src\ch32h417_can.c **** 	
1126:c:/Users/User/Documents/GitHub/ch32h417/EVT/EXAM/SRC/Peripheral/src\ch32h417_can.c **** 	if (CAN_FLAG == CAN_FLAG_LEC)
 2185              		.loc 1 1126 2
 2186              		.loc 1 1126 5 is_stmt 0
 2187 0000 B707F030 		li	a5,821035008
 2188 0004 93870707 		addi	a5,a5,112
 2189 0008 6395F500 		bne	a1,a5,.L216
1127:c:/Users/User/Documents/GitHub/ch32h417/EVT/EXAM/SRC/Peripheral/src\ch32h417_can.c **** 	{
1128:c:/Users/User/Documents/GitHub/ch32h417/EVT/EXAM/SRC/Peripheral/src\ch32h417_can.c **** 		CANx->ERRSR = (uint32_t)RESET;
 2190              		.loc 1 1128 3 is_stmt 1
 2191              		.loc 1 1128 15 is_stmt 0
 2192 000c 232C0500 		sw	zero,24(a0)
 2193 0010 8280     		ret
 2194              	.L216:
1129:c:/Users/User/Documents/GitHub/ch32h417/EVT/EXAM/SRC/Peripheral/src\ch32h417_can.c **** 	}
1130:c:/Users/User/Documents/GitHub/ch32h417/EVT/EXAM/SRC/Peripheral/src\ch32h417_can.c **** 	else 
1131:c:/Users/User/Documents/GitHub/ch32h417/EVT/EXAM/SRC/Peripheral/src\ch32h417_can.c **** 	{
1132:c:/Users/User/Documents/GitHub/ch32h417/EVT/EXAM/SRC/Peripheral/src\ch32h417_can.c **** 		flagtmp = CAN_FLAG & 0x000FFFFF;
 2195              		.loc 1 1132 3 is_stmt 1
1133:c:/Users/User/Documents/GitHub/ch32h417/EVT/EXAM/SRC/Peripheral/src\ch32h417_can.c **** 
1134:c:/Users/User/Documents/GitHub/ch32h417/EVT/EXAM/SRC/Peripheral/src\ch32h417_can.c **** 		if ((CAN_FLAG & CAN_FLAGS_RFIFO0)!=(uint32_t)RESET)
 2196              		.loc 1 1134 17 is_stmt 0
 2197 0012 37070002 		li	a4,33554432
1132:c:/Users/User/Documents/GitHub/ch32h417/EVT/EXAM/SRC/Peripheral/src\ch32h417_can.c **** 
 2198              		.loc 1 1132 11
 2199 0016 9397C500 		slli	a5,a1,12
 2200              		.loc 1 1134 17
 2201 001a 6D8F     		and	a4,a1,a4
1132:c:/Users/User/Documents/GitHub/ch32h417/EVT/EXAM/SRC/Peripheral/src\ch32h417_can.c **** 
 2202              		.loc 1 1132 11
 2203 001c B183     		srli	a5,a5,12
 2204              	.LVL136:
 2205              		.loc 1 1134 3 is_stmt 1
 2206              		.loc 1 1134 6 is_stmt 0
 2207 001e 19C3     		beq	a4,zero,.L218
1135:c:/Users/User/Documents/GitHub/ch32h417/EVT/EXAM/SRC/Peripheral/src\ch32h417_can.c **** 		{
1136:c:/Users/User/Documents/GitHub/ch32h417/EVT/EXAM/SRC/Peripheral/src\ch32h417_can.c **** 			CANx->RFIFO0 = (uint32_t)(flagtmp);
 2208              		.loc 1 1136 4 is_stmt 1
 2209              		.loc 1 1136 17 is_stmt 0
 2210 0020 5CC5     		sw	a5,12(a0)
 2211 0022 8280     		ret
 2212              	.L218:
1137:c:/Users/User/Documents/GitHub/ch32h417/EVT/EXAM/SRC/Peripheral/src\ch32h417_can.c **** 		}
1138:c:/Users/User/Documents/GitHub/ch32h417/EVT/EXAM/SRC/Peripheral/src\ch32h417_can.c **** 		else if((CAN_FLAG & CAN_FLAGS_RFIFO1) != (uint32_t)RESET)
 2213              		.loc 1 1138 8 is_stmt 1
 2214              		.loc 1 1138 21 is_stmt 0
 2215 0024 37070004 		li	a4,67108864
 2216 0028 6D8F     		and	a4,a1,a4
 2217              		.loc 1 1138 10
 2218 002a 19C3     		beq	a4,zero,.L219
1139:c:/Users/User/Documents/GitHub/ch32h417/EVT/EXAM/SRC/Peripheral/src\ch32h417_can.c ****         {
1140:c:/Users/User/Documents/GitHub/ch32h417/EVT/EXAM/SRC/Peripheral/src\ch32h417_can.c ****             CANx->RFIFO1 = (uint32_t)(flagtmp);
 2219              		.loc 1 1140 13 is_stmt 1
 2220              		.loc 1 1140 26 is_stmt 0
 2221 002c 1CC9     		sw	a5,16(a0)
 2222 002e 8280     		ret
 2223              	.L219:
1141:c:/Users/User/Documents/GitHub/ch32h417/EVT/EXAM/SRC/Peripheral/src\ch32h417_can.c ****         }
1142:c:/Users/User/Documents/GitHub/ch32h417/EVT/EXAM/SRC/Peripheral/src\ch32h417_can.c **** 		else if ((CAN_FLAG & CAN_FLAGS_TSTATR)!=(uint32_t)RESET)
 2224              		.loc 1 1142 8 is_stmt 1
 2225              		.loc 1 1142 22 is_stmt 0
 2226 0030 37070008 		li	a4,134217728
 2227 0034 F98D     		and	a1,a1,a4
 2228              	.LVL137:
 2229              		.loc 1 1142 11
 2230 0036 99C1     		beq	a1,zero,.L220
1143:c:/Users/User/Documents/GitHub/ch32h417/EVT/EXAM/SRC/Peripheral/src\ch32h417_can.c **** 		{
1144:c:/Users/User/Documents/GitHub/ch32h417/EVT/EXAM/SRC/Peripheral/src\ch32h417_can.c **** 			CANx->TSTATR = (uint32_t)(flagtmp);
 2231              		.loc 1 1144 4 is_stmt 1
 2232              		.loc 1 1144 17 is_stmt 0
 2233 0038 1CC5     		sw	a5,8(a0)
 2234 003a 8280     		ret
 2235              	.L220:
1145:c:/Users/User/Documents/GitHub/ch32h417/EVT/EXAM/SRC/Peripheral/src\ch32h417_can.c **** 		}
1146:c:/Users/User/Documents/GitHub/ch32h417/EVT/EXAM/SRC/Peripheral/src\ch32h417_can.c **** 		else 
1147:c:/Users/User/Documents/GitHub/ch32h417/EVT/EXAM/SRC/Peripheral/src\ch32h417_can.c **** 		{
1148:c:/Users/User/Documents/GitHub/ch32h417/EVT/EXAM/SRC/Peripheral/src\ch32h417_can.c **** 			CANx->STATR = (uint32_t)(flagtmp);
 2236              		.loc 1 1148 4 is_stmt 1
 2237              		.loc 1 1148 16 is_stmt 0
 2238 003c 5CC1     		sw	a5,4(a0)
1149:c:/Users/User/Documents/GitHub/ch32h417/EVT/EXAM/SRC/Peripheral/src\ch32h417_can.c **** 		}
1150:c:/Users/User/Documents/GitHub/ch32h417/EVT/EXAM/SRC/Peripheral/src\ch32h417_can.c **** 	}
1151:c:/Users/User/Documents/GitHub/ch32h417/EVT/EXAM/SRC/Peripheral/src\ch32h417_can.c **** }
 2239              		.loc 1 1151 1
 2240 003e 8280     		ret
 2241              		.cfi_endproc
 2242              	.LFE61:
 2244              		.section	.text.CAN_GetITStatus,"ax",@progbits
 2245              		.align	1
 2246              		.globl	CAN_GetITStatus
 2248              	CAN_GetITStatus:
 2249              	.LFB62:
1152:c:/Users/User/Documents/GitHub/ch32h417/EVT/EXAM/SRC/Peripheral/src\ch32h417_can.c **** 
1153:c:/Users/User/Documents/GitHub/ch32h417/EVT/EXAM/SRC/Peripheral/src\ch32h417_can.c **** /*********************************************************************
1154:c:/Users/User/Documents/GitHub/ch32h417/EVT/EXAM/SRC/Peripheral/src\ch32h417_can.c ****  * @fn      CAN_GetITStatus
1155:c:/Users/User/Documents/GitHub/ch32h417/EVT/EXAM/SRC/Peripheral/src\ch32h417_can.c ****  *
1156:c:/Users/User/Documents/GitHub/ch32h417/EVT/EXAM/SRC/Peripheral/src\ch32h417_can.c ****  * @brief   Checks whether the specified CANx interrupt has occurred or not.
1157:c:/Users/User/Documents/GitHub/ch32h417/EVT/EXAM/SRC/Peripheral/src\ch32h417_can.c ****  *
1158:c:/Users/User/Documents/GitHub/ch32h417/EVT/EXAM/SRC/Peripheral/src\ch32h417_can.c ****  * @param   CANx - where x can be 1...3 to select the CAN peripheral.
1159:c:/Users/User/Documents/GitHub/ch32h417/EVT/EXAM/SRC/Peripheral/src\ch32h417_can.c ****  *          CAN_IT -  specifies the CAN interrupt source to check.
1160:c:/Users/User/Documents/GitHub/ch32h417/EVT/EXAM/SRC/Peripheral/src\ch32h417_can.c ****  *            CAN_IT_TME.
1161:c:/Users/User/Documents/GitHub/ch32h417/EVT/EXAM/SRC/Peripheral/src\ch32h417_can.c ****  *            CAN_IT_FMP0.
1162:c:/Users/User/Documents/GitHub/ch32h417/EVT/EXAM/SRC/Peripheral/src\ch32h417_can.c ****  *            CAN_IT_FF0.
1163:c:/Users/User/Documents/GitHub/ch32h417/EVT/EXAM/SRC/Peripheral/src\ch32h417_can.c ****  *            CAN_IT_FOV0.
1164:c:/Users/User/Documents/GitHub/ch32h417/EVT/EXAM/SRC/Peripheral/src\ch32h417_can.c ****  *            CAN_IT_FMP1.
1165:c:/Users/User/Documents/GitHub/ch32h417/EVT/EXAM/SRC/Peripheral/src\ch32h417_can.c ****  *            CAN_IT_FF1.
1166:c:/Users/User/Documents/GitHub/ch32h417/EVT/EXAM/SRC/Peripheral/src\ch32h417_can.c ****  *            CAN_IT_FOV1.
1167:c:/Users/User/Documents/GitHub/ch32h417/EVT/EXAM/SRC/Peripheral/src\ch32h417_can.c ****  *            CAN_IT_WKU.
1168:c:/Users/User/Documents/GitHub/ch32h417/EVT/EXAM/SRC/Peripheral/src\ch32h417_can.c ****  *            CAN_IT_SLK.
1169:c:/Users/User/Documents/GitHub/ch32h417/EVT/EXAM/SRC/Peripheral/src\ch32h417_can.c ****  *            CAN_IT_EWG.
1170:c:/Users/User/Documents/GitHub/ch32h417/EVT/EXAM/SRC/Peripheral/src\ch32h417_can.c ****  *            CAN_IT_EPV.
1171:c:/Users/User/Documents/GitHub/ch32h417/EVT/EXAM/SRC/Peripheral/src\ch32h417_can.c ****  *            CAN_IT_BOF.
1172:c:/Users/User/Documents/GitHub/ch32h417/EVT/EXAM/SRC/Peripheral/src\ch32h417_can.c ****  *            CAN_IT_LEC.
1173:c:/Users/User/Documents/GitHub/ch32h417/EVT/EXAM/SRC/Peripheral/src\ch32h417_can.c ****  *            CAN_IT_ERR.
1174:c:/Users/User/Documents/GitHub/ch32h417/EVT/EXAM/SRC/Peripheral/src\ch32h417_can.c ****  *
1175:c:/Users/User/Documents/GitHub/ch32h417/EVT/EXAM/SRC/Peripheral/src\ch32h417_can.c ****  * @return  ITStatus - SET or RESET.
1176:c:/Users/User/Documents/GitHub/ch32h417/EVT/EXAM/SRC/Peripheral/src\ch32h417_can.c ****  */
1177:c:/Users/User/Documents/GitHub/ch32h417/EVT/EXAM/SRC/Peripheral/src\ch32h417_can.c **** ITStatus CAN_GetITStatus(CAN_TypeDef* CANx, uint32_t CAN_IT)
1178:c:/Users/User/Documents/GitHub/ch32h417/EVT/EXAM/SRC/Peripheral/src\ch32h417_can.c **** {
 2250              		.loc 1 1178 1 is_stmt 1
 2251              		.cfi_startproc
 2252              	.LVL138:
1179:c:/Users/User/Documents/GitHub/ch32h417/EVT/EXAM/SRC/Peripheral/src\ch32h417_can.c **** 	ITStatus itstatus = RESET;
 2253              		.loc 1 1179 2
1180:c:/Users/User/Documents/GitHub/ch32h417/EVT/EXAM/SRC/Peripheral/src\ch32h417_can.c **** 	
1181:c:/Users/User/Documents/GitHub/ch32h417/EVT/EXAM/SRC/Peripheral/src\ch32h417_can.c **** 	if((CANx->INTENR & CAN_IT) != RESET)
 2254              		.loc 1 1181 2
 2255              		.loc 1 1181 10 is_stmt 0
 2256 0000 5C49     		lw	a5,20(a0)
1178:c:/Users/User/Documents/GitHub/ch32h417/EVT/EXAM/SRC/Peripheral/src\ch32h417_can.c **** 	ITStatus itstatus = RESET;
 2257              		.loc 1 1178 1
 2258 0002 2A87     		mv	a4,a0
 2259              		.loc 1 1181 19
 2260 0004 33F5B700 		and	a0,a5,a1
 2261              	.LVL139:
 2262              		.loc 1 1181 4
 2263 0008 69C1     		beq	a0,zero,.L221
1182:c:/Users/User/Documents/GitHub/ch32h417/EVT/EXAM/SRC/Peripheral/src\ch32h417_can.c **** 	{
1183:c:/Users/User/Documents/GitHub/ch32h417/EVT/EXAM/SRC/Peripheral/src\ch32h417_can.c **** 		switch (CAN_IT)
 2264              		.loc 1 1183 3 is_stmt 1
 2265 000a 93070010 		li	a5,256
 2266 000e 6388F50A 		beq	a1,a5,.L223
 2267 0012 63EFB702 		bgtu	a1,a5,.L224
 2268 0016 A147     		li	a5,8
 2269 0018 6389F508 		beq	a1,a5,.L225
 2270 001c 63EDB700 		bgtu	a1,a5,.L226
 2271 0020 8947     		li	a5,2
 2272 0022 638DF506 		beq	a1,a5,.L227
 2273 0026 9147     		li	a5,4
 2274 0028 638DF506 		beq	a1,a5,.L228
 2275 002c 8547     		li	a5,1
 2276 002e 638FF504 		beq	a1,a5,.L229
 2277              	.L246:
 2278              	.LBB30:
 2279              	.LBB31:
1184:c:/Users/User/Documents/GitHub/ch32h417/EVT/EXAM/SRC/Peripheral/src\ch32h417_can.c **** 		{
1185:c:/Users/User/Documents/GitHub/ch32h417/EVT/EXAM/SRC/Peripheral/src\ch32h417_can.c **** 			case CAN_IT_TME:
1186:c:/Users/User/Documents/GitHub/ch32h417/EVT/EXAM/SRC/Peripheral/src\ch32h417_can.c **** 				itstatus = CheckITStatus(CANx->TSTATR, CAN_TSTATR_RQCP0|CAN_TSTATR_RQCP1|CAN_TSTATR_RQCP2);  
1187:c:/Users/User/Documents/GitHub/ch32h417/EVT/EXAM/SRC/Peripheral/src\ch32h417_can.c **** 				break;
1188:c:/Users/User/Documents/GitHub/ch32h417/EVT/EXAM/SRC/Peripheral/src\ch32h417_can.c **** 			
1189:c:/Users/User/Documents/GitHub/ch32h417/EVT/EXAM/SRC/Peripheral/src\ch32h417_can.c **** 			case CAN_IT_FMP0:
1190:c:/Users/User/Documents/GitHub/ch32h417/EVT/EXAM/SRC/Peripheral/src\ch32h417_can.c **** 				itstatus = CheckITStatus(CANx->RFIFO0, CAN_RFIFO0_FMP0);  
1191:c:/Users/User/Documents/GitHub/ch32h417/EVT/EXAM/SRC/Peripheral/src\ch32h417_can.c **** 				break;
1192:c:/Users/User/Documents/GitHub/ch32h417/EVT/EXAM/SRC/Peripheral/src\ch32h417_can.c **** 			
1193:c:/Users/User/Documents/GitHub/ch32h417/EVT/EXAM/SRC/Peripheral/src\ch32h417_can.c **** 			case CAN_IT_FF0:
1194:c:/Users/User/Documents/GitHub/ch32h417/EVT/EXAM/SRC/Peripheral/src\ch32h417_can.c **** 				itstatus = CheckITStatus(CANx->RFIFO0, CAN_RFIFO0_FULL0);  
1195:c:/Users/User/Documents/GitHub/ch32h417/EVT/EXAM/SRC/Peripheral/src\ch32h417_can.c **** 				break;
1196:c:/Users/User/Documents/GitHub/ch32h417/EVT/EXAM/SRC/Peripheral/src\ch32h417_can.c **** 			
1197:c:/Users/User/Documents/GitHub/ch32h417/EVT/EXAM/SRC/Peripheral/src\ch32h417_can.c **** 			case CAN_IT_FOV0:
1198:c:/Users/User/Documents/GitHub/ch32h417/EVT/EXAM/SRC/Peripheral/src\ch32h417_can.c **** 				itstatus = CheckITStatus(CANx->RFIFO0, CAN_RFIFO0_FOVR0);  
1199:c:/Users/User/Documents/GitHub/ch32h417/EVT/EXAM/SRC/Peripheral/src\ch32h417_can.c **** 				break;
1200:c:/Users/User/Documents/GitHub/ch32h417/EVT/EXAM/SRC/Peripheral/src\ch32h417_can.c **** 
1201:c:/Users/User/Documents/GitHub/ch32h417/EVT/EXAM/SRC/Peripheral/src\ch32h417_can.c **** 			case CAN_IT_FMP1:
1202:c:/Users/User/Documents/GitHub/ch32h417/EVT/EXAM/SRC/Peripheral/src\ch32h417_can.c ****                 itstatus = CheckITStatus(CANx->RFIFO1, CAN_RFIFO1_FMP1);
1203:c:/Users/User/Documents/GitHub/ch32h417/EVT/EXAM/SRC/Peripheral/src\ch32h417_can.c ****                 break;
1204:c:/Users/User/Documents/GitHub/ch32h417/EVT/EXAM/SRC/Peripheral/src\ch32h417_can.c **** 
1205:c:/Users/User/Documents/GitHub/ch32h417/EVT/EXAM/SRC/Peripheral/src\ch32h417_can.c ****             case CAN_IT_FF1:
1206:c:/Users/User/Documents/GitHub/ch32h417/EVT/EXAM/SRC/Peripheral/src\ch32h417_can.c ****                 itstatus = CheckITStatus(CANx->RFIFO1, CAN_RFIFO1_FULL1);
1207:c:/Users/User/Documents/GitHub/ch32h417/EVT/EXAM/SRC/Peripheral/src\ch32h417_can.c ****                 break;
1208:c:/Users/User/Documents/GitHub/ch32h417/EVT/EXAM/SRC/Peripheral/src\ch32h417_can.c **** 
1209:c:/Users/User/Documents/GitHub/ch32h417/EVT/EXAM/SRC/Peripheral/src\ch32h417_can.c ****             case CAN_IT_FOV1:
1210:c:/Users/User/Documents/GitHub/ch32h417/EVT/EXAM/SRC/Peripheral/src\ch32h417_can.c ****                 itstatus = CheckITStatus(CANx->RFIFO1, CAN_RFIFO1_FOVR1);
1211:c:/Users/User/Documents/GitHub/ch32h417/EVT/EXAM/SRC/Peripheral/src\ch32h417_can.c ****                 break;
1212:c:/Users/User/Documents/GitHub/ch32h417/EVT/EXAM/SRC/Peripheral/src\ch32h417_can.c **** 			
1213:c:/Users/User/Documents/GitHub/ch32h417/EVT/EXAM/SRC/Peripheral/src\ch32h417_can.c **** 			case CAN_IT_WKU:
1214:c:/Users/User/Documents/GitHub/ch32h417/EVT/EXAM/SRC/Peripheral/src\ch32h417_can.c **** 				itstatus = CheckITStatus(CANx->STATR, CAN_STATR_WKUI);  
1215:c:/Users/User/Documents/GitHub/ch32h417/EVT/EXAM/SRC/Peripheral/src\ch32h417_can.c **** 				break;
1216:c:/Users/User/Documents/GitHub/ch32h417/EVT/EXAM/SRC/Peripheral/src\ch32h417_can.c **** 			
1217:c:/Users/User/Documents/GitHub/ch32h417/EVT/EXAM/SRC/Peripheral/src\ch32h417_can.c **** 			case CAN_IT_SLK:
1218:c:/Users/User/Documents/GitHub/ch32h417/EVT/EXAM/SRC/Peripheral/src\ch32h417_can.c **** 				itstatus = CheckITStatus(CANx->STATR, CAN_STATR_SLAKI);  
1219:c:/Users/User/Documents/GitHub/ch32h417/EVT/EXAM/SRC/Peripheral/src\ch32h417_can.c **** 				break;
1220:c:/Users/User/Documents/GitHub/ch32h417/EVT/EXAM/SRC/Peripheral/src\ch32h417_can.c **** 			
1221:c:/Users/User/Documents/GitHub/ch32h417/EVT/EXAM/SRC/Peripheral/src\ch32h417_can.c **** 			case CAN_IT_EWG:
1222:c:/Users/User/Documents/GitHub/ch32h417/EVT/EXAM/SRC/Peripheral/src\ch32h417_can.c **** 				itstatus = CheckITStatus(CANx->ERRSR, CAN_ERRSR_EWGF);  
1223:c:/Users/User/Documents/GitHub/ch32h417/EVT/EXAM/SRC/Peripheral/src\ch32h417_can.c **** 				break;
1224:c:/Users/User/Documents/GitHub/ch32h417/EVT/EXAM/SRC/Peripheral/src\ch32h417_can.c **** 			
1225:c:/Users/User/Documents/GitHub/ch32h417/EVT/EXAM/SRC/Peripheral/src\ch32h417_can.c **** 			case CAN_IT_EPV:
1226:c:/Users/User/Documents/GitHub/ch32h417/EVT/EXAM/SRC/Peripheral/src\ch32h417_can.c **** 				itstatus = CheckITStatus(CANx->ERRSR, CAN_ERRSR_EPVF);  
1227:c:/Users/User/Documents/GitHub/ch32h417/EVT/EXAM/SRC/Peripheral/src\ch32h417_can.c **** 				break;
1228:c:/Users/User/Documents/GitHub/ch32h417/EVT/EXAM/SRC/Peripheral/src\ch32h417_can.c **** 			
1229:c:/Users/User/Documents/GitHub/ch32h417/EVT/EXAM/SRC/Peripheral/src\ch32h417_can.c **** 			case CAN_IT_BOF:
1230:c:/Users/User/Documents/GitHub/ch32h417/EVT/EXAM/SRC/Peripheral/src\ch32h417_can.c **** 				itstatus = CheckITStatus(CANx->ERRSR, CAN_ERRSR_BOFF);  
1231:c:/Users/User/Documents/GitHub/ch32h417/EVT/EXAM/SRC/Peripheral/src\ch32h417_can.c **** 				break;
1232:c:/Users/User/Documents/GitHub/ch32h417/EVT/EXAM/SRC/Peripheral/src\ch32h417_can.c **** 			
1233:c:/Users/User/Documents/GitHub/ch32h417/EVT/EXAM/SRC/Peripheral/src\ch32h417_can.c **** 			case CAN_IT_LEC:
1234:c:/Users/User/Documents/GitHub/ch32h417/EVT/EXAM/SRC/Peripheral/src\ch32h417_can.c **** 				itstatus = CheckITStatus(CANx->ERRSR, CAN_ERRSR_LEC);  
1235:c:/Users/User/Documents/GitHub/ch32h417/EVT/EXAM/SRC/Peripheral/src\ch32h417_can.c **** 				break;
1236:c:/Users/User/Documents/GitHub/ch32h417/EVT/EXAM/SRC/Peripheral/src\ch32h417_can.c **** 			
1237:c:/Users/User/Documents/GitHub/ch32h417/EVT/EXAM/SRC/Peripheral/src\ch32h417_can.c **** 			case CAN_IT_ERR:
1238:c:/Users/User/Documents/GitHub/ch32h417/EVT/EXAM/SRC/Peripheral/src\ch32h417_can.c **** 				itstatus = CheckITStatus(CANx->STATR, CAN_STATR_ERRI); 
1239:c:/Users/User/Documents/GitHub/ch32h417/EVT/EXAM/SRC/Peripheral/src\ch32h417_can.c **** 				break;
1240:c:/Users/User/Documents/GitHub/ch32h417/EVT/EXAM/SRC/Peripheral/src\ch32h417_can.c **** 			
1241:c:/Users/User/Documents/GitHub/ch32h417/EVT/EXAM/SRC/Peripheral/src\ch32h417_can.c **** 			default :
1242:c:/Users/User/Documents/GitHub/ch32h417/EVT/EXAM/SRC/Peripheral/src\ch32h417_can.c **** 				itstatus = RESET;
1243:c:/Users/User/Documents/GitHub/ch32h417/EVT/EXAM/SRC/Peripheral/src\ch32h417_can.c **** 				break;
1244:c:/Users/User/Documents/GitHub/ch32h417/EVT/EXAM/SRC/Peripheral/src\ch32h417_can.c **** 		}
1245:c:/Users/User/Documents/GitHub/ch32h417/EVT/EXAM/SRC/Peripheral/src\ch32h417_can.c **** 	}
1246:c:/Users/User/Documents/GitHub/ch32h417/EVT/EXAM/SRC/Peripheral/src\ch32h417_can.c **** 	else
1247:c:/Users/User/Documents/GitHub/ch32h417/EVT/EXAM/SRC/Peripheral/src\ch32h417_can.c **** 	{
1248:c:/Users/User/Documents/GitHub/ch32h417/EVT/EXAM/SRC/Peripheral/src\ch32h417_can.c **** 		itstatus  = RESET;
1249:c:/Users/User/Documents/GitHub/ch32h417/EVT/EXAM/SRC/Peripheral/src\ch32h417_can.c **** 	}
1250:c:/Users/User/Documents/GitHub/ch32h417/EVT/EXAM/SRC/Peripheral/src\ch32h417_can.c **** 	
1251:c:/Users/User/Documents/GitHub/ch32h417/EVT/EXAM/SRC/Peripheral/src\ch32h417_can.c **** 	return  itstatus;
1252:c:/Users/User/Documents/GitHub/ch32h417/EVT/EXAM/SRC/Peripheral/src\ch32h417_can.c **** }
1253:c:/Users/User/Documents/GitHub/ch32h417/EVT/EXAM/SRC/Peripheral/src\ch32h417_can.c **** 
1254:c:/Users/User/Documents/GitHub/ch32h417/EVT/EXAM/SRC/Peripheral/src\ch32h417_can.c **** /*********************************************************************
1255:c:/Users/User/Documents/GitHub/ch32h417/EVT/EXAM/SRC/Peripheral/src\ch32h417_can.c ****  * @fn      CAN_ClearITPendingBit
1256:c:/Users/User/Documents/GitHub/ch32h417/EVT/EXAM/SRC/Peripheral/src\ch32h417_can.c ****  *
1257:c:/Users/User/Documents/GitHub/ch32h417/EVT/EXAM/SRC/Peripheral/src\ch32h417_can.c ****  * @brief   Clears the CANx's interrupt pending bits.
1258:c:/Users/User/Documents/GitHub/ch32h417/EVT/EXAM/SRC/Peripheral/src\ch32h417_can.c ****  *
1259:c:/Users/User/Documents/GitHub/ch32h417/EVT/EXAM/SRC/Peripheral/src\ch32h417_can.c ****  * @param   CANx - where x can be 1...3 to select the CAN peripheral.
1260:c:/Users/User/Documents/GitHub/ch32h417/EVT/EXAM/SRC/Peripheral/src\ch32h417_can.c ****  *          CAN_IT - specifies the interrupt pending bit to clear.
1261:c:/Users/User/Documents/GitHub/ch32h417/EVT/EXAM/SRC/Peripheral/src\ch32h417_can.c ****  *            CAN_IT_TME.
1262:c:/Users/User/Documents/GitHub/ch32h417/EVT/EXAM/SRC/Peripheral/src\ch32h417_can.c ****  *            CAN_IT_FF0.
1263:c:/Users/User/Documents/GitHub/ch32h417/EVT/EXAM/SRC/Peripheral/src\ch32h417_can.c ****  *            CAN_IT_FOV0.
1264:c:/Users/User/Documents/GitHub/ch32h417/EVT/EXAM/SRC/Peripheral/src\ch32h417_can.c ****  *            CAN_IT_FF1.
1265:c:/Users/User/Documents/GitHub/ch32h417/EVT/EXAM/SRC/Peripheral/src\ch32h417_can.c ****  *            CAN_IT_FOV1.
1266:c:/Users/User/Documents/GitHub/ch32h417/EVT/EXAM/SRC/Peripheral/src\ch32h417_can.c ****  *            CAN_IT_WKU.
1267:c:/Users/User/Documents/GitHub/ch32h417/EVT/EXAM/SRC/Peripheral/src\ch32h417_can.c ****  *            CAN_IT_SLK.
1268:c:/Users/User/Documents/GitHub/ch32h417/EVT/EXAM/SRC/Peripheral/src\ch32h417_can.c ****  *            CAN_IT_EWG.
1269:c:/Users/User/Documents/GitHub/ch32h417/EVT/EXAM/SRC/Peripheral/src\ch32h417_can.c ****  *            CAN_IT_EPV.
1270:c:/Users/User/Documents/GitHub/ch32h417/EVT/EXAM/SRC/Peripheral/src\ch32h417_can.c ****  *            CAN_IT_BOF.
1271:c:/Users/User/Documents/GitHub/ch32h417/EVT/EXAM/SRC/Peripheral/src\ch32h417_can.c ****  *            CAN_IT_LEC.
1272:c:/Users/User/Documents/GitHub/ch32h417/EVT/EXAM/SRC/Peripheral/src\ch32h417_can.c ****  *            CAN_IT_ERR.
1273:c:/Users/User/Documents/GitHub/ch32h417/EVT/EXAM/SRC/Peripheral/src\ch32h417_can.c ****  *
1274:c:/Users/User/Documents/GitHub/ch32h417/EVT/EXAM/SRC/Peripheral/src\ch32h417_can.c ****  * @return  none
1275:c:/Users/User/Documents/GitHub/ch32h417/EVT/EXAM/SRC/Peripheral/src\ch32h417_can.c ****  */
1276:c:/Users/User/Documents/GitHub/ch32h417/EVT/EXAM/SRC/Peripheral/src\ch32h417_can.c **** void CAN_ClearITPendingBit(CAN_TypeDef* CANx, uint32_t CAN_IT)
1277:c:/Users/User/Documents/GitHub/ch32h417/EVT/EXAM/SRC/Peripheral/src\ch32h417_can.c **** {
1278:c:/Users/User/Documents/GitHub/ch32h417/EVT/EXAM/SRC/Peripheral/src\ch32h417_can.c **** 	switch (CAN_IT)
1279:c:/Users/User/Documents/GitHub/ch32h417/EVT/EXAM/SRC/Peripheral/src\ch32h417_can.c **** 	{
1280:c:/Users/User/Documents/GitHub/ch32h417/EVT/EXAM/SRC/Peripheral/src\ch32h417_can.c **** 		case CAN_IT_TME:
1281:c:/Users/User/Documents/GitHub/ch32h417/EVT/EXAM/SRC/Peripheral/src\ch32h417_can.c **** 			CANx->TSTATR = CAN_TSTATR_RQCP0|CAN_TSTATR_RQCP1|CAN_TSTATR_RQCP2;  
1282:c:/Users/User/Documents/GitHub/ch32h417/EVT/EXAM/SRC/Peripheral/src\ch32h417_can.c **** 			break;
1283:c:/Users/User/Documents/GitHub/ch32h417/EVT/EXAM/SRC/Peripheral/src\ch32h417_can.c **** 
1284:c:/Users/User/Documents/GitHub/ch32h417/EVT/EXAM/SRC/Peripheral/src\ch32h417_can.c **** 		case CAN_IT_FF0:
1285:c:/Users/User/Documents/GitHub/ch32h417/EVT/EXAM/SRC/Peripheral/src\ch32h417_can.c **** 			CANx->RFIFO0 = CAN_RFIFO0_FULL0; 
1286:c:/Users/User/Documents/GitHub/ch32h417/EVT/EXAM/SRC/Peripheral/src\ch32h417_can.c **** 			break;
1287:c:/Users/User/Documents/GitHub/ch32h417/EVT/EXAM/SRC/Peripheral/src\ch32h417_can.c **** 
1288:c:/Users/User/Documents/GitHub/ch32h417/EVT/EXAM/SRC/Peripheral/src\ch32h417_can.c **** 		case CAN_IT_FOV0:
1289:c:/Users/User/Documents/GitHub/ch32h417/EVT/EXAM/SRC/Peripheral/src\ch32h417_can.c **** 			CANx->RFIFO0 = CAN_RFIFO0_FOVR0; 
1290:c:/Users/User/Documents/GitHub/ch32h417/EVT/EXAM/SRC/Peripheral/src\ch32h417_can.c **** 			break;
1291:c:/Users/User/Documents/GitHub/ch32h417/EVT/EXAM/SRC/Peripheral/src\ch32h417_can.c **** 
1292:c:/Users/User/Documents/GitHub/ch32h417/EVT/EXAM/SRC/Peripheral/src\ch32h417_can.c ****         case CAN_IT_FF1:
1293:c:/Users/User/Documents/GitHub/ch32h417/EVT/EXAM/SRC/Peripheral/src\ch32h417_can.c ****             CANx->RFIFO1 = CAN_RFIFO1_FULL1;
1294:c:/Users/User/Documents/GitHub/ch32h417/EVT/EXAM/SRC/Peripheral/src\ch32h417_can.c ****             break;
1295:c:/Users/User/Documents/GitHub/ch32h417/EVT/EXAM/SRC/Peripheral/src\ch32h417_can.c **** 
1296:c:/Users/User/Documents/GitHub/ch32h417/EVT/EXAM/SRC/Peripheral/src\ch32h417_can.c ****         case CAN_IT_FOV1:
1297:c:/Users/User/Documents/GitHub/ch32h417/EVT/EXAM/SRC/Peripheral/src\ch32h417_can.c ****             CANx->RFIFO1 = CAN_RFIFO1_FOVR1;
1298:c:/Users/User/Documents/GitHub/ch32h417/EVT/EXAM/SRC/Peripheral/src\ch32h417_can.c ****             break;
1299:c:/Users/User/Documents/GitHub/ch32h417/EVT/EXAM/SRC/Peripheral/src\ch32h417_can.c **** 
1300:c:/Users/User/Documents/GitHub/ch32h417/EVT/EXAM/SRC/Peripheral/src\ch32h417_can.c **** 		case CAN_IT_WKU:
1301:c:/Users/User/Documents/GitHub/ch32h417/EVT/EXAM/SRC/Peripheral/src\ch32h417_can.c **** 			CANx->STATR = CAN_STATR_WKUI;  
1302:c:/Users/User/Documents/GitHub/ch32h417/EVT/EXAM/SRC/Peripheral/src\ch32h417_can.c **** 			break;
1303:c:/Users/User/Documents/GitHub/ch32h417/EVT/EXAM/SRC/Peripheral/src\ch32h417_can.c **** 
1304:c:/Users/User/Documents/GitHub/ch32h417/EVT/EXAM/SRC/Peripheral/src\ch32h417_can.c **** 		case CAN_IT_SLK:
1305:c:/Users/User/Documents/GitHub/ch32h417/EVT/EXAM/SRC/Peripheral/src\ch32h417_can.c **** 			CANx->STATR = CAN_STATR_SLAKI;   
1306:c:/Users/User/Documents/GitHub/ch32h417/EVT/EXAM/SRC/Peripheral/src\ch32h417_can.c **** 			break;
1307:c:/Users/User/Documents/GitHub/ch32h417/EVT/EXAM/SRC/Peripheral/src\ch32h417_can.c **** 
1308:c:/Users/User/Documents/GitHub/ch32h417/EVT/EXAM/SRC/Peripheral/src\ch32h417_can.c **** 		case CAN_IT_EWG:
1309:c:/Users/User/Documents/GitHub/ch32h417/EVT/EXAM/SRC/Peripheral/src\ch32h417_can.c **** 			CANx->STATR = CAN_STATR_ERRI;
1310:c:/Users/User/Documents/GitHub/ch32h417/EVT/EXAM/SRC/Peripheral/src\ch32h417_can.c **** 			break;
1311:c:/Users/User/Documents/GitHub/ch32h417/EVT/EXAM/SRC/Peripheral/src\ch32h417_can.c **** 
1312:c:/Users/User/Documents/GitHub/ch32h417/EVT/EXAM/SRC/Peripheral/src\ch32h417_can.c **** 		case CAN_IT_EPV:
1313:c:/Users/User/Documents/GitHub/ch32h417/EVT/EXAM/SRC/Peripheral/src\ch32h417_can.c **** 			CANx->STATR = CAN_STATR_ERRI; 
1314:c:/Users/User/Documents/GitHub/ch32h417/EVT/EXAM/SRC/Peripheral/src\ch32h417_can.c **** 			break;
1315:c:/Users/User/Documents/GitHub/ch32h417/EVT/EXAM/SRC/Peripheral/src\ch32h417_can.c **** 
1316:c:/Users/User/Documents/GitHub/ch32h417/EVT/EXAM/SRC/Peripheral/src\ch32h417_can.c **** 		case CAN_IT_BOF:
1317:c:/Users/User/Documents/GitHub/ch32h417/EVT/EXAM/SRC/Peripheral/src\ch32h417_can.c **** 			CANx->STATR = CAN_STATR_ERRI; 
1318:c:/Users/User/Documents/GitHub/ch32h417/EVT/EXAM/SRC/Peripheral/src\ch32h417_can.c **** 			break;
1319:c:/Users/User/Documents/GitHub/ch32h417/EVT/EXAM/SRC/Peripheral/src\ch32h417_can.c **** 
1320:c:/Users/User/Documents/GitHub/ch32h417/EVT/EXAM/SRC/Peripheral/src\ch32h417_can.c **** 		case CAN_IT_LEC:
1321:c:/Users/User/Documents/GitHub/ch32h417/EVT/EXAM/SRC/Peripheral/src\ch32h417_can.c **** 			CANx->ERRSR = RESET; 
1322:c:/Users/User/Documents/GitHub/ch32h417/EVT/EXAM/SRC/Peripheral/src\ch32h417_can.c **** 			CANx->STATR = CAN_STATR_ERRI; 
1323:c:/Users/User/Documents/GitHub/ch32h417/EVT/EXAM/SRC/Peripheral/src\ch32h417_can.c **** 			break;
1324:c:/Users/User/Documents/GitHub/ch32h417/EVT/EXAM/SRC/Peripheral/src\ch32h417_can.c **** 
1325:c:/Users/User/Documents/GitHub/ch32h417/EVT/EXAM/SRC/Peripheral/src\ch32h417_can.c **** 		case CAN_IT_ERR:
1326:c:/Users/User/Documents/GitHub/ch32h417/EVT/EXAM/SRC/Peripheral/src\ch32h417_can.c **** 			CANx->ERRSR = RESET; 
1327:c:/Users/User/Documents/GitHub/ch32h417/EVT/EXAM/SRC/Peripheral/src\ch32h417_can.c **** 			CANx->STATR = CAN_STATR_ERRI; 
1328:c:/Users/User/Documents/GitHub/ch32h417/EVT/EXAM/SRC/Peripheral/src\ch32h417_can.c **** 			break;
1329:c:/Users/User/Documents/GitHub/ch32h417/EVT/EXAM/SRC/Peripheral/src\ch32h417_can.c **** 
1330:c:/Users/User/Documents/GitHub/ch32h417/EVT/EXAM/SRC/Peripheral/src\ch32h417_can.c **** 		default :
1331:c:/Users/User/Documents/GitHub/ch32h417/EVT/EXAM/SRC/Peripheral/src\ch32h417_can.c **** 			break;
1332:c:/Users/User/Documents/GitHub/ch32h417/EVT/EXAM/SRC/Peripheral/src\ch32h417_can.c **** 	}
1333:c:/Users/User/Documents/GitHub/ch32h417/EVT/EXAM/SRC/Peripheral/src\ch32h417_can.c **** }
1334:c:/Users/User/Documents/GitHub/ch32h417/EVT/EXAM/SRC/Peripheral/src\ch32h417_can.c **** 
1335:c:/Users/User/Documents/GitHub/ch32h417/EVT/EXAM/SRC/Peripheral/src\ch32h417_can.c **** /*********************************************************************
1336:c:/Users/User/Documents/GitHub/ch32h417/EVT/EXAM/SRC/Peripheral/src\ch32h417_can.c ****  * @fn      CheckITStatus
1337:c:/Users/User/Documents/GitHub/ch32h417/EVT/EXAM/SRC/Peripheral/src\ch32h417_can.c ****  *
1338:c:/Users/User/Documents/GitHub/ch32h417/EVT/EXAM/SRC/Peripheral/src\ch32h417_can.c ****  * @brief   Checks whether the CAN interrupt has occurred or not.
1339:c:/Users/User/Documents/GitHub/ch32h417/EVT/EXAM/SRC/Peripheral/src\ch32h417_can.c ****  *
1340:c:/Users/User/Documents/GitHub/ch32h417/EVT/EXAM/SRC/Peripheral/src\ch32h417_can.c ****  * @param   CAN_Reg - specifies the CAN interrupt register to check
1341:c:/Users/User/Documents/GitHub/ch32h417/EVT/EXAM/SRC/Peripheral/src\ch32h417_can.c ****  *          It_Bit - specifies the interrupt source bit to check.
1342:c:/Users/User/Documents/GitHub/ch32h417/EVT/EXAM/SRC/Peripheral/src\ch32h417_can.c ****  *
1343:c:/Users/User/Documents/GitHub/ch32h417/EVT/EXAM/SRC/Peripheral/src\ch32h417_can.c ****  * @return  ITStatus - SET or RESET.
1344:c:/Users/User/Documents/GitHub/ch32h417/EVT/EXAM/SRC/Peripheral/src\ch32h417_can.c ****  */
1345:c:/Users/User/Documents/GitHub/ch32h417/EVT/EXAM/SRC/Peripheral/src\ch32h417_can.c **** static ITStatus CheckITStatus(uint32_t CAN_Reg, uint32_t It_Bit)
1346:c:/Users/User/Documents/GitHub/ch32h417/EVT/EXAM/SRC/Peripheral/src\ch32h417_can.c **** {
1347:c:/Users/User/Documents/GitHub/ch32h417/EVT/EXAM/SRC/Peripheral/src\ch32h417_can.c **** 	ITStatus pendingbitstatus = RESET;
1348:c:/Users/User/Documents/GitHub/ch32h417/EVT/EXAM/SRC/Peripheral/src\ch32h417_can.c **** 	
1349:c:/Users/User/Documents/GitHub/ch32h417/EVT/EXAM/SRC/Peripheral/src\ch32h417_can.c **** 	if ((CAN_Reg & It_Bit) != (uint32_t)RESET)
1350:c:/Users/User/Documents/GitHub/ch32h417/EVT/EXAM/SRC/Peripheral/src\ch32h417_can.c **** 	{
1351:c:/Users/User/Documents/GitHub/ch32h417/EVT/EXAM/SRC/Peripheral/src\ch32h417_can.c **** 		pendingbitstatus = SET;
1352:c:/Users/User/Documents/GitHub/ch32h417/EVT/EXAM/SRC/Peripheral/src\ch32h417_can.c **** 	}
1353:c:/Users/User/Documents/GitHub/ch32h417/EVT/EXAM/SRC/Peripheral/src\ch32h417_can.c **** 	else
1354:c:/Users/User/Documents/GitHub/ch32h417/EVT/EXAM/SRC/Peripheral/src\ch32h417_can.c **** 	{
1355:c:/Users/User/Documents/GitHub/ch32h417/EVT/EXAM/SRC/Peripheral/src\ch32h417_can.c **** 		pendingbitstatus = RESET;
 2280              		.loc 1 1355 20 is_stmt 0
 2281 0032 0145     		li	a0,0
 2282 0034 8280     		ret
 2283              	.L226:
 2284              	.LBE31:
 2285              	.LBE30:
1183:c:/Users/User/Documents/GitHub/ch32h417/EVT/EXAM/SRC/Peripheral/src\ch32h417_can.c **** 		{
 2286              		.loc 1 1183 3
 2287 0036 93070002 		li	a5,32
 2288 003a 638CF506 		beq	a1,a5,.L230
 2289 003e 93070004 		li	a5,64
 2290 0042 638AF506 		beq	a1,a5,.L231
 2291 0046 C147     		li	a5,16
 2292 0048 E395F5FE 		bne	a1,a5,.L246
1202:c:/Users/User/Documents/GitHub/ch32h417/EVT/EXAM/SRC/Peripheral/src\ch32h417_can.c ****                 break;
 2293              		.loc 1 1202 17 is_stmt 1
1202:c:/Users/User/Documents/GitHub/ch32h417/EVT/EXAM/SRC/Peripheral/src\ch32h417_can.c ****                 break;
 2294              		.loc 1 1202 46 is_stmt 0
 2295 004c 084B     		lw	a0,16(a4)
 2296 004e 81A8     		j	.L250
 2297              	.L224:
1183:c:/Users/User/Documents/GitHub/ch32h417/EVT/EXAM/SRC/Peripheral/src\ch32h417_can.c **** 		{
 2298              		.loc 1 1183 3
 2299 0050 A167     		li	a5,32768
 2300 0052 6381F508 		beq	a1,a5,.L233
 2301 0056 63E2B702 		bgtu	a1,a5,.L234
 2302 005a 93070040 		li	a5,1024
 2303 005e 6383F506 		beq	a1,a5,.L235
 2304 0062 9317B028 		bseti	a5,zero,11
 2305 0066 6383F506 		beq	a1,a5,.L236
 2306 006a 93070020 		li	a5,512
 2307 006e E392F5FC 		bne	a1,a5,.L246
1226:c:/Users/User/Documents/GitHub/ch32h417/EVT/EXAM/SRC/Peripheral/src\ch32h417_can.c **** 				break;
 2308              		.loc 1 1226 5 is_stmt 1
1226:c:/Users/User/Documents/GitHub/ch32h417/EVT/EXAM/SRC/Peripheral/src\ch32h417_can.c **** 				break;
 2309              		.loc 1 1226 34 is_stmt 0
 2310 0072 084F     		lw	a0,24(a4)
 2311              	.LVL140:
 2312              	.LBB33:
 2313              	.LBB34:
1347:c:/Users/User/Documents/GitHub/ch32h417/EVT/EXAM/SRC/Peripheral/src\ch32h417_can.c **** 	
 2314              		.loc 1 1347 2 is_stmt 1
1349:c:/Users/User/Documents/GitHub/ch32h417/EVT/EXAM/SRC/Peripheral/src\ch32h417_can.c **** 	{
 2315              		.loc 1 1349 2
1349:c:/Users/User/Documents/GitHub/ch32h417/EVT/EXAM/SRC/Peripheral/src\ch32h417_can.c **** 	{
 2316              		.loc 1 1349 5 is_stmt 0
 2317 0074 13551548 		bexti	a0,a0,1
 2318              	.LVL141:
 2319 0078 8280     		ret
 2320              	.LVL142:
 2321              	.L234:
 2322              	.LBE34:
 2323              	.LBE33:
1183:c:/Users/User/Documents/GitHub/ch32h417/EVT/EXAM/SRC/Peripheral/src\ch32h417_can.c **** 		{
 2324              		.loc 1 1183 3
 2325 007a C167     		li	a5,65536
 2326 007c 638FF502 		beq	a1,a5,.L238
 2327 0080 B7070200 		li	a5,131072
 2328 0084 E397F5FA 		bne	a1,a5,.L246
1218:c:/Users/User/Documents/GitHub/ch32h417/EVT/EXAM/SRC/Peripheral/src\ch32h417_can.c **** 				break;
 2329              		.loc 1 1218 5 is_stmt 1
1218:c:/Users/User/Documents/GitHub/ch32h417/EVT/EXAM/SRC/Peripheral/src\ch32h417_can.c **** 				break;
 2330              		.loc 1 1218 34 is_stmt 0
 2331 0088 4843     		lw	a0,4(a4)
 2332 008a 0DA0     		j	.L249
 2333              	.L229:
1186:c:/Users/User/Documents/GitHub/ch32h417/EVT/EXAM/SRC/Peripheral/src\ch32h417_can.c **** 				break;
 2334              		.loc 1 1186 5 is_stmt 1
1186:c:/Users/User/Documents/GitHub/ch32h417/EVT/EXAM/SRC/Peripheral/src\ch32h417_can.c **** 				break;
 2335              		.loc 1 1186 34 is_stmt 0
 2336 008c 0847     		lw	a0,8(a4)
 2337              	.LVL143:
 2338              	.LBB35:
 2339              	.LBB36:
1347:c:/Users/User/Documents/GitHub/ch32h417/EVT/EXAM/SRC/Peripheral/src\ch32h417_can.c **** 	
 2340              		.loc 1 1347 2 is_stmt 1
1349:c:/Users/User/Documents/GitHub/ch32h417/EVT/EXAM/SRC/Peripheral/src\ch32h417_can.c **** 	{
 2341              		.loc 1 1349 2
1349:c:/Users/User/Documents/GitHub/ch32h417/EVT/EXAM/SRC/Peripheral/src\ch32h417_can.c **** 	{
 2342              		.loc 1 1349 15 is_stmt 0
 2343 008e C167     		li	a5,65536
 2344 0090 93871710 		addi	a5,a5,257
 2345 0094 7D8D     		and	a0,a0,a5
 2346              	.LVL144:
 2347              	.L247:
 2348              	.LBE36:
 2349              	.LBE35:
 2350              	.LBB37:
 2351              	.LBB38:
1349:c:/Users/User/Documents/GitHub/ch32h417/EVT/EXAM/SRC/Peripheral/src\ch32h417_can.c **** 	{
 2352              		.loc 1 1349 5
 2353 0096 3335A000 		snez	a0,a0
 2354 009a 8280     		ret
 2355              	.L227:
 2356              	.LBE38:
 2357              	.LBE37:
1190:c:/Users/User/Documents/GitHub/ch32h417/EVT/EXAM/SRC/Peripheral/src\ch32h417_can.c **** 				break;
 2358              		.loc 1 1190 5 is_stmt 1
1190:c:/Users/User/Documents/GitHub/ch32h417/EVT/EXAM/SRC/Peripheral/src\ch32h417_can.c **** 				break;
 2359              		.loc 1 1190 34 is_stmt 0
 2360 009c 4847     		lw	a0,12(a4)
 2361              	.LVL145:
 2362              	.LBB40:
 2363              	.LBB32:
1347:c:/Users/User/Documents/GitHub/ch32h417/EVT/EXAM/SRC/Peripheral/src\ch32h417_can.c **** 	
 2364              		.loc 1 1347 2 is_stmt 1
1349:c:/Users/User/Documents/GitHub/ch32h417/EVT/EXAM/SRC/Peripheral/src\ch32h417_can.c **** 	{
 2365              		.loc 1 1349 2
 2366              	.L250:
 2367              	.LBE32:
 2368              	.LBE40:
 2369              	.LBB41:
 2370              	.LBB42:
1347:c:/Users/User/Documents/GitHub/ch32h417/EVT/EXAM/SRC/Peripheral/src\ch32h417_can.c **** 	
 2371              		.loc 1 1347 2
1349:c:/Users/User/Documents/GitHub/ch32h417/EVT/EXAM/SRC/Peripheral/src\ch32h417_can.c **** 	{
 2372              		.loc 1 1349 2
1349:c:/Users/User/Documents/GitHub/ch32h417/EVT/EXAM/SRC/Peripheral/src\ch32h417_can.c **** 	{
 2373              		.loc 1 1349 15 is_stmt 0
 2374 009e 0D89     		andi	a0,a0,3
 2375              	.LVL146:
 2376 00a0 DDBF     		j	.L247
 2377              	.LVL147:
 2378              	.L228:
 2379              	.LBE42:
 2380              	.LBE41:
1194:c:/Users/User/Documents/GitHub/ch32h417/EVT/EXAM/SRC/Peripheral/src\ch32h417_can.c **** 				break;
 2381              		.loc 1 1194 5 is_stmt 1
1194:c:/Users/User/Documents/GitHub/ch32h417/EVT/EXAM/SRC/Peripheral/src\ch32h417_can.c **** 				break;
 2382              		.loc 1 1194 34 is_stmt 0
 2383 00a2 4847     		lw	a0,12(a4)
 2384              	.LVL148:
 2385              	.LBB43:
 2386              	.LBB44:
1347:c:/Users/User/Documents/GitHub/ch32h417/EVT/EXAM/SRC/Peripheral/src\ch32h417_can.c **** 	
 2387              		.loc 1 1347 2 is_stmt 1
1349:c:/Users/User/Documents/GitHub/ch32h417/EVT/EXAM/SRC/Peripheral/src\ch32h417_can.c **** 	{
 2388              		.loc 1 1349 2
 2389              	.L248:
 2390              	.LBE44:
 2391              	.LBE43:
 2392              	.LBB45:
 2393              	.LBB46:
1347:c:/Users/User/Documents/GitHub/ch32h417/EVT/EXAM/SRC/Peripheral/src\ch32h417_can.c **** 	
 2394              		.loc 1 1347 2
1349:c:/Users/User/Documents/GitHub/ch32h417/EVT/EXAM/SRC/Peripheral/src\ch32h417_can.c **** 	{
 2395              		.loc 1 1349 2
1349:c:/Users/User/Documents/GitHub/ch32h417/EVT/EXAM/SRC/Peripheral/src\ch32h417_can.c **** 	{
 2396              		.loc 1 1349 5 is_stmt 0
 2397 00a4 13553548 		bexti	a0,a0,3
 2398              	.LVL149:
 2399 00a8 8280     		ret
 2400              	.LVL150:
 2401              	.L225:
 2402              	.LBE46:
 2403              	.LBE45:
1198:c:/Users/User/Documents/GitHub/ch32h417/EVT/EXAM/SRC/Peripheral/src\ch32h417_can.c **** 				break;
 2404              		.loc 1 1198 5 is_stmt 1
1198:c:/Users/User/Documents/GitHub/ch32h417/EVT/EXAM/SRC/Peripheral/src\ch32h417_can.c **** 				break;
 2405              		.loc 1 1198 34 is_stmt 0
 2406 00aa 4847     		lw	a0,12(a4)
 2407              	.LVL151:
 2408              	.LBB47:
 2409              	.LBB48:
1347:c:/Users/User/Documents/GitHub/ch32h417/EVT/EXAM/SRC/Peripheral/src\ch32h417_can.c **** 	
 2410              		.loc 1 1347 2 is_stmt 1
1349:c:/Users/User/Documents/GitHub/ch32h417/EVT/EXAM/SRC/Peripheral/src\ch32h417_can.c **** 	{
 2411              		.loc 1 1349 2
 2412              	.L249:
 2413              	.LBE48:
 2414              	.LBE47:
 2415              	.LBB49:
 2416              	.LBB50:
1347:c:/Users/User/Documents/GitHub/ch32h417/EVT/EXAM/SRC/Peripheral/src\ch32h417_can.c **** 	
 2417              		.loc 1 1347 2
1349:c:/Users/User/Documents/GitHub/ch32h417/EVT/EXAM/SRC/Peripheral/src\ch32h417_can.c **** 	{
 2418              		.loc 1 1349 2
1349:c:/Users/User/Documents/GitHub/ch32h417/EVT/EXAM/SRC/Peripheral/src\ch32h417_can.c **** 	{
 2419              		.loc 1 1349 5 is_stmt 0
 2420 00ac 13554548 		bexti	a0,a0,4
 2421              	.LVL152:
 2422 00b0 8280     		ret
 2423              	.LVL153:
 2424              	.L230:
 2425              	.LBE50:
 2426              	.LBE49:
1206:c:/Users/User/Documents/GitHub/ch32h417/EVT/EXAM/SRC/Peripheral/src\ch32h417_can.c ****                 break;
 2427              		.loc 1 1206 17 is_stmt 1
1206:c:/Users/User/Documents/GitHub/ch32h417/EVT/EXAM/SRC/Peripheral/src\ch32h417_can.c ****                 break;
 2428              		.loc 1 1206 46 is_stmt 0
 2429 00b2 084B     		lw	a0,16(a4)
 2430              	.LVL154:
 2431              	.LBB51:
 2432              	.LBB52:
1347:c:/Users/User/Documents/GitHub/ch32h417/EVT/EXAM/SRC/Peripheral/src\ch32h417_can.c **** 	
 2433              		.loc 1 1347 2 is_stmt 1
1349:c:/Users/User/Documents/GitHub/ch32h417/EVT/EXAM/SRC/Peripheral/src\ch32h417_can.c **** 	{
 2434              		.loc 1 1349 2
 2435 00b4 C5BF     		j	.L248
 2436              	.LVL155:
 2437              	.L231:
 2438              	.LBE52:
 2439              	.LBE51:
1210:c:/Users/User/Documents/GitHub/ch32h417/EVT/EXAM/SRC/Peripheral/src\ch32h417_can.c ****                 break;
 2440              		.loc 1 1210 17
1210:c:/Users/User/Documents/GitHub/ch32h417/EVT/EXAM/SRC/Peripheral/src\ch32h417_can.c ****                 break;
 2441              		.loc 1 1210 46 is_stmt 0
 2442 00b6 084B     		lw	a0,16(a4)
 2443              	.LVL156:
 2444              	.LBB53:
 2445              	.LBB54:
1347:c:/Users/User/Documents/GitHub/ch32h417/EVT/EXAM/SRC/Peripheral/src\ch32h417_can.c **** 	
 2446              		.loc 1 1347 2 is_stmt 1
1349:c:/Users/User/Documents/GitHub/ch32h417/EVT/EXAM/SRC/Peripheral/src\ch32h417_can.c **** 	{
 2447              		.loc 1 1349 2
 2448 00b8 D5BF     		j	.L249
 2449              	.LVL157:
 2450              	.L238:
 2451              	.LBE54:
 2452              	.LBE53:
1214:c:/Users/User/Documents/GitHub/ch32h417/EVT/EXAM/SRC/Peripheral/src\ch32h417_can.c **** 				break;
 2453              		.loc 1 1214 5
1214:c:/Users/User/Documents/GitHub/ch32h417/EVT/EXAM/SRC/Peripheral/src\ch32h417_can.c **** 				break;
 2454              		.loc 1 1214 34 is_stmt 0
 2455 00ba 4843     		lw	a0,4(a4)
 2456 00bc E5B7     		j	.L248
 2457              	.L223:
1222:c:/Users/User/Documents/GitHub/ch32h417/EVT/EXAM/SRC/Peripheral/src\ch32h417_can.c **** 				break;
 2458              		.loc 1 1222 5 is_stmt 1
1222:c:/Users/User/Documents/GitHub/ch32h417/EVT/EXAM/SRC/Peripheral/src\ch32h417_can.c **** 				break;
 2459              		.loc 1 1222 34 is_stmt 0
 2460 00be 084F     		lw	a0,24(a4)
 2461              	.LVL158:
 2462              	.LBB55:
 2463              	.LBB56:
1347:c:/Users/User/Documents/GitHub/ch32h417/EVT/EXAM/SRC/Peripheral/src\ch32h417_can.c **** 	
 2464              		.loc 1 1347 2 is_stmt 1
1349:c:/Users/User/Documents/GitHub/ch32h417/EVT/EXAM/SRC/Peripheral/src\ch32h417_can.c **** 	{
 2465              		.loc 1 1349 2
1349:c:/Users/User/Documents/GitHub/ch32h417/EVT/EXAM/SRC/Peripheral/src\ch32h417_can.c **** 	{
 2466              		.loc 1 1349 15 is_stmt 0
 2467 00c0 0589     		andi	a0,a0,1
 2468              	.LVL159:
 2469 00c2 8280     		ret
 2470              	.LVL160:
 2471              	.L235:
 2472              	.LBE56:
 2473              	.LBE55:
1230:c:/Users/User/Documents/GitHub/ch32h417/EVT/EXAM/SRC/Peripheral/src\ch32h417_can.c **** 				break;
 2474              		.loc 1 1230 5 is_stmt 1
1230:c:/Users/User/Documents/GitHub/ch32h417/EVT/EXAM/SRC/Peripheral/src\ch32h417_can.c **** 				break;
 2475              		.loc 1 1230 34 is_stmt 0
 2476 00c4 084F     		lw	a0,24(a4)
 2477              	.LVL161:
 2478              	.LBB57:
 2479              	.LBB58:
1347:c:/Users/User/Documents/GitHub/ch32h417/EVT/EXAM/SRC/Peripheral/src\ch32h417_can.c **** 	
 2480              		.loc 1 1347 2 is_stmt 1
1349:c:/Users/User/Documents/GitHub/ch32h417/EVT/EXAM/SRC/Peripheral/src\ch32h417_can.c **** 	{
 2481              		.loc 1 1349 2
 2482              	.L245:
 2483              	.LBE58:
 2484              	.LBE57:
 2485              	.LBB59:
 2486              	.LBB60:
1347:c:/Users/User/Documents/GitHub/ch32h417/EVT/EXAM/SRC/Peripheral/src\ch32h417_can.c **** 	
 2487              		.loc 1 1347 2
1349:c:/Users/User/Documents/GitHub/ch32h417/EVT/EXAM/SRC/Peripheral/src\ch32h417_can.c **** 	{
 2488              		.loc 1 1349 2
1349:c:/Users/User/Documents/GitHub/ch32h417/EVT/EXAM/SRC/Peripheral/src\ch32h417_can.c **** 	{
 2489              		.loc 1 1349 5 is_stmt 0
 2490 00c6 13552548 		bexti	a0,a0,2
 2491              	.LVL162:
 2492              	.LBE60:
 2493              	.LBE59:
1251:c:/Users/User/Documents/GitHub/ch32h417/EVT/EXAM/SRC/Peripheral/src\ch32h417_can.c **** }
 2494              		.loc 1 1251 2 is_stmt 1
 2495              	.L221:
1252:c:/Users/User/Documents/GitHub/ch32h417/EVT/EXAM/SRC/Peripheral/src\ch32h417_can.c **** 
 2496              		.loc 1 1252 1 is_stmt 0
 2497 00ca 8280     		ret
 2498              	.LVL163:
 2499              	.L236:
1234:c:/Users/User/Documents/GitHub/ch32h417/EVT/EXAM/SRC/Peripheral/src\ch32h417_can.c **** 				break;
 2500              		.loc 1 1234 5 is_stmt 1
1234:c:/Users/User/Documents/GitHub/ch32h417/EVT/EXAM/SRC/Peripheral/src\ch32h417_can.c **** 				break;
 2501              		.loc 1 1234 34 is_stmt 0
 2502 00cc 084F     		lw	a0,24(a4)
 2503              	.LVL164:
 2504              	.LBB61:
 2505              	.LBB39:
1347:c:/Users/User/Documents/GitHub/ch32h417/EVT/EXAM/SRC/Peripheral/src\ch32h417_can.c **** 	
 2506              		.loc 1 1347 2 is_stmt 1
1349:c:/Users/User/Documents/GitHub/ch32h417/EVT/EXAM/SRC/Peripheral/src\ch32h417_can.c **** 	{
 2507              		.loc 1 1349 2
1349:c:/Users/User/Documents/GitHub/ch32h417/EVT/EXAM/SRC/Peripheral/src\ch32h417_can.c **** 	{
 2508              		.loc 1 1349 15 is_stmt 0
 2509 00ce 13750507 		andi	a0,a0,112
 2510              	.LVL165:
 2511 00d2 D1B7     		j	.L247
 2512              	.LVL166:
 2513              	.L233:
 2514              	.LBE39:
 2515              	.LBE61:
1238:c:/Users/User/Documents/GitHub/ch32h417/EVT/EXAM/SRC/Peripheral/src\ch32h417_can.c **** 				break;
 2516              		.loc 1 1238 5 is_stmt 1
1238:c:/Users/User/Documents/GitHub/ch32h417/EVT/EXAM/SRC/Peripheral/src\ch32h417_can.c **** 				break;
 2517              		.loc 1 1238 34 is_stmt 0
 2518 00d4 4843     		lw	a0,4(a4)
 2519 00d6 C5BF     		j	.L245
 2520              		.cfi_endproc
 2521              	.LFE62:
 2523              		.section	.text.CAN_ClearITPendingBit,"ax",@progbits
 2524              		.align	1
 2525              		.globl	CAN_ClearITPendingBit
 2527              	CAN_ClearITPendingBit:
 2528              	.LFB63:
1277:c:/Users/User/Documents/GitHub/ch32h417/EVT/EXAM/SRC/Peripheral/src\ch32h417_can.c **** 	switch (CAN_IT)
 2529              		.loc 1 1277 1 is_stmt 1
 2530              		.cfi_startproc
 2531              	.LVL167:
1278:c:/Users/User/Documents/GitHub/ch32h417/EVT/EXAM/SRC/Peripheral/src\ch32h417_can.c **** 	{
 2532              		.loc 1 1278 2
 2533 0000 93070020 		li	a5,512
 2534 0004 6389F508 		beq	a1,a5,.L269
 2535 0008 63EBB702 		bgtu	a1,a5,.L253
 2536 000c 93070002 		li	a5,32
 2537 0010 6387F506 		beq	a1,a5,.L254
 2538 0014 63ECB700 		bgtu	a1,a5,.L255
 2539 0018 9147     		li	a5,4
 2540 001a 638DF504 		beq	a1,a5,.L256
 2541 001e A147     		li	a5,8
 2542 0020 638DF504 		beq	a1,a5,.L257
 2543 0024 8547     		li	a5,1
 2544 0026 6382F504 		beq	a1,a5,.L258
 2545 002a 8280     		ret
 2546              	.L255:
 2547 002c 93070004 		li	a5,64
 2548 0030 638AF504 		beq	a1,a5,.L260
 2549 0034 93070010 		li	a5,256
 2550 0038 638FF504 		beq	a1,a5,.L269
 2551 003c 8280     		ret
 2552              	.L253:
 2553 003e A167     		li	a5,32768
 2554 0040 6389F504 		beq	a1,a5,.L262
 2555 0044 63EBB700 		bgtu	a1,a5,.L263
 2556 0048 93070040 		li	a5,1024
 2557 004c 6385F504 		beq	a1,a5,.L269
 2558 0050 9317B028 		bseti	a5,zero,11
 2559 0054 638FF502 		beq	a1,a5,.L262
 2560 0058 8280     		ret
 2561              	.L263:
 2562 005a C167     		li	a5,65536
 2563 005c 6386F502 		beq	a1,a5,.L266
 2564 0060 B7070200 		li	a5,131072
 2565 0064 6385F502 		beq	a1,a5,.L267
 2566 0068 8280     		ret
 2567              	.L258:
1281:c:/Users/User/Documents/GitHub/ch32h417/EVT/EXAM/SRC/Peripheral/src\ch32h417_can.c **** 			break;
 2568              		.loc 1 1281 4
1281:c:/Users/User/Documents/GitHub/ch32h417/EVT/EXAM/SRC/Peripheral/src\ch32h417_can.c **** 			break;
 2569              		.loc 1 1281 17 is_stmt 0
 2570 006a C167     		li	a5,65536
 2571 006c 93871710 		addi	a5,a5,257
 2572 0070 1CC5     		sw	a5,8(a0)
1282:c:/Users/User/Documents/GitHub/ch32h417/EVT/EXAM/SRC/Peripheral/src\ch32h417_can.c **** 
 2573              		.loc 1 1282 4 is_stmt 1
 2574 0072 8280     		ret
 2575              	.L256:
1285:c:/Users/User/Documents/GitHub/ch32h417/EVT/EXAM/SRC/Peripheral/src\ch32h417_can.c **** 			break;
 2576              		.loc 1 1285 4
1285:c:/Users/User/Documents/GitHub/ch32h417/EVT/EXAM/SRC/Peripheral/src\ch32h417_can.c **** 			break;
 2577              		.loc 1 1285 17 is_stmt 0
 2578 0074 A147     		li	a5,8
 2579              	.L268:
1289:c:/Users/User/Documents/GitHub/ch32h417/EVT/EXAM/SRC/Peripheral/src\ch32h417_can.c **** 			break;
 2580              		.loc 1 1289 17
 2581 0076 5CC5     		sw	a5,12(a0)
1290:c:/Users/User/Documents/GitHub/ch32h417/EVT/EXAM/SRC/Peripheral/src\ch32h417_can.c **** 
 2582              		.loc 1 1290 4 is_stmt 1
 2583 0078 8280     		ret
 2584              	.L257:
1289:c:/Users/User/Documents/GitHub/ch32h417/EVT/EXAM/SRC/Peripheral/src\ch32h417_can.c **** 			break;
 2585              		.loc 1 1289 4
1289:c:/Users/User/Documents/GitHub/ch32h417/EVT/EXAM/SRC/Peripheral/src\ch32h417_can.c **** 			break;
 2586              		.loc 1 1289 17 is_stmt 0
 2587 007a C147     		li	a5,16
 2588 007c EDBF     		j	.L268
 2589              	.L254:
1293:c:/Users/User/Documents/GitHub/ch32h417/EVT/EXAM/SRC/Peripheral/src\ch32h417_can.c ****             break;
 2590              		.loc 1 1293 13 is_stmt 1
1293:c:/Users/User/Documents/GitHub/ch32h417/EVT/EXAM/SRC/Peripheral/src\ch32h417_can.c ****             break;
 2591              		.loc 1 1293 26 is_stmt 0
 2592 007e A147     		li	a5,8
 2593              	.L271:
1297:c:/Users/User/Documents/GitHub/ch32h417/EVT/EXAM/SRC/Peripheral/src\ch32h417_can.c ****             break;
 2594              		.loc 1 1297 26
 2595 0080 1CC9     		sw	a5,16(a0)
1298:c:/Users/User/Documents/GitHub/ch32h417/EVT/EXAM/SRC/Peripheral/src\ch32h417_can.c **** 
 2596              		.loc 1 1298 13 is_stmt 1
 2597 0082 8280     		ret
 2598              	.L260:
1297:c:/Users/User/Documents/GitHub/ch32h417/EVT/EXAM/SRC/Peripheral/src\ch32h417_can.c ****             break;
 2599              		.loc 1 1297 13
1297:c:/Users/User/Documents/GitHub/ch32h417/EVT/EXAM/SRC/Peripheral/src\ch32h417_can.c ****             break;
 2600              		.loc 1 1297 26 is_stmt 0
 2601 0084 C147     		li	a5,16
 2602 0086 EDBF     		j	.L271
 2603              	.L266:
1301:c:/Users/User/Documents/GitHub/ch32h417/EVT/EXAM/SRC/Peripheral/src\ch32h417_can.c **** 			break;
 2604              		.loc 1 1301 4 is_stmt 1
1301:c:/Users/User/Documents/GitHub/ch32h417/EVT/EXAM/SRC/Peripheral/src\ch32h417_can.c **** 			break;
 2605              		.loc 1 1301 16 is_stmt 0
 2606 0088 A147     		li	a5,8
 2607              	.L270:
1327:c:/Users/User/Documents/GitHub/ch32h417/EVT/EXAM/SRC/Peripheral/src\ch32h417_can.c **** 			break;
 2608              		.loc 1 1327 16
 2609 008a 5CC1     		sw	a5,4(a0)
1328:c:/Users/User/Documents/GitHub/ch32h417/EVT/EXAM/SRC/Peripheral/src\ch32h417_can.c **** 
 2610              		.loc 1 1328 4 is_stmt 1
1333:c:/Users/User/Documents/GitHub/ch32h417/EVT/EXAM/SRC/Peripheral/src\ch32h417_can.c **** 
 2611              		.loc 1 1333 1 is_stmt 0
 2612 008c 8280     		ret
 2613              	.L267:
1305:c:/Users/User/Documents/GitHub/ch32h417/EVT/EXAM/SRC/Peripheral/src\ch32h417_can.c **** 			break;
 2614              		.loc 1 1305 4 is_stmt 1
1305:c:/Users/User/Documents/GitHub/ch32h417/EVT/EXAM/SRC/Peripheral/src\ch32h417_can.c **** 			break;
 2615              		.loc 1 1305 16 is_stmt 0
 2616 008e C147     		li	a5,16
 2617 0090 EDBF     		j	.L270
 2618              	.L262:
1326:c:/Users/User/Documents/GitHub/ch32h417/EVT/EXAM/SRC/Peripheral/src\ch32h417_can.c **** 			CANx->STATR = CAN_STATR_ERRI; 
 2619              		.loc 1 1326 4 is_stmt 1
1326:c:/Users/User/Documents/GitHub/ch32h417/EVT/EXAM/SRC/Peripheral/src\ch32h417_can.c **** 			CANx->STATR = CAN_STATR_ERRI; 
 2620              		.loc 1 1326 16 is_stmt 0
 2621 0092 232C0500 		sw	zero,24(a0)
 2622              	.L269:
1327:c:/Users/User/Documents/GitHub/ch32h417/EVT/EXAM/SRC/Peripheral/src\ch32h417_can.c **** 			break;
 2623              		.loc 1 1327 4 is_stmt 1
1327:c:/Users/User/Documents/GitHub/ch32h417/EVT/EXAM/SRC/Peripheral/src\ch32h417_can.c **** 			break;
 2624              		.loc 1 1327 16 is_stmt 0
 2625 0096 9147     		li	a5,4
 2626 0098 CDBF     		j	.L270
 2627              		.cfi_endproc
 2628              	.LFE63:
 2630              		.section	.text.CAN_BusOff_ErrCntConfig,"ax",@progbits
 2631              		.align	1
 2632              		.globl	CAN_BusOff_ErrCntConfig
 2634              	CAN_BusOff_ErrCntConfig:
 2635              	.LFB65:
1356:c:/Users/User/Documents/GitHub/ch32h417/EVT/EXAM/SRC/Peripheral/src\ch32h417_can.c **** 	}
1357:c:/Users/User/Documents/GitHub/ch32h417/EVT/EXAM/SRC/Peripheral/src\ch32h417_can.c **** 	
1358:c:/Users/User/Documents/GitHub/ch32h417/EVT/EXAM/SRC/Peripheral/src\ch32h417_can.c **** 	return pendingbitstatus;
1359:c:/Users/User/Documents/GitHub/ch32h417/EVT/EXAM/SRC/Peripheral/src\ch32h417_can.c **** }
1360:c:/Users/User/Documents/GitHub/ch32h417/EVT/EXAM/SRC/Peripheral/src\ch32h417_can.c **** 
1361:c:/Users/User/Documents/GitHub/ch32h417/EVT/EXAM/SRC/Peripheral/src\ch32h417_can.c **** /*********************************************************************
1362:c:/Users/User/Documents/GitHub/ch32h417/EVT/EXAM/SRC/Peripheral/src\ch32h417_can.c ****  * @fn      CAN_BusOff_ErrCntConfig
1363:c:/Users/User/Documents/GitHub/ch32h417/EVT/EXAM/SRC/Peripheral/src\ch32h417_can.c ****  *
1364:c:/Users/User/Documents/GitHub/ch32h417/EVT/EXAM/SRC/Peripheral/src\ch32h417_can.c ****  * @brief   Configures the CAN the number of err count bus off.
1365:c:/Users/User/Documents/GitHub/ch32h417/EVT/EXAM/SRC/Peripheral/src\ch32h417_can.c ****  *
1366:c:/Users/User/Documents/GitHub/ch32h417/EVT/EXAM/SRC/Peripheral/src\ch32h417_can.c ****  * @param   CANx - where x can be 1...3 to select the CAN peripheral.
1367:c:/Users/User/Documents/GitHub/ch32h417/EVT/EXAM/SRC/Peripheral/src\ch32h417_can.c ****  *          BusOff_ErrCnt - Err count bus off.
1368:c:/Users/User/Documents/GitHub/ch32h417/EVT/EXAM/SRC/Peripheral/src\ch32h417_can.c ****  *            This parameter must range from 0x00 to 0xFF.
1369:c:/Users/User/Documents/GitHub/ch32h417/EVT/EXAM/SRC/Peripheral/src\ch32h417_can.c ****  *
1370:c:/Users/User/Documents/GitHub/ch32h417/EVT/EXAM/SRC/Peripheral/src\ch32h417_can.c ****  * @return  none
1371:c:/Users/User/Documents/GitHub/ch32h417/EVT/EXAM/SRC/Peripheral/src\ch32h417_can.c ****  */
1372:c:/Users/User/Documents/GitHub/ch32h417/EVT/EXAM/SRC/Peripheral/src\ch32h417_can.c **** void CAN_BusOff_ErrCntConfig(CAN_TypeDef *CANx, uint8_t BusOff_ErrCnt)
1373:c:/Users/User/Documents/GitHub/ch32h417/EVT/EXAM/SRC/Peripheral/src\ch32h417_can.c **** {
 2636              		.loc 1 1373 1 is_stmt 1
 2637              		.cfi_startproc
 2638              	.LVL168:
1374:c:/Users/User/Documents/GitHub/ch32h417/EVT/EXAM/SRC/Peripheral/src\ch32h417_can.c ****     CANx->TERR_CNT &= ~(0x000000FF);
 2639              		.loc 1 1374 5
 2640              		.loc 1 1374 9 is_stmt 0
 2641 0000 1C55     		lw	a5,40(a0)
 2642              		.loc 1 1374 20
 2643 0002 93F707F0 		andi	a5,a5,-256
 2644 0006 1CD5     		sw	a5,40(a0)
1375:c:/Users/User/Documents/GitHub/ch32h417/EVT/EXAM/SRC/Peripheral/src\ch32h417_can.c ****     CANx->TERR_CNT |= (uint32_t)BusOff_ErrCnt;
 2645              		.loc 1 1375 5 is_stmt 1
 2646              		.loc 1 1375 9 is_stmt 0
 2647 0008 1C55     		lw	a5,40(a0)
 2648              		.loc 1 1375 20
 2649 000a DD8D     		or	a1,a1,a5
 2650              	.LVL169:
 2651 000c 0CD5     		sw	a1,40(a0)
1376:c:/Users/User/Documents/GitHub/ch32h417/EVT/EXAM/SRC/Peripheral/src\ch32h417_can.c **** }
 2652              		.loc 1 1376 1
 2653 000e 8280     		ret
 2654              		.cfi_endproc
 2655              	.LFE65:
 2657              		.text
 2658              	.Letext0:
 2659              		.file 2 "d:\\mounriver\\mounriver_studio2\\resources\\app\\resources\\win32\\components\\wch\\tool
 2660              		.file 3 "d:\\mounriver\\mounriver_studio2\\resources\\app\\resources\\win32\\components\\wch\\tool
 2661              		.file 4 "c:/Users/User/Documents/GitHub/ch32h417/EVT/EXAM/SRC/Core/core_riscv.h"
 2662              		.file 5 "c:/Users/User/Documents/GitHub/ch32h417/EVT/EXAM/SRC/Peripheral/inc/ch32h417.h"
 2663              		.file 6 "c:/Users/User/Documents/GitHub/ch32h417/EVT/EXAM/SRC/Peripheral/inc/ch32h417_can.h"
 2664              		.file 7 "c:/Users/User/Documents/GitHub/ch32h417/EVT/EXAM/USBFS/DEVICE/SimulateCDC/V3F/User/system
 2665              		.file 8 "c:/Users/User/Documents/GitHub/ch32h417/EVT/EXAM/SRC/Peripheral/inc/ch32h417_dbgmcu.h"
 2666              		.file 9 "c:/Users/User/Documents/GitHub/ch32h417/EVT/EXAM/SRC/Peripheral/inc/ch32h417_rcc.h"
DEFINED SYMBOLS
                            *ABS*:0000000000000000 ch32h417_can.c
C:\Users\User\AppData\Local\Temp\ccON7OQp.s:14     .text.CAN_DeInit:0000000000000000 CAN_DeInit
C:\Users\User\AppData\Local\Temp\ccON7OQp.s:18     .text.CAN_DeInit:0000000000000000 .L0 
C:\Users\User\AppData\Local\Temp\ccON7OQp.s:20     .text.CAN_DeInit:0000000000000000 $x
C:\Users\User\AppData\Local\Temp\ccON7OQp.s:20     .text.CAN_DeInit:0000000000000000 .L0 
C:\Users\User\AppData\Local\Temp\ccON7OQp.s:21     .text.CAN_DeInit:0000000000000008 .L0 
C:\Users\User\AppData\Local\Temp\ccON7OQp.s:22     .text.CAN_DeInit:0000000000000008 .L0 
C:\Users\User\AppData\Local\Temp\ccON7OQp.s:24     .text.CAN_DeInit:0000000000000008 .L0 
C:\Users\User\AppData\Local\Temp\ccON7OQp.s:25     .text.CAN_DeInit:0000000000000008 .L0 
C:\Users\User\AppData\Local\Temp\ccON7OQp.s:29     .text.CAN_DeInit:0000000000000014 .L0 
C:\Users\User\AppData\Local\Temp\ccON7OQp.s:35     .text.CAN_DeInit:0000000000000022 .L0 
C:\Users\User\AppData\Local\Temp\ccON7OQp.s:39     .text.CAN_DeInit:0000000000000028 .L0 
C:\Users\User\AppData\Local\Temp\ccON7OQp.s:43     .text.CAN_DeInit:0000000000000030 .L0 
C:\Users\User\AppData\Local\Temp\ccON7OQp.s:44     .text.CAN_DeInit:0000000000000038 .L0 
C:\Users\User\AppData\Local\Temp\ccON7OQp.s:45     .text.CAN_DeInit:0000000000000038 .L0 
C:\Users\User\AppData\Local\Temp\ccON7OQp.s:46     .text.CAN_DeInit:0000000000000038 .L0 
C:\Users\User\AppData\Local\Temp\ccON7OQp.s:49     .text.CAN_DeInit:0000000000000038 .L0 
C:\Users\User\AppData\Local\Temp\ccON7OQp.s:51     .text.CAN_DeInit:0000000000000038 .L0 
C:\Users\User\AppData\Local\Temp\ccON7OQp.s:52     .text.CAN_DeInit:0000000000000038 .L0 
C:\Users\User\AppData\Local\Temp\ccON7OQp.s:56     .text.CAN_DeInit:0000000000000044 .L0 
C:\Users\User\AppData\Local\Temp\ccON7OQp.s:62     .text.CAN_DeInit:0000000000000052 .L0 
C:\Users\User\AppData\Local\Temp\ccON7OQp.s:68     .text.CAN_DeInit:000000000000005a .L0 
C:\Users\User\AppData\Local\Temp\ccON7OQp.s:69     .text.CAN_DeInit:000000000000005a .L0 
C:\Users\User\AppData\Local\Temp\ccON7OQp.s:73     .text.CAN_DeInit:0000000000000066 .L0 
C:\Users\User\AppData\Local\Temp\ccON7OQp.s:79     .text.CAN_DeInit:0000000000000074 .L0 
C:\Users\User\AppData\Local\Temp\ccON7OQp.s:82     .text.CAN_DeInit:000000000000007c .L0 
C:\Users\User\AppData\Local\Temp\ccON7OQp.s:89     .text.CAN_Init:0000000000000000 CAN_Init
C:\Users\User\AppData\Local\Temp\ccON7OQp.s:92     .text.CAN_Init:0000000000000000 .L0 
C:\Users\User\AppData\Local\Temp\ccON7OQp.s:94     .text.CAN_Init:0000000000000000 $x
C:\Users\User\AppData\Local\Temp\ccON7OQp.s:94     .text.CAN_Init:0000000000000000 .L0 
C:\Users\User\AppData\Local\Temp\ccON7OQp.s:95     .text.CAN_Init:0000000000000008 .L0 
C:\Users\User\AppData\Local\Temp\ccON7OQp.s:96     .text.CAN_Init:0000000000000008 .L0 
C:\Users\User\AppData\Local\Temp\ccON7OQp.s:97     .text.CAN_Init:0000000000000008 .L0 
C:\Users\User\AppData\Local\Temp\ccON7OQp.s:98     .text.CAN_Init:0000000000000008 .L0 
C:\Users\User\AppData\Local\Temp\ccON7OQp.s:101    .text.CAN_Init:0000000000000008 .L0 
C:\Users\User\AppData\Local\Temp\ccON7OQp.s:102    .text.CAN_Init:0000000000000008 .L0 
C:\Users\User\AppData\Local\Temp\ccON7OQp.s:103    .text.CAN_Init:0000000000000008 .L0 
C:\Users\User\AppData\Local\Temp\ccON7OQp.s:104    .text.CAN_Init:0000000000000008 .L0 
C:\Users\User\AppData\Local\Temp\ccON7OQp.s:107    .text.CAN_Init:000000000000000c .L0 
C:\Users\User\AppData\Local\Temp\ccON7OQp.s:110    .text.CAN_Init:0000000000000014 .L0 
C:\Users\User\AppData\Local\Temp\ccON7OQp.s:111    .text.CAN_Init:0000000000000014 .L0 
C:\Users\User\AppData\Local\Temp\ccON7OQp.s:114    .text.CAN_Init:0000000000000018 .L0 
C:\Users\User\AppData\Local\Temp\ccON7OQp.s:116    .text.CAN_Init:000000000000001c .L0 
C:\Users\User\AppData\Local\Temp\ccON7OQp.s:117    .text.CAN_Init:000000000000001c .L0 
C:\Users\User\AppData\Local\Temp\ccON7OQp.s:121    .text.CAN_Init:0000000000000028 .L0 
C:\Users\User\AppData\Local\Temp\ccON7OQp.s:122    .text.CAN_Init:0000000000000028 .L0 
C:\Users\User\AppData\Local\Temp\ccON7OQp.s:125    .text.CAN_Init:000000000000002e .L0 
C:\Users\User\AppData\Local\Temp\ccON7OQp.s:128    .text.CAN_Init:0000000000000034 .L0 
C:\Users\User\AppData\Local\Temp\ccON7OQp.s:129    .text.CAN_Init:0000000000000034 .L0 
C:\Users\User\AppData\Local\Temp\ccON7OQp.s:131    .text.CAN_Init:0000000000000036 .L0 
C:\Users\User\AppData\Local\Temp\ccON7OQp.s:134    .text.CAN_Init:000000000000003a .L0 
C:\Users\User\AppData\Local\Temp\ccON7OQp.s:137    .text.CAN_Init:000000000000003c .L0 
C:\Users\User\AppData\Local\Temp\ccON7OQp.s:138    .text.CAN_Init:000000000000003c .L0 
C:\Users\User\AppData\Local\Temp\ccON7OQp.s:140    .text.CAN_Init:000000000000003e .L0 
C:\Users\User\AppData\Local\Temp\ccON7OQp.s:143    .text.CAN_Init:0000000000000042 .L0 
C:\Users\User\AppData\Local\Temp\ccON7OQp.s:144    .text.CAN_Init:0000000000000042 .L0 
C:\Users\User\AppData\Local\Temp\ccON7OQp.s:146    .text.CAN_Init:0000000000000044 .L0 
C:\Users\User\AppData\Local\Temp\ccON7OQp.s:149    .text.CAN_Init:000000000000004a .L0 
C:\Users\User\AppData\Local\Temp\ccON7OQp.s:150    .text.CAN_Init:000000000000004a .L0 
C:\Users\User\AppData\Local\Temp\ccON7OQp.s:154    .text.CAN_Init:000000000000004c .L0 
C:\Users\User\AppData\Local\Temp\ccON7OQp.s:155    .text.CAN_Init:000000000000004c .L0 
C:\Users\User\AppData\Local\Temp\ccON7OQp.s:157    .text.CAN_Init:000000000000004e .L0 
C:\Users\User\AppData\Local\Temp\ccON7OQp.s:159    .text.CAN_Init:0000000000000050 .L0 
C:\Users\User\AppData\Local\Temp\ccON7OQp.s:161    .text.CAN_Init:0000000000000052 .L0 
C:\Users\User\AppData\Local\Temp\ccON7OQp.s:167    .text.CAN_Init:0000000000000056 .L0 
C:\Users\User\AppData\Local\Temp\ccON7OQp.s:168    .text.CAN_Init:0000000000000056 .L0 
C:\Users\User\AppData\Local\Temp\ccON7OQp.s:170    .text.CAN_Init:0000000000000058 .L0 
C:\Users\User\AppData\Local\Temp\ccON7OQp.s:172    .text.CAN_Init:000000000000005a .L0 
C:\Users\User\AppData\Local\Temp\ccON7OQp.s:176    .text.CAN_Init:000000000000005c .L0 
C:\Users\User\AppData\Local\Temp\ccON7OQp.s:180    .text.CAN_Init:000000000000005e .L0 
C:\Users\User\AppData\Local\Temp\ccON7OQp.s:181    .text.CAN_Init:0000000000000066 .L0 
C:\Users\User\AppData\Local\Temp\ccON7OQp.s:182    .text.CAN_Init:0000000000000066 .L0 
C:\Users\User\AppData\Local\Temp\ccON7OQp.s:183    .text.CAN_Init:0000000000000066 .L0 
C:\Users\User\AppData\Local\Temp\ccON7OQp.s:184    .text.CAN_Init:0000000000000066 .L0 
C:\Users\User\AppData\Local\Temp\ccON7OQp.s:185    .text.CAN_Init:0000000000000066 .L0 
C:\Users\User\AppData\Local\Temp\ccON7OQp.s:188    .text.CAN_Init:0000000000000066 .L0 
C:\Users\User\AppData\Local\Temp\ccON7OQp.s:190    .text.CAN_Init:0000000000000066 .L0 
C:\Users\User\AppData\Local\Temp\ccON7OQp.s:191    .text.CAN_Init:0000000000000066 .L0 
C:\Users\User\AppData\Local\Temp\ccON7OQp.s:195    .text.CAN_Init:0000000000000072 .L0 
C:\Users\User\AppData\Local\Temp\ccON7OQp.s:196    .text.CAN_Init:0000000000000072 .L0 
C:\Users\User\AppData\Local\Temp\ccON7OQp.s:199    .text.CAN_Init:0000000000000078 .L0 
C:\Users\User\AppData\Local\Temp\ccON7OQp.s:202    .text.CAN_Init:000000000000007e .L0 
C:\Users\User\AppData\Local\Temp\ccON7OQp.s:203    .text.CAN_Init:000000000000007e .L0 
C:\Users\User\AppData\Local\Temp\ccON7OQp.s:205    .text.CAN_Init:0000000000000080 .L0 
C:\Users\User\AppData\Local\Temp\ccON7OQp.s:209    .text.CAN_Init:0000000000000086 .L0 
C:\Users\User\AppData\Local\Temp\ccON7OQp.s:210    .text.CAN_Init:0000000000000086 .L0 
C:\Users\User\AppData\Local\Temp\ccON7OQp.s:214    .text.CAN_Init:0000000000000092 .L0 
C:\Users\User\AppData\Local\Temp\ccON7OQp.s:215    .text.CAN_Init:0000000000000092 .L0 
C:\Users\User\AppData\Local\Temp\ccON7OQp.s:218    .text.CAN_Init:0000000000000098 .L0 
C:\Users\User\AppData\Local\Temp\ccON7OQp.s:221    .text.CAN_Init:000000000000009e .L0 
C:\Users\User\AppData\Local\Temp\ccON7OQp.s:222    .text.CAN_Init:000000000000009e .L0 
C:\Users\User\AppData\Local\Temp\ccON7OQp.s:224    .text.CAN_Init:00000000000000a0 .L0 
C:\Users\User\AppData\Local\Temp\ccON7OQp.s:229    .text.CAN_Init:00000000000000a6 .L0 
C:\Users\User\AppData\Local\Temp\ccON7OQp.s:230    .text.CAN_Init:00000000000000a6 .L0 
C:\Users\User\AppData\Local\Temp\ccON7OQp.s:233    .text.CAN_Init:00000000000000ac .L0 
C:\Users\User\AppData\Local\Temp\ccON7OQp.s:236    .text.CAN_Init:00000000000000b4 .L0 
C:\Users\User\AppData\Local\Temp\ccON7OQp.s:238    .text.CAN_Init:00000000000000b8 .L0 
C:\Users\User\AppData\Local\Temp\ccON7OQp.s:240    .text.CAN_Init:00000000000000ba .L0 
C:\Users\User\AppData\Local\Temp\ccON7OQp.s:242    .text.CAN_Init:00000000000000bc .L0 
C:\Users\User\AppData\Local\Temp\ccON7OQp.s:244    .text.CAN_Init:00000000000000be .L0 
C:\Users\User\AppData\Local\Temp\ccON7OQp.s:246    .text.CAN_Init:00000000000000c0 .L0 
C:\Users\User\AppData\Local\Temp\ccON7OQp.s:248    .text.CAN_Init:00000000000000c2 .L0 
C:\Users\User\AppData\Local\Temp\ccON7OQp.s:251    .text.CAN_Init:00000000000000c6 .L0 
C:\Users\User\AppData\Local\Temp\ccON7OQp.s:253    .text.CAN_Init:00000000000000ca .L0 
C:\Users\User\AppData\Local\Temp\ccON7OQp.s:257    .text.CAN_Init:00000000000000d6 .L0 
C:\Users\User\AppData\Local\Temp\ccON7OQp.s:259    .text.CAN_Init:00000000000000da .L0 
C:\Users\User\AppData\Local\Temp\ccON7OQp.s:261    .text.CAN_Init:00000000000000dc .L0 
C:\Users\User\AppData\Local\Temp\ccON7OQp.s:263    .text.CAN_Init:00000000000000de .L0 
C:\Users\User\AppData\Local\Temp\ccON7OQp.s:265    .text.CAN_Init:00000000000000e0 .L0 
C:\Users\User\AppData\Local\Temp\ccON7OQp.s:266    .text.CAN_Init:00000000000000e0 .L0 
C:\Users\User\AppData\Local\Temp\ccON7OQp.s:268    .text.CAN_Init:00000000000000e2 .L0 
C:\Users\User\AppData\Local\Temp\ccON7OQp.s:272    .text.CAN_Init:00000000000000e6 .L0 
C:\Users\User\AppData\Local\Temp\ccON7OQp.s:273    .text.CAN_Init:00000000000000e6 .L0 
C:\Users\User\AppData\Local\Temp\ccON7OQp.s:274    .text.CAN_Init:00000000000000e6 .L0 
C:\Users\User\AppData\Local\Temp\ccON7OQp.s:278    .text.CAN_Init:00000000000000e8 .L0 
C:\Users\User\AppData\Local\Temp\ccON7OQp.s:279    .text.CAN_Init:00000000000000e8 .L0 
C:\Users\User\AppData\Local\Temp\ccON7OQp.s:281    .text.CAN_Init:00000000000000ea .L0 
C:\Users\User\AppData\Local\Temp\ccON7OQp.s:283    .text.CAN_Init:00000000000000ec .L0 
C:\Users\User\AppData\Local\Temp\ccON7OQp.s:285    .text.CAN_Init:00000000000000ee .L0 
C:\Users\User\AppData\Local\Temp\ccON7OQp.s:291    .text.CAN_Init:00000000000000f2 .L0 
C:\Users\User\AppData\Local\Temp\ccON7OQp.s:292    .text.CAN_Init:00000000000000f2 .L0 
C:\Users\User\AppData\Local\Temp\ccON7OQp.s:294    .text.CAN_Init:00000000000000f4 .L0 
C:\Users\User\AppData\Local\Temp\ccON7OQp.s:296    .text.CAN_Init:00000000000000f6 .L0 
C:\Users\User\AppData\Local\Temp\ccON7OQp.s:298    .text.CAN_Init:00000000000000f8 .L0 
C:\Users\User\AppData\Local\Temp\ccON7OQp.s:299    .text.CAN_Init:00000000000000f8 .L0 
C:\Users\User\AppData\Local\Temp\ccON7OQp.s:303    .text.CAN_Init:0000000000000102 .L0 
C:\Users\User\AppData\Local\Temp\ccON7OQp.s:308    .text.CAN_Init:000000000000010c .L0 
C:\Users\User\AppData\Local\Temp\ccON7OQp.s:309    .text.CAN_Init:000000000000010c .L0 
C:\Users\User\AppData\Local\Temp\ccON7OQp.s:312    .text.CAN_Init:0000000000000112 .L0 
C:\Users\User\AppData\Local\Temp\ccON7OQp.s:314    .text.CAN_Init:0000000000000116 .L0 
C:\Users\User\AppData\Local\Temp\ccON7OQp.s:317    .text.CAN_Init:000000000000011c .L0 
C:\Users\User\AppData\Local\Temp\ccON7OQp.s:318    .text.CAN_Init:000000000000011c .L0 
C:\Users\User\AppData\Local\Temp\ccON7OQp.s:321    .text.CAN_Init:0000000000000124 .L0 
C:\Users\User\AppData\Local\Temp\ccON7OQp.s:322    .text.CAN_Init:0000000000000124 .L0 
C:\Users\User\AppData\Local\Temp\ccON7OQp.s:325    .text.CAN_Init:000000000000012c .L0 
C:\Users\User\AppData\Local\Temp\ccON7OQp.s:326    .text.CAN_Init:000000000000012c .L0 
C:\Users\User\AppData\Local\Temp\ccON7OQp.s:329    .text.CAN_Init:0000000000000134 .L0 
C:\Users\User\AppData\Local\Temp\ccON7OQp.s:330    .text.CAN_Init:0000000000000134 .L0 
C:\Users\User\AppData\Local\Temp\ccON7OQp.s:333    .text.CAN_Init:000000000000013c .L0 
C:\Users\User\AppData\Local\Temp\ccON7OQp.s:334    .text.CAN_Init:000000000000013c .L0 
C:\Users\User\AppData\Local\Temp\ccON7OQp.s:337    .text.CAN_Init:0000000000000144 .L0 
C:\Users\User\AppData\Local\Temp\ccON7OQp.s:338    .text.CAN_Init:0000000000000144 .L0 
C:\Users\User\AppData\Local\Temp\ccON7OQp.s:341    .text.CAN_Init:000000000000014c .L0 
C:\Users\User\AppData\Local\Temp\ccON7OQp.s:342    .text.CAN_Init:000000000000014c .L0 
C:\Users\User\AppData\Local\Temp\ccON7OQp.s:344    .text.CAN_Init:000000000000014e .L0 
C:\Users\User\AppData\Local\Temp\ccON7OQp.s:347    .text.CAN_Init:0000000000000152 .L0 
C:\Users\User\AppData\Local\Temp\ccON7OQp.s:348    .text.CAN_Init:0000000000000152 .L0 
C:\Users\User\AppData\Local\Temp\ccON7OQp.s:350    .text.CAN_Init:0000000000000154 .L0 
C:\Users\User\AppData\Local\Temp\ccON7OQp.s:353    .text.CAN_Init:000000000000015a .L0 
C:\Users\User\AppData\Local\Temp\ccON7OQp.s:354    .text.CAN_Init:000000000000015a .L0 
C:\Users\User\AppData\Local\Temp\ccON7OQp.s:359    .text.CAN_Init:0000000000000168 .L0 
C:\Users\User\AppData\Local\Temp\ccON7OQp.s:360    .text.CAN_Init:0000000000000168 .L0 
C:\Users\User\AppData\Local\Temp\ccON7OQp.s:362    .text.CAN_Init:000000000000016a .L0 
C:\Users\User\AppData\Local\Temp\ccON7OQp.s:365    .text.CAN_Init:000000000000016e .L0 
C:\Users\User\AppData\Local\Temp\ccON7OQp.s:366    .text.CAN_Init:000000000000016e .L0 
C:\Users\User\AppData\Local\Temp\ccON7OQp.s:369    .text.CAN_Init:0000000000000176 .L0 
C:\Users\User\AppData\Local\Temp\ccON7OQp.s:370    .text.CAN_Init:0000000000000176 .L0 
C:\Users\User\AppData\Local\Temp\ccON7OQp.s:373    .text.CAN_Init:000000000000017c .L0 
C:\Users\User\AppData\Local\Temp\ccON7OQp.s:375    .text.CAN_Init:0000000000000180 .L0 
C:\Users\User\AppData\Local\Temp\ccON7OQp.s:379    .text.CAN_Init:0000000000000186 .L0 
C:\Users\User\AppData\Local\Temp\ccON7OQp.s:380    .text.CAN_Init:0000000000000186 .L0 
C:\Users\User\AppData\Local\Temp\ccON7OQp.s:381    .text.CAN_Init:0000000000000186 .L0 
C:\Users\User\AppData\Local\Temp\ccON7OQp.s:384    .text.CAN_Init:000000000000018c .L0 
C:\Users\User\AppData\Local\Temp\ccON7OQp.s:386    .text.CAN_Init:000000000000018e .L0 
C:\Users\User\AppData\Local\Temp\ccON7OQp.s:388    .text.CAN_Init:0000000000000190 .L0 
C:\Users\User\AppData\Local\Temp\ccON7OQp.s:389    .text.CAN_Init:0000000000000190 .L0 
C:\Users\User\AppData\Local\Temp\ccON7OQp.s:392    .text.CAN_Init:0000000000000196 .L0 
C:\Users\User\AppData\Local\Temp\ccON7OQp.s:393    .text.CAN_Init:0000000000000196 .L0 
C:\Users\User\AppData\Local\Temp\ccON7OQp.s:394    .text.CAN_Init:0000000000000196 .L0 
C:\Users\User\AppData\Local\Temp\ccON7OQp.s:397    .text.CAN_Init:000000000000019c .L0 
C:\Users\User\AppData\Local\Temp\ccON7OQp.s:400    .text.CAN_Init:00000000000001a2 .L0 
C:\Users\User\AppData\Local\Temp\ccON7OQp.s:401    .text.CAN_Init:00000000000001a2 .L0 
C:\Users\User\AppData\Local\Temp\ccON7OQp.s:403    .text.CAN_Init:00000000000001a4 .L0 
C:\Users\User\AppData\Local\Temp\ccON7OQp.s:406    .text.CAN_Init:00000000000001a8 .L0 
C:\Users\User\AppData\Local\Temp\ccON7OQp.s:409    .text.CAN_Init:00000000000001aa .L0 
C:\Users\User\AppData\Local\Temp\ccON7OQp.s:410    .text.CAN_Init:00000000000001aa .L0 
C:\Users\User\AppData\Local\Temp\ccON7OQp.s:414    .text.CAN_Init:00000000000001b4 .L0 
C:\Users\User\AppData\Local\Temp\ccON7OQp.s:416    .text.CAN_Init:00000000000001b8 .L0 
C:\Users\User\AppData\Local\Temp\ccON7OQp.s:418    .text.CAN_Init:00000000000001bc .L0 
C:\Users\User\AppData\Local\Temp\ccON7OQp.s:421    .text.CAN_Init:00000000000001c2 .L0 
C:\Users\User\AppData\Local\Temp\ccON7OQp.s:422    .text.CAN_Init:00000000000001c2 .L0 
C:\Users\User\AppData\Local\Temp\ccON7OQp.s:424    .text.CAN_Init:00000000000001c4 .L0 
C:\Users\User\AppData\Local\Temp\ccON7OQp.s:429    .text.CAN_Init:00000000000001ce .L0 
C:\Users\User\AppData\Local\Temp\ccON7OQp.s:430    .text.CAN_Init:00000000000001ce .L0 
C:\Users\User\AppData\Local\Temp\ccON7OQp.s:432    .text.CAN_Init:00000000000001d0 .L0 
C:\Users\User\AppData\Local\Temp\ccON7OQp.s:435    .text.CAN_Init:00000000000001d4 .L0 
C:\Users\User\AppData\Local\Temp\ccON7OQp.s:436    .text.CAN_Init:00000000000001d4 .L0 
C:\Users\User\AppData\Local\Temp\ccON7OQp.s:438    .text.CAN_Init:00000000000001d6 .L0 
C:\Users\User\AppData\Local\Temp\ccON7OQp.s:441    .text.CAN_Init:00000000000001da .L0 
C:\Users\User\AppData\Local\Temp\ccON7OQp.s:442    .text.CAN_Init:00000000000001da .L0 
C:\Users\User\AppData\Local\Temp\ccON7OQp.s:444    .text.CAN_Init:00000000000001dc .L0 
C:\Users\User\AppData\Local\Temp\ccON7OQp.s:447    .text.CAN_Init:00000000000001e2 .L0 
C:\Users\User\AppData\Local\Temp\ccON7OQp.s:448    .text.CAN_Init:00000000000001e2 .L0 
C:\Users\User\AppData\Local\Temp\ccON7OQp.s:452    .text.CAN_Init:00000000000001ec .L0 
C:\Users\User\AppData\Local\Temp\ccON7OQp.s:453    .text.CAN_Init:00000000000001ec .L0 
C:\Users\User\AppData\Local\Temp\ccON7OQp.s:455    .text.CAN_Init:00000000000001ee .L0 
C:\Users\User\AppData\Local\Temp\ccON7OQp.s:460    .text.CAN_Init:00000000000001f2 .L0 
C:\Users\User\AppData\Local\Temp\ccON7OQp.s:461    .text.CAN_Init:00000000000001f2 .L0 
C:\Users\User\AppData\Local\Temp\ccON7OQp.s:462    .text.CAN_Init:00000000000001f2 .L0 
C:\Users\User\AppData\Local\Temp\ccON7OQp.s:464    .text.CAN_Init:00000000000001f4 .L0 
C:\Users\User\AppData\Local\Temp\ccON7OQp.s:467    .text.CAN_Init:00000000000001f8 .L0 
C:\Users\User\AppData\Local\Temp\ccON7OQp.s:468    .text.CAN_Init:00000000000001f8 .L0 
C:\Users\User\AppData\Local\Temp\ccON7OQp.s:470    .text.CAN_Init:00000000000001fa .L0 
C:\Users\User\AppData\Local\Temp\ccON7OQp.s:473    .text.CAN_Init:0000000000000200 .L0 
C:\Users\User\AppData\Local\Temp\ccON7OQp.s:474    .text.CAN_Init:0000000000000200 .L0 
C:\Users\User\AppData\Local\Temp\ccON7OQp.s:478    .text.CAN_Init:0000000000000202 .L0 
C:\Users\User\AppData\Local\Temp\ccON7OQp.s:479    .text.CAN_Init:0000000000000202 .L0 
C:\Users\User\AppData\Local\Temp\ccON7OQp.s:481    .text.CAN_Init:0000000000000204 .L0 
C:\Users\User\AppData\Local\Temp\ccON7OQp.s:483    .text.CAN_Init:0000000000000206 .L0 
C:\Users\User\AppData\Local\Temp\ccON7OQp.s:485    .text.CAN_Init:0000000000000208 .L0 
C:\Users\User\AppData\Local\Temp\ccON7OQp.s:491    .text.CAN_Init:000000000000020c .L0 
C:\Users\User\AppData\Local\Temp\ccON7OQp.s:492    .text.CAN_Init:000000000000020c .L0 
C:\Users\User\AppData\Local\Temp\ccON7OQp.s:494    .text.CAN_Init:000000000000020e .L0 
C:\Users\User\AppData\Local\Temp\ccON7OQp.s:496    .text.CAN_Init:0000000000000210 .L0 
C:\Users\User\AppData\Local\Temp\ccON7OQp.s:498    .text.CAN_Init:0000000000000214 .L0 
C:\Users\User\AppData\Local\Temp\ccON7OQp.s:499    .text.CAN_Init:0000000000000214 .L0 
C:\Users\User\AppData\Local\Temp\ccON7OQp.s:503    .text.CAN_Init:000000000000021c .L0 
C:\Users\User\AppData\Local\Temp\ccON7OQp.s:504    .text.CAN_Init:000000000000021c .L0 
C:\Users\User\AppData\Local\Temp\ccON7OQp.s:506    .text.CAN_Init:000000000000021e .L0 
C:\Users\User\AppData\Local\Temp\ccON7OQp.s:509    .text.CAN_Init:0000000000000222 .L0 
C:\Users\User\AppData\Local\Temp\ccON7OQp.s:511    .text.CAN_Init:0000000000000224 .L0 
C:\Users\User\AppData\Local\Temp\ccON7OQp.s:513    .text.CAN_Init:0000000000000226 .L0 
C:\Users\User\AppData\Local\Temp\ccON7OQp.s:514    .text.CAN_Init:0000000000000226 .L0 
C:\Users\User\AppData\Local\Temp\ccON7OQp.s:517    .text.CAN_Init:000000000000022c .L0 
C:\Users\User\AppData\Local\Temp\ccON7OQp.s:518    .text.CAN_Init:000000000000022c .L0 
C:\Users\User\AppData\Local\Temp\ccON7OQp.s:520    .text.CAN_Init:000000000000022e .L0 
C:\Users\User\AppData\Local\Temp\ccON7OQp.s:523    .text.CAN_Init:0000000000000232 .L0 
C:\Users\User\AppData\Local\Temp\ccON7OQp.s:525    .text.CAN_Init:0000000000000234 .L0 
C:\Users\User\AppData\Local\Temp\ccON7OQp.s:527    .text.CAN_Init:0000000000000236 .L0 
C:\Users\User\AppData\Local\Temp\ccON7OQp.s:528    .text.CAN_Init:0000000000000236 .L0 
C:\Users\User\AppData\Local\Temp\ccON7OQp.s:531    .text.CAN_Init:000000000000023c .L0 
C:\Users\User\AppData\Local\Temp\ccON7OQp.s:532    .text.CAN_Init:000000000000023c .L0 
C:\Users\User\AppData\Local\Temp\ccON7OQp.s:534    .text.CAN_Init:000000000000023e .L0 
C:\Users\User\AppData\Local\Temp\ccON7OQp.s:537    .text.CAN_Init:0000000000000242 .L0 
C:\Users\User\AppData\Local\Temp\ccON7OQp.s:539    .text.CAN_Init:0000000000000244 .L0 
C:\Users\User\AppData\Local\Temp\ccON7OQp.s:541    .text.CAN_Init:0000000000000246 .L0 
C:\Users\User\AppData\Local\Temp\ccON7OQp.s:542    .text.CAN_Init:0000000000000246 .L0 
C:\Users\User\AppData\Local\Temp\ccON7OQp.s:545    .text.CAN_Init:000000000000024c .L0 
C:\Users\User\AppData\Local\Temp\ccON7OQp.s:546    .text.CAN_Init:000000000000024c .L0 
C:\Users\User\AppData\Local\Temp\ccON7OQp.s:548    .text.CAN_Init:000000000000024e .L0 
C:\Users\User\AppData\Local\Temp\ccON7OQp.s:551    .text.CAN_Init:0000000000000252 .L0 
C:\Users\User\AppData\Local\Temp\ccON7OQp.s:553    .text.CAN_Init:0000000000000254 .L0 
C:\Users\User\AppData\Local\Temp\ccON7OQp.s:555    .text.CAN_Init:0000000000000256 .L0 
C:\Users\User\AppData\Local\Temp\ccON7OQp.s:556    .text.CAN_Init:0000000000000256 .L0 
C:\Users\User\AppData\Local\Temp\ccON7OQp.s:559    .text.CAN_Init:000000000000025c .L0 
C:\Users\User\AppData\Local\Temp\ccON7OQp.s:560    .text.CAN_Init:000000000000025c .L0 
C:\Users\User\AppData\Local\Temp\ccON7OQp.s:562    .text.CAN_Init:000000000000025e .L0 
C:\Users\User\AppData\Local\Temp\ccON7OQp.s:565    .text.CAN_Init:0000000000000262 .L0 
C:\Users\User\AppData\Local\Temp\ccON7OQp.s:567    .text.CAN_Init:0000000000000264 .L0 
C:\Users\User\AppData\Local\Temp\ccON7OQp.s:569    .text.CAN_Init:0000000000000266 .L0 
C:\Users\User\AppData\Local\Temp\ccON7OQp.s:570    .text.CAN_Init:0000000000000266 .L0 
C:\Users\User\AppData\Local\Temp\ccON7OQp.s:573    .text.CAN_Init:000000000000026c .L0 
C:\Users\User\AppData\Local\Temp\ccON7OQp.s:574    .text.CAN_Init:000000000000026c .L0 
C:\Users\User\AppData\Local\Temp\ccON7OQp.s:576    .text.CAN_Init:000000000000026e .L0 
C:\Users\User\AppData\Local\Temp\ccON7OQp.s:579    .text.CAN_Init:0000000000000272 .L0 
C:\Users\User\AppData\Local\Temp\ccON7OQp.s:581    .text.CAN_Init:0000000000000274 .L0 
C:\Users\User\AppData\Local\Temp\ccON7OQp.s:582    .text.CAN_Init:0000000000000274 .L0 
C:\Users\User\AppData\Local\Temp\ccON7OQp.s:584    .text.CAN_Init:0000000000000276 .L0 
C:\Users\User\AppData\Local\Temp\ccON7OQp.s:586    .text.CAN_Init:0000000000000278 .L0 
C:\Users\User\AppData\Local\Temp\ccON7OQp.s:588    .text.CAN_Init:000000000000027a .L0 
C:\Users\User\AppData\Local\Temp\ccON7OQp.s:590    .text.CAN_Init:000000000000027c .L0 
C:\Users\User\AppData\Local\Temp\ccON7OQp.s:592    .text.CAN_Init:000000000000027e .L0 
C:\Users\User\AppData\Local\Temp\ccON7OQp.s:594    .text.CAN_Init:0000000000000280 .L0 
C:\Users\User\AppData\Local\Temp\ccON7OQp.s:596    .text.CAN_Init:0000000000000282 .L0 
C:\Users\User\AppData\Local\Temp\ccON7OQp.s:598    .text.CAN_Init:0000000000000284 .L0 
C:\Users\User\AppData\Local\Temp\ccON7OQp.s:600    .text.CAN_Init:0000000000000286 .L0 
C:\Users\User\AppData\Local\Temp\ccON7OQp.s:602    .text.CAN_Init:0000000000000288 .L0 
C:\Users\User\AppData\Local\Temp\ccON7OQp.s:604    .text.CAN_Init:000000000000028a .L0 
C:\Users\User\AppData\Local\Temp\ccON7OQp.s:606    .text.CAN_Init:000000000000028c .L0 
C:\Users\User\AppData\Local\Temp\ccON7OQp.s:608    .text.CAN_Init:000000000000028e .L0 
C:\Users\User\AppData\Local\Temp\ccON7OQp.s:610    .text.CAN_Init:0000000000000290 .L0 
C:\Users\User\AppData\Local\Temp\ccON7OQp.s:612    .text.CAN_Init:0000000000000292 .L0 
C:\Users\User\AppData\Local\Temp\ccON7OQp.s:613    .text.CAN_Init:0000000000000292 .L0 
C:\Users\User\AppData\Local\Temp\ccON7OQp.s:615    .text.CAN_Init:0000000000000294 .L0 
C:\Users\User\AppData\Local\Temp\ccON7OQp.s:619    .text.CAN_Init:0000000000000298 .L0 
C:\Users\User\AppData\Local\Temp\ccON7OQp.s:620    .text.CAN_Init:0000000000000298 .L0 
C:\Users\User\AppData\Local\Temp\ccON7OQp.s:621    .text.CAN_Init:0000000000000298 .L0 
C:\Users\User\AppData\Local\Temp\ccON7OQp.s:625    .text.CAN_Init:000000000000029a .L0 
C:\Users\User\AppData\Local\Temp\ccON7OQp.s:626    .text.CAN_Init:000000000000029a .L0 
C:\Users\User\AppData\Local\Temp\ccON7OQp.s:628    .text.CAN_Init:000000000000029c .L0 
C:\Users\User\AppData\Local\Temp\ccON7OQp.s:630    .text.CAN_Init:000000000000029e .L0 
C:\Users\User\AppData\Local\Temp\ccON7OQp.s:632    .text.CAN_Init:00000000000002a0 .L0 
C:\Users\User\AppData\Local\Temp\ccON7OQp.s:638    .text.CAN_Init:00000000000002a4 .L0 
C:\Users\User\AppData\Local\Temp\ccON7OQp.s:639    .text.CAN_Init:00000000000002a4 .L0 
C:\Users\User\AppData\Local\Temp\ccON7OQp.s:645    .text.CAN_Init:00000000000002ae .L0 
C:\Users\User\AppData\Local\Temp\ccON7OQp.s:646    .text.CAN_Init:00000000000002ae .L0 
C:\Users\User\AppData\Local\Temp\ccON7OQp.s:650    .text.CAN_Init:00000000000002ba .L0 
C:\Users\User\AppData\Local\Temp\ccON7OQp.s:651    .text.CAN_Init:00000000000002ba .L0 
C:\Users\User\AppData\Local\Temp\ccON7OQp.s:655    .text.CAN_Init:00000000000002c6 .L0 
C:\Users\User\AppData\Local\Temp\ccON7OQp.s:656    .text.CAN_Init:00000000000002c6 .L0 
C:\Users\User\AppData\Local\Temp\ccON7OQp.s:659    .text.CAN_Init:00000000000002cc .L0 
C:\Users\User\AppData\Local\Temp\ccON7OQp.s:661    .text.CAN_Init:00000000000002d0 .L0 
C:\Users\User\AppData\Local\Temp\ccON7OQp.s:665    .text.CAN_Init:00000000000002d6 .L0 
C:\Users\User\AppData\Local\Temp\ccON7OQp.s:666    .text.CAN_Init:00000000000002d6 .L0 
C:\Users\User\AppData\Local\Temp\ccON7OQp.s:667    .text.CAN_Init:00000000000002d6 .L0 
C:\Users\User\AppData\Local\Temp\ccON7OQp.s:670    .text.CAN_Init:00000000000002dc .L0 
C:\Users\User\AppData\Local\Temp\ccON7OQp.s:672    .text.CAN_Init:00000000000002de .L0 
C:\Users\User\AppData\Local\Temp\ccON7OQp.s:674    .text.CAN_Init:00000000000002e0 .L0 
C:\Users\User\AppData\Local\Temp\ccON7OQp.s:675    .text.CAN_Init:00000000000002e0 .L0 
C:\Users\User\AppData\Local\Temp\ccON7OQp.s:678    .text.CAN_Init:00000000000002e6 .L0 
C:\Users\User\AppData\Local\Temp\ccON7OQp.s:679    .text.CAN_Init:00000000000002e6 .L0 
C:\Users\User\AppData\Local\Temp\ccON7OQp.s:680    .text.CAN_Init:00000000000002e6 .L0 
C:\Users\User\AppData\Local\Temp\ccON7OQp.s:681    .text.CAN_Init:00000000000002e6 .L0 
C:\Users\User\AppData\Local\Temp\ccON7OQp.s:684    .text.CAN_Init:00000000000002ec .L0 
C:\Users\User\AppData\Local\Temp\ccON7OQp.s:687    .text.CAN_Init:00000000000002f2 .L0 
C:\Users\User\AppData\Local\Temp\ccON7OQp.s:688    .text.CAN_Init:00000000000002f2 .L0 
C:\Users\User\AppData\Local\Temp\ccON7OQp.s:690    .text.CAN_Init:00000000000002f4 .L0 
C:\Users\User\AppData\Local\Temp\ccON7OQp.s:694    .text.CAN_Init:00000000000002fa .L0 
C:\Users\User\AppData\Local\Temp\ccON7OQp.s:695    .text.CAN_Init:00000000000002fa .L0 
C:\Users\User\AppData\Local\Temp\ccON7OQp.s:698    .text.CAN_Init:0000000000000300 .L0 
C:\Users\User\AppData\Local\Temp\ccON7OQp.s:700    .text.CAN_Init:0000000000000304 .L0 
C:\Users\User\AppData\Local\Temp\ccON7OQp.s:704    .text.CAN_Init:000000000000030a .L0 
C:\Users\User\AppData\Local\Temp\ccON7OQp.s:705    .text.CAN_Init:000000000000030a .L0 
C:\Users\User\AppData\Local\Temp\ccON7OQp.s:706    .text.CAN_Init:000000000000030a .L0 
C:\Users\User\AppData\Local\Temp\ccON7OQp.s:709    .text.CAN_Init:0000000000000310 .L0 
C:\Users\User\AppData\Local\Temp\ccON7OQp.s:711    .text.CAN_Init:0000000000000312 .L0 
C:\Users\User\AppData\Local\Temp\ccON7OQp.s:713    .text.CAN_Init:0000000000000314 .L0 
C:\Users\User\AppData\Local\Temp\ccON7OQp.s:714    .text.CAN_Init:0000000000000314 .L0 
C:\Users\User\AppData\Local\Temp\ccON7OQp.s:717    .text.CAN_Init:000000000000031a .L0 
C:\Users\User\AppData\Local\Temp\ccON7OQp.s:718    .text.CAN_Init:000000000000031a .L0 
C:\Users\User\AppData\Local\Temp\ccON7OQp.s:719    .text.CAN_Init:000000000000031a .L0 
C:\Users\User\AppData\Local\Temp\ccON7OQp.s:722    .text.CAN_Init:0000000000000320 .L0 
C:\Users\User\AppData\Local\Temp\ccON7OQp.s:725    .text.CAN_Init:0000000000000326 .L0 
C:\Users\User\AppData\Local\Temp\ccON7OQp.s:726    .text.CAN_Init:0000000000000326 .L0 
C:\Users\User\AppData\Local\Temp\ccON7OQp.s:728    .text.CAN_Init:0000000000000328 .L0 
C:\Users\User\AppData\Local\Temp\ccON7OQp.s:732    .text.CAN_Init:000000000000032e .L0 
C:\Users\User\AppData\Local\Temp\ccON7OQp.s:733    .text.CAN_Init:000000000000032e .L0 
C:\Users\User\AppData\Local\Temp\ccON7OQp.s:735    .text.CAN_Init:0000000000000330 .L0 
C:\Users\User\AppData\Local\Temp\ccON7OQp.s:739    .text.CAN_Init:0000000000000336 .L0 
C:\Users\User\AppData\Local\Temp\ccON7OQp.s:740    .text.CAN_Init:0000000000000336 .L0 
C:\Users\User\AppData\Local\Temp\ccON7OQp.s:742    .text.CAN_Init:0000000000000338 .L0 
C:\Users\User\AppData\Local\Temp\ccON7OQp.s:746    .text.CAN_Init:000000000000033e .L0 
C:\Users\User\AppData\Local\Temp\ccON7OQp.s:747    .text.CAN_Init:000000000000033e .L0 
C:\Users\User\AppData\Local\Temp\ccON7OQp.s:749    .text.CAN_Init:0000000000000340 .L0 
C:\Users\User\AppData\Local\Temp\ccON7OQp.s:753    .text.CAN_Init:0000000000000346 .L0 
C:\Users\User\AppData\Local\Temp\ccON7OQp.s:754    .text.CAN_Init:0000000000000346 .L0 
C:\Users\User\AppData\Local\Temp\ccON7OQp.s:756    .text.CAN_Init:0000000000000348 .L0 
C:\Users\User\AppData\Local\Temp\ccON7OQp.s:760    .text.CAN_Init:000000000000034c .L0 
C:\Users\User\AppData\Local\Temp\ccON7OQp.s:761    .text.CAN_Init:000000000000034c .L0 
C:\Users\User\AppData\Local\Temp\ccON7OQp.s:763    .text.CAN_Init:000000000000034e .L0 
C:\Users\User\AppData\Local\Temp\ccON7OQp.s:767    .text.CAN_Init:0000000000000352 .L0 
C:\Users\User\AppData\Local\Temp\ccON7OQp.s:768    .text.CAN_Init:0000000000000352 .L0 
C:\Users\User\AppData\Local\Temp\ccON7OQp.s:770    .text.CAN_Init:0000000000000354 .L0 
C:\Users\User\AppData\Local\Temp\ccON7OQp.s:772    .text.CAN_Init:0000000000000358 .L0 
C:\Users\User\AppData\Local\Temp\ccON7OQp.s:779    .text.CAN_FilterInit:0000000000000000 CAN_FilterInit
C:\Users\User\AppData\Local\Temp\ccON7OQp.s:782    .text.CAN_FilterInit:0000000000000000 .L0 
C:\Users\User\AppData\Local\Temp\ccON7OQp.s:784    .text.CAN_FilterInit:0000000000000000 .L0 
C:\Users\User\AppData\Local\Temp\ccON7OQp.s:785    .text.CAN_FilterInit:0000000000000000 .L0 
C:\Users\User\AppData\Local\Temp\ccON7OQp.s:786    .text.CAN_FilterInit:0000000000000000 .L0 
C:\Users\User\AppData\Local\Temp\ccON7OQp.s:787    .text.CAN_FilterInit:0000000000000000 $x
C:\Users\User\AppData\Local\Temp\ccON7OQp.s:787    .text.CAN_FilterInit:0000000000000000 .L0 
C:\Users\User\AppData\Local\Temp\ccON7OQp.s:789    .text.CAN_FilterInit:0000000000000002 .L0 
C:\Users\User\AppData\Local\Temp\ccON7OQp.s:793    .text.CAN_FilterInit:000000000000000c .L0 
C:\Users\User\AppData\Local\Temp\ccON7OQp.s:796    .text.CAN_FilterInit:0000000000000012 .L0 
C:\Users\User\AppData\Local\Temp\ccON7OQp.s:798    .text.CAN_FilterInit:0000000000000016 .L0 
C:\Users\User\AppData\Local\Temp\ccON7OQp.s:801    .text.CAN_FilterInit:000000000000001a .L0 
C:\Users\User\AppData\Local\Temp\ccON7OQp.s:802    .text.CAN_FilterInit:000000000000001a .L0 
C:\Users\User\AppData\Local\Temp\ccON7OQp.s:805    .text.CAN_FilterInit:0000000000000020 .L0 
C:\Users\User\AppData\Local\Temp\ccON7OQp.s:806    .text.CAN_FilterInit:0000000000000020 .L0 
C:\Users\User\AppData\Local\Temp\ccON7OQp.s:807    .text.CAN_FilterInit:0000000000000020 .L0 
C:\Users\User\AppData\Local\Temp\ccON7OQp.s:809    .text.CAN_FilterInit:0000000000000022 .L0 
C:\Users\User\AppData\Local\Temp\ccON7OQp.s:813    .text.CAN_FilterInit:0000000000000028 .L0 
C:\Users\User\AppData\Local\Temp\ccON7OQp.s:814    .text.CAN_FilterInit:0000000000000028 .L0 
C:\Users\User\AppData\Local\Temp\ccON7OQp.s:818    .text.CAN_FilterInit:0000000000000032 .L0 
C:\Users\User\AppData\Local\Temp\ccON7OQp.s:820    .text.CAN_FilterInit:0000000000000034 .L0 
C:\Users\User\AppData\Local\Temp\ccON7OQp.s:821    .text.CAN_FilterInit:0000000000000034 .L0 
C:\Users\User\AppData\Local\Temp\ccON7OQp.s:823    .text.CAN_FilterInit:0000000000000038 .L0 
C:\Users\User\AppData\Local\Temp\ccON7OQp.s:825    .text.CAN_FilterInit:000000000000003a .L0 
C:\Users\User\AppData\Local\Temp\ccON7OQp.s:828    .text.CAN_FilterInit:0000000000000042 .L0 
C:\Users\User\AppData\Local\Temp\ccON7OQp.s:829    .text.CAN_FilterInit:0000000000000042 .L0 
C:\Users\User\AppData\Local\Temp\ccON7OQp.s:832    .text.CAN_FilterInit:0000000000000048 .L0 
C:\Users\User\AppData\Local\Temp\ccON7OQp.s:834    .text.CAN_FilterInit:000000000000004a .L0 
C:\Users\User\AppData\Local\Temp\ccON7OQp.s:836    .text.CAN_FilterInit:000000000000004c .L0 
C:\Users\User\AppData\Local\Temp\ccON7OQp.s:838    .text.CAN_FilterInit:0000000000000050 .L0 
C:\Users\User\AppData\Local\Temp\ccON7OQp.s:839    .text.CAN_FilterInit:0000000000000050 .L0 
C:\Users\User\AppData\Local\Temp\ccON7OQp.s:841    .text.CAN_FilterInit:0000000000000052 .L0 
C:\Users\User\AppData\Local\Temp\ccON7OQp.s:843    .text.CAN_FilterInit:0000000000000054 .L0 
C:\Users\User\AppData\Local\Temp\ccON7OQp.s:846    .text.CAN_FilterInit:0000000000000056 .L0 
C:\Users\User\AppData\Local\Temp\ccON7OQp.s:848    .text.CAN_FilterInit:0000000000000058 .L0 
C:\Users\User\AppData\Local\Temp\ccON7OQp.s:851    .text.CAN_FilterInit:000000000000005c .L0 
C:\Users\User\AppData\Local\Temp\ccON7OQp.s:852    .text.CAN_FilterInit:000000000000005c .L0 
C:\Users\User\AppData\Local\Temp\ccON7OQp.s:854    .text.CAN_FilterInit:000000000000005e .L0 
C:\Users\User\AppData\Local\Temp\ccON7OQp.s:857    .text.CAN_FilterInit:0000000000000062 .L0 
C:\Users\User\AppData\Local\Temp\ccON7OQp.s:859    .text.CAN_FilterInit:0000000000000064 .L0 
C:\Users\User\AppData\Local\Temp\ccON7OQp.s:861    .text.CAN_FilterInit:0000000000000068 .L0 
C:\Users\User\AppData\Local\Temp\ccON7OQp.s:863    .text.CAN_FilterInit:000000000000006a .L0 
C:\Users\User\AppData\Local\Temp\ccON7OQp.s:867    .text.CAN_FilterInit:0000000000000072 .L0 
C:\Users\User\AppData\Local\Temp\ccON7OQp.s:869    .text.CAN_FilterInit:0000000000000076 .L0 
C:\Users\User\AppData\Local\Temp\ccON7OQp.s:870    .text.CAN_FilterInit:0000000000000076 .L0 
C:\Users\User\AppData\Local\Temp\ccON7OQp.s:872    .text.CAN_FilterInit:000000000000007a .L0 
C:\Users\User\AppData\Local\Temp\ccON7OQp.s:875    .text.CAN_FilterInit:000000000000007c .L0 
C:\Users\User\AppData\Local\Temp\ccON7OQp.s:877    .text.CAN_FilterInit:0000000000000080 .L0 
C:\Users\User\AppData\Local\Temp\ccON7OQp.s:878    .text.CAN_FilterInit:0000000000000080 .L0 
C:\Users\User\AppData\Local\Temp\ccON7OQp.s:880    .text.CAN_FilterInit:0000000000000082 .L0 
C:\Users\User\AppData\Local\Temp\ccON7OQp.s:881    .text.CAN_FilterInit:0000000000000082 .L0 
C:\Users\User\AppData\Local\Temp\ccON7OQp.s:884    .text.CAN_FilterInit:0000000000000088 .L0 
C:\Users\User\AppData\Local\Temp\ccON7OQp.s:885    .text.CAN_FilterInit:0000000000000088 .L0 
C:\Users\User\AppData\Local\Temp\ccON7OQp.s:888    .text.CAN_FilterInit:0000000000000090 .L0 
C:\Users\User\AppData\Local\Temp\ccON7OQp.s:893    .text.CAN_FilterInit:0000000000000094 .L0 
C:\Users\User\AppData\Local\Temp\ccON7OQp.s:896    .text.CAN_FilterInit:000000000000009a .L0 
C:\Users\User\AppData\Local\Temp\ccON7OQp.s:899    .text.CAN_FilterInit:000000000000009e .L0 
C:\Users\User\AppData\Local\Temp\ccON7OQp.s:900    .text.CAN_FilterInit:000000000000009e .L0 
C:\Users\User\AppData\Local\Temp\ccON7OQp.s:903    .text.CAN_FilterInit:00000000000000a4 .L0 
C:\Users\User\AppData\Local\Temp\ccON7OQp.s:904    .text.CAN_FilterInit:00000000000000a4 .L0 
C:\Users\User\AppData\Local\Temp\ccON7OQp.s:905    .text.CAN_FilterInit:00000000000000a4 .L0 
C:\Users\User\AppData\Local\Temp\ccON7OQp.s:907    .text.CAN_FilterInit:00000000000000a6 .L0 
C:\Users\User\AppData\Local\Temp\ccON7OQp.s:912    .text.CAN_FilterInit:00000000000000ae .L0 
C:\Users\User\AppData\Local\Temp\ccON7OQp.s:913    .text.CAN_FilterInit:00000000000000ae .L0 
C:\Users\User\AppData\Local\Temp\ccON7OQp.s:916    .text.CAN_FilterInit:00000000000000b4 .L0 
C:\Users\User\AppData\Local\Temp\ccON7OQp.s:917    .text.CAN_FilterInit:00000000000000b4 .L0 
C:\Users\User\AppData\Local\Temp\ccON7OQp.s:919    .text.CAN_FilterInit:00000000000000b8 .L0 
C:\Users\User\AppData\Local\Temp\ccON7OQp.s:921    .text.CAN_FilterInit:00000000000000ba .L0 
C:\Users\User\AppData\Local\Temp\ccON7OQp.s:924    .text.CAN_FilterInit:00000000000000c0 .L0 
C:\Users\User\AppData\Local\Temp\ccON7OQp.s:925    .text.CAN_FilterInit:00000000000000c0 .L0 
C:\Users\User\AppData\Local\Temp\ccON7OQp.s:928    .text.CAN_FilterInit:00000000000000c6 .L0 
C:\Users\User\AppData\Local\Temp\ccON7OQp.s:930    .text.CAN_FilterInit:00000000000000c8 .L0 
C:\Users\User\AppData\Local\Temp\ccON7OQp.s:932    .text.CAN_FilterInit:00000000000000ca .L0 
C:\Users\User\AppData\Local\Temp\ccON7OQp.s:934    .text.CAN_FilterInit:00000000000000ce .L0 
C:\Users\User\AppData\Local\Temp\ccON7OQp.s:935    .text.CAN_FilterInit:00000000000000ce .L0 
C:\Users\User\AppData\Local\Temp\ccON7OQp.s:937    .text.CAN_FilterInit:00000000000000d0 .L0 
C:\Users\User\AppData\Local\Temp\ccON7OQp.s:939    .text.CAN_FilterInit:00000000000000d2 .L0 
C:\Users\User\AppData\Local\Temp\ccON7OQp.s:944    .text.CAN_FilterInit:00000000000000d6 .L0 
C:\Users\User\AppData\Local\Temp\ccON7OQp.s:945    .text.CAN_FilterInit:00000000000000d6 .L0 
C:\Users\User\AppData\Local\Temp\ccON7OQp.s:947    .text.CAN_FilterInit:00000000000000da .L0 
C:\Users\User\AppData\Local\Temp\ccON7OQp.s:950    .text.CAN_FilterInit:00000000000000dc .L0 
C:\Users\User\AppData\Local\Temp\ccON7OQp.s:952    .text.CAN_FilterInit:00000000000000e0 .L0 
C:\Users\User\AppData\Local\Temp\ccON7OQp.s:953    .text.CAN_FilterInit:00000000000000e0 .L0 
C:\Users\User\AppData\Local\Temp\ccON7OQp.s:955    .text.CAN_FilterInit:00000000000000e2 .L0 
C:\Users\User\AppData\Local\Temp\ccON7OQp.s:956    .text.CAN_FilterInit:00000000000000e2 .L0 
C:\Users\User\AppData\Local\Temp\ccON7OQp.s:959    .text.CAN_FilterInit:00000000000000e8 .L0 
C:\Users\User\AppData\Local\Temp\ccON7OQp.s:960    .text.CAN_FilterInit:00000000000000e8 .L0 
C:\Users\User\AppData\Local\Temp\ccON7OQp.s:963    .text.CAN_FilterInit:00000000000000f0 .L0 
C:\Users\User\AppData\Local\Temp\ccON7OQp.s:968    .text.CAN_FilterInit:00000000000000f4 .L0 
C:\Users\User\AppData\Local\Temp\ccON7OQp.s:970    .text.CAN_FilterInit:00000000000000f8 .L0 
C:\Users\User\AppData\Local\Temp\ccON7OQp.s:975    .text.CAN_FilterInit:0000000000000102 .L0 
C:\Users\User\AppData\Local\Temp\ccON7OQp.s:976    .text.CAN_FilterInit:0000000000000102 .L0 
C:\Users\User\AppData\Local\Temp\ccON7OQp.s:978    .text.CAN_FilterInit:0000000000000106 .L0 
C:\Users\User\AppData\Local\Temp\ccON7OQp.s:982    .text.CAN_FilterInit:000000000000010a .L0 
C:\Users\User\AppData\Local\Temp\ccON7OQp.s:983    .text.CAN_FilterInit:000000000000010a .L0 
C:\Users\User\AppData\Local\Temp\ccON7OQp.s:985    .text.CAN_FilterInit:000000000000010e .L0 
C:\Users\User\AppData\Local\Temp\ccON7OQp.s:989    .text.CAN_FilterInit:0000000000000112 .L0 
C:\Users\User\AppData\Local\Temp\ccON7OQp.s:990    .text.CAN_FilterInit:0000000000000112 .L0 
C:\Users\User\AppData\Local\Temp\ccON7OQp.s:993    .text.CAN_FilterInit:000000000000011a .L0 
C:\Users\User\AppData\Local\Temp\ccON7OQp.s:997    .text.CAN_FilterInit:0000000000000122 .L0 
C:\Users\User\AppData\Local\Temp\ccON7OQp.s:998    .text.CAN_FilterInit:0000000000000122 .L0 
C:\Users\User\AppData\Local\Temp\ccON7OQp.s:999    .text.CAN_FilterInit:0000000000000122 .L0 
C:\Users\User\AppData\Local\Temp\ccON7OQp.s:1003   .text.CAN_FilterInit:0000000000000128 .L0 
C:\Users\User\AppData\Local\Temp\ccON7OQp.s:1004   .text.CAN_FilterInit:0000000000000128 .L0 
C:\Users\User\AppData\Local\Temp\ccON7OQp.s:1007   .text.CAN_FilterInit:0000000000000130 .L0 
C:\Users\User\AppData\Local\Temp\ccON7OQp.s:1012   .text.CAN_FilterInit:0000000000000136 .L0 
C:\Users\User\AppData\Local\Temp\ccON7OQp.s:1013   .text.CAN_FilterInit:0000000000000136 .L0 
C:\Users\User\AppData\Local\Temp\ccON7OQp.s:1016   .text.CAN_FilterInit:000000000000013e .L0 
C:\Users\User\AppData\Local\Temp\ccON7OQp.s:1019   .text.CAN_FilterInit:0000000000000144 .L0 
C:\Users\User\AppData\Local\Temp\ccON7OQp.s:1023   .text.CAN_FilterInit:0000000000000146 .L0 
C:\Users\User\AppData\Local\Temp\ccON7OQp.s:1024   .text.CAN_FilterInit:0000000000000146 .L0 
C:\Users\User\AppData\Local\Temp\ccON7OQp.s:1027   .text.CAN_FilterInit:000000000000014e .L0 
C:\Users\User\AppData\Local\Temp\ccON7OQp.s:1030   .text.CAN_FilterInit:0000000000000152 .L0 
C:\Users\User\AppData\Local\Temp\ccON7OQp.s:1032   .text.CAN_FilterInit:0000000000000156 .L0 
C:\Users\User\AppData\Local\Temp\ccON7OQp.s:1033   .text.CAN_FilterInit:0000000000000156 .L0 
C:\Users\User\AppData\Local\Temp\ccON7OQp.s:1037   .text.CAN_FilterInit:000000000000015c .L0 
C:\Users\User\AppData\Local\Temp\ccON7OQp.s:1038   .text.CAN_FilterInit:000000000000015c .L0 
C:\Users\User\AppData\Local\Temp\ccON7OQp.s:1041   .text.CAN_FilterInit:0000000000000164 .L0 
C:\Users\User\AppData\Local\Temp\ccON7OQp.s:1048   .text.CAN_FilterInit:000000000000016c .L0 
C:\Users\User\AppData\Local\Temp\ccON7OQp.s:1049   .text.CAN_FilterInit:000000000000016c .L0 
C:\Users\User\AppData\Local\Temp\ccON7OQp.s:1053   .text.CAN_FilterInit:0000000000000172 .L0 
C:\Users\User\AppData\Local\Temp\ccON7OQp.s:1054   .text.CAN_FilterInit:0000000000000172 .L0 
C:\Users\User\AppData\Local\Temp\ccON7OQp.s:1056   .text.CAN_FilterInit:0000000000000178 .L0 
C:\Users\User\AppData\Local\Temp\ccON7OQp.s:1063   .text.CAN_StructInit:0000000000000000 CAN_StructInit
C:\Users\User\AppData\Local\Temp\ccON7OQp.s:1066   .text.CAN_StructInit:0000000000000000 .L0 
C:\Users\User\AppData\Local\Temp\ccON7OQp.s:1068   .text.CAN_StructInit:0000000000000000 .L0 
C:\Users\User\AppData\Local\Temp\ccON7OQp.s:1069   .text.CAN_StructInit:0000000000000000 .L0 
C:\Users\User\AppData\Local\Temp\ccON7OQp.s:1070   .text.CAN_StructInit:0000000000000000 $x
C:\Users\User\AppData\Local\Temp\ccON7OQp.s:1070   .text.CAN_StructInit:0000000000000000 .L0 
C:\Users\User\AppData\Local\Temp\ccON7OQp.s:1073   .text.CAN_StructInit:0000000000000004 .L0 
C:\Users\User\AppData\Local\Temp\ccON7OQp.s:1075   .text.CAN_StructInit:0000000000000008 .L0 
C:\Users\User\AppData\Local\Temp\ccON7OQp.s:1077   .text.CAN_StructInit:000000000000000c .L0 
C:\Users\User\AppData\Local\Temp\ccON7OQp.s:1078   .text.CAN_StructInit:000000000000000c .L0 
C:\Users\User\AppData\Local\Temp\ccON7OQp.s:1080   .text.CAN_StructInit:0000000000000010 .L0 
C:\Users\User\AppData\Local\Temp\ccON7OQp.s:1081   .text.CAN_StructInit:0000000000000010 .L0 
C:\Users\User\AppData\Local\Temp\ccON7OQp.s:1083   .text.CAN_StructInit:0000000000000014 .L0 
C:\Users\User\AppData\Local\Temp\ccON7OQp.s:1084   .text.CAN_StructInit:0000000000000014 .L0 
C:\Users\User\AppData\Local\Temp\ccON7OQp.s:1086   .text.CAN_StructInit:0000000000000018 .L0 
C:\Users\User\AppData\Local\Temp\ccON7OQp.s:1087   .text.CAN_StructInit:0000000000000018 .L0 
C:\Users\User\AppData\Local\Temp\ccON7OQp.s:1089   .text.CAN_StructInit:000000000000001c .L0 
C:\Users\User\AppData\Local\Temp\ccON7OQp.s:1090   .text.CAN_StructInit:000000000000001c .L0 
C:\Users\User\AppData\Local\Temp\ccON7OQp.s:1092   .text.CAN_StructInit:0000000000000020 .L0 
C:\Users\User\AppData\Local\Temp\ccON7OQp.s:1093   .text.CAN_StructInit:0000000000000020 .L0 
C:\Users\User\AppData\Local\Temp\ccON7OQp.s:1094   .text.CAN_StructInit:0000000000000020 .L0 
C:\Users\User\AppData\Local\Temp\ccON7OQp.s:1095   .text.CAN_StructInit:0000000000000020 .L0 
C:\Users\User\AppData\Local\Temp\ccON7OQp.s:1096   .text.CAN_StructInit:0000000000000020 .L0 
C:\Users\User\AppData\Local\Temp\ccON7OQp.s:1097   .text.CAN_StructInit:0000000000000020 .L0 
C:\Users\User\AppData\Local\Temp\ccON7OQp.s:1099   .text.CAN_StructInit:0000000000000022 .L0 
C:\Users\User\AppData\Local\Temp\ccON7OQp.s:1100   .text.CAN_StructInit:0000000000000024 .L0 
C:\Users\User\AppData\Local\Temp\ccON7OQp.s:1107   .text.CAN_SlaveStartBank:0000000000000000 CAN_SlaveStartBank
C:\Users\User\AppData\Local\Temp\ccON7OQp.s:1110   .text.CAN_SlaveStartBank:0000000000000000 .L0 
C:\Users\User\AppData\Local\Temp\ccON7OQp.s:1112   .text.CAN_SlaveStartBank:0000000000000000 .L0 
C:\Users\User\AppData\Local\Temp\ccON7OQp.s:1113   .text.CAN_SlaveStartBank:0000000000000000 .L0 
C:\Users\User\AppData\Local\Temp\ccON7OQp.s:1114   .text.CAN_SlaveStartBank:0000000000000000 $x
C:\Users\User\AppData\Local\Temp\ccON7OQp.s:1114   .text.CAN_SlaveStartBank:0000000000000000 .L0 
C:\Users\User\AppData\Local\Temp\ccON7OQp.s:1118   .text.CAN_SlaveStartBank:000000000000000a .L0 
C:\Users\User\AppData\Local\Temp\ccON7OQp.s:1121   .text.CAN_SlaveStartBank:0000000000000012 .L0 
C:\Users\User\AppData\Local\Temp\ccON7OQp.s:1124   .text.CAN_SlaveStartBank:0000000000000018 .L0 
C:\Users\User\AppData\Local\Temp\ccON7OQp.s:1125   .text.CAN_SlaveStartBank:0000000000000018 .L0 
C:\Users\User\AppData\Local\Temp\ccON7OQp.s:1127   .text.CAN_SlaveStartBank:000000000000001a .L0 
C:\Users\User\AppData\Local\Temp\ccON7OQp.s:1130   .text.CAN_SlaveStartBank:000000000000001c .L0 
C:\Users\User\AppData\Local\Temp\ccON7OQp.s:1132   .text.CAN_SlaveStartBank:000000000000001e .L0 
C:\Users\User\AppData\Local\Temp\ccON7OQp.s:1135   .text.CAN_SlaveStartBank:0000000000000022 .L0 
C:\Users\User\AppData\Local\Temp\ccON7OQp.s:1136   .text.CAN_SlaveStartBank:0000000000000022 .L0 
C:\Users\User\AppData\Local\Temp\ccON7OQp.s:1138   .text.CAN_SlaveStartBank:0000000000000024 .L0 
C:\Users\User\AppData\Local\Temp\ccON7OQp.s:1141   .text.CAN_SlaveStartBank:0000000000000026 .L0 
C:\Users\User\AppData\Local\Temp\ccON7OQp.s:1143   .text.CAN_SlaveStartBank:0000000000000028 .L0 
C:\Users\User\AppData\Local\Temp\ccON7OQp.s:1146   .text.CAN_SlaveStartBank:000000000000002c .L0 
C:\Users\User\AppData\Local\Temp\ccON7OQp.s:1147   .text.CAN_SlaveStartBank:000000000000002c .L0 
C:\Users\User\AppData\Local\Temp\ccON7OQp.s:1149   .text.CAN_SlaveStartBank:000000000000002e .L0 
C:\Users\User\AppData\Local\Temp\ccON7OQp.s:1152   .text.CAN_SlaveStartBank:0000000000000032 .L0 
C:\Users\User\AppData\Local\Temp\ccON7OQp.s:1153   .text.CAN_SlaveStartBank:0000000000000034 .L0 
C:\Users\User\AppData\Local\Temp\ccON7OQp.s:1160   .text.CAN_DBGFreeze:0000000000000000 CAN_DBGFreeze
C:\Users\User\AppData\Local\Temp\ccON7OQp.s:1163   .text.CAN_DBGFreeze:0000000000000000 .L0 
C:\Users\User\AppData\Local\Temp\ccON7OQp.s:1165   .text.CAN_DBGFreeze:0000000000000000 .L0 
C:\Users\User\AppData\Local\Temp\ccON7OQp.s:1166   .text.CAN_DBGFreeze:0000000000000000 .L0 
C:\Users\User\AppData\Local\Temp\ccON7OQp.s:1167   .text.CAN_DBGFreeze:0000000000000000 $x
C:\Users\User\AppData\Local\Temp\ccON7OQp.s:1167   .text.CAN_DBGFreeze:0000000000000000 .L0 
C:\Users\User\AppData\Local\Temp\ccON7OQp.s:1169   .text.CAN_DBGFreeze:0000000000000002 .L0 
C:\Users\User\AppData\Local\Temp\ccON7OQp.s:1171   .text.CAN_DBGFreeze:0000000000000004 .L0 
C:\Users\User\AppData\Local\Temp\ccON7OQp.s:1172   .text.CAN_DBGFreeze:0000000000000004 .L0 
C:\Users\User\AppData\Local\Temp\ccON7OQp.s:1175   .text.CAN_DBGFreeze:0000000000000008 .L0 
C:\Users\User\AppData\Local\Temp\ccON7OQp.s:1177   .text.CAN_DBGFreeze:000000000000000a .L0 
C:\Users\User\AppData\Local\Temp\ccON7OQp.s:1180   .text.CAN_DBGFreeze:000000000000000c .L0 
C:\Users\User\AppData\Local\Temp\ccON7OQp.s:1181   .text.CAN_DBGFreeze:000000000000000c .L0 
C:\Users\User\AppData\Local\Temp\ccON7OQp.s:1183   .text.CAN_DBGFreeze:0000000000000012 .L0 
C:\Users\User\AppData\Local\Temp\ccON7OQp.s:1190   .text.CAN_TTComModeCmd:0000000000000000 CAN_TTComModeCmd
C:\Users\User\AppData\Local\Temp\ccON7OQp.s:1193   .text.CAN_TTComModeCmd:0000000000000000 .L0 
C:\Users\User\AppData\Local\Temp\ccON7OQp.s:1195   .text.CAN_TTComModeCmd:0000000000000000 .L0 
C:\Users\User\AppData\Local\Temp\ccON7OQp.s:1196   .text.CAN_TTComModeCmd:0000000000000000 .L0 
C:\Users\User\AppData\Local\Temp\ccON7OQp.s:1197   .text.CAN_TTComModeCmd:0000000000000000 $x
C:\Users\User\AppData\Local\Temp\ccON7OQp.s:1197   .text.CAN_TTComModeCmd:0000000000000000 .L0 
C:\Users\User\AppData\Local\Temp\ccON7OQp.s:1199   .text.CAN_TTComModeCmd:0000000000000002 .L0 
C:\Users\User\AppData\Local\Temp\ccON7OQp.s:1201   .text.CAN_TTComModeCmd:0000000000000004 .L0 
C:\Users\User\AppData\Local\Temp\ccON7OQp.s:1202   .text.CAN_TTComModeCmd:0000000000000004 .L0 
C:\Users\User\AppData\Local\Temp\ccON7OQp.s:1205   .text.CAN_TTComModeCmd:000000000000000a .L0 
C:\Users\User\AppData\Local\Temp\ccON7OQp.s:1206   .text.CAN_TTComModeCmd:000000000000000a .L0 
C:\Users\User\AppData\Local\Temp\ccON7OQp.s:1210   .text.CAN_TTComModeCmd:0000000000000010 .L0 
C:\Users\User\AppData\Local\Temp\ccON7OQp.s:1213   .text.CAN_TTComModeCmd:0000000000000016 .L0 
C:\Users\User\AppData\Local\Temp\ccON7OQp.s:1214   .text.CAN_TTComModeCmd:0000000000000016 .L0 
C:\Users\User\AppData\Local\Temp\ccON7OQp.s:1216   .text.CAN_TTComModeCmd:0000000000000018 .L0 
C:\Users\User\AppData\Local\Temp\ccON7OQp.s:1219   .text.CAN_TTComModeCmd:000000000000001e .L0 
C:\Users\User\AppData\Local\Temp\ccON7OQp.s:1220   .text.CAN_TTComModeCmd:000000000000001e .L0 
C:\Users\User\AppData\Local\Temp\ccON7OQp.s:1222   .text.CAN_TTComModeCmd:0000000000000020 .L0 
C:\Users\User\AppData\Local\Temp\ccON7OQp.s:1226   .text.CAN_TTComModeCmd:0000000000000024 .L0 
C:\Users\User\AppData\Local\Temp\ccON7OQp.s:1228   .text.CAN_TTComModeCmd:0000000000000026 .L0 
C:\Users\User\AppData\Local\Temp\ccON7OQp.s:1232   .text.CAN_TTComModeCmd:0000000000000028 .L0 
C:\Users\User\AppData\Local\Temp\ccON7OQp.s:1233   .text.CAN_TTComModeCmd:0000000000000028 .L0 
C:\Users\User\AppData\Local\Temp\ccON7OQp.s:1236   .text.CAN_TTComModeCmd:000000000000002e .L0 
C:\Users\User\AppData\Local\Temp\ccON7OQp.s:1237   .text.CAN_TTComModeCmd:000000000000002e .L0 
C:\Users\User\AppData\Local\Temp\ccON7OQp.s:1241   .text.CAN_TTComModeCmd:0000000000000034 .L0 
C:\Users\User\AppData\Local\Temp\ccON7OQp.s:1244   .text.CAN_TTComModeCmd:000000000000003a .L0 
C:\Users\User\AppData\Local\Temp\ccON7OQp.s:1245   .text.CAN_TTComModeCmd:000000000000003a .L0 
C:\Users\User\AppData\Local\Temp\ccON7OQp.s:1247   .text.CAN_TTComModeCmd:000000000000003c .L0 
C:\Users\User\AppData\Local\Temp\ccON7OQp.s:1250   .text.CAN_TTComModeCmd:0000000000000042 .L0 
C:\Users\User\AppData\Local\Temp\ccON7OQp.s:1251   .text.CAN_TTComModeCmd:0000000000000042 .L0 
C:\Users\User\AppData\Local\Temp\ccON7OQp.s:1253   .text.CAN_TTComModeCmd:0000000000000044 .L0 
C:\Users\User\AppData\Local\Temp\ccON7OQp.s:1255   .text.CAN_TTComModeCmd:000000000000004a .L0 
C:\Users\User\AppData\Local\Temp\ccON7OQp.s:1262   .text.CAN_Transmit:0000000000000000 CAN_Transmit
C:\Users\User\AppData\Local\Temp\ccON7OQp.s:1265   .text.CAN_Transmit:0000000000000000 .L0 
C:\Users\User\AppData\Local\Temp\ccON7OQp.s:1267   .text.CAN_Transmit:0000000000000000 .L0 
C:\Users\User\AppData\Local\Temp\ccON7OQp.s:1268   .text.CAN_Transmit:0000000000000000 .L0 
C:\Users\User\AppData\Local\Temp\ccON7OQp.s:1269   .text.CAN_Transmit:0000000000000000 .L0 
C:\Users\User\AppData\Local\Temp\ccON7OQp.s:1270   .text.CAN_Transmit:0000000000000000 $x
C:\Users\User\AppData\Local\Temp\ccON7OQp.s:1270   .text.CAN_Transmit:0000000000000000 .L0 
C:\Users\User\AppData\Local\Temp\ccON7OQp.s:1272   .text.CAN_Transmit:0000000000000002 .L0 
C:\Users\User\AppData\Local\Temp\ccON7OQp.s:1274   .text.CAN_Transmit:0000000000000006 .L0 
C:\Users\User\AppData\Local\Temp\ccON7OQp.s:1276   .text.CAN_Transmit:0000000000000008 .L0 
C:\Users\User\AppData\Local\Temp\ccON7OQp.s:1278   .text.CAN_Transmit:000000000000000a .L0 
C:\Users\User\AppData\Local\Temp\ccON7OQp.s:1280   .text.CAN_Transmit:000000000000000c .L0 
C:\Users\User\AppData\Local\Temp\ccON7OQp.s:1281   .text.CAN_Transmit:000000000000000c .L0 
C:\Users\User\AppData\Local\Temp\ccON7OQp.s:1283   .text.CAN_Transmit:000000000000000e .L0 
C:\Users\User\AppData\Local\Temp\ccON7OQp.s:1286   .text.CAN_Transmit:0000000000000014 .L0 
C:\Users\User\AppData\Local\Temp\ccON7OQp.s:1288   .text.CAN_Transmit:0000000000000016 .L0 
C:\Users\User\AppData\Local\Temp\ccON7OQp.s:1289   .text.CAN_Transmit:0000000000000016 .L0 
C:\Users\User\AppData\Local\Temp\ccON7OQp.s:1291   .text.CAN_Transmit:0000000000000018 .L0 
C:\Users\User\AppData\Local\Temp\ccON7OQp.s:1293   .text.CAN_Transmit:000000000000001c .L0 
C:\Users\User\AppData\Local\Temp\ccON7OQp.s:1296   .text.CAN_Transmit:000000000000001e .L0 
C:\Users\User\AppData\Local\Temp\ccON7OQp.s:1298   .text.CAN_Transmit:0000000000000020 .L0 
C:\Users\User\AppData\Local\Temp\ccON7OQp.s:1300   .text.CAN_Transmit:0000000000000022 .L0 
C:\Users\User\AppData\Local\Temp\ccON7OQp.s:1304   .text.CAN_Transmit:0000000000000024 .L0 
C:\Users\User\AppData\Local\Temp\ccON7OQp.s:1308   .text.CAN_Transmit:000000000000002a .L0 
C:\Users\User\AppData\Local\Temp\ccON7OQp.s:1310   .text.CAN_Transmit:000000000000002e .L0 
C:\Users\User\AppData\Local\Temp\ccON7OQp.s:1313   .text.CAN_Transmit:0000000000000034 .L0 
C:\Users\User\AppData\Local\Temp\ccON7OQp.s:1314   .text.CAN_Transmit:0000000000000034 .L0 
C:\Users\User\AppData\Local\Temp\ccON7OQp.s:1316   .text.CAN_Transmit:0000000000000036 .L0 
C:\Users\User\AppData\Local\Temp\ccON7OQp.s:1318   .text.CAN_Transmit:0000000000000038 .L0 
C:\Users\User\AppData\Local\Temp\ccON7OQp.s:1320   .text.CAN_Transmit:000000000000003a .L0 
C:\Users\User\AppData\Local\Temp\ccON7OQp.s:1321   .text.CAN_Transmit:000000000000003a .L0 
C:\Users\User\AppData\Local\Temp\ccON7OQp.s:1323   .text.CAN_Transmit:000000000000003c .L0 
C:\Users\User\AppData\Local\Temp\ccON7OQp.s:1325   .text.CAN_Transmit:0000000000000040 .L0 
C:\Users\User\AppData\Local\Temp\ccON7OQp.s:1327   .text.CAN_Transmit:0000000000000042 .L0 
C:\Users\User\AppData\Local\Temp\ccON7OQp.s:1329   .text.CAN_Transmit:0000000000000044 .L0 
C:\Users\User\AppData\Local\Temp\ccON7OQp.s:1332   .text.CAN_Transmit:0000000000000046 .L0 
C:\Users\User\AppData\Local\Temp\ccON7OQp.s:1334   .text.CAN_Transmit:000000000000004a .L0 
C:\Users\User\AppData\Local\Temp\ccON7OQp.s:1335   .text.CAN_Transmit:000000000000004a .L0 
C:\Users\User\AppData\Local\Temp\ccON7OQp.s:1337   .text.CAN_Transmit:000000000000004c .L0 
C:\Users\User\AppData\Local\Temp\ccON7OQp.s:1339   .text.CAN_Transmit:0000000000000050 .L0 
C:\Users\User\AppData\Local\Temp\ccON7OQp.s:1342   .text.CAN_Transmit:0000000000000054 .L0 
C:\Users\User\AppData\Local\Temp\ccON7OQp.s:1343   .text.CAN_Transmit:0000000000000054 .L0 
C:\Users\User\AppData\Local\Temp\ccON7OQp.s:1345   .text.CAN_Transmit:0000000000000056 .L0 
C:\Users\User\AppData\Local\Temp\ccON7OQp.s:1348   .text.CAN_Transmit:000000000000005a .L0 
C:\Users\User\AppData\Local\Temp\ccON7OQp.s:1349   .text.CAN_Transmit:000000000000005a .L0 
C:\Users\User\AppData\Local\Temp\ccON7OQp.s:1351   .text.CAN_Transmit:000000000000005c .L0 
C:\Users\User\AppData\Local\Temp\ccON7OQp.s:1354   .text.CAN_Transmit:0000000000000060 .L0 
C:\Users\User\AppData\Local\Temp\ccON7OQp.s:1355   .text.CAN_Transmit:0000000000000060 .L0 
C:\Users\User\AppData\Local\Temp\ccON7OQp.s:1366   .text.CAN_Transmit:0000000000000074 .L0 
C:\Users\User\AppData\Local\Temp\ccON7OQp.s:1368   .text.CAN_Transmit:0000000000000076 .L0 
C:\Users\User\AppData\Local\Temp\ccON7OQp.s:1369   .text.CAN_Transmit:0000000000000076 .L0 
C:\Users\User\AppData\Local\Temp\ccON7OQp.s:1380   .text.CAN_Transmit:000000000000008a .L0 
C:\Users\User\AppData\Local\Temp\ccON7OQp.s:1382   .text.CAN_Transmit:000000000000008c .L0 
C:\Users\User\AppData\Local\Temp\ccON7OQp.s:1383   .text.CAN_Transmit:000000000000008c .L0 
C:\Users\User\AppData\Local\Temp\ccON7OQp.s:1385   .text.CAN_Transmit:000000000000008e .L0 
C:\Users\User\AppData\Local\Temp\ccON7OQp.s:1389   .text.CAN_Transmit:0000000000000094 .L0 
C:\Users\User\AppData\Local\Temp\ccON7OQp.s:1390   .text.CAN_Transmit:0000000000000094 .L0 
C:\Users\User\AppData\Local\Temp\ccON7OQp.s:1394   .text.CAN_Transmit:0000000000000096 .L0 
C:\Users\User\AppData\Local\Temp\ccON7OQp.s:1400   .text.CAN_Transmit:000000000000009a .L0 
C:\Users\User\AppData\Local\Temp\ccON7OQp.s:1406   .text.CAN_Transmit:000000000000009e .L0 
C:\Users\User\AppData\Local\Temp\ccON7OQp.s:1407   .text.CAN_Transmit:000000000000009e .L0 
C:\Users\User\AppData\Local\Temp\ccON7OQp.s:1409   .text.CAN_Transmit:00000000000000a0 .L0 
C:\Users\User\AppData\Local\Temp\ccON7OQp.s:1411   .text.CAN_Transmit:00000000000000a4 .L0 
C:\Users\User\AppData\Local\Temp\ccON7OQp.s:1413   .text.CAN_Transmit:00000000000000a6 .L0 
C:\Users\User\AppData\Local\Temp\ccON7OQp.s:1416   .text.CAN_Transmit:00000000000000aa .L0 
C:\Users\User\AppData\Local\Temp\ccON7OQp.s:1418   .text.CAN_Transmit:00000000000000b0 .L0 
C:\Users\User\AppData\Local\Temp\ccON7OQp.s:1425   .text.CAN_TransmitStatus:0000000000000000 CAN_TransmitStatus
C:\Users\User\AppData\Local\Temp\ccON7OQp.s:1428   .text.CAN_TransmitStatus:0000000000000000 .L0 
C:\Users\User\AppData\Local\Temp\ccON7OQp.s:1430   .text.CAN_TransmitStatus:0000000000000000 .L0 
C:\Users\User\AppData\Local\Temp\ccON7OQp.s:1431   .text.CAN_TransmitStatus:0000000000000000 .L0 
C:\Users\User\AppData\Local\Temp\ccON7OQp.s:1432   .text.CAN_TransmitStatus:0000000000000000 $x
C:\Users\User\AppData\Local\Temp\ccON7OQp.s:1432   .text.CAN_TransmitStatus:0000000000000000 .L0 
C:\Users\User\AppData\Local\Temp\ccON7OQp.s:1434   .text.CAN_TransmitStatus:0000000000000002 .L0 
C:\Users\User\AppData\Local\Temp\ccON7OQp.s:1436   .text.CAN_TransmitStatus:0000000000000004 .L0 
C:\Users\User\AppData\Local\Temp\ccON7OQp.s:1440   .text.CAN_TransmitStatus:000000000000000e .L0 
C:\Users\User\AppData\Local\Temp\ccON7OQp.s:1443   .text.CAN_TransmitStatus:0000000000000010 .L0 
C:\Users\User\AppData\Local\Temp\ccON7OQp.s:1445   .text.CAN_TransmitStatus:0000000000000012 .L0 
C:\Users\User\AppData\Local\Temp\ccON7OQp.s:1446   .text.CAN_TransmitStatus:0000000000000012 .L0 
C:\Users\User\AppData\Local\Temp\ccON7OQp.s:1449   .text.CAN_TransmitStatus:0000000000000014 .L0 
C:\Users\User\AppData\Local\Temp\ccON7OQp.s:1454   .text.CAN_TransmitStatus:000000000000001c .L0 
C:\Users\User\AppData\Local\Temp\ccON7OQp.s:1455   .text.CAN_TransmitStatus:000000000000001c .L0 
C:\Users\User\AppData\Local\Temp\ccON7OQp.s:1461   .text.CAN_TransmitStatus:0000000000000024 .L0 
C:\Users\User\AppData\Local\Temp\ccON7OQp.s:1462   .text.CAN_TransmitStatus:0000000000000024 .L0 
C:\Users\User\AppData\Local\Temp\ccON7OQp.s:1464   .text.CAN_TransmitStatus:0000000000000026 .L0 
C:\Users\User\AppData\Local\Temp\ccON7OQp.s:1467   .text.CAN_TransmitStatus:000000000000002e .L0 
C:\Users\User\AppData\Local\Temp\ccON7OQp.s:1469   .text.CAN_TransmitStatus:0000000000000032 .L0 
C:\Users\User\AppData\Local\Temp\ccON7OQp.s:1472   .text.CAN_TransmitStatus:0000000000000034 .L0 
C:\Users\User\AppData\Local\Temp\ccON7OQp.s:1473   .text.CAN_TransmitStatus:0000000000000034 .L0 
C:\Users\User\AppData\Local\Temp\ccON7OQp.s:1482   .text.CAN_TransmitStatus:0000000000000040 .L0 
C:\Users\User\AppData\Local\Temp\ccON7OQp.s:1483   .text.CAN_TransmitStatus:0000000000000040 .L0 
C:\Users\User\AppData\Local\Temp\ccON7OQp.s:1487   .text.CAN_TransmitStatus:0000000000000042 .L0 
C:\Users\User\AppData\Local\Temp\ccON7OQp.s:1488   .text.CAN_TransmitStatus:0000000000000042 .L0 
C:\Users\User\AppData\Local\Temp\ccON7OQp.s:1490   .text.CAN_TransmitStatus:0000000000000044 .L0 
C:\Users\User\AppData\Local\Temp\ccON7OQp.s:1492   .text.CAN_TransmitStatus:0000000000000048 .L0 
C:\Users\User\AppData\Local\Temp\ccON7OQp.s:1494   .text.CAN_TransmitStatus:000000000000004c .L0 
C:\Users\User\AppData\Local\Temp\ccON7OQp.s:1497   .text.CAN_TransmitStatus:000000000000004e .L0 
C:\Users\User\AppData\Local\Temp\ccON7OQp.s:1498   .text.CAN_TransmitStatus:000000000000004e .L0 
C:\Users\User\AppData\Local\Temp\ccON7OQp.s:1511   .text.CAN_TransmitStatus:0000000000000062 .L0 
C:\Users\User\AppData\Local\Temp\ccON7OQp.s:1518   .text.CAN_CancelTransmit:0000000000000000 CAN_CancelTransmit
C:\Users\User\AppData\Local\Temp\ccON7OQp.s:1521   .text.CAN_CancelTransmit:0000000000000000 .L0 
C:\Users\User\AppData\Local\Temp\ccON7OQp.s:1523   .text.CAN_CancelTransmit:0000000000000000 .L0 
C:\Users\User\AppData\Local\Temp\ccON7OQp.s:1524   .text.CAN_CancelTransmit:0000000000000000 $x
C:\Users\User\AppData\Local\Temp\ccON7OQp.s:1524   .text.CAN_CancelTransmit:0000000000000000 .L0 
C:\Users\User\AppData\Local\Temp\ccON7OQp.s:1530   .text.CAN_CancelTransmit:000000000000000e .L0 
C:\Users\User\AppData\Local\Temp\ccON7OQp.s:1531   .text.CAN_CancelTransmit:000000000000000e .L0 
C:\Users\User\AppData\Local\Temp\ccON7OQp.s:1533   .text.CAN_CancelTransmit:0000000000000010 .L0 
C:\Users\User\AppData\Local\Temp\ccON7OQp.s:1536   .text.CAN_CancelTransmit:0000000000000014 .L0 
C:\Users\User\AppData\Local\Temp\ccON7OQp.s:1539   .text.CAN_CancelTransmit:0000000000000016 .L0 
C:\Users\User\AppData\Local\Temp\ccON7OQp.s:1540   .text.CAN_CancelTransmit:0000000000000016 .L0 
C:\Users\User\AppData\Local\Temp\ccON7OQp.s:1543   .text.CAN_CancelTransmit:0000000000000018 .L0 
C:\Users\User\AppData\Local\Temp\ccON7OQp.s:1544   .text.CAN_CancelTransmit:0000000000000018 .L0 
C:\Users\User\AppData\Local\Temp\ccON7OQp.s:1546   .text.CAN_CancelTransmit:000000000000001a .L0 
C:\Users\User\AppData\Local\Temp\ccON7OQp.s:1550   .text.CAN_CancelTransmit:0000000000000020 .L0 
C:\Users\User\AppData\Local\Temp\ccON7OQp.s:1551   .text.CAN_CancelTransmit:0000000000000020 .L0 
C:\Users\User\AppData\Local\Temp\ccON7OQp.s:1553   .text.CAN_CancelTransmit:0000000000000022 .L0 
C:\Users\User\AppData\Local\Temp\ccON7OQp.s:1555   .text.CAN_CancelTransmit:0000000000000028 .L0 
C:\Users\User\AppData\Local\Temp\ccON7OQp.s:1562   .text.CAN_Receive:0000000000000000 CAN_Receive
C:\Users\User\AppData\Local\Temp\ccON7OQp.s:1565   .text.CAN_Receive:0000000000000000 .L0 
C:\Users\User\AppData\Local\Temp\ccON7OQp.s:1567   .text.CAN_Receive:0000000000000000 .L0 
C:\Users\User\AppData\Local\Temp\ccON7OQp.s:1568   .text.CAN_Receive:0000000000000000 $x
C:\Users\User\AppData\Local\Temp\ccON7OQp.s:1568   .text.CAN_Receive:0000000000000000 .L0 
C:\Users\User\AppData\Local\Temp\ccON7OQp.s:1571   .text.CAN_Receive:0000000000000006 .L0 
C:\Users\User\AppData\Local\Temp\ccON7OQp.s:1573   .text.CAN_Receive:000000000000000a .L0 
C:\Users\User\AppData\Local\Temp\ccON7OQp.s:1575   .text.CAN_Receive:000000000000000c .L0 
C:\Users\User\AppData\Local\Temp\ccON7OQp.s:1577   .text.CAN_Receive:000000000000000e .L0 
C:\Users\User\AppData\Local\Temp\ccON7OQp.s:1578   .text.CAN_Receive:000000000000000e .L0 
C:\Users\User\AppData\Local\Temp\ccON7OQp.s:1580   .text.CAN_Receive:0000000000000010 .L0 
C:\Users\User\AppData\Local\Temp\ccON7OQp.s:1581   .text.CAN_Receive:0000000000000010 .L0 
C:\Users\User\AppData\Local\Temp\ccON7OQp.s:1583   .text.CAN_Receive:0000000000000014 .L0 
C:\Users\User\AppData\Local\Temp\ccON7OQp.s:1585   .text.CAN_Receive:0000000000000016 .L0 
C:\Users\User\AppData\Local\Temp\ccON7OQp.s:1588   .text.CAN_Receive:0000000000000018 .L0 
C:\Users\User\AppData\Local\Temp\ccON7OQp.s:1589   .text.CAN_Receive:0000000000000018 .L0 
C:\Users\User\AppData\Local\Temp\ccON7OQp.s:1592   .text.CAN_Receive:000000000000001e .L0 
C:\Users\User\AppData\Local\Temp\ccON7OQp.s:1594   .text.CAN_Receive:0000000000000020 .L0 
C:\Users\User\AppData\Local\Temp\ccON7OQp.s:1596   .text.CAN_Receive:0000000000000022 .L0 
C:\Users\User\AppData\Local\Temp\ccON7OQp.s:1597   .text.CAN_Receive:0000000000000022 .L0 
C:\Users\User\AppData\Local\Temp\ccON7OQp.s:1599   .text.CAN_Receive:0000000000000024 .L0 
C:\Users\User\AppData\Local\Temp\ccON7OQp.s:1601   .text.CAN_Receive:0000000000000026 .L0 
C:\Users\User\AppData\Local\Temp\ccON7OQp.s:1603   .text.CAN_Receive:0000000000000028 .L0 
C:\Users\User\AppData\Local\Temp\ccON7OQp.s:1604   .text.CAN_Receive:0000000000000028 .L0 
C:\Users\User\AppData\Local\Temp\ccON7OQp.s:1606   .text.CAN_Receive:000000000000002a .L0 
C:\Users\User\AppData\Local\Temp\ccON7OQp.s:1608   .text.CAN_Receive:000000000000002c .L0 
C:\Users\User\AppData\Local\Temp\ccON7OQp.s:1609   .text.CAN_Receive:000000000000002c .L0 
C:\Users\User\AppData\Local\Temp\ccON7OQp.s:1611   .text.CAN_Receive:000000000000002e .L0 
C:\Users\User\AppData\Local\Temp\ccON7OQp.s:1613   .text.CAN_Receive:0000000000000030 .L0 
C:\Users\User\AppData\Local\Temp\ccON7OQp.s:1615   .text.CAN_Receive:0000000000000032 .L0 
C:\Users\User\AppData\Local\Temp\ccON7OQp.s:1616   .text.CAN_Receive:0000000000000032 .L0 
C:\Users\User\AppData\Local\Temp\ccON7OQp.s:1618   .text.CAN_Receive:0000000000000034 .L0 
C:\Users\User\AppData\Local\Temp\ccON7OQp.s:1620   .text.CAN_Receive:0000000000000036 .L0 
C:\Users\User\AppData\Local\Temp\ccON7OQp.s:1622   .text.CAN_Receive:0000000000000038 .L0 
C:\Users\User\AppData\Local\Temp\ccON7OQp.s:1623   .text.CAN_Receive:0000000000000038 .L0 
C:\Users\User\AppData\Local\Temp\ccON7OQp.s:1625   .text.CAN_Receive:000000000000003a .L0 
C:\Users\User\AppData\Local\Temp\ccON7OQp.s:1627   .text.CAN_Receive:000000000000003c .L0 
C:\Users\User\AppData\Local\Temp\ccON7OQp.s:1629   .text.CAN_Receive:000000000000003e .L0 
C:\Users\User\AppData\Local\Temp\ccON7OQp.s:1630   .text.CAN_Receive:000000000000003e .L0 
C:\Users\User\AppData\Local\Temp\ccON7OQp.s:1632   .text.CAN_Receive:0000000000000040 .L0 
C:\Users\User\AppData\Local\Temp\ccON7OQp.s:1634   .text.CAN_Receive:0000000000000042 .L0 
C:\Users\User\AppData\Local\Temp\ccON7OQp.s:1635   .text.CAN_Receive:0000000000000042 .L0 
C:\Users\User\AppData\Local\Temp\ccON7OQp.s:1637   .text.CAN_Receive:0000000000000044 .L0 
C:\Users\User\AppData\Local\Temp\ccON7OQp.s:1639   .text.CAN_Receive:0000000000000046 .L0 
C:\Users\User\AppData\Local\Temp\ccON7OQp.s:1641   .text.CAN_Receive:0000000000000048 .L0 
C:\Users\User\AppData\Local\Temp\ccON7OQp.s:1642   .text.CAN_Receive:0000000000000048 .L0 
C:\Users\User\AppData\Local\Temp\ccON7OQp.s:1644   .text.CAN_Receive:000000000000004a .L0 
C:\Users\User\AppData\Local\Temp\ccON7OQp.s:1646   .text.CAN_Receive:000000000000004c .L0 
C:\Users\User\AppData\Local\Temp\ccON7OQp.s:1648   .text.CAN_Receive:000000000000004e .L0 
C:\Users\User\AppData\Local\Temp\ccON7OQp.s:1649   .text.CAN_Receive:000000000000004e .L0 
C:\Users\User\AppData\Local\Temp\ccON7OQp.s:1651   .text.CAN_Receive:0000000000000050 .L0 
C:\Users\User\AppData\Local\Temp\ccON7OQp.s:1653   .text.CAN_Receive:0000000000000052 .L0 
C:\Users\User\AppData\Local\Temp\ccON7OQp.s:1655   .text.CAN_Receive:0000000000000054 .L0 
C:\Users\User\AppData\Local\Temp\ccON7OQp.s:1656   .text.CAN_Receive:0000000000000054 .L0 
C:\Users\User\AppData\Local\Temp\ccON7OQp.s:1658   .text.CAN_Receive:0000000000000056 .L0 
C:\Users\User\AppData\Local\Temp\ccON7OQp.s:1659   .text.CAN_Receive:0000000000000056 .L0 
C:\Users\User\AppData\Local\Temp\ccON7OQp.s:1661   .text.CAN_Receive:0000000000000058 .L0 
C:\Users\User\AppData\Local\Temp\ccON7OQp.s:1666   .text.CAN_Receive:0000000000000060 .L0 
C:\Users\User\AppData\Local\Temp\ccON7OQp.s:1667   .text.CAN_Receive:0000000000000060 .L0 
C:\Users\User\AppData\Local\Temp\ccON7OQp.s:1669   .text.CAN_Receive:0000000000000064 .L0 
C:\Users\User\AppData\Local\Temp\ccON7OQp.s:1671   .text.CAN_Receive:0000000000000066 .L0 
C:\Users\User\AppData\Local\Temp\ccON7OQp.s:1675   .text.CAN_Receive:000000000000006a .L0 
C:\Users\User\AppData\Local\Temp\ccON7OQp.s:1676   .text.CAN_Receive:000000000000006a .L0 
C:\Users\User\AppData\Local\Temp\ccON7OQp.s:1678   .text.CAN_Receive:000000000000006c .L0 
C:\Users\User\AppData\Local\Temp\ccON7OQp.s:1681   .text.CAN_Receive:0000000000000072 .L0 
C:\Users\User\AppData\Local\Temp\ccON7OQp.s:1682   .text.CAN_Receive:0000000000000074 .L0 
C:\Users\User\AppData\Local\Temp\ccON7OQp.s:1689   .text.CAN_FIFORelease:0000000000000000 CAN_FIFORelease
C:\Users\User\AppData\Local\Temp\ccON7OQp.s:1692   .text.CAN_FIFORelease:0000000000000000 .L0 
C:\Users\User\AppData\Local\Temp\ccON7OQp.s:1694   .text.CAN_FIFORelease:0000000000000000 .L0 
C:\Users\User\AppData\Local\Temp\ccON7OQp.s:1695   .text.CAN_FIFORelease:0000000000000000 .L0 
C:\Users\User\AppData\Local\Temp\ccON7OQp.s:1696   .text.CAN_FIFORelease:0000000000000000 $x
C:\Users\User\AppData\Local\Temp\ccON7OQp.s:1696   .text.CAN_FIFORelease:0000000000000000 .L0 
C:\Users\User\AppData\Local\Temp\ccON7OQp.s:1698   .text.CAN_FIFORelease:0000000000000002 .L0 
C:\Users\User\AppData\Local\Temp\ccON7OQp.s:1699   .text.CAN_FIFORelease:0000000000000002 .L0 
C:\Users\User\AppData\Local\Temp\ccON7OQp.s:1701   .text.CAN_FIFORelease:0000000000000004 .L0 
C:\Users\User\AppData\Local\Temp\ccON7OQp.s:1706   .text.CAN_FIFORelease:000000000000000c .L0 
C:\Users\User\AppData\Local\Temp\ccON7OQp.s:1707   .text.CAN_FIFORelease:000000000000000c .L0 
C:\Users\User\AppData\Local\Temp\ccON7OQp.s:1709   .text.CAN_FIFORelease:000000000000000e .L0 
C:\Users\User\AppData\Local\Temp\ccON7OQp.s:1712   .text.CAN_FIFORelease:0000000000000014 .L0 
C:\Users\User\AppData\Local\Temp\ccON7OQp.s:1713   .text.CAN_FIFORelease:0000000000000016 .L0 
C:\Users\User\AppData\Local\Temp\ccON7OQp.s:1720   .text.CAN_MessagePending:0000000000000000 CAN_MessagePending
C:\Users\User\AppData\Local\Temp\ccON7OQp.s:1723   .text.CAN_MessagePending:0000000000000000 .L0 
C:\Users\User\AppData\Local\Temp\ccON7OQp.s:1725   .text.CAN_MessagePending:0000000000000000 .L0 
C:\Users\User\AppData\Local\Temp\ccON7OQp.s:1726   .text.CAN_MessagePending:0000000000000000 .L0 
C:\Users\User\AppData\Local\Temp\ccON7OQp.s:1727   .text.CAN_MessagePending:0000000000000000 .L0 
C:\Users\User\AppData\Local\Temp\ccON7OQp.s:1728   .text.CAN_MessagePending:0000000000000000 $x
C:\Users\User\AppData\Local\Temp\ccON7OQp.s:1728   .text.CAN_MessagePending:0000000000000000 .L0 
C:\Users\User\AppData\Local\Temp\ccON7OQp.s:1730   .text.CAN_MessagePending:0000000000000002 .L0 
C:\Users\User\AppData\Local\Temp\ccON7OQp.s:1732   .text.CAN_MessagePending:0000000000000004 .L0 
C:\Users\User\AppData\Local\Temp\ccON7OQp.s:1733   .text.CAN_MessagePending:0000000000000004 .L0 
C:\Users\User\AppData\Local\Temp\ccON7OQp.s:1737   .text.CAN_MessagePending:0000000000000006 .L0 
C:\Users\User\AppData\Local\Temp\ccON7OQp.s:1741   .text.CAN_MessagePending:0000000000000008 .L0 
C:\Users\User\AppData\Local\Temp\ccON7OQp.s:1742   .text.CAN_MessagePending:0000000000000008 .L0 
C:\Users\User\AppData\Local\Temp\ccON7OQp.s:1746   .text.CAN_MessagePending:000000000000000a .L0 
C:\Users\User\AppData\Local\Temp\ccON7OQp.s:1747   .text.CAN_MessagePending:000000000000000a .L0 
C:\Users\User\AppData\Local\Temp\ccON7OQp.s:1749   .text.CAN_MessagePending:000000000000000c .L0 
C:\Users\User\AppData\Local\Temp\ccON7OQp.s:1752   .text.CAN_MessagePending:000000000000000e .L0 
C:\Users\User\AppData\Local\Temp\ccON7OQp.s:1754   .text.CAN_MessagePending:0000000000000012 .L0 
C:\Users\User\AppData\Local\Temp\ccON7OQp.s:1755   .text.CAN_MessagePending:0000000000000012 .L0 
C:\Users\User\AppData\Local\Temp\ccON7OQp.s:1757   .text.CAN_MessagePending:0000000000000016 .L0 
C:\Users\User\AppData\Local\Temp\ccON7OQp.s:1764   .text.CAN_OperatingModeRequest:0000000000000000 CAN_OperatingModeRequest
C:\Users\User\AppData\Local\Temp\ccON7OQp.s:1767   .text.CAN_OperatingModeRequest:0000000000000000 .L0 
C:\Users\User\AppData\Local\Temp\ccON7OQp.s:1769   .text.CAN_OperatingModeRequest:0000000000000000 .L0 
C:\Users\User\AppData\Local\Temp\ccON7OQp.s:1770   .text.CAN_OperatingModeRequest:0000000000000000 .L0 
C:\Users\User\AppData\Local\Temp\ccON7OQp.s:1771   .text.CAN_OperatingModeRequest:0000000000000000 .L0 
C:\Users\User\AppData\Local\Temp\ccON7OQp.s:1772   .text.CAN_OperatingModeRequest:0000000000000000 .L0 
C:\Users\User\AppData\Local\Temp\ccON7OQp.s:1773   .text.CAN_OperatingModeRequest:0000000000000000 $x
C:\Users\User\AppData\Local\Temp\ccON7OQp.s:1773   .text.CAN_OperatingModeRequest:0000000000000000 .L0 
C:\Users\User\AppData\Local\Temp\ccON7OQp.s:1775   .text.CAN_OperatingModeRequest:0000000000000002 .L0 
C:\Users\User\AppData\Local\Temp\ccON7OQp.s:1777   .text.CAN_OperatingModeRequest:0000000000000004 .L0 
C:\Users\User\AppData\Local\Temp\ccON7OQp.s:1778   .text.CAN_OperatingModeRequest:0000000000000004 .L0 
C:\Users\User\AppData\Local\Temp\ccON7OQp.s:1780   .text.CAN_OperatingModeRequest:0000000000000006 .L0 
C:\Users\User\AppData\Local\Temp\ccON7OQp.s:1782   .text.CAN_OperatingModeRequest:0000000000000008 .L0 
C:\Users\User\AppData\Local\Temp\ccON7OQp.s:1785   .text.CAN_OperatingModeRequest:000000000000000e .L0 
C:\Users\User\AppData\Local\Temp\ccON7OQp.s:1787   .text.CAN_OperatingModeRequest:0000000000000010 .L0 
C:\Users\User\AppData\Local\Temp\ccON7OQp.s:1788   .text.CAN_OperatingModeRequest:0000000000000010 .L0 
C:\Users\User\AppData\Local\Temp\ccON7OQp.s:1792   .text.CAN_OperatingModeRequest:0000000000000012 .L0 
C:\Users\User\AppData\Local\Temp\ccON7OQp.s:1793   .text.CAN_OperatingModeRequest:0000000000000012 .L0 
C:\Users\User\AppData\Local\Temp\ccON7OQp.s:1795   .text.CAN_OperatingModeRequest:0000000000000014 .L0 
C:\Users\User\AppData\Local\Temp\ccON7OQp.s:1797   .text.CAN_OperatingModeRequest:0000000000000016 .L0 
C:\Users\User\AppData\Local\Temp\ccON7OQp.s:1799   .text.CAN_OperatingModeRequest:000000000000001a .L0 
C:\Users\User\AppData\Local\Temp\ccON7OQp.s:1805   .text.CAN_OperatingModeRequest:000000000000001e .L0 
C:\Users\User\AppData\Local\Temp\ccON7OQp.s:1806   .text.CAN_OperatingModeRequest:000000000000001e .L0 
C:\Users\User\AppData\Local\Temp\ccON7OQp.s:1809   .text.CAN_OperatingModeRequest:0000000000000020 .L0 
C:\Users\User\AppData\Local\Temp\ccON7OQp.s:1811   .text.CAN_OperatingModeRequest:0000000000000022 .L0 
C:\Users\User\AppData\Local\Temp\ccON7OQp.s:1815   .text.CAN_OperatingModeRequest:0000000000000024 .L0 
C:\Users\User\AppData\Local\Temp\ccON7OQp.s:1819   .text.CAN_OperatingModeRequest:0000000000000028 .L0 
C:\Users\User\AppData\Local\Temp\ccON7OQp.s:1820   .text.CAN_OperatingModeRequest:0000000000000028 .L0 
C:\Users\User\AppData\Local\Temp\ccON7OQp.s:1824   .text.CAN_OperatingModeRequest:000000000000002a .L0 
C:\Users\User\AppData\Local\Temp\ccON7OQp.s:1825   .text.CAN_OperatingModeRequest:000000000000002a .L0 
C:\Users\User\AppData\Local\Temp\ccON7OQp.s:1828   .text.CAN_OperatingModeRequest:0000000000000030 .L0 
C:\Users\User\AppData\Local\Temp\ccON7OQp.s:1829   .text.CAN_OperatingModeRequest:0000000000000030 .L0 
C:\Users\User\AppData\Local\Temp\ccON7OQp.s:1831   .text.CAN_OperatingModeRequest:0000000000000032 .L0 
C:\Users\User\AppData\Local\Temp\ccON7OQp.s:1834   .text.CAN_OperatingModeRequest:0000000000000036 .L0 
C:\Users\User\AppData\Local\Temp\ccON7OQp.s:1835   .text.CAN_OperatingModeRequest:0000000000000036 .L0 
C:\Users\User\AppData\Local\Temp\ccON7OQp.s:1839   .text.CAN_OperatingModeRequest:0000000000000038 .L0 
C:\Users\User\AppData\Local\Temp\ccON7OQp.s:1840   .text.CAN_OperatingModeRequest:0000000000000038 .L0 
C:\Users\User\AppData\Local\Temp\ccON7OQp.s:1842   .text.CAN_OperatingModeRequest:000000000000003a .L0 
C:\Users\User\AppData\Local\Temp\ccON7OQp.s:1844   .text.CAN_OperatingModeRequest:000000000000003c .L0 
C:\Users\User\AppData\Local\Temp\ccON7OQp.s:1846   .text.CAN_OperatingModeRequest:000000000000003e .L0 
C:\Users\User\AppData\Local\Temp\ccON7OQp.s:1852   .text.CAN_OperatingModeRequest:0000000000000042 .L0 
C:\Users\User\AppData\Local\Temp\ccON7OQp.s:1853   .text.CAN_OperatingModeRequest:0000000000000042 .L0 
C:\Users\User\AppData\Local\Temp\ccON7OQp.s:1856   .text.CAN_OperatingModeRequest:0000000000000044 .L0 
C:\Users\User\AppData\Local\Temp\ccON7OQp.s:1861   .text.CAN_OperatingModeRequest:0000000000000048 .L0 
C:\Users\User\AppData\Local\Temp\ccON7OQp.s:1862   .text.CAN_OperatingModeRequest:0000000000000048 .L0 
C:\Users\User\AppData\Local\Temp\ccON7OQp.s:1864   .text.CAN_OperatingModeRequest:000000000000004a .L0 
C:\Users\User\AppData\Local\Temp\ccON7OQp.s:1867   .text.CAN_OperatingModeRequest:000000000000004c .L0 
C:\Users\User\AppData\Local\Temp\ccON7OQp.s:1869   .text.CAN_OperatingModeRequest:0000000000000050 .L0 
C:\Users\User\AppData\Local\Temp\ccON7OQp.s:1870   .text.CAN_OperatingModeRequest:0000000000000050 .L0 
C:\Users\User\AppData\Local\Temp\ccON7OQp.s:1872   .text.CAN_OperatingModeRequest:0000000000000052 .L0 
C:\Users\User\AppData\Local\Temp\ccON7OQp.s:1874   .text.CAN_OperatingModeRequest:0000000000000054 .L0 
C:\Users\User\AppData\Local\Temp\ccON7OQp.s:1877   .text.CAN_OperatingModeRequest:000000000000005a .L0 
C:\Users\User\AppData\Local\Temp\ccON7OQp.s:1879   .text.CAN_OperatingModeRequest:000000000000005c .L0 
C:\Users\User\AppData\Local\Temp\ccON7OQp.s:1880   .text.CAN_OperatingModeRequest:000000000000005c .L0 
C:\Users\User\AppData\Local\Temp\ccON7OQp.s:1884   .text.CAN_OperatingModeRequest:000000000000005e .L0 
C:\Users\User\AppData\Local\Temp\ccON7OQp.s:1885   .text.CAN_OperatingModeRequest:000000000000005e .L0 
C:\Users\User\AppData\Local\Temp\ccON7OQp.s:1887   .text.CAN_OperatingModeRequest:0000000000000060 .L0 
C:\Users\User\AppData\Local\Temp\ccON7OQp.s:1889   .text.CAN_OperatingModeRequest:0000000000000062 .L0 
C:\Users\User\AppData\Local\Temp\ccON7OQp.s:1891   .text.CAN_OperatingModeRequest:0000000000000066 .L0 
C:\Users\User\AppData\Local\Temp\ccON7OQp.s:1897   .text.CAN_OperatingModeRequest:000000000000006a .L0 
C:\Users\User\AppData\Local\Temp\ccON7OQp.s:1898   .text.CAN_OperatingModeRequest:000000000000006a .L0 
C:\Users\User\AppData\Local\Temp\ccON7OQp.s:1900   .text.CAN_OperatingModeRequest:000000000000006c .L0 
C:\Users\User\AppData\Local\Temp\ccON7OQp.s:1902   .text.CAN_OperatingModeRequest:000000000000006e .L0 
C:\Users\User\AppData\Local\Temp\ccON7OQp.s:1904   .text.CAN_OperatingModeRequest:0000000000000072 .L0 
C:\Users\User\AppData\Local\Temp\ccON7OQp.s:1911   .text.CAN_Sleep:0000000000000000 CAN_Sleep
C:\Users\User\AppData\Local\Temp\ccON7OQp.s:1914   .text.CAN_Sleep:0000000000000000 .L0 
C:\Users\User\AppData\Local\Temp\ccON7OQp.s:1916   .text.CAN_Sleep:0000000000000000 .L0 
C:\Users\User\AppData\Local\Temp\ccON7OQp.s:1917   .text.CAN_Sleep:0000000000000000 .L0 
C:\Users\User\AppData\Local\Temp\ccON7OQp.s:1918   .text.CAN_Sleep:0000000000000000 .L0 
C:\Users\User\AppData\Local\Temp\ccON7OQp.s:1919   .text.CAN_Sleep:0000000000000000 $x
C:\Users\User\AppData\Local\Temp\ccON7OQp.s:1919   .text.CAN_Sleep:0000000000000000 .L0 
C:\Users\User\AppData\Local\Temp\ccON7OQp.s:1921   .text.CAN_Sleep:0000000000000002 .L0 
C:\Users\User\AppData\Local\Temp\ccON7OQp.s:1924   .text.CAN_Sleep:0000000000000008 .L0 
C:\Users\User\AppData\Local\Temp\ccON7OQp.s:1926   .text.CAN_Sleep:000000000000000a .L0 
C:\Users\User\AppData\Local\Temp\ccON7OQp.s:1927   .text.CAN_Sleep:000000000000000a .L0 
C:\Users\User\AppData\Local\Temp\ccON7OQp.s:1930   .text.CAN_Sleep:000000000000000c .L0 
C:\Users\User\AppData\Local\Temp\ccON7OQp.s:1931   .text.CAN_Sleep:000000000000000c .L0 
C:\Users\User\AppData\Local\Temp\ccON7OQp.s:1934   .text.CAN_Sleep:000000000000000e .L0 
C:\Users\User\AppData\Local\Temp\ccON7OQp.s:1936   .text.CAN_Sleep:0000000000000010 .L0 
C:\Users\User\AppData\Local\Temp\ccON7OQp.s:1938   .text.CAN_Sleep:0000000000000016 .L0 
C:\Users\User\AppData\Local\Temp\ccON7OQp.s:1945   .text.CAN_WakeUp:0000000000000000 CAN_WakeUp
C:\Users\User\AppData\Local\Temp\ccON7OQp.s:1948   .text.CAN_WakeUp:0000000000000000 .L0 
C:\Users\User\AppData\Local\Temp\ccON7OQp.s:1950   .text.CAN_WakeUp:0000000000000000 .L0 
C:\Users\User\AppData\Local\Temp\ccON7OQp.s:1951   .text.CAN_WakeUp:0000000000000000 .L0 
C:\Users\User\AppData\Local\Temp\ccON7OQp.s:1952   .text.CAN_WakeUp:0000000000000000 .L0 
C:\Users\User\AppData\Local\Temp\ccON7OQp.s:1953   .text.CAN_WakeUp:0000000000000000 .L0 
C:\Users\User\AppData\Local\Temp\ccON7OQp.s:1954   .text.CAN_WakeUp:0000000000000000 $x
C:\Users\User\AppData\Local\Temp\ccON7OQp.s:1954   .text.CAN_WakeUp:0000000000000000 .L0 
C:\Users\User\AppData\Local\Temp\ccON7OQp.s:1956   .text.CAN_WakeUp:0000000000000002 .L0 
C:\Users\User\AppData\Local\Temp\ccON7OQp.s:1959   .text.CAN_WakeUp:0000000000000006 .L0 
C:\Users\User\AppData\Local\Temp\ccON7OQp.s:1960   .text.CAN_WakeUp:0000000000000006 .L0 
C:\Users\User\AppData\Local\Temp\ccON7OQp.s:1964   .text.CAN_WakeUp:0000000000000008 .L0 
C:\Users\User\AppData\Local\Temp\ccON7OQp.s:1965   .text.CAN_WakeUp:0000000000000008 .L0 
C:\Users\User\AppData\Local\Temp\ccON7OQp.s:1967   .text.CAN_WakeUp:000000000000000a .L0 
C:\Users\User\AppData\Local\Temp\ccON7OQp.s:1969   .text.CAN_WakeUp:000000000000000c .L0 
C:\Users\User\AppData\Local\Temp\ccON7OQp.s:1971   .text.CAN_WakeUp:000000000000000e .L0 
C:\Users\User\AppData\Local\Temp\ccON7OQp.s:1977   .text.CAN_WakeUp:0000000000000012 .L0 
C:\Users\User\AppData\Local\Temp\ccON7OQp.s:1978   .text.CAN_WakeUp:0000000000000012 .L0 
C:\Users\User\AppData\Local\Temp\ccON7OQp.s:1981   .text.CAN_WakeUp:0000000000000014 .L0 
C:\Users\User\AppData\Local\Temp\ccON7OQp.s:1982   .text.CAN_WakeUp:0000000000000014 .L0 
C:\Users\User\AppData\Local\Temp\ccON7OQp.s:1985   .text.CAN_WakeUp:0000000000000018 .L0 
C:\Users\User\AppData\Local\Temp\ccON7OQp.s:1988   .text.CAN_WakeUp:000000000000001e .L0 
C:\Users\User\AppData\Local\Temp\ccON7OQp.s:1995   .text.CAN_GetLastErrorCode:0000000000000000 CAN_GetLastErrorCode
C:\Users\User\AppData\Local\Temp\ccON7OQp.s:1998   .text.CAN_GetLastErrorCode:0000000000000000 .L0 
C:\Users\User\AppData\Local\Temp\ccON7OQp.s:2000   .text.CAN_GetLastErrorCode:0000000000000000 .L0 
C:\Users\User\AppData\Local\Temp\ccON7OQp.s:2001   .text.CAN_GetLastErrorCode:0000000000000000 .L0 
C:\Users\User\AppData\Local\Temp\ccON7OQp.s:2002   .text.CAN_GetLastErrorCode:0000000000000000 .L0 
C:\Users\User\AppData\Local\Temp\ccON7OQp.s:2003   .text.CAN_GetLastErrorCode:0000000000000000 $x
C:\Users\User\AppData\Local\Temp\ccON7OQp.s:2003   .text.CAN_GetLastErrorCode:0000000000000000 .L0 
C:\Users\User\AppData\Local\Temp\ccON7OQp.s:2006   .text.CAN_GetLastErrorCode:0000000000000002 .L0 
C:\Users\User\AppData\Local\Temp\ccON7OQp.s:2007   .text.CAN_GetLastErrorCode:0000000000000002 .L0 
C:\Users\User\AppData\Local\Temp\ccON7OQp.s:2010   .text.CAN_GetLastErrorCode:0000000000000008 .L0 
C:\Users\User\AppData\Local\Temp\ccON7OQp.s:2017   .text.CAN_GetReceiveErrorCounter:0000000000000000 CAN_GetReceiveErrorCounter
C:\Users\User\AppData\Local\Temp\ccON7OQp.s:2020   .text.CAN_GetReceiveErrorCounter:0000000000000000 .L0 
C:\Users\User\AppData\Local\Temp\ccON7OQp.s:2022   .text.CAN_GetReceiveErrorCounter:0000000000000000 .L0 
C:\Users\User\AppData\Local\Temp\ccON7OQp.s:2023   .text.CAN_GetReceiveErrorCounter:0000000000000000 .L0 
C:\Users\User\AppData\Local\Temp\ccON7OQp.s:2024   .text.CAN_GetReceiveErrorCounter:0000000000000000 .L0 
C:\Users\User\AppData\Local\Temp\ccON7OQp.s:2025   .text.CAN_GetReceiveErrorCounter:0000000000000000 $x
C:\Users\User\AppData\Local\Temp\ccON7OQp.s:2025   .text.CAN_GetReceiveErrorCounter:0000000000000000 .L0 
C:\Users\User\AppData\Local\Temp\ccON7OQp.s:2028   .text.CAN_GetReceiveErrorCounter:0000000000000002 .L0 
C:\Users\User\AppData\Local\Temp\ccON7OQp.s:2029   .text.CAN_GetReceiveErrorCounter:0000000000000002 .L0 
C:\Users\User\AppData\Local\Temp\ccON7OQp.s:2032   .text.CAN_GetReceiveErrorCounter:0000000000000006 .L0 
C:\Users\User\AppData\Local\Temp\ccON7OQp.s:2039   .text.CAN_GetLSBTransmitErrorCounter:0000000000000000 CAN_GetLSBTransmitErrorCounter
C:\Users\User\AppData\Local\Temp\ccON7OQp.s:2042   .text.CAN_GetLSBTransmitErrorCounter:0000000000000000 .L0 
C:\Users\User\AppData\Local\Temp\ccON7OQp.s:2044   .text.CAN_GetLSBTransmitErrorCounter:0000000000000000 .L0 
C:\Users\User\AppData\Local\Temp\ccON7OQp.s:2045   .text.CAN_GetLSBTransmitErrorCounter:0000000000000000 .L0 
C:\Users\User\AppData\Local\Temp\ccON7OQp.s:2046   .text.CAN_GetLSBTransmitErrorCounter:0000000000000000 .L0 
C:\Users\User\AppData\Local\Temp\ccON7OQp.s:2047   .text.CAN_GetLSBTransmitErrorCounter:0000000000000000 $x
C:\Users\User\AppData\Local\Temp\ccON7OQp.s:2047   .text.CAN_GetLSBTransmitErrorCounter:0000000000000000 .L0 
C:\Users\User\AppData\Local\Temp\ccON7OQp.s:2050   .text.CAN_GetLSBTransmitErrorCounter:0000000000000002 .L0 
C:\Users\User\AppData\Local\Temp\ccON7OQp.s:2051   .text.CAN_GetLSBTransmitErrorCounter:0000000000000002 .L0 
C:\Users\User\AppData\Local\Temp\ccON7OQp.s:2054   .text.CAN_GetLSBTransmitErrorCounter:0000000000000004 .L0 
C:\Users\User\AppData\Local\Temp\ccON7OQp.s:2056   .text.CAN_GetLSBTransmitErrorCounter:000000000000000a .L0 
C:\Users\User\AppData\Local\Temp\ccON7OQp.s:2063   .text.CAN_ITConfig:0000000000000000 CAN_ITConfig
C:\Users\User\AppData\Local\Temp\ccON7OQp.s:2066   .text.CAN_ITConfig:0000000000000000 .L0 
C:\Users\User\AppData\Local\Temp\ccON7OQp.s:2068   .text.CAN_ITConfig:0000000000000000 .L0 
C:\Users\User\AppData\Local\Temp\ccON7OQp.s:2069   .text.CAN_ITConfig:0000000000000000 .L0 
C:\Users\User\AppData\Local\Temp\ccON7OQp.s:2070   .text.CAN_ITConfig:0000000000000000 $x
C:\Users\User\AppData\Local\Temp\ccON7OQp.s:2070   .text.CAN_ITConfig:0000000000000000 .L0 
C:\Users\User\AppData\Local\Temp\ccON7OQp.s:2072   .text.CAN_ITConfig:0000000000000002 .L0 
C:\Users\User\AppData\Local\Temp\ccON7OQp.s:2074   .text.CAN_ITConfig:0000000000000004 .L0 
C:\Users\User\AppData\Local\Temp\ccON7OQp.s:2075   .text.CAN_ITConfig:0000000000000004 .L0 
C:\Users\User\AppData\Local\Temp\ccON7OQp.s:2080   .text.CAN_ITConfig:000000000000000a .L0 
C:\Users\User\AppData\Local\Temp\ccON7OQp.s:2081   .text.CAN_ITConfig:000000000000000a .L0 
C:\Users\User\AppData\Local\Temp\ccON7OQp.s:2085   .text.CAN_ITConfig:0000000000000010 .L0 
C:\Users\User\AppData\Local\Temp\ccON7OQp.s:2086   .text.CAN_ITConfig:0000000000000012 .L0 
C:\Users\User\AppData\Local\Temp\ccON7OQp.s:2093   .text.CAN_GetFlagStatus:0000000000000000 CAN_GetFlagStatus
C:\Users\User\AppData\Local\Temp\ccON7OQp.s:2096   .text.CAN_GetFlagStatus:0000000000000000 .L0 
C:\Users\User\AppData\Local\Temp\ccON7OQp.s:2098   .text.CAN_GetFlagStatus:0000000000000000 .L0 
C:\Users\User\AppData\Local\Temp\ccON7OQp.s:2099   .text.CAN_GetFlagStatus:0000000000000000 .L0 
C:\Users\User\AppData\Local\Temp\ccON7OQp.s:2100   .text.CAN_GetFlagStatus:0000000000000000 .L0 
C:\Users\User\AppData\Local\Temp\ccON7OQp.s:2101   .text.CAN_GetFlagStatus:0000000000000000 $x
C:\Users\User\AppData\Local\Temp\ccON7OQp.s:2101   .text.CAN_GetFlagStatus:0000000000000000 .L0 
C:\Users\User\AppData\Local\Temp\ccON7OQp.s:2104   .text.CAN_GetFlagStatus:0000000000000006 .L0 
C:\Users\User\AppData\Local\Temp\ccON7OQp.s:2106   .text.CAN_GetFlagStatus:0000000000000008 .L0 
C:\Users\User\AppData\Local\Temp\ccON7OQp.s:2107   .text.CAN_GetFlagStatus:0000000000000008 .L0 
C:\Users\User\AppData\Local\Temp\ccON7OQp.s:2111   .text.CAN_GetFlagStatus:000000000000000a .L0 
C:\Users\User\AppData\Local\Temp\ccON7OQp.s:2115   .text.CAN_GetFlagStatus:000000000000000e .L0 
C:\Users\User\AppData\Local\Temp\ccON7OQp.s:2118   .text.CAN_GetFlagStatus:0000000000000012 .L0 
C:\Users\User\AppData\Local\Temp\ccON7OQp.s:2119   .text.CAN_GetFlagStatus:0000000000000012 .L0 
C:\Users\User\AppData\Local\Temp\ccON7OQp.s:2123   .text.CAN_GetFlagStatus:0000000000000014 .L0 
C:\Users\User\AppData\Local\Temp\ccON7OQp.s:2124   .text.CAN_GetFlagStatus:0000000000000014 .L0 
C:\Users\User\AppData\Local\Temp\ccON7OQp.s:2127   .text.CAN_GetFlagStatus:000000000000001a .L0 
C:\Users\User\AppData\Local\Temp\ccON7OQp.s:2129   .text.CAN_GetFlagStatus:000000000000001c .L0 
C:\Users\User\AppData\Local\Temp\ccON7OQp.s:2130   .text.CAN_GetFlagStatus:000000000000001c .L0 
C:\Users\User\AppData\Local\Temp\ccON7OQp.s:2136   .text.CAN_GetFlagStatus:0000000000000020 .L0 
C:\Users\User\AppData\Local\Temp\ccON7OQp.s:2137   .text.CAN_GetFlagStatus:0000000000000020 .L0 
C:\Users\User\AppData\Local\Temp\ccON7OQp.s:2140   .text.CAN_GetFlagStatus:0000000000000026 .L0 
C:\Users\User\AppData\Local\Temp\ccON7OQp.s:2142   .text.CAN_GetFlagStatus:0000000000000028 .L0 
C:\Users\User\AppData\Local\Temp\ccON7OQp.s:2143   .text.CAN_GetFlagStatus:0000000000000028 .L0 
C:\Users\User\AppData\Local\Temp\ccON7OQp.s:2149   .text.CAN_GetFlagStatus:000000000000002c .L0 
C:\Users\User\AppData\Local\Temp\ccON7OQp.s:2150   .text.CAN_GetFlagStatus:000000000000002c .L0 
C:\Users\User\AppData\Local\Temp\ccON7OQp.s:2155   .text.CAN_GetFlagStatus:0000000000000038 .L0 
C:\Users\User\AppData\Local\Temp\ccON7OQp.s:2157   .text.CAN_GetFlagStatus:000000000000003a .L0 
C:\Users\User\AppData\Local\Temp\ccON7OQp.s:2158   .text.CAN_GetFlagStatus:000000000000003a .L0 
C:\Users\User\AppData\Local\Temp\ccON7OQp.s:2162   .text.CAN_GetFlagStatus:000000000000003c .L0 
C:\Users\User\AppData\Local\Temp\ccON7OQp.s:2168   .text.CAN_GetFlagStatus:0000000000000042 .L0 
C:\Users\User\AppData\Local\Temp\ccON7OQp.s:2169   .text.CAN_GetFlagStatus:0000000000000042 .L0 
C:\Users\User\AppData\Local\Temp\ccON7OQp.s:2172   .text.CAN_GetFlagStatus:0000000000000046 .L0 
C:\Users\User\AppData\Local\Temp\ccON7OQp.s:2179   .text.CAN_ClearFlag:0000000000000000 CAN_ClearFlag
C:\Users\User\AppData\Local\Temp\ccON7OQp.s:2182   .text.CAN_ClearFlag:0000000000000000 .L0 
C:\Users\User\AppData\Local\Temp\ccON7OQp.s:2184   .text.CAN_ClearFlag:0000000000000000 .L0 
C:\Users\User\AppData\Local\Temp\ccON7OQp.s:2185   .text.CAN_ClearFlag:0000000000000000 .L0 
C:\Users\User\AppData\Local\Temp\ccON7OQp.s:2186   .text.CAN_ClearFlag:0000000000000000 .L0 
C:\Users\User\AppData\Local\Temp\ccON7OQp.s:2187   .text.CAN_ClearFlag:0000000000000000 $x
C:\Users\User\AppData\Local\Temp\ccON7OQp.s:2187   .text.CAN_ClearFlag:0000000000000000 .L0 
C:\Users\User\AppData\Local\Temp\ccON7OQp.s:2191   .text.CAN_ClearFlag:000000000000000c .L0 
C:\Users\User\AppData\Local\Temp\ccON7OQp.s:2192   .text.CAN_ClearFlag:000000000000000c .L0 
C:\Users\User\AppData\Local\Temp\ccON7OQp.s:2196   .text.CAN_ClearFlag:0000000000000012 .L0 
C:\Users\User\AppData\Local\Temp\ccON7OQp.s:2197   .text.CAN_ClearFlag:0000000000000012 .L0 
C:\Users\User\AppData\Local\Temp\ccON7OQp.s:2199   .text.CAN_ClearFlag:0000000000000016 .L0 
C:\Users\User\AppData\Local\Temp\ccON7OQp.s:2201   .text.CAN_ClearFlag:000000000000001a .L0 
C:\Users\User\AppData\Local\Temp\ccON7OQp.s:2203   .text.CAN_ClearFlag:000000000000001c .L0 
C:\Users\User\AppData\Local\Temp\ccON7OQp.s:2206   .text.CAN_ClearFlag:000000000000001e .L0 
C:\Users\User\AppData\Local\Temp\ccON7OQp.s:2207   .text.CAN_ClearFlag:000000000000001e .L0 
C:\Users\User\AppData\Local\Temp\ccON7OQp.s:2209   .text.CAN_ClearFlag:0000000000000020 .L0 
C:\Users\User\AppData\Local\Temp\ccON7OQp.s:2210   .text.CAN_ClearFlag:0000000000000020 .L0 
C:\Users\User\AppData\Local\Temp\ccON7OQp.s:2214   .text.CAN_ClearFlag:0000000000000024 .L0 
C:\Users\User\AppData\Local\Temp\ccON7OQp.s:2215   .text.CAN_ClearFlag:0000000000000024 .L0 
C:\Users\User\AppData\Local\Temp\ccON7OQp.s:2218   .text.CAN_ClearFlag:000000000000002a .L0 
C:\Users\User\AppData\Local\Temp\ccON7OQp.s:2220   .text.CAN_ClearFlag:000000000000002c .L0 
C:\Users\User\AppData\Local\Temp\ccON7OQp.s:2221   .text.CAN_ClearFlag:000000000000002c .L0 
C:\Users\User\AppData\Local\Temp\ccON7OQp.s:2225   .text.CAN_ClearFlag:0000000000000030 .L0 
C:\Users\User\AppData\Local\Temp\ccON7OQp.s:2226   .text.CAN_ClearFlag:0000000000000030 .L0 
C:\Users\User\AppData\Local\Temp\ccON7OQp.s:2230   .text.CAN_ClearFlag:0000000000000036 .L0 
C:\Users\User\AppData\Local\Temp\ccON7OQp.s:2232   .text.CAN_ClearFlag:0000000000000038 .L0 
C:\Users\User\AppData\Local\Temp\ccON7OQp.s:2233   .text.CAN_ClearFlag:0000000000000038 .L0 
C:\Users\User\AppData\Local\Temp\ccON7OQp.s:2237   .text.CAN_ClearFlag:000000000000003c .L0 
C:\Users\User\AppData\Local\Temp\ccON7OQp.s:2238   .text.CAN_ClearFlag:000000000000003c .L0 
C:\Users\User\AppData\Local\Temp\ccON7OQp.s:2240   .text.CAN_ClearFlag:000000000000003e .L0 
C:\Users\User\AppData\Local\Temp\ccON7OQp.s:2241   .text.CAN_ClearFlag:0000000000000040 .L0 
C:\Users\User\AppData\Local\Temp\ccON7OQp.s:2248   .text.CAN_GetITStatus:0000000000000000 CAN_GetITStatus
C:\Users\User\AppData\Local\Temp\ccON7OQp.s:2251   .text.CAN_GetITStatus:0000000000000000 .L0 
C:\Users\User\AppData\Local\Temp\ccON7OQp.s:2253   .text.CAN_GetITStatus:0000000000000000 .L0 
C:\Users\User\AppData\Local\Temp\ccON7OQp.s:2254   .text.CAN_GetITStatus:0000000000000000 .L0 
C:\Users\User\AppData\Local\Temp\ccON7OQp.s:2255   .text.CAN_GetITStatus:0000000000000000 .L0 
C:\Users\User\AppData\Local\Temp\ccON7OQp.s:2256   .text.CAN_GetITStatus:0000000000000000 $x
C:\Users\User\AppData\Local\Temp\ccON7OQp.s:2256   .text.CAN_GetITStatus:0000000000000000 .L0 
C:\Users\User\AppData\Local\Temp\ccON7OQp.s:2258   .text.CAN_GetITStatus:0000000000000002 .L0 
C:\Users\User\AppData\Local\Temp\ccON7OQp.s:2260   .text.CAN_GetITStatus:0000000000000004 .L0 
C:\Users\User\AppData\Local\Temp\ccON7OQp.s:2263   .text.CAN_GetITStatus:0000000000000008 .L0 
C:\Users\User\AppData\Local\Temp\ccON7OQp.s:2265   .text.CAN_GetITStatus:000000000000000a .L0 
C:\Users\User\AppData\Local\Temp\ccON7OQp.s:2281   .text.CAN_GetITStatus:0000000000000032 .L0 
C:\Users\User\AppData\Local\Temp\ccON7OQp.s:2287   .text.CAN_GetITStatus:0000000000000036 .L0 
C:\Users\User\AppData\Local\Temp\ccON7OQp.s:2294   .text.CAN_GetITStatus:000000000000004c .L0 
C:\Users\User\AppData\Local\Temp\ccON7OQp.s:2295   .text.CAN_GetITStatus:000000000000004c .L0 
C:\Users\User\AppData\Local\Temp\ccON7OQp.s:2299   .text.CAN_GetITStatus:0000000000000050 .L0 
C:\Users\User\AppData\Local\Temp\ccON7OQp.s:2309   .text.CAN_GetITStatus:0000000000000072 .L0 
C:\Users\User\AppData\Local\Temp\ccON7OQp.s:2310   .text.CAN_GetITStatus:0000000000000072 .L0 
C:\Users\User\AppData\Local\Temp\ccON7OQp.s:2315   .text.CAN_GetITStatus:0000000000000074 .L0 
C:\Users\User\AppData\Local\Temp\ccON7OQp.s:2316   .text.CAN_GetITStatus:0000000000000074 .L0 
C:\Users\User\AppData\Local\Temp\ccON7OQp.s:2317   .text.CAN_GetITStatus:0000000000000074 .L0 
C:\Users\User\AppData\Local\Temp\ccON7OQp.s:2325   .text.CAN_GetITStatus:000000000000007a .L0 
C:\Users\User\AppData\Local\Temp\ccON7OQp.s:2330   .text.CAN_GetITStatus:0000000000000088 .L0 
C:\Users\User\AppData\Local\Temp\ccON7OQp.s:2331   .text.CAN_GetITStatus:0000000000000088 .L0 
C:\Users\User\AppData\Local\Temp\ccON7OQp.s:2335   .text.CAN_GetITStatus:000000000000008c .L0 
C:\Users\User\AppData\Local\Temp\ccON7OQp.s:2336   .text.CAN_GetITStatus:000000000000008c .L0 
C:\Users\User\AppData\Local\Temp\ccON7OQp.s:2341   .text.CAN_GetITStatus:000000000000008e .L0 
C:\Users\User\AppData\Local\Temp\ccON7OQp.s:2342   .text.CAN_GetITStatus:000000000000008e .L0 
C:\Users\User\AppData\Local\Temp\ccON7OQp.s:2343   .text.CAN_GetITStatus:000000000000008e .L0 
C:\Users\User\AppData\Local\Temp\ccON7OQp.s:2353   .text.CAN_GetITStatus:0000000000000096 .L0 
C:\Users\User\AppData\Local\Temp\ccON7OQp.s:2359   .text.CAN_GetITStatus:000000000000009c .L0 
C:\Users\User\AppData\Local\Temp\ccON7OQp.s:2360   .text.CAN_GetITStatus:000000000000009c .L0 
C:\Users\User\AppData\Local\Temp\ccON7OQp.s:2365   .text.CAN_GetITStatus:000000000000009e .L0 
C:\Users\User\AppData\Local\Temp\ccON7OQp.s:2371   .text.CAN_GetITStatus:000000000000009e .L0 
C:\Users\User\AppData\Local\Temp\ccON7OQp.s:2372   .text.CAN_GetITStatus:000000000000009e .L0 
C:\Users\User\AppData\Local\Temp\ccON7OQp.s:2373   .text.CAN_GetITStatus:000000000000009e .L0 
C:\Users\User\AppData\Local\Temp\ccON7OQp.s:2374   .text.CAN_GetITStatus:000000000000009e .L0 
C:\Users\User\AppData\Local\Temp\ccON7OQp.s:2382   .text.CAN_GetITStatus:00000000000000a2 .L0 
C:\Users\User\AppData\Local\Temp\ccON7OQp.s:2383   .text.CAN_GetITStatus:00000000000000a2 .L0 
C:\Users\User\AppData\Local\Temp\ccON7OQp.s:2388   .text.CAN_GetITStatus:00000000000000a4 .L0 
C:\Users\User\AppData\Local\Temp\ccON7OQp.s:2394   .text.CAN_GetITStatus:00000000000000a4 .L0 
C:\Users\User\AppData\Local\Temp\ccON7OQp.s:2395   .text.CAN_GetITStatus:00000000000000a4 .L0 
C:\Users\User\AppData\Local\Temp\ccON7OQp.s:2396   .text.CAN_GetITStatus:00000000000000a4 .L0 
C:\Users\User\AppData\Local\Temp\ccON7OQp.s:2397   .text.CAN_GetITStatus:00000000000000a4 .L0 
C:\Users\User\AppData\Local\Temp\ccON7OQp.s:2405   .text.CAN_GetITStatus:00000000000000aa .L0 
C:\Users\User\AppData\Local\Temp\ccON7OQp.s:2406   .text.CAN_GetITStatus:00000000000000aa .L0 
C:\Users\User\AppData\Local\Temp\ccON7OQp.s:2411   .text.CAN_GetITStatus:00000000000000ac .L0 
C:\Users\User\AppData\Local\Temp\ccON7OQp.s:2417   .text.CAN_GetITStatus:00000000000000ac .L0 
C:\Users\User\AppData\Local\Temp\ccON7OQp.s:2418   .text.CAN_GetITStatus:00000000000000ac .L0 
C:\Users\User\AppData\Local\Temp\ccON7OQp.s:2419   .text.CAN_GetITStatus:00000000000000ac .L0 
C:\Users\User\AppData\Local\Temp\ccON7OQp.s:2420   .text.CAN_GetITStatus:00000000000000ac .L0 
C:\Users\User\AppData\Local\Temp\ccON7OQp.s:2428   .text.CAN_GetITStatus:00000000000000b2 .L0 
C:\Users\User\AppData\Local\Temp\ccON7OQp.s:2429   .text.CAN_GetITStatus:00000000000000b2 .L0 
C:\Users\User\AppData\Local\Temp\ccON7OQp.s:2434   .text.CAN_GetITStatus:00000000000000b4 .L0 
C:\Users\User\AppData\Local\Temp\ccON7OQp.s:2435   .text.CAN_GetITStatus:00000000000000b4 .L0 
C:\Users\User\AppData\Local\Temp\ccON7OQp.s:2441   .text.CAN_GetITStatus:00000000000000b6 .L0 
C:\Users\User\AppData\Local\Temp\ccON7OQp.s:2442   .text.CAN_GetITStatus:00000000000000b6 .L0 
C:\Users\User\AppData\Local\Temp\ccON7OQp.s:2447   .text.CAN_GetITStatus:00000000000000b8 .L0 
C:\Users\User\AppData\Local\Temp\ccON7OQp.s:2448   .text.CAN_GetITStatus:00000000000000b8 .L0 
C:\Users\User\AppData\Local\Temp\ccON7OQp.s:2454   .text.CAN_GetITStatus:00000000000000ba .L0 
C:\Users\User\AppData\Local\Temp\ccON7OQp.s:2455   .text.CAN_GetITStatus:00000000000000ba .L0 
C:\Users\User\AppData\Local\Temp\ccON7OQp.s:2459   .text.CAN_GetITStatus:00000000000000be .L0 
C:\Users\User\AppData\Local\Temp\ccON7OQp.s:2460   .text.CAN_GetITStatus:00000000000000be .L0 
C:\Users\User\AppData\Local\Temp\ccON7OQp.s:2465   .text.CAN_GetITStatus:00000000000000c0 .L0 
C:\Users\User\AppData\Local\Temp\ccON7OQp.s:2466   .text.CAN_GetITStatus:00000000000000c0 .L0 
C:\Users\User\AppData\Local\Temp\ccON7OQp.s:2467   .text.CAN_GetITStatus:00000000000000c0 .L0 
C:\Users\User\AppData\Local\Temp\ccON7OQp.s:2475   .text.CAN_GetITStatus:00000000000000c4 .L0 
C:\Users\User\AppData\Local\Temp\ccON7OQp.s:2476   .text.CAN_GetITStatus:00000000000000c4 .L0 
C:\Users\User\AppData\Local\Temp\ccON7OQp.s:2481   .text.CAN_GetITStatus:00000000000000c6 .L0 
C:\Users\User\AppData\Local\Temp\ccON7OQp.s:2487   .text.CAN_GetITStatus:00000000000000c6 .L0 
C:\Users\User\AppData\Local\Temp\ccON7OQp.s:2488   .text.CAN_GetITStatus:00000000000000c6 .L0 
C:\Users\User\AppData\Local\Temp\ccON7OQp.s:2489   .text.CAN_GetITStatus:00000000000000c6 .L0 
C:\Users\User\AppData\Local\Temp\ccON7OQp.s:2490   .text.CAN_GetITStatus:00000000000000c6 .L0 
C:\Users\User\AppData\Local\Temp\ccON7OQp.s:2496   .text.CAN_GetITStatus:00000000000000ca .L0 
C:\Users\User\AppData\Local\Temp\ccON7OQp.s:2497   .text.CAN_GetITStatus:00000000000000ca .L0 
C:\Users\User\AppData\Local\Temp\ccON7OQp.s:2501   .text.CAN_GetITStatus:00000000000000cc .L0 
C:\Users\User\AppData\Local\Temp\ccON7OQp.s:2502   .text.CAN_GetITStatus:00000000000000cc .L0 
C:\Users\User\AppData\Local\Temp\ccON7OQp.s:2507   .text.CAN_GetITStatus:00000000000000ce .L0 
C:\Users\User\AppData\Local\Temp\ccON7OQp.s:2508   .text.CAN_GetITStatus:00000000000000ce .L0 
C:\Users\User\AppData\Local\Temp\ccON7OQp.s:2509   .text.CAN_GetITStatus:00000000000000ce .L0 
C:\Users\User\AppData\Local\Temp\ccON7OQp.s:2517   .text.CAN_GetITStatus:00000000000000d4 .L0 
C:\Users\User\AppData\Local\Temp\ccON7OQp.s:2518   .text.CAN_GetITStatus:00000000000000d4 .L0 
C:\Users\User\AppData\Local\Temp\ccON7OQp.s:2520   .text.CAN_GetITStatus:00000000000000d8 .L0 
C:\Users\User\AppData\Local\Temp\ccON7OQp.s:2527   .text.CAN_ClearITPendingBit:0000000000000000 CAN_ClearITPendingBit
C:\Users\User\AppData\Local\Temp\ccON7OQp.s:2530   .text.CAN_ClearITPendingBit:0000000000000000 .L0 
C:\Users\User\AppData\Local\Temp\ccON7OQp.s:2532   .text.CAN_ClearITPendingBit:0000000000000000 .L0 
C:\Users\User\AppData\Local\Temp\ccON7OQp.s:2533   .text.CAN_ClearITPendingBit:0000000000000000 $x
C:\Users\User\AppData\Local\Temp\ccON7OQp.s:2533   .text.CAN_ClearITPendingBit:0000000000000000 .L0 
C:\Users\User\AppData\Local\Temp\ccON7OQp.s:2569   .text.CAN_ClearITPendingBit:000000000000006a .L0 
C:\Users\User\AppData\Local\Temp\ccON7OQp.s:2570   .text.CAN_ClearITPendingBit:000000000000006a .L0 
C:\Users\User\AppData\Local\Temp\ccON7OQp.s:2574   .text.CAN_ClearITPendingBit:0000000000000072 .L0 
C:\Users\User\AppData\Local\Temp\ccON7OQp.s:2577   .text.CAN_ClearITPendingBit:0000000000000074 .L0 
C:\Users\User\AppData\Local\Temp\ccON7OQp.s:2578   .text.CAN_ClearITPendingBit:0000000000000074 .L0 
C:\Users\User\AppData\Local\Temp\ccON7OQp.s:2581   .text.CAN_ClearITPendingBit:0000000000000076 .L0 
C:\Users\User\AppData\Local\Temp\ccON7OQp.s:2583   .text.CAN_ClearITPendingBit:0000000000000078 .L0 
C:\Users\User\AppData\Local\Temp\ccON7OQp.s:2586   .text.CAN_ClearITPendingBit:000000000000007a .L0 
C:\Users\User\AppData\Local\Temp\ccON7OQp.s:2587   .text.CAN_ClearITPendingBit:000000000000007a .L0 
C:\Users\User\AppData\Local\Temp\ccON7OQp.s:2591   .text.CAN_ClearITPendingBit:000000000000007e .L0 
C:\Users\User\AppData\Local\Temp\ccON7OQp.s:2592   .text.CAN_ClearITPendingBit:000000000000007e .L0 
C:\Users\User\AppData\Local\Temp\ccON7OQp.s:2595   .text.CAN_ClearITPendingBit:0000000000000080 .L0 
C:\Users\User\AppData\Local\Temp\ccON7OQp.s:2597   .text.CAN_ClearITPendingBit:0000000000000082 .L0 
C:\Users\User\AppData\Local\Temp\ccON7OQp.s:2600   .text.CAN_ClearITPendingBit:0000000000000084 .L0 
C:\Users\User\AppData\Local\Temp\ccON7OQp.s:2601   .text.CAN_ClearITPendingBit:0000000000000084 .L0 
C:\Users\User\AppData\Local\Temp\ccON7OQp.s:2605   .text.CAN_ClearITPendingBit:0000000000000088 .L0 
C:\Users\User\AppData\Local\Temp\ccON7OQp.s:2606   .text.CAN_ClearITPendingBit:0000000000000088 .L0 
C:\Users\User\AppData\Local\Temp\ccON7OQp.s:2609   .text.CAN_ClearITPendingBit:000000000000008a .L0 
C:\Users\User\AppData\Local\Temp\ccON7OQp.s:2611   .text.CAN_ClearITPendingBit:000000000000008c .L0 
C:\Users\User\AppData\Local\Temp\ccON7OQp.s:2612   .text.CAN_ClearITPendingBit:000000000000008c .L0 
C:\Users\User\AppData\Local\Temp\ccON7OQp.s:2615   .text.CAN_ClearITPendingBit:000000000000008e .L0 
C:\Users\User\AppData\Local\Temp\ccON7OQp.s:2616   .text.CAN_ClearITPendingBit:000000000000008e .L0 
C:\Users\User\AppData\Local\Temp\ccON7OQp.s:2620   .text.CAN_ClearITPendingBit:0000000000000092 .L0 
C:\Users\User\AppData\Local\Temp\ccON7OQp.s:2621   .text.CAN_ClearITPendingBit:0000000000000092 .L0 
C:\Users\User\AppData\Local\Temp\ccON7OQp.s:2624   .text.CAN_ClearITPendingBit:0000000000000096 .L0 
C:\Users\User\AppData\Local\Temp\ccON7OQp.s:2625   .text.CAN_ClearITPendingBit:0000000000000096 .L0 
C:\Users\User\AppData\Local\Temp\ccON7OQp.s:2627   .text.CAN_ClearITPendingBit:000000000000009a .L0 
C:\Users\User\AppData\Local\Temp\ccON7OQp.s:2634   .text.CAN_BusOff_ErrCntConfig:0000000000000000 CAN_BusOff_ErrCntConfig
C:\Users\User\AppData\Local\Temp\ccON7OQp.s:2637   .text.CAN_BusOff_ErrCntConfig:0000000000000000 .L0 
C:\Users\User\AppData\Local\Temp\ccON7OQp.s:2639   .text.CAN_BusOff_ErrCntConfig:0000000000000000 .L0 
C:\Users\User\AppData\Local\Temp\ccON7OQp.s:2640   .text.CAN_BusOff_ErrCntConfig:0000000000000000 .L0 
C:\Users\User\AppData\Local\Temp\ccON7OQp.s:2641   .text.CAN_BusOff_ErrCntConfig:0000000000000000 $x
C:\Users\User\AppData\Local\Temp\ccON7OQp.s:2641   .text.CAN_BusOff_ErrCntConfig:0000000000000000 .L0 
C:\Users\User\AppData\Local\Temp\ccON7OQp.s:2643   .text.CAN_BusOff_ErrCntConfig:0000000000000002 .L0 
C:\Users\User\AppData\Local\Temp\ccON7OQp.s:2646   .text.CAN_BusOff_ErrCntConfig:0000000000000008 .L0 
C:\Users\User\AppData\Local\Temp\ccON7OQp.s:2647   .text.CAN_BusOff_ErrCntConfig:0000000000000008 .L0 
C:\Users\User\AppData\Local\Temp\ccON7OQp.s:2649   .text.CAN_BusOff_ErrCntConfig:000000000000000a .L0 
C:\Users\User\AppData\Local\Temp\ccON7OQp.s:2653   .text.CAN_BusOff_ErrCntConfig:000000000000000e .L0 
C:\Users\User\AppData\Local\Temp\ccON7OQp.s:2654   .text.CAN_BusOff_ErrCntConfig:0000000000000010 .L0 
C:\Users\User\AppData\Local\Temp\ccON7OQp.s:6860   .debug_line_str:00000000000000a5 .L0 
C:\Users\User\AppData\Local\Temp\ccON7OQp.s:6860   .debug_line_str:00000000000000f7 .L0 
C:\Users\User\AppData\Local\Temp\ccON7OQp.s:6860   .debug_line_str:000000000000013b .L0 
C:\Users\User\AppData\Local\Temp\ccON7OQp.s:6860   .debug_line_str:00000000000001c5 .L0 
C:\Users\User\AppData\Local\Temp\ccON7OQp.s:6860   .debug_line_str:000000000000024b .L0 
C:\Users\User\AppData\Local\Temp\ccON7OQp.s:6860   .debug_line_str:0000000000000285 .L0 
C:\Users\User\AppData\Local\Temp\ccON7OQp.s:6860   .debug_line_str:00000000000002c9 .L0 
C:\Users\User\AppData\Local\Temp\ccON7OQp.s:6860   .debug_line_str:000000000000031c .L0 
C:\Users\User\AppData\Local\Temp\ccON7OQp.s:6860   .debug_line_str:000000000000032b .L0 
C:\Users\User\AppData\Local\Temp\ccON7OQp.s:6860   .debug_line_str:000000000000033a .L0 
C:\Users\User\AppData\Local\Temp\ccON7OQp.s:6860   .debug_line_str:000000000000034b .L0 
C:\Users\User\AppData\Local\Temp\ccON7OQp.s:6860   .debug_line_str:0000000000000355 .L0 
C:\Users\User\AppData\Local\Temp\ccON7OQp.s:6860   .debug_line_str:0000000000000362 .L0 
C:\Users\User\AppData\Local\Temp\ccON7OQp.s:6860   .debug_line_str:000000000000036d .L0 
C:\Users\User\AppData\Local\Temp\ccON7OQp.s:6860   .debug_line_str:000000000000037c .L0 
C:\Users\User\AppData\Local\Temp\ccON7OQp.s:6860   .debug_line_str:000000000000038e .L0 
C:\Users\User\AppData\Local\Temp\ccON7OQp.s:6860   .debug_line_str:00000000000003a0 .L0 
C:\Users\User\AppData\Local\Temp\ccON7OQp.s:85     .text.CAN_DeInit:000000000000007c .L0 
C:\Users\User\AppData\Local\Temp\ccON7OQp.s:775    .text.CAN_Init:0000000000000358 .L0 
C:\Users\User\AppData\Local\Temp\ccON7OQp.s:1059   .text.CAN_FilterInit:0000000000000178 .L0 
C:\Users\User\AppData\Local\Temp\ccON7OQp.s:1103   .text.CAN_StructInit:0000000000000024 .L0 
C:\Users\User\AppData\Local\Temp\ccON7OQp.s:1156   .text.CAN_SlaveStartBank:0000000000000034 .L0 
C:\Users\User\AppData\Local\Temp\ccON7OQp.s:1186   .text.CAN_DBGFreeze:0000000000000012 .L0 
C:\Users\User\AppData\Local\Temp\ccON7OQp.s:1258   .text.CAN_TTComModeCmd:000000000000004a .L0 
C:\Users\User\AppData\Local\Temp\ccON7OQp.s:1421   .text.CAN_Transmit:00000000000000b0 .L0 
C:\Users\User\AppData\Local\Temp\ccON7OQp.s:1514   .text.CAN_TransmitStatus:0000000000000062 .L0 
C:\Users\User\AppData\Local\Temp\ccON7OQp.s:1558   .text.CAN_CancelTransmit:0000000000000028 .L0 
C:\Users\User\AppData\Local\Temp\ccON7OQp.s:1685   .text.CAN_Receive:0000000000000074 .L0 
C:\Users\User\AppData\Local\Temp\ccON7OQp.s:1716   .text.CAN_FIFORelease:0000000000000016 .L0 
C:\Users\User\AppData\Local\Temp\ccON7OQp.s:1760   .text.CAN_MessagePending:0000000000000016 .L0 
C:\Users\User\AppData\Local\Temp\ccON7OQp.s:1907   .text.CAN_OperatingModeRequest:0000000000000072 .L0 
C:\Users\User\AppData\Local\Temp\ccON7OQp.s:1941   .text.CAN_Sleep:0000000000000016 .L0 
C:\Users\User\AppData\Local\Temp\ccON7OQp.s:1991   .text.CAN_WakeUp:000000000000001e .L0 
C:\Users\User\AppData\Local\Temp\ccON7OQp.s:2013   .text.CAN_GetLastErrorCode:0000000000000008 .L0 
C:\Users\User\AppData\Local\Temp\ccON7OQp.s:2035   .text.CAN_GetReceiveErrorCounter:0000000000000006 .L0 
C:\Users\User\AppData\Local\Temp\ccON7OQp.s:2059   .text.CAN_GetLSBTransmitErrorCounter:000000000000000a .L0 
C:\Users\User\AppData\Local\Temp\ccON7OQp.s:2089   .text.CAN_ITConfig:0000000000000012 .L0 
C:\Users\User\AppData\Local\Temp\ccON7OQp.s:2175   .text.CAN_GetFlagStatus:0000000000000046 .L0 
C:\Users\User\AppData\Local\Temp\ccON7OQp.s:2244   .text.CAN_ClearFlag:0000000000000040 .L0 
C:\Users\User\AppData\Local\Temp\ccON7OQp.s:2523   .text.CAN_GetITStatus:00000000000000d8 .L0 
C:\Users\User\AppData\Local\Temp\ccON7OQp.s:2630   .text.CAN_ClearITPendingBit:000000000000009a .L0 
C:\Users\User\AppData\Local\Temp\ccON7OQp.s:2657   .text.CAN_BusOff_ErrCntConfig:0000000000000010 .L0 
                     .debug_frame:0000000000000000 .L0 
C:\Users\User\AppData\Local\Temp\ccON7OQp.s:48     .text.CAN_DeInit:0000000000000038 .L2
C:\Users\User\AppData\Local\Temp\ccON7OQp.s:66     .text.CAN_DeInit:000000000000005a .L4
C:\Users\User\AppData\Local\Temp\ccON7OQp.s:37     .text.CAN_DeInit:0000000000000028 .L6
C:\Users\User\AppData\Local\Temp\ccON7OQp.s:41     .text.CAN_DeInit:0000000000000030 .L1
C:\Users\User\AppData\Local\Temp\ccON7OQp.s:459    .text.CAN_Init:00000000000001f2 .L8
C:\Users\User\AppData\Local\Temp\ccON7OQp.s:187    .text.CAN_Init:0000000000000066 .L9
C:\Users\User\AppData\Local\Temp\ccON7OQp.s:165    .text.CAN_Init:0000000000000056 .L12
C:\Users\User\AppData\Local\Temp\ccON7OQp.s:152    .text.CAN_Init:000000000000004c .L13
C:\Users\User\AppData\Local\Temp\ccON7OQp.s:227    .text.CAN_Init:00000000000000a6 .L14
C:\Users\User\AppData\Local\Temp\ccON7OQp.s:207    .text.CAN_Init:0000000000000086 .L11
C:\Users\User\AppData\Local\Temp\ccON7OQp.s:132    .text.CAN_Init:000000000000003a .L66
C:\Users\User\AppData\Local\Temp\ccON7OQp.s:135    .text.CAN_Init:000000000000003c .L10
C:\Users\User\AppData\Local\Temp\ccON7OQp.s:249    .text.CAN_Init:00000000000000c6 .L16
C:\Users\User\AppData\Local\Temp\ccON7OQp.s:289    .text.CAN_Init:00000000000000f2 .L17
C:\Users\User\AppData\Local\Temp\ccON7OQp.s:276    .text.CAN_Init:00000000000000e8 .L18
C:\Users\User\AppData\Local\Temp\ccON7OQp.s:174    .text.CAN_Init:000000000000005c .L19
C:\Users\User\AppData\Local\Temp\ccON7OQp.s:643    .text.CAN_Init:00000000000002ae .L20
C:\Users\User\AppData\Local\Temp\ccON7OQp.s:378    .text.CAN_Init:0000000000000186 .L21
C:\Users\User\AppData\Local\Temp\ccON7OQp.s:489    .text.CAN_Init:000000000000020c .L27
C:\Users\User\AppData\Local\Temp\ccON7OQp.s:476    .text.CAN_Init:0000000000000202 .L28
C:\Users\User\AppData\Local\Temp\ccON7OQp.s:730    .text.CAN_Init:000000000000032e .L29
C:\Users\User\AppData\Local\Temp\ccON7OQp.s:737    .text.CAN_Init:0000000000000336 .L31
C:\Users\User\AppData\Local\Temp\ccON7OQp.s:744    .text.CAN_Init:000000000000033e .L33
C:\Users\User\AppData\Local\Temp\ccON7OQp.s:751    .text.CAN_Init:0000000000000346 .L35
C:\Users\User\AppData\Local\Temp\ccON7OQp.s:758    .text.CAN_Init:000000000000034c .L37
C:\Users\User\AppData\Local\Temp\ccON7OQp.s:765    .text.CAN_Init:0000000000000352 .L39
C:\Users\User\AppData\Local\Temp\ccON7OQp.s:636    .text.CAN_Init:00000000000002a4 .L41
C:\Users\User\AppData\Local\Temp\ccON7OQp.s:623    .text.CAN_Init:000000000000029a .L42
C:\Users\User\AppData\Local\Temp\ccON7OQp.s:177    .text.CAN_Init:000000000000005e .L15
C:\Users\User\AppData\Local\Temp\ccON7OQp.s:692    .text.CAN_Init:00000000000002fa .L23
C:\Users\User\AppData\Local\Temp\ccON7OQp.s:407    .text.CAN_Init:00000000000001aa .L22
C:\Users\User\AppData\Local\Temp\ccON7OQp.s:664    .text.CAN_Init:00000000000002d6 .L26
C:\Users\User\AppData\Local\Temp\ccON7OQp.s:404    .text.CAN_Init:00000000000001a8 .L67
C:\Users\User\AppData\Local\Temp\ccON7OQp.s:703    .text.CAN_Init:000000000000030a .L25
C:\Users\User\AppData\Local\Temp\ccON7OQp.s:507    .text.CAN_Init:0000000000000222 .L68
C:\Users\User\AppData\Local\Temp\ccON7OQp.s:521    .text.CAN_Init:0000000000000232 .L69
C:\Users\User\AppData\Local\Temp\ccON7OQp.s:535    .text.CAN_Init:0000000000000242 .L70
C:\Users\User\AppData\Local\Temp\ccON7OQp.s:549    .text.CAN_Init:0000000000000252 .L71
C:\Users\User\AppData\Local\Temp\ccON7OQp.s:563    .text.CAN_Init:0000000000000262 .L72
C:\Users\User\AppData\Local\Temp\ccON7OQp.s:577    .text.CAN_Init:0000000000000272 .L73
C:\Users\User\AppData\Local\Temp\ccON7OQp.s:891    .text.CAN_FilterInit:0000000000000094 .L75
C:\Users\User\AppData\Local\Temp\ccON7OQp.s:910    .text.CAN_FilterInit:00000000000000ae .L77
C:\Users\User\AppData\Local\Temp\ccON7OQp.s:966    .text.CAN_FilterInit:00000000000000f4 .L79
C:\Users\User\AppData\Local\Temp\ccON7OQp.s:942    .text.CAN_FilterInit:00000000000000d6 .L80
C:\Users\User\AppData\Local\Temp\ccON7OQp.s:987    .text.CAN_FilterInit:0000000000000112 .L81
C:\Users\User\AppData\Local\Temp\ccON7OQp.s:1046   .text.CAN_FilterInit:000000000000016c .L112
C:\Users\User\AppData\Local\Temp\ccON7OQp.s:994    .text.CAN_FilterInit:000000000000011e .L116
C:\Users\User\AppData\Local\Temp\ccON7OQp.s:811    .text.CAN_FilterInit:0000000000000028 .L76
C:\Users\User\AppData\Local\Temp\ccON7OQp.s:849    .text.CAN_FilterInit:000000000000005c .L78
C:\Users\User\AppData\Local\Temp\ccON7OQp.s:844    .text.CAN_FilterInit:0000000000000056 .L114
C:\Users\User\AppData\Local\Temp\ccON7OQp.s:1021   .text.CAN_FilterInit:0000000000000146 .L84
C:\Users\User\AppData\Local\Temp\ccON7OQp.s:1051   .text.CAN_FilterInit:0000000000000172 .L111
C:\Users\User\AppData\Local\Temp\ccON7OQp.s:1028   .text.CAN_FilterInit:0000000000000152 .L119
C:\Users\User\AppData\Local\Temp\ccON7OQp.s:980    .text.CAN_FilterInit:000000000000010a .L86
C:\Users\User\AppData\Local\Temp\ccON7OQp.s:873    .text.CAN_FilterInit:000000000000007c .L125
C:\Users\User\AppData\Local\Temp\ccON7OQp.s:948    .text.CAN_FilterInit:00000000000000dc .L127
C:\Users\User\AppData\Local\Temp\ccON7OQp.s:1010   .text.CAN_FilterInit:0000000000000136 .L93
C:\Users\User\AppData\Local\Temp\ccON7OQp.s:1001   .text.CAN_FilterInit:0000000000000128 .L92
C:\Users\User\AppData\Local\Temp\ccON7OQp.s:1035   .text.CAN_FilterInit:000000000000015c .L94
C:\Users\User\AppData\Local\Temp\ccON7OQp.s:1178   .text.CAN_DBGFreeze:000000000000000c .L131
C:\Users\User\AppData\Local\Temp\ccON7OQp.s:1173   .text.CAN_DBGFreeze:0000000000000008 .L133
C:\Users\User\AppData\Local\Temp\ccON7OQp.s:1230   .text.CAN_TTComModeCmd:0000000000000028 .L135
C:\Users\User\AppData\Local\Temp\ccON7OQp.s:1224   .text.CAN_TTComModeCmd:0000000000000024 .L137
C:\Users\User\AppData\Local\Temp\ccON7OQp.s:1392   .text.CAN_Transmit:0000000000000096 .L143
C:\Users\User\AppData\Local\Temp\ccON7OQp.s:1398   .text.CAN_Transmit:000000000000009a .L144
C:\Users\User\AppData\Local\Temp\ccON7OQp.s:1387   .text.CAN_Transmit:0000000000000094 .L140
C:\Users\User\AppData\Local\Temp\ccON7OQp.s:1404   .text.CAN_Transmit:000000000000009e .L141
C:\Users\User\AppData\Local\Temp\ccON7OQp.s:1301   .text.CAN_Transmit:0000000000000024 .L139
C:\Users\User\AppData\Local\Temp\ccON7OQp.s:1330   .text.CAN_Transmit:0000000000000046 .L146
C:\Users\User\AppData\Local\Temp\ccON7OQp.s:1459   .text.CAN_TransmitStatus:0000000000000024 .L148
C:\Users\User\AppData\Local\Temp\ccON7OQp.s:1485   .text.CAN_TransmitStatus:0000000000000042 .L149
C:\Users\User\AppData\Local\Temp\ccON7OQp.s:1480   .text.CAN_TransmitStatus:0000000000000040 .L150
C:\Users\User\AppData\Local\Temp\ccON7OQp.s:1501   .text.CAN_TransmitStatus:0000000000000054 .L151
C:\Users\User\AppData\Local\Temp\ccON7OQp.s:1507   .text.CAN_TransmitStatus:000000000000005e .L152
C:\Users\User\AppData\Local\Temp\ccON7OQp.s:1477   .text.CAN_TransmitStatus:000000000000003c .L155
C:\Users\User\AppData\Local\Temp\ccON7OQp.s:1541   .text.CAN_CancelTransmit:0000000000000018 .L157
C:\Users\User\AppData\Local\Temp\ccON7OQp.s:1548   .text.CAN_CancelTransmit:0000000000000020 .L158
C:\Users\User\AppData\Local\Temp\ccON7OQp.s:1538   .text.CAN_CancelTransmit:0000000000000016 .L156
C:\Users\User\AppData\Local\Temp\ccON7OQp.s:1534   .text.CAN_CancelTransmit:0000000000000014 .L160
C:\Users\User\AppData\Local\Temp\ccON7OQp.s:1664   .text.CAN_Receive:0000000000000060 .L162
C:\Users\User\AppData\Local\Temp\ccON7OQp.s:1673   .text.CAN_Receive:000000000000006a .L164
C:\Users\User\AppData\Local\Temp\ccON7OQp.s:1586   .text.CAN_Receive:0000000000000018 .L163
C:\Users\User\AppData\Local\Temp\ccON7OQp.s:1704   .text.CAN_FIFORelease:000000000000000c .L167
C:\Users\User\AppData\Local\Temp\ccON7OQp.s:1744   .text.CAN_MessagePending:000000000000000a .L170
C:\Users\User\AppData\Local\Temp\ccON7OQp.s:1739   .text.CAN_MessagePending:0000000000000008 .L171
C:\Users\User\AppData\Local\Temp\ccON7OQp.s:1735   .text.CAN_MessagePending:0000000000000006 .L173
C:\Users\User\AppData\Local\Temp\ccON7OQp.s:1822   .text.CAN_OperatingModeRequest:000000000000002a .L175
C:\Users\User\AppData\Local\Temp\ccON7OQp.s:1803   .text.CAN_OperatingModeRequest:000000000000001e .L176
C:\Users\User\AppData\Local\Temp\ccON7OQp.s:1790   .text.CAN_OperatingModeRequest:0000000000000012 .L177
C:\Users\User\AppData\Local\Temp\ccON7OQp.s:1859   .text.CAN_OperatingModeRequest:0000000000000048 .L179
C:\Users\User\AppData\Local\Temp\ccON7OQp.s:1850   .text.CAN_OperatingModeRequest:0000000000000042 .L180
C:\Users\User\AppData\Local\Temp\ccON7OQp.s:1837   .text.CAN_OperatingModeRequest:0000000000000038 .L181
C:\Users\User\AppData\Local\Temp\ccON7OQp.s:1813   .text.CAN_OperatingModeRequest:0000000000000024 .L191
C:\Users\User\AppData\Local\Temp\ccON7OQp.s:1816   .text.CAN_OperatingModeRequest:0000000000000028 .L178
C:\Users\User\AppData\Local\Temp\ccON7OQp.s:1895   .text.CAN_OperatingModeRequest:000000000000006a .L182
C:\Users\User\AppData\Local\Temp\ccON7OQp.s:1882   .text.CAN_OperatingModeRequest:000000000000005e .L183
C:\Users\User\AppData\Local\Temp\ccON7OQp.s:1975   .text.CAN_WakeUp:0000000000000012 .L194
C:\Users\User\AppData\Local\Temp\ccON7OQp.s:1962   .text.CAN_WakeUp:0000000000000008 .L195
C:\Users\User\AppData\Local\Temp\ccON7OQp.s:2078   .text.CAN_ITConfig:000000000000000a .L204
C:\Users\User\AppData\Local\Temp\ccON7OQp.s:2121   .text.CAN_GetFlagStatus:0000000000000014 .L207
C:\Users\User\AppData\Local\Temp\ccON7OQp.s:2134   .text.CAN_GetFlagStatus:0000000000000020 .L209
C:\Users\User\AppData\Local\Temp\ccON7OQp.s:2109   .text.CAN_GetFlagStatus:000000000000000a .L214
C:\Users\User\AppData\Local\Temp\ccON7OQp.s:2147   .text.CAN_GetFlagStatus:000000000000002c .L210
C:\Users\User\AppData\Local\Temp\ccON7OQp.s:2166   .text.CAN_GetFlagStatus:0000000000000042 .L211
C:\Users\User\AppData\Local\Temp\ccON7OQp.s:2113   .text.CAN_GetFlagStatus:000000000000000e .L212
C:\Users\User\AppData\Local\Temp\ccON7OQp.s:2160   .text.CAN_GetFlagStatus:000000000000003c .L213
C:\Users\User\AppData\Local\Temp\ccON7OQp.s:2194   .text.CAN_ClearFlag:0000000000000012 .L216
C:\Users\User\AppData\Local\Temp\ccON7OQp.s:2212   .text.CAN_ClearFlag:0000000000000024 .L218
C:\Users\User\AppData\Local\Temp\ccON7OQp.s:2223   .text.CAN_ClearFlag:0000000000000030 .L219
C:\Users\User\AppData\Local\Temp\ccON7OQp.s:2235   .text.CAN_ClearFlag:000000000000003c .L220
C:\Users\User\AppData\Local\Temp\ccON7OQp.s:2495   .text.CAN_GetITStatus:00000000000000ca .L221
C:\Users\User\AppData\Local\Temp\ccON7OQp.s:2457   .text.CAN_GetITStatus:00000000000000be .L223
C:\Users\User\AppData\Local\Temp\ccON7OQp.s:2297   .text.CAN_GetITStatus:0000000000000050 .L224
C:\Users\User\AppData\Local\Temp\ccON7OQp.s:2401   .text.CAN_GetITStatus:00000000000000aa .L225
C:\Users\User\AppData\Local\Temp\ccON7OQp.s:2283   .text.CAN_GetITStatus:0000000000000036 .L226
C:\Users\User\AppData\Local\Temp\ccON7OQp.s:2355   .text.CAN_GetITStatus:000000000000009c .L227
C:\Users\User\AppData\Local\Temp\ccON7OQp.s:2378   .text.CAN_GetITStatus:00000000000000a2 .L228
C:\Users\User\AppData\Local\Temp\ccON7OQp.s:2333   .text.CAN_GetITStatus:000000000000008c .L229
C:\Users\User\AppData\Local\Temp\ccON7OQp.s:2424   .text.CAN_GetITStatus:00000000000000b2 .L230
C:\Users\User\AppData\Local\Temp\ccON7OQp.s:2437   .text.CAN_GetITStatus:00000000000000b6 .L231
C:\Users\User\AppData\Local\Temp\ccON7OQp.s:2277   .text.CAN_GetITStatus:0000000000000032 .L246
C:\Users\User\AppData\Local\Temp\ccON7OQp.s:2366   .text.CAN_GetITStatus:000000000000009e .L250
C:\Users\User\AppData\Local\Temp\ccON7OQp.s:2513   .text.CAN_GetITStatus:00000000000000d4 .L233
C:\Users\User\AppData\Local\Temp\ccON7OQp.s:2321   .text.CAN_GetITStatus:000000000000007a .L234
C:\Users\User\AppData\Local\Temp\ccON7OQp.s:2471   .text.CAN_GetITStatus:00000000000000c4 .L235
C:\Users\User\AppData\Local\Temp\ccON7OQp.s:2499   .text.CAN_GetITStatus:00000000000000cc .L236
C:\Users\User\AppData\Local\Temp\ccON7OQp.s:2450   .text.CAN_GetITStatus:00000000000000ba .L238
C:\Users\User\AppData\Local\Temp\ccON7OQp.s:2412   .text.CAN_GetITStatus:00000000000000ac .L249
C:\Users\User\AppData\Local\Temp\ccON7OQp.s:2347   .text.CAN_GetITStatus:0000000000000096 .L247
C:\Users\User\AppData\Local\Temp\ccON7OQp.s:2389   .text.CAN_GetITStatus:00000000000000a4 .L248
C:\Users\User\AppData\Local\Temp\ccON7OQp.s:2482   .text.CAN_GetITStatus:00000000000000c6 .L245
C:\Users\User\AppData\Local\Temp\ccON7OQp.s:2622   .text.CAN_ClearITPendingBit:0000000000000096 .L269
C:\Users\User\AppData\Local\Temp\ccON7OQp.s:2552   .text.CAN_ClearITPendingBit:000000000000003e .L253
C:\Users\User\AppData\Local\Temp\ccON7OQp.s:2589   .text.CAN_ClearITPendingBit:000000000000007e .L254
C:\Users\User\AppData\Local\Temp\ccON7OQp.s:2546   .text.CAN_ClearITPendingBit:000000000000002c .L255
C:\Users\User\AppData\Local\Temp\ccON7OQp.s:2575   .text.CAN_ClearITPendingBit:0000000000000074 .L256
C:\Users\User\AppData\Local\Temp\ccON7OQp.s:2584   .text.CAN_ClearITPendingBit:000000000000007a .L257
C:\Users\User\AppData\Local\Temp\ccON7OQp.s:2567   .text.CAN_ClearITPendingBit:000000000000006a .L258
C:\Users\User\AppData\Local\Temp\ccON7OQp.s:2598   .text.CAN_ClearITPendingBit:0000000000000084 .L260
C:\Users\User\AppData\Local\Temp\ccON7OQp.s:2618   .text.CAN_ClearITPendingBit:0000000000000092 .L262
C:\Users\User\AppData\Local\Temp\ccON7OQp.s:2561   .text.CAN_ClearITPendingBit:000000000000005a .L263
C:\Users\User\AppData\Local\Temp\ccON7OQp.s:2603   .text.CAN_ClearITPendingBit:0000000000000088 .L266
C:\Users\User\AppData\Local\Temp\ccON7OQp.s:2613   .text.CAN_ClearITPendingBit:000000000000008e .L267
C:\Users\User\AppData\Local\Temp\ccON7OQp.s:2579   .text.CAN_ClearITPendingBit:0000000000000076 .L268
C:\Users\User\AppData\Local\Temp\ccON7OQp.s:2593   .text.CAN_ClearITPendingBit:0000000000000080 .L271
C:\Users\User\AppData\Local\Temp\ccON7OQp.s:2607   .text.CAN_ClearITPendingBit:000000000000008a .L270
C:\Users\User\AppData\Local\Temp\ccON7OQp.s:4403   .debug_abbrev:0000000000000000 .Ldebug_abbrev0
C:\Users\User\AppData\Local\Temp\ccON7OQp.s:6619   .debug_str:0000000000000190 .LASF146
C:\Users\User\AppData\Local\Temp\ccON7OQp.s:6856   .debug_line_str:0000000000000000 .LASF0
C:\Users\User\AppData\Local\Temp\ccON7OQp.s:6858   .debug_line_str:0000000000000053 .LASF1
C:\Users\User\AppData\Local\Temp\ccON7OQp.s:6472   .debug_rnglists:0000000000000032 .LLRL71
C:\Users\User\AppData\Local\Temp\ccON7OQp.s:6551   .debug_line:0000000000000000 .Ldebug_line0
C:\Users\User\AppData\Local\Temp\ccON7OQp.s:6653   .debug_str:0000000000000342 .LASF2
C:\Users\User\AppData\Local\Temp\ccON7OQp.s:6601   .debug_str:000000000000010e .LASF3
C:\Users\User\AppData\Local\Temp\ccON7OQp.s:6565   .debug_str:000000000000003d .LASF6
C:\Users\User\AppData\Local\Temp\ccON7OQp.s:6743   .debug_str:000000000000058e .LASF4
C:\Users\User\AppData\Local\Temp\ccON7OQp.s:6629   .debug_str:00000000000002a8 .LASF5
C:\Users\User\AppData\Local\Temp\ccON7OQp.s:6789   .debug_str:00000000000006ba .LASF7
C:\Users\User\AppData\Local\Temp\ccON7OQp.s:6673   .debug_str:00000000000003d4 .LASF8
C:\Users\User\AppData\Local\Temp\ccON7OQp.s:6617   .debug_str:0000000000000187 .LASF9
C:\Users\User\AppData\Local\Temp\ccON7OQp.s:6639   .debug_str:00000000000002f0 .LASF10
C:\Users\User\AppData\Local\Temp\ccON7OQp.s:6665   .debug_str:00000000000003a7 .LASF11
C:\Users\User\AppData\Local\Temp\ccON7OQp.s:6599   .debug_str:0000000000000100 .LASF12
C:\Users\User\AppData\Local\Temp\ccON7OQp.s:6633   .debug_str:00000000000002bb .LASF13
C:\Users\User\AppData\Local\Temp\ccON7OQp.s:6831   .debug_str:00000000000007a5 .LASF14
C:\Users\User\AppData\Local\Temp\ccON7OQp.s:6631   .debug_str:00000000000002b2 .LASF15
C:\Users\User\AppData\Local\Temp\ccON7OQp.s:6853   .debug_str:0000000000000813 .LASF16
C:\Users\User\AppData\Local\Temp\ccON7OQp.s:6577   .debug_str:0000000000000083 .LASF17
C:\Users\User\AppData\Local\Temp\ccON7OQp.s:6623   .debug_str:000000000000028b .LASF18
C:\Users\User\AppData\Local\Temp\ccON7OQp.s:6709   .debug_str:00000000000004be .LASF19
C:\Users\User\AppData\Local\Temp\ccON7OQp.s:6735   .debug_str:0000000000000560 .LASF20
C:\Users\User\AppData\Local\Temp\ccON7OQp.s:6563   .debug_str:0000000000000032 .LASF21
C:\Users\User\AppData\Local\Temp\ccON7OQp.s:6651   .debug_str:0000000000000339 .LASF22
C:\Users\User\AppData\Local\Temp\ccON7OQp.s:6655   .debug_str:000000000000034f .LASF147
C:\Users\User\AppData\Local\Temp\ccON7OQp.s:6677   .debug_str:00000000000003f7 .LASF23
C:\Users\User\AppData\Local\Temp\ccON7OQp.s:6841   .debug_str:00000000000007dc .LASF24
C:\Users\User\AppData\Local\Temp\ccON7OQp.s:6827   .debug_str:0000000000000789 .LASF25
C:\Users\User\AppData\Local\Temp\ccON7OQp.s:6703   .debug_str:000000000000049d .LASF26
C:\Users\User\AppData\Local\Temp\ccON7OQp.s:6621   .debug_str:0000000000000275 .LASF27
C:\Users\User\AppData\Local\Temp\ccON7OQp.s:6597   .debug_str:00000000000000fa .LASF28
C:\Users\User\AppData\Local\Temp\ccON7OQp.s:6759   .debug_str:00000000000005fd .LASF29
C:\Users\User\AppData\Local\Temp\ccON7OQp.s:6843   .debug_str:00000000000007e3 .LASF30
C:\Users\User\AppData\Local\Temp\ccON7OQp.s:6587   .debug_str:00000000000000c9 .LASF31
C:\Users\User\AppData\Local\Temp\ccON7OQp.s:6693   .debug_str:0000000000000454 .LASF32
C:\Users\User\AppData\Local\Temp\ccON7OQp.s:6681   .debug_str:0000000000000406 .LASF33
C:\Users\User\AppData\Local\Temp\ccON7OQp.s:6571   .debug_str:0000000000000062 .LASF34
C:\Users\User\AppData\Local\Temp\ccON7OQp.s:6801   .debug_str:00000000000006fa .LASF35
C:\Users\User\AppData\Local\Temp\ccON7OQp.s:6717   .debug_str:00000000000004f8 .LASF36
C:\Users\User\AppData\Local\Temp\ccON7OQp.s:6773   .debug_str:0000000000000658 .LASF37
C:\Users\User\AppData\Local\Temp\ccON7OQp.s:6775   .debug_str:000000000000065f .LASF38
C:\Users\User\AppData\Local\Temp\ccON7OQp.s:6751   .debug_str:00000000000005cc .LASF39
C:\Users\User\AppData\Local\Temp\ccON7OQp.s:6561   .debug_str:000000000000002c .LASF40
C:\Users\User\AppData\Local\Temp\ccON7OQp.s:6739   .debug_str:0000000000000577 .LASF41
C:\Users\User\AppData\Local\Temp\ccON7OQp.s:6719   .debug_str:00000000000004ff .LASF42
C:\Users\User\AppData\Local\Temp\ccON7OQp.s:6649   .debug_str:0000000000000333 .LASF43
C:\Users\User\AppData\Local\Temp\ccON7OQp.s:6663   .debug_str:000000000000039e .LASF44
C:\Users\User\AppData\Local\Temp\ccON7OQp.s:6729   .debug_str:0000000000000537 .LASF45
C:\Users\User\AppData\Local\Temp\ccON7OQp.s:6771   .debug_str:000000000000064d .LASF46
C:\Users\User\AppData\Local\Temp\ccON7OQp.s:6837   .debug_str:00000000000007b9 .LASF47
C:\Users\User\AppData\Local\Temp\ccON7OQp.s:6731   .debug_str:0000000000000541 .LASF48
C:\Users\User\AppData\Local\Temp\ccON7OQp.s:6559   .debug_str:0000000000000026 .LASF49
C:\Users\User\AppData\Local\Temp\ccON7OQp.s:6595   .debug_str:00000000000000f3 .LASF50
C:\Users\User\AppData\Local\Temp\ccON7OQp.s:6713   .debug_str:00000000000004e6 .LASF51
C:\Users\User\AppData\Local\Temp\ccON7OQp.s:6835   .debug_str:00000000000007b2 .LASF52
C:\Users\User\AppData\Local\Temp\ccON7OQp.s:6641   .debug_str:00000000000002fb .LASF53
C:\Users\User\AppData\Local\Temp\ccON7OQp.s:6613   .debug_str:0000000000000169 .LASF54
C:\Users\User\AppData\Local\Temp\ccON7OQp.s:6555   .debug_str:000000000000000b .LASF55
C:\Users\User\AppData\Local\Temp\ccON7OQp.s:6679   .debug_str:00000000000003fd .LASF56
C:\Users\User\AppData\Local\Temp\ccON7OQp.s:6765   .debug_str:000000000000061a .LASF57
C:\Users\User\AppData\Local\Temp\ccON7OQp.s:6685   .debug_str:0000000000000427 .LASF58
C:\Users\User\AppData\Local\Temp\ccON7OQp.s:6569   .debug_str:0000000000000056 .LASF59
C:\Users\User\AppData\Local\Temp\ccON7OQp.s:6783   .debug_str:0000000000000694 .LASF60
C:\Users\User\AppData\Local\Temp\ccON7OQp.s:6727   .debug_str:0000000000000529 .LASF61
C:\Users\User\AppData\Local\Temp\ccON7OQp.s:6611   .debug_str:0000000000000160 .LASF62
C:\Users\User\AppData\Local\Temp\ccON7OQp.s:6811   .debug_str:000000000000072e .LASF63
C:\Users\User\AppData\Local\Temp\ccON7OQp.s:6591   .debug_str:00000000000000e3 .LASF64
C:\Users\User\AppData\Local\Temp\ccON7OQp.s:6593   .debug_str:00000000000000eb .LASF65
C:\Users\User\AppData\Local\Temp\ccON7OQp.s:6825   .debug_str:0000000000000780 .LASF66
C:\Users\User\AppData\Local\Temp\ccON7OQp.s:6795   .debug_str:00000000000006d6 .LASF67
C:\Users\User\AppData\Local\Temp\ccON7OQp.s:6793   .debug_str:00000000000006cd .LASF68
C:\Users\User\AppData\Local\Temp\ccON7OQp.s:6847   .debug_str:00000000000007f9 .LASF69
C:\Users\User\AppData\Local\Temp\ccON7OQp.s:6799   .debug_str:00000000000006f1 .LASF70
C:\Users\User\AppData\Local\Temp\ccON7OQp.s:6821   .debug_str:0000000000000766 .LASF71
C:\Users\User\AppData\Local\Temp\ccON7OQp.s:6777   .debug_str:0000000000000666 .LASF72
C:\Users\User\AppData\Local\Temp\ccON7OQp.s:6757   .debug_str:00000000000005ec .LASF73
C:\Users\User\AppData\Local\Temp\ccON7OQp.s:6723   .debug_str:0000000000000510 .LASF74
C:\Users\User\AppData\Local\Temp\ccON7OQp.s:6733   .debug_str:000000000000054b .LASF75
C:\Users\User\AppData\Local\Temp\ccON7OQp.s:6603   .debug_str:000000000000011a .LASF76
C:\Users\User\AppData\Local\Temp\ccON7OQp.s:6769   .debug_str:0000000000000634 .LASF77
C:\Users\User\AppData\Local\Temp\ccON7OQp.s:6707   .debug_str:00000000000004ad .LASF78
C:\Users\User\AppData\Local\Temp\ccON7OQp.s:6785   .debug_str:0000000000000699 .LASF79
C:\Users\User\AppData\Local\Temp\ccON7OQp.s:6781   .debug_str:0000000000000684 .LASF80
C:\Users\User\AppData\Local\Temp\ccON7OQp.s:6829   .debug_str:0000000000000790 .LASF81
C:\Users\User\AppData\Local\Temp\ccON7OQp.s:6701   .debug_str:0000000000000487 .LASF82
C:\Users\User\AppData\Local\Temp\ccON7OQp.s:6715   .debug_str:00000000000004f2 .LASF83
C:\Users\User\AppData\Local\Temp\ccON7OQp.s:6683   .debug_str:0000000000000421 .LASF84
C:\Users\User\AppData\Local\Temp\ccON7OQp.s:6833   .debug_str:00000000000007ad .LASF85
C:\Users\User\AppData\Local\Temp\ccON7OQp.s:6585   .debug_str:00000000000000c0 .LASF86
C:\Users\User\AppData\Local\Temp\ccON7OQp.s:6671   .debug_str:00000000000003cb .LASF87
C:\Users\User\AppData\Local\Temp\ccON7OQp.s:6741   .debug_str:000000000000057d .LASF148
C:\Users\User\AppData\Local\Temp\ccON7OQp.s:6615   .debug_str:0000000000000171 .LASF149
C:\Users\User\AppData\Local\Temp\ccON7OQp.s:6711   .debug_str:00000000000004ce .LASF92
C:\Users\User\AppData\Local\Temp\ccON7OQp.s:2635   .text.CAN_BusOff_ErrCntConfig:0000000000000000 .LFB65
C:\Users\User\AppData\Local\Temp\ccON7OQp.s:2655   .text.CAN_BusOff_ErrCntConfig:0000000000000010 .LFE65
C:\Users\User\AppData\Local\Temp\ccON7OQp.s:6803   .debug_str:0000000000000700 .LASF88
C:\Users\User\AppData\Local\Temp\ccON7OQp.s:6763   .debug_str:000000000000060c .LASF89
C:\Users\User\AppData\Local\Temp\ccON7OQp.s:5137   .debug_loclists:000000000000000c .LLST70
C:\Users\User\AppData\Local\Temp\ccON7OQp.s:6815   .debug_str:000000000000073b .LASF150
C:\Users\User\AppData\Local\Temp\ccON7OQp.s:6761   .debug_str:0000000000000604 .LASF90
C:\Users\User\AppData\Local\Temp\ccON7OQp.s:6699   .debug_str:0000000000000480 .LASF91
C:\Users\User\AppData\Local\Temp\ccON7OQp.s:6755   .debug_str:00000000000005db .LASF151
C:\Users\User\AppData\Local\Temp\ccON7OQp.s:6819   .debug_str:0000000000000750 .LASF93
C:\Users\User\AppData\Local\Temp\ccON7OQp.s:2528   .text.CAN_ClearITPendingBit:0000000000000000 .LFB63
C:\Users\User\AppData\Local\Temp\ccON7OQp.s:2628   .text.CAN_ClearITPendingBit:000000000000009a .LFE63
C:\Users\User\AppData\Local\Temp\ccON7OQp.s:6689   .debug_str:0000000000000444 .LASF94
C:\Users\User\AppData\Local\Temp\ccON7OQp.s:6573   .debug_str:0000000000000067 .LASF99
C:\Users\User\AppData\Local\Temp\ccON7OQp.s:2249   .text.CAN_GetITStatus:0000000000000000 .LFB62
C:\Users\User\AppData\Local\Temp\ccON7OQp.s:2521   .text.CAN_GetITStatus:00000000000000d8 .LFE62
C:\Users\User\AppData\Local\Temp\ccON7OQp.s:5152   .debug_loclists:0000000000000026 .LLST36
C:\Users\User\AppData\Local\Temp\ccON7OQp.s:6705   .debug_str:00000000000004a4 .LASF97
C:\Users\User\AppData\Local\Temp\ccON7OQp.s:5164   .debug_loclists:000000000000003d .LLST37
C:\Users\User\AppData\Local\Temp\ccON7OQp.s:2278   .text.CAN_GetITStatus:0000000000000032 .LBB30
C:\Users\User\AppData\Local\Temp\ccON7OQp.s:6456   .debug_rnglists:000000000000000c .LLRL38
C:\Users\User\AppData\Local\Temp\ccON7OQp.s:2312   .text.CAN_GetITStatus:0000000000000074 .LBB33
C:\Users\User\AppData\Local\Temp\ccON7OQp.s:2323   .text.CAN_GetITStatus:000000000000007a .LBE33
C:\Users\User\AppData\Local\Temp\ccON7OQp.s:5178   .debug_loclists:0000000000000056 .LLST39
C:\Users\User\AppData\Local\Temp\ccON7OQp.s:5186   .debug_loclists:0000000000000063 .LLST40
C:\Users\User\AppData\Local\Temp\ccON7OQp.s:5193   .debug_loclists:000000000000006f .LLST41
C:\Users\User\AppData\Local\Temp\ccON7OQp.s:2338   .text.CAN_GetITStatus:000000000000008e .LBB35
C:\Users\User\AppData\Local\Temp\ccON7OQp.s:2349   .text.CAN_GetITStatus:0000000000000096 .LBE35
C:\Users\User\AppData\Local\Temp\ccON7OQp.s:5201   .debug_loclists:000000000000007c .LLST42
C:\Users\User\AppData\Local\Temp\ccON7OQp.s:5210   .debug_loclists:000000000000008d .LLST43
C:\Users\User\AppData\Local\Temp\ccON7OQp.s:5217   .debug_loclists:0000000000000099 .LLST44
C:\Users\User\AppData\Local\Temp\ccON7OQp.s:2350   .text.CAN_GetITStatus:0000000000000096 .LBB37
C:\Users\User\AppData\Local\Temp\ccON7OQp.s:6464   .debug_rnglists:000000000000001f .LLRL45
C:\Users\User\AppData\Local\Temp\ccON7OQp.s:5225   .debug_loclists:00000000000000a6 .LLST46
C:\Users\User\AppData\Local\Temp\ccON7OQp.s:5234   .debug_loclists:00000000000000b4 .LLST47
C:\Users\User\AppData\Local\Temp\ccON7OQp.s:5241   .debug_loclists:00000000000000c0 .LLST48
C:\Users\User\AppData\Local\Temp\ccON7OQp.s:2369   .text.CAN_GetITStatus:000000000000009e .LBB41
C:\Users\User\AppData\Local\Temp\ccON7OQp.s:2380   .text.CAN_GetITStatus:00000000000000a2 .LBE41
C:\Users\User\AppData\Local\Temp\ccON7OQp.s:5249   .debug_loclists:00000000000000cd .LLST49
C:\Users\User\AppData\Local\Temp\ccON7OQp.s:5257   .debug_loclists:00000000000000da .LLST50
C:\Users\User\AppData\Local\Temp\ccON7OQp.s:5264   .debug_loclists:00000000000000e6 .LLST51
C:\Users\User\AppData\Local\Temp\ccON7OQp.s:2385   .text.CAN_GetITStatus:00000000000000a4 .LBB43
C:\Users\User\AppData\Local\Temp\ccON7OQp.s:2391   .text.CAN_GetITStatus:00000000000000a4 .LBE43
C:\Users\User\AppData\Local\Temp\ccON7OQp.s:2392   .text.CAN_GetITStatus:00000000000000a4 .LBB45
C:\Users\User\AppData\Local\Temp\ccON7OQp.s:2403   .text.CAN_GetITStatus:00000000000000aa .LBE45
C:\Users\User\AppData\Local\Temp\ccON7OQp.s:5272   .debug_loclists:00000000000000f3 .LLST52
C:\Users\User\AppData\Local\Temp\ccON7OQp.s:5280   .debug_loclists:0000000000000100 .LLST53
C:\Users\User\AppData\Local\Temp\ccON7OQp.s:5287   .debug_loclists:000000000000010c .LLST54
C:\Users\User\AppData\Local\Temp\ccON7OQp.s:2408   .text.CAN_GetITStatus:00000000000000ac .LBB47
C:\Users\User\AppData\Local\Temp\ccON7OQp.s:2414   .text.CAN_GetITStatus:00000000000000ac .LBE47
C:\Users\User\AppData\Local\Temp\ccON7OQp.s:2415   .text.CAN_GetITStatus:00000000000000ac .LBB49
C:\Users\User\AppData\Local\Temp\ccON7OQp.s:2426   .text.CAN_GetITStatus:00000000000000b2 .LBE49
C:\Users\User\AppData\Local\Temp\ccON7OQp.s:5295   .debug_loclists:0000000000000119 .LLST55
C:\Users\User\AppData\Local\Temp\ccON7OQp.s:5303   .debug_loclists:0000000000000126 .LLST56
C:\Users\User\AppData\Local\Temp\ccON7OQp.s:5310   .debug_loclists:0000000000000132 .LLST57
C:\Users\User\AppData\Local\Temp\ccON7OQp.s:2431   .text.CAN_GetITStatus:00000000000000b4 .LBB51
C:\Users\User\AppData\Local\Temp\ccON7OQp.s:2439   .text.CAN_GetITStatus:00000000000000b6 .LBE51
C:\Users\User\AppData\Local\Temp\ccON7OQp.s:5318   .debug_loclists:000000000000013f .LLST58
C:\Users\User\AppData\Local\Temp\ccON7OQp.s:5326   .debug_loclists:000000000000014c .LLST59
C:\Users\User\AppData\Local\Temp\ccON7OQp.s:5333   .debug_loclists:0000000000000158 .LLST60
C:\Users\User\AppData\Local\Temp\ccON7OQp.s:2444   .text.CAN_GetITStatus:00000000000000b8 .LBB53
C:\Users\User\AppData\Local\Temp\ccON7OQp.s:2452   .text.CAN_GetITStatus:00000000000000ba .LBE53
C:\Users\User\AppData\Local\Temp\ccON7OQp.s:5341   .debug_loclists:0000000000000165 .LLST61
C:\Users\User\AppData\Local\Temp\ccON7OQp.s:5349   .debug_loclists:0000000000000172 .LLST62
C:\Users\User\AppData\Local\Temp\ccON7OQp.s:5356   .debug_loclists:000000000000017e .LLST63
C:\Users\User\AppData\Local\Temp\ccON7OQp.s:2462   .text.CAN_GetITStatus:00000000000000c0 .LBB55
C:\Users\User\AppData\Local\Temp\ccON7OQp.s:2473   .text.CAN_GetITStatus:00000000000000c4 .LBE55
C:\Users\User\AppData\Local\Temp\ccON7OQp.s:5364   .debug_loclists:000000000000018b .LLST64
C:\Users\User\AppData\Local\Temp\ccON7OQp.s:5372   .debug_loclists:0000000000000198 .LLST65
C:\Users\User\AppData\Local\Temp\ccON7OQp.s:5379   .debug_loclists:00000000000001a4 .LLST66
C:\Users\User\AppData\Local\Temp\ccON7OQp.s:2478   .text.CAN_GetITStatus:00000000000000c6 .LBB57
C:\Users\User\AppData\Local\Temp\ccON7OQp.s:2484   .text.CAN_GetITStatus:00000000000000c6 .LBE57
C:\Users\User\AppData\Local\Temp\ccON7OQp.s:2485   .text.CAN_GetITStatus:00000000000000c6 .LBB59
C:\Users\User\AppData\Local\Temp\ccON7OQp.s:2493   .text.CAN_GetITStatus:00000000000000ca .LBE59
C:\Users\User\AppData\Local\Temp\ccON7OQp.s:5387   .debug_loclists:00000000000001b1 .LLST67
C:\Users\User\AppData\Local\Temp\ccON7OQp.s:5395   .debug_loclists:00000000000001be .LLST68
C:\Users\User\AppData\Local\Temp\ccON7OQp.s:5402   .debug_loclists:00000000000001ca .LLST69
C:\Users\User\AppData\Local\Temp\ccON7OQp.s:6557   .debug_str:0000000000000018 .LASF95
C:\Users\User\AppData\Local\Temp\ccON7OQp.s:2180   .text.CAN_ClearFlag:0000000000000000 .LFB61
C:\Users\User\AppData\Local\Temp\ccON7OQp.s:2242   .text.CAN_ClearFlag:0000000000000040 .LFE61
C:\Users\User\AppData\Local\Temp\ccON7OQp.s:6725   .debug_str:0000000000000520 .LASF96
C:\Users\User\AppData\Local\Temp\ccON7OQp.s:5410   .debug_loclists:00000000000001d7 .LLST34
C:\Users\User\AppData\Local\Temp\ccON7OQp.s:6791   .debug_str:00000000000006c5 .LASF98
C:\Users\User\AppData\Local\Temp\ccON7OQp.s:5425   .debug_loclists:00000000000001f1 .LLST35
C:\Users\User\AppData\Local\Temp\ccON7OQp.s:6797   .debug_str:00000000000006df .LASF100
C:\Users\User\AppData\Local\Temp\ccON7OQp.s:2094   .text.CAN_GetFlagStatus:0000000000000000 .LFB60
C:\Users\User\AppData\Local\Temp\ccON7OQp.s:2173   .text.CAN_GetFlagStatus:0000000000000046 .LFE60
C:\Users\User\AppData\Local\Temp\ccON7OQp.s:5438   .debug_loclists:0000000000000209 .LLST32
C:\Users\User\AppData\Local\Temp\ccON7OQp.s:6645   .debug_str:000000000000031a .LASF101
C:\Users\User\AppData\Local\Temp\ccON7OQp.s:5505   .debug_loclists:0000000000000287 .LLST33
C:\Users\User\AppData\Local\Temp\ccON7OQp.s:6609   .debug_str:0000000000000153 .LASF102
C:\Users\User\AppData\Local\Temp\ccON7OQp.s:2064   .text.CAN_ITConfig:0000000000000000 .LFB59
C:\Users\User\AppData\Local\Temp\ccON7OQp.s:2087   .text.CAN_ITConfig:0000000000000012 .LFE59
C:\Users\User\AppData\Local\Temp\ccON7OQp.s:5524   .debug_loclists:00000000000002ab .LLST31
C:\Users\User\AppData\Local\Temp\ccON7OQp.s:6635   .debug_str:00000000000002d2 .LASF103
C:\Users\User\AppData\Local\Temp\ccON7OQp.s:6605   .debug_str:000000000000012e .LASF104
C:\Users\User\AppData\Local\Temp\ccON7OQp.s:2040   .text.CAN_GetLSBTransmitErrorCounter:0000000000000000 .LFB58
C:\Users\User\AppData\Local\Temp\ccON7OQp.s:2057   .text.CAN_GetLSBTransmitErrorCounter:000000000000000a .LFE58
C:\Users\User\AppData\Local\Temp\ccON7OQp.s:5539   .debug_loclists:00000000000002c5 .LLST29
C:\Users\User\AppData\Local\Temp\ccON7OQp.s:6753   .debug_str:00000000000005d3 .LASF105
C:\Users\User\AppData\Local\Temp\ccON7OQp.s:5554   .debug_loclists:00000000000002df .LLST30
C:\Users\User\AppData\Local\Temp\ccON7OQp.s:6745   .debug_str:000000000000059c .LASF106
C:\Users\User\AppData\Local\Temp\ccON7OQp.s:2018   .text.CAN_GetReceiveErrorCounter:0000000000000000 .LFB57
C:\Users\User\AppData\Local\Temp\ccON7OQp.s:2033   .text.CAN_GetReceiveErrorCounter:0000000000000006 .LFE57
C:\Users\User\AppData\Local\Temp\ccON7OQp.s:5571   .debug_loclists:00000000000002fb .LLST27
C:\Users\User\AppData\Local\Temp\ccON7OQp.s:5586   .debug_loclists:0000000000000315 .LLST28
C:\Users\User\AppData\Local\Temp\ccON7OQp.s:6637   .debug_str:00000000000002db .LASF107
C:\Users\User\AppData\Local\Temp\ccON7OQp.s:1996   .text.CAN_GetLastErrorCode:0000000000000000 .LFB56
C:\Users\User\AppData\Local\Temp\ccON7OQp.s:2011   .text.CAN_GetLastErrorCode:0000000000000008 .LFE56
C:\Users\User\AppData\Local\Temp\ccON7OQp.s:5603   .debug_loclists:0000000000000331 .LLST25
C:\Users\User\AppData\Local\Temp\ccON7OQp.s:6697   .debug_str:0000000000000476 .LASF108
C:\Users\User\AppData\Local\Temp\ccON7OQp.s:5618   .debug_loclists:000000000000034b .LLST26
C:\Users\User\AppData\Local\Temp\ccON7OQp.s:6627   .debug_str:000000000000029d .LASF109
C:\Users\User\AppData\Local\Temp\ccON7OQp.s:1946   .text.CAN_WakeUp:0000000000000000 .LFB55
C:\Users\User\AppData\Local\Temp\ccON7OQp.s:1989   .text.CAN_WakeUp:000000000000001e .LFE55
C:\Users\User\AppData\Local\Temp\ccON7OQp.s:5636   .debug_loclists:0000000000000368 .LLST22
C:\Users\User\AppData\Local\Temp\ccON7OQp.s:6749   .debug_str:00000000000005c2 .LASF110
C:\Users\User\AppData\Local\Temp\ccON7OQp.s:5651   .debug_loclists:0000000000000382 .LLST23
C:\Users\User\AppData\Local\Temp\ccON7OQp.s:6805   .debug_str:0000000000000705 .LASF111
C:\Users\User\AppData\Local\Temp\ccON7OQp.s:5672   .debug_loclists:00000000000003a9 .LLST24
C:\Users\User\AppData\Local\Temp\ccON7OQp.s:6695   .debug_str:000000000000046c .LASF112
C:\Users\User\AppData\Local\Temp\ccON7OQp.s:1912   .text.CAN_Sleep:0000000000000000 .LFB54
C:\Users\User\AppData\Local\Temp\ccON7OQp.s:1939   .text.CAN_Sleep:0000000000000016 .LFE54
C:\Users\User\AppData\Local\Temp\ccON7OQp.s:5703   .debug_loclists:00000000000003d9 .LLST20
C:\Users\User\AppData\Local\Temp\ccON7OQp.s:6575   .debug_str:0000000000000077 .LASF113
C:\Users\User\AppData\Local\Temp\ccON7OQp.s:5718   .debug_loclists:00000000000003f3 .LLST21
C:\Users\User\AppData\Local\Temp\ccON7OQp.s:6661   .debug_str:0000000000000385 .LASF114
C:\Users\User\AppData\Local\Temp\ccON7OQp.s:1765   .text.CAN_OperatingModeRequest:0000000000000000 .LFB53
C:\Users\User\AppData\Local\Temp\ccON7OQp.s:1905   .text.CAN_OperatingModeRequest:0000000000000072 .LFE53
C:\Users\User\AppData\Local\Temp\ccON7OQp.s:5737   .debug_loclists:0000000000000411 .LLST17
C:\Users\User\AppData\Local\Temp\ccON7OQp.s:6787   .debug_str:00000000000006a8 .LASF115
C:\Users\User\AppData\Local\Temp\ccON7OQp.s:6817   .debug_str:0000000000000749 .LASF116
C:\Users\User\AppData\Local\Temp\ccON7OQp.s:5769   .debug_loclists:0000000000000454 .LLST18
C:\Users\User\AppData\Local\Temp\ccON7OQp.s:6667   .debug_str:00000000000003b9 .LASF117
C:\Users\User\AppData\Local\Temp\ccON7OQp.s:5788   .debug_loclists:0000000000000478 .LLST19
C:\Users\User\AppData\Local\Temp\ccON7OQp.s:6657   .debug_str:000000000000035f .LASF118
C:\Users\User\AppData\Local\Temp\ccON7OQp.s:1721   .text.CAN_MessagePending:0000000000000000 .LFB52
C:\Users\User\AppData\Local\Temp\ccON7OQp.s:1758   .text.CAN_MessagePending:0000000000000016 .LFE52
C:\Users\User\AppData\Local\Temp\ccON7OQp.s:5847   .debug_loclists:00000000000004eb .LLST15
C:\Users\User\AppData\Local\Temp\ccON7OQp.s:6747   .debug_str:00000000000005b7 .LASF119
C:\Users\User\AppData\Local\Temp\ccON7OQp.s:6583   .debug_str:00000000000000b0 .LASF120
C:\Users\User\AppData\Local\Temp\ccON7OQp.s:5869   .debug_loclists:0000000000000518 .LLST16
C:\Users\User\AppData\Local\Temp\ccON7OQp.s:6581   .debug_str:00000000000000a0 .LASF121
C:\Users\User\AppData\Local\Temp\ccON7OQp.s:1690   .text.CAN_FIFORelease:0000000000000000 .LFB51
C:\Users\User\AppData\Local\Temp\ccON7OQp.s:1714   .text.CAN_FIFORelease:0000000000000016 .LFE51
C:\Users\User\AppData\Local\Temp\ccON7OQp.s:6809   .debug_str:0000000000000722 .LASF122
C:\Users\User\AppData\Local\Temp\ccON7OQp.s:1563   .text.CAN_Receive:0000000000000000 .LFB50
C:\Users\User\AppData\Local\Temp\ccON7OQp.s:1683   .text.CAN_Receive:0000000000000074 .LFE50
C:\Users\User\AppData\Local\Temp\ccON7OQp.s:6669   .debug_str:00000000000003c1 .LASF123
C:\Users\User\AppData\Local\Temp\ccON7OQp.s:6643   .debug_str:0000000000000307 .LASF124
C:\Users\User\AppData\Local\Temp\ccON7OQp.s:1519   .text.CAN_CancelTransmit:0000000000000000 .LFB49
C:\Users\User\AppData\Local\Temp\ccON7OQp.s:1556   .text.CAN_CancelTransmit:0000000000000028 .LFE49
C:\Users\User\AppData\Local\Temp\ccON7OQp.s:6851   .debug_str:000000000000080b .LASF125
C:\Users\User\AppData\Local\Temp\ccON7OQp.s:6589   .debug_str:00000000000000d0 .LASF126
C:\Users\User\AppData\Local\Temp\ccON7OQp.s:1426   .text.CAN_TransmitStatus:0000000000000000 .LFB48
C:\Users\User\AppData\Local\Temp\ccON7OQp.s:1512   .text.CAN_TransmitStatus:0000000000000062 .LFE48
C:\Users\User\AppData\Local\Temp\ccON7OQp.s:5888   .debug_loclists:000000000000053c .LLST13
C:\Users\User\AppData\Local\Temp\ccON7OQp.s:6675   .debug_str:00000000000003e7 .LASF127
C:\Users\User\AppData\Local\Temp\ccON7OQp.s:6607   .debug_str:000000000000014d .LASF128
C:\Users\User\AppData\Local\Temp\ccON7OQp.s:5939   .debug_loclists:000000000000059e .LLST14
C:\Users\User\AppData\Local\Temp\ccON7OQp.s:6687   .debug_str:0000000000000437 .LASF129
C:\Users\User\AppData\Local\Temp\ccON7OQp.s:1263   .text.CAN_Transmit:0000000000000000 .LFB47
C:\Users\User\AppData\Local\Temp\ccON7OQp.s:1419   .text.CAN_Transmit:00000000000000b0 .LFE47
C:\Users\User\AppData\Local\Temp\ccON7OQp.s:5984   .debug_loclists:00000000000005fa .LLST11
C:\Users\User\AppData\Local\Temp\ccON7OQp.s:6721   .debug_str:0000000000000506 .LASF130
C:\Users\User\AppData\Local\Temp\ccON7OQp.s:6823   .debug_str:000000000000076f .LASF131
C:\Users\User\AppData\Local\Temp\ccON7OQp.s:6032   .debug_loclists:0000000000000659 .LLST12
C:\Users\User\AppData\Local\Temp\ccON7OQp.s:6737   .debug_str:0000000000000566 .LASF132
C:\Users\User\AppData\Local\Temp\ccON7OQp.s:1191   .text.CAN_TTComModeCmd:0000000000000000 .LFB46
C:\Users\User\AppData\Local\Temp\ccON7OQp.s:1256   .text.CAN_TTComModeCmd:000000000000004a .LFE46
C:\Users\User\AppData\Local\Temp\ccON7OQp.s:6046   .debug_loclists:0000000000000672 .LLST10
C:\Users\User\AppData\Local\Temp\ccON7OQp.s:6779   .debug_str:0000000000000676 .LASF133
C:\Users\User\AppData\Local\Temp\ccON7OQp.s:1161   .text.CAN_DBGFreeze:0000000000000000 .LFB45
C:\Users\User\AppData\Local\Temp\ccON7OQp.s:1184   .text.CAN_DBGFreeze:0000000000000012 .LFE45
C:\Users\User\AppData\Local\Temp\ccON7OQp.s:6659   .debug_str:0000000000000372 .LASF134
C:\Users\User\AppData\Local\Temp\ccON7OQp.s:1108   .text.CAN_SlaveStartBank:0000000000000000 .LFB44
C:\Users\User\AppData\Local\Temp\ccON7OQp.s:1154   .text.CAN_SlaveStartBank:0000000000000034 .LFE44
C:\Users\User\AppData\Local\Temp\ccON7OQp.s:6807   .debug_str:0000000000000712 .LASF135
C:\Users\User\AppData\Local\Temp\ccON7OQp.s:6080   .debug_loclists:00000000000006b3 .LLST8
C:\Users\User\AppData\Local\Temp\ccON7OQp.s:6767   .debug_str:0000000000000624 .LASF136
C:\Users\User\AppData\Local\Temp\ccON7OQp.s:6095   .debug_loclists:00000000000006cd .LLST9
C:\Users\User\AppData\Local\Temp\ccON7OQp.s:6567   .debug_str:0000000000000047 .LASF137
C:\Users\User\AppData\Local\Temp\ccON7OQp.s:1064   .text.CAN_StructInit:0000000000000000 .LFB43
C:\Users\User\AppData\Local\Temp\ccON7OQp.s:1101   .text.CAN_StructInit:0000000000000024 .LFE43
C:\Users\User\AppData\Local\Temp\ccON7OQp.s:6647   .debug_str:0000000000000324 .LASF138
C:\Users\User\AppData\Local\Temp\ccON7OQp.s:6845   .debug_str:00000000000007ea .LASF139
C:\Users\User\AppData\Local\Temp\ccON7OQp.s:780    .text.CAN_FilterInit:0000000000000000 .LFB42
C:\Users\User\AppData\Local\Temp\ccON7OQp.s:1057   .text.CAN_FilterInit:0000000000000178 .LFE42
C:\Users\User\AppData\Local\Temp\ccON7OQp.s:6579   .debug_str:000000000000008b .LASF140
C:\Users\User\AppData\Local\Temp\ccON7OQp.s:6110   .debug_loclists:00000000000006e7 .LLST6
C:\Users\User\AppData\Local\Temp\ccON7OQp.s:6839   .debug_str:00000000000007c6 .LASF141
C:\Users\User\AppData\Local\Temp\ccON7OQp.s:6151   .debug_loclists:0000000000000733 .LLST7
C:\Users\User\AppData\Local\Temp\ccON7OQp.s:6691   .debug_str:000000000000044b .LASF142
C:\Users\User\AppData\Local\Temp\ccON7OQp.s:90     .text.CAN_Init:0000000000000000 .LFB41
C:\Users\User\AppData\Local\Temp\ccON7OQp.s:773    .text.CAN_Init:0000000000000358 .LFE41
C:\Users\User\AppData\Local\Temp\ccON7OQp.s:6185   .debug_loclists:0000000000000778 .LLST1
C:\Users\User\AppData\Local\Temp\ccON7OQp.s:6197   .debug_loclists:000000000000078f .LLST2
C:\Users\User\AppData\Local\Temp\ccON7OQp.s:6625   .debug_str:0000000000000292 .LASF143
C:\Users\User\AppData\Local\Temp\ccON7OQp.s:6209   .debug_loclists:00000000000007a6 .LLST3
C:\Users\User\AppData\Local\Temp\ccON7OQp.s:6849   .debug_str:0000000000000802 .LASF144
C:\Users\User\AppData\Local\Temp\ccON7OQp.s:6223   .debug_loclists:00000000000007bf .LLST4
C:\Users\User\AppData\Local\Temp\ccON7OQp.s:6813   .debug_str:0000000000000736 .LASF145
C:\Users\User\AppData\Local\Temp\ccON7OQp.s:6339   .debug_loclists:0000000000000884 .LLST5
C:\Users\User\AppData\Local\Temp\ccON7OQp.s:108    .text.CAN_Init:0000000000000014 .LVL12
C:\Users\User\AppData\Local\Temp\ccON7OQp.s:6553   .debug_str:0000000000000000 .LASF152
C:\Users\User\AppData\Local\Temp\ccON7OQp.s:15     .text.CAN_DeInit:0000000000000000 .LFB40
C:\Users\User\AppData\Local\Temp\ccON7OQp.s:83     .text.CAN_DeInit:000000000000007c .LFE40
C:\Users\User\AppData\Local\Temp\ccON7OQp.s:6346   .debug_loclists:0000000000000890 .LLST0
C:\Users\User\AppData\Local\Temp\ccON7OQp.s:33     .text.CAN_DeInit:0000000000000022 .LVL2
C:\Users\User\AppData\Local\Temp\ccON7OQp.s:40     .text.CAN_DeInit:0000000000000030 .LVL3
C:\Users\User\AppData\Local\Temp\ccON7OQp.s:60     .text.CAN_DeInit:0000000000000052 .LVL6
C:\Users\User\AppData\Local\Temp\ccON7OQp.s:77     .text.CAN_DeInit:0000000000000074 .LVL9
C:\Users\User\AppData\Local\Temp\ccON7OQp.s:2638   .text.CAN_BusOff_ErrCntConfig:0000000000000000 .LVL168
C:\Users\User\AppData\Local\Temp\ccON7OQp.s:2650   .text.CAN_BusOff_ErrCntConfig:000000000000000c .LVL169
C:\Users\User\AppData\Local\Temp\ccON7OQp.s:2252   .text.CAN_GetITStatus:0000000000000000 .LVL138
C:\Users\User\AppData\Local\Temp\ccON7OQp.s:2261   .text.CAN_GetITStatus:0000000000000008 .LVL139
C:\Users\User\AppData\Local\Temp\ccON7OQp.s:2491   .text.CAN_GetITStatus:00000000000000ca .LVL162
C:\Users\User\AppData\Local\Temp\ccON7OQp.s:2498   .text.CAN_GetITStatus:00000000000000cc .LVL163
C:\Users\User\AppData\Local\Temp\ccON7OQp.s:2311   .text.CAN_GetITStatus:0000000000000074 .LVL140
C:\Users\User\AppData\Local\Temp\ccON7OQp.s:2320   .text.CAN_GetITStatus:000000000000007a .LVL142
C:\Users\User\AppData\Local\Temp\ccON7OQp.s:2318   .text.CAN_GetITStatus:0000000000000078 .LVL141
C:\Users\User\AppData\Local\Temp\ccON7OQp.s:2337   .text.CAN_GetITStatus:000000000000008e .LVL143
C:\Users\User\AppData\Local\Temp\ccON7OQp.s:2346   .text.CAN_GetITStatus:0000000000000096 .LVL144
C:\Users\User\AppData\Local\Temp\ccON7OQp.s:2503   .text.CAN_GetITStatus:00000000000000ce .LVL164
C:\Users\User\AppData\Local\Temp\ccON7OQp.s:2512   .text.CAN_GetITStatus:00000000000000d4 .LVL166
C:\Users\User\AppData\Local\Temp\ccON7OQp.s:2510   .text.CAN_GetITStatus:00000000000000d2 .LVL165
C:\Users\User\AppData\Local\Temp\ccON7OQp.s:2361   .text.CAN_GetITStatus:000000000000009e .LVL145
C:\Users\User\AppData\Local\Temp\ccON7OQp.s:2377   .text.CAN_GetITStatus:00000000000000a2 .LVL147
C:\Users\User\AppData\Local\Temp\ccON7OQp.s:2375   .text.CAN_GetITStatus:00000000000000a0 .LVL146
C:\Users\User\AppData\Local\Temp\ccON7OQp.s:2384   .text.CAN_GetITStatus:00000000000000a4 .LVL148
C:\Users\User\AppData\Local\Temp\ccON7OQp.s:2400   .text.CAN_GetITStatus:00000000000000aa .LVL150
C:\Users\User\AppData\Local\Temp\ccON7OQp.s:2398   .text.CAN_GetITStatus:00000000000000a8 .LVL149
C:\Users\User\AppData\Local\Temp\ccON7OQp.s:2407   .text.CAN_GetITStatus:00000000000000ac .LVL151
C:\Users\User\AppData\Local\Temp\ccON7OQp.s:2423   .text.CAN_GetITStatus:00000000000000b2 .LVL153
C:\Users\User\AppData\Local\Temp\ccON7OQp.s:2421   .text.CAN_GetITStatus:00000000000000b0 .LVL152
C:\Users\User\AppData\Local\Temp\ccON7OQp.s:2430   .text.CAN_GetITStatus:00000000000000b4 .LVL154
C:\Users\User\AppData\Local\Temp\ccON7OQp.s:2436   .text.CAN_GetITStatus:00000000000000b6 .LVL155
C:\Users\User\AppData\Local\Temp\ccON7OQp.s:2443   .text.CAN_GetITStatus:00000000000000b8 .LVL156
C:\Users\User\AppData\Local\Temp\ccON7OQp.s:2449   .text.CAN_GetITStatus:00000000000000ba .LVL157
C:\Users\User\AppData\Local\Temp\ccON7OQp.s:2461   .text.CAN_GetITStatus:00000000000000c0 .LVL158
C:\Users\User\AppData\Local\Temp\ccON7OQp.s:2470   .text.CAN_GetITStatus:00000000000000c4 .LVL160
C:\Users\User\AppData\Local\Temp\ccON7OQp.s:2468   .text.CAN_GetITStatus:00000000000000c2 .LVL159
C:\Users\User\AppData\Local\Temp\ccON7OQp.s:2477   .text.CAN_GetITStatus:00000000000000c6 .LVL161
C:\Users\User\AppData\Local\Temp\ccON7OQp.s:2183   .text.CAN_ClearFlag:0000000000000000 .LVL135
C:\Users\User\AppData\Local\Temp\ccON7OQp.s:2228   .text.CAN_ClearFlag:0000000000000036 .LVL137
C:\Users\User\AppData\Local\Temp\ccON7OQp.s:2204   .text.CAN_ClearFlag:000000000000001e .LVL136
C:\Users\User\AppData\Local\Temp\ccON7OQp.s:2097   .text.CAN_GetFlagStatus:0000000000000000 .LVL124
C:\Users\User\AppData\Local\Temp\ccON7OQp.s:2108   .text.CAN_GetFlagStatus:000000000000000a .LVL125
C:\Users\User\AppData\Local\Temp\ccON7OQp.s:2120   .text.CAN_GetFlagStatus:0000000000000014 .LVL127
C:\Users\User\AppData\Local\Temp\ccON7OQp.s:2131   .text.CAN_GetFlagStatus:000000000000001e .LVL128
C:\Users\User\AppData\Local\Temp\ccON7OQp.s:2133   .text.CAN_GetFlagStatus:0000000000000020 .LVL129
C:\Users\User\AppData\Local\Temp\ccON7OQp.s:2144   .text.CAN_GetFlagStatus:000000000000002a .LVL130
C:\Users\User\AppData\Local\Temp\ccON7OQp.s:2146   .text.CAN_GetFlagStatus:000000000000002c .LVL131
C:\Users\User\AppData\Local\Temp\ccON7OQp.s:2159   .text.CAN_GetFlagStatus:000000000000003c .LVL132
C:\Users\User\AppData\Local\Temp\ccON7OQp.s:2165   .text.CAN_GetFlagStatus:0000000000000042 .LVL133
C:\Users\User\AppData\Local\Temp\ccON7OQp.s:2170   .text.CAN_GetFlagStatus:0000000000000044 .LVL134
C:\Users\User\AppData\Local\Temp\ccON7OQp.s:2116   .text.CAN_GetFlagStatus:0000000000000012 .LVL126
C:\Users\User\AppData\Local\Temp\ccON7OQp.s:2067   .text.CAN_ITConfig:0000000000000000 .LVL122
C:\Users\User\AppData\Local\Temp\ccON7OQp.s:2082   .text.CAN_ITConfig:000000000000000e .LVL123
C:\Users\User\AppData\Local\Temp\ccON7OQp.s:2043   .text.CAN_GetLSBTransmitErrorCounter:0000000000000000 .LVL119
C:\Users\User\AppData\Local\Temp\ccON7OQp.s:2048   .text.CAN_GetLSBTransmitErrorCounter:0000000000000002 .LVL120
C:\Users\User\AppData\Local\Temp\ccON7OQp.s:2052   .text.CAN_GetLSBTransmitErrorCounter:0000000000000004 .LVL121
C:\Users\User\AppData\Local\Temp\ccON7OQp.s:2021   .text.CAN_GetReceiveErrorCounter:0000000000000000 .LVL116
C:\Users\User\AppData\Local\Temp\ccON7OQp.s:2026   .text.CAN_GetReceiveErrorCounter:0000000000000002 .LVL117
C:\Users\User\AppData\Local\Temp\ccON7OQp.s:2030   .text.CAN_GetReceiveErrorCounter:0000000000000004 .LVL118
C:\Users\User\AppData\Local\Temp\ccON7OQp.s:1999   .text.CAN_GetLastErrorCode:0000000000000000 .LVL113
C:\Users\User\AppData\Local\Temp\ccON7OQp.s:2004   .text.CAN_GetLastErrorCode:0000000000000002 .LVL114
C:\Users\User\AppData\Local\Temp\ccON7OQp.s:2008   .text.CAN_GetLastErrorCode:0000000000000006 .LVL115
C:\Users\User\AppData\Local\Temp\ccON7OQp.s:1949   .text.CAN_WakeUp:0000000000000000 .LVL106
C:\Users\User\AppData\Local\Temp\ccON7OQp.s:1979   .text.CAN_WakeUp:0000000000000014 .LVL110
C:\Users\User\AppData\Local\Temp\ccON7OQp.s:1961   .text.CAN_WakeUp:0000000000000008 .LVL107
C:\Users\User\AppData\Local\Temp\ccON7OQp.s:1972   .text.CAN_WakeUp:0000000000000010 .LVL108
C:\Users\User\AppData\Local\Temp\ccON7OQp.s:1974   .text.CAN_WakeUp:0000000000000012 .LVL109
C:\Users\User\AppData\Local\Temp\ccON7OQp.s:1983   .text.CAN_WakeUp:0000000000000018 .LVL111
C:\Users\User\AppData\Local\Temp\ccON7OQp.s:1986   .text.CAN_WakeUp:000000000000001c .LVL112
C:\Users\User\AppData\Local\Temp\ccON7OQp.s:1915   .text.CAN_Sleep:0000000000000000 .LVL103
C:\Users\User\AppData\Local\Temp\ccON7OQp.s:1928   .text.CAN_Sleep:000000000000000c .LVL104
C:\Users\User\AppData\Local\Temp\ccON7OQp.s:1932   .text.CAN_Sleep:000000000000000e .LVL105
C:\Users\User\AppData\Local\Temp\ccON7OQp.s:1768   .text.CAN_OperatingModeRequest:0000000000000000 .LVL86
C:\Users\User\AppData\Local\Temp\ccON7OQp.s:1807   .text.CAN_OperatingModeRequest:0000000000000020 .LVL90
C:\Users\User\AppData\Local\Temp\ccON7OQp.s:1821   .text.CAN_OperatingModeRequest:000000000000002a .LVL93
C:\Users\User\AppData\Local\Temp\ccON7OQp.s:1854   .text.CAN_OperatingModeRequest:0000000000000044 .LVL97
C:\Users\User\AppData\Local\Temp\ccON7OQp.s:1858   .text.CAN_OperatingModeRequest:0000000000000048 .LVL98
C:\Users\User\AppData\Local\Temp\ccON7OQp.s:1865   .text.CAN_OperatingModeRequest:000000000000004c .LVL99
C:\Users\User\AppData\Local\Temp\ccON7OQp.s:1817   .text.CAN_OperatingModeRequest:0000000000000028 .LVL92
C:\Users\User\AppData\Local\Temp\ccON7OQp.s:1789   .text.CAN_OperatingModeRequest:0000000000000012 .LVL87
C:\Users\User\AppData\Local\Temp\ccON7OQp.s:1800   .text.CAN_OperatingModeRequest:000000000000001c .LVL88
C:\Users\User\AppData\Local\Temp\ccON7OQp.s:1802   .text.CAN_OperatingModeRequest:000000000000001e .LVL89
C:\Users\User\AppData\Local\Temp\ccON7OQp.s:1836   .text.CAN_OperatingModeRequest:0000000000000038 .LVL94
C:\Users\User\AppData\Local\Temp\ccON7OQp.s:1847   .text.CAN_OperatingModeRequest:0000000000000040 .LVL95
C:\Users\User\AppData\Local\Temp\ccON7OQp.s:1849   .text.CAN_OperatingModeRequest:0000000000000042 .LVL96
C:\Users\User\AppData\Local\Temp\ccON7OQp.s:1881   .text.CAN_OperatingModeRequest:000000000000005e .LVL100
C:\Users\User\AppData\Local\Temp\ccON7OQp.s:1892   .text.CAN_OperatingModeRequest:0000000000000068 .LVL101
C:\Users\User\AppData\Local\Temp\ccON7OQp.s:1894   .text.CAN_OperatingModeRequest:000000000000006a .LVL102
C:\Users\User\AppData\Local\Temp\ccON7OQp.s:1724   .text.CAN_MessagePending:0000000000000000 .LVL81
C:\Users\User\AppData\Local\Temp\ccON7OQp.s:1734   .text.CAN_MessagePending:0000000000000006 .LVL82
C:\Users\User\AppData\Local\Temp\ccON7OQp.s:1743   .text.CAN_MessagePending:000000000000000a .LVL84
C:\Users\User\AppData\Local\Temp\ccON7OQp.s:1750   .text.CAN_MessagePending:000000000000000e .LVL85
C:\Users\User\AppData\Local\Temp\ccON7OQp.s:1738   .text.CAN_MessagePending:0000000000000008 .LVL83
C:\Users\User\AppData\Local\Temp\ccON7OQp.s:1429   .text.CAN_TransmitStatus:0000000000000000 .LVL64
C:\Users\User\AppData\Local\Temp\ccON7OQp.s:1441   .text.CAN_TransmitStatus:0000000000000010 .LVL65
C:\Users\User\AppData\Local\Temp\ccON7OQp.s:1447   .text.CAN_TransmitStatus:0000000000000014 .LVL66
C:\Users\User\AppData\Local\Temp\ccON7OQp.s:1458   .text.CAN_TransmitStatus:0000000000000024 .LVL68
C:\Users\User\AppData\Local\Temp\ccON7OQp.s:1479   .text.CAN_TransmitStatus:0000000000000040 .LVL71
C:\Users\User\AppData\Local\Temp\ccON7OQp.s:1484   .text.CAN_TransmitStatus:0000000000000042 .LVL72
C:\Users\User\AppData\Local\Temp\ccON7OQp.s:1500   .text.CAN_TransmitStatus:0000000000000054 .LVL74
C:\Users\User\AppData\Local\Temp\ccON7OQp.s:1506   .text.CAN_TransmitStatus:000000000000005e .LVL76
C:\Users\User\AppData\Local\Temp\ccON7OQp.s:1452   .text.CAN_TransmitStatus:000000000000001c .LVL67
C:\Users\User\AppData\Local\Temp\ccON7OQp.s:1470   .text.CAN_TransmitStatus:0000000000000034 .LVL69
C:\Users\User\AppData\Local\Temp\ccON7OQp.s:1476   .text.CAN_TransmitStatus:000000000000003c .LVL70
C:\Users\User\AppData\Local\Temp\ccON7OQp.s:1495   .text.CAN_TransmitStatus:000000000000004e .LVL73
C:\Users\User\AppData\Local\Temp\ccON7OQp.s:1503   .text.CAN_TransmitStatus:0000000000000058 .LVL75
C:\Users\User\AppData\Local\Temp\ccON7OQp.s:1509   .text.CAN_TransmitStatus:0000000000000060 .LVL77
C:\Users\User\AppData\Local\Temp\ccON7OQp.s:1266   .text.CAN_Transmit:0000000000000000 .LVL55
C:\Users\User\AppData\Local\Temp\ccON7OQp.s:1294   .text.CAN_Transmit:000000000000001e .LVL56
C:\Users\User\AppData\Local\Temp\ccON7OQp.s:1306   .text.CAN_Transmit:000000000000002a .LVL58
C:\Users\User\AppData\Local\Temp\ccON7OQp.s:1391   .text.CAN_Transmit:0000000000000096 .LVL59
C:\Users\User\AppData\Local\Temp\ccON7OQp.s:1395   .text.CAN_Transmit:0000000000000098 .LVL60
C:\Users\User\AppData\Local\Temp\ccON7OQp.s:1397   .text.CAN_Transmit:000000000000009a .LVL61
C:\Users\User\AppData\Local\Temp\ccON7OQp.s:1401   .text.CAN_Transmit:000000000000009c .LVL62
C:\Users\User\AppData\Local\Temp\ccON7OQp.s:1403   .text.CAN_Transmit:000000000000009e .LVL63
C:\Users\User\AppData\Local\Temp\ccON7OQp.s:1302   .text.CAN_Transmit:0000000000000024 .LVL57
C:\Users\User\AppData\Local\Temp\ccON7OQp.s:1194   .text.CAN_TTComModeCmd:0000000000000000 .LVL50
C:\Users\User\AppData\Local\Temp\ccON7OQp.s:1207   .text.CAN_TTComModeCmd:000000000000000e .LVL51
C:\Users\User\AppData\Local\Temp\ccON7OQp.s:1223   .text.CAN_TTComModeCmd:0000000000000024 .LVL52
C:\Users\User\AppData\Local\Temp\ccON7OQp.s:1229   .text.CAN_TTComModeCmd:0000000000000028 .LVL53
C:\Users\User\AppData\Local\Temp\ccON7OQp.s:1238   .text.CAN_TTComModeCmd:0000000000000032 .LVL54
C:\Users\User\AppData\Local\Temp\ccON7OQp.s:1111   .text.CAN_SlaveStartBank:0000000000000000 .LVL46
C:\Users\User\AppData\Local\Temp\ccON7OQp.s:1139   .text.CAN_SlaveStartBank:0000000000000026 .LVL48
C:\Users\User\AppData\Local\Temp\ccON7OQp.s:1128   .text.CAN_SlaveStartBank:000000000000001c .LVL47
C:\Users\User\AppData\Local\Temp\ccON7OQp.s:783    .text.CAN_FilterInit:0000000000000000 .LVL33
C:\Users\User\AppData\Local\Temp\ccON7OQp.s:864    .text.CAN_FilterInit:000000000000006e .LVL35
C:\Users\User\AppData\Local\Temp\ccON7OQp.s:890    .text.CAN_FilterInit:0000000000000094 .LVL36
C:\Users\User\AppData\Local\Temp\ccON7OQp.s:941    .text.CAN_FilterInit:00000000000000d6 .LVL38
C:\Users\User\AppData\Local\Temp\ccON7OQp.s:965    .text.CAN_FilterInit:00000000000000f4 .LVL39
C:\Users\User\AppData\Local\Temp\ccON7OQp.s:971    .text.CAN_FilterInit:00000000000000fa .LVL40
C:\Users\User\AppData\Local\Temp\ccON7OQp.s:799    .text.CAN_FilterInit:000000000000001a .LVL34
C:\Users\User\AppData\Local\Temp\ccON7OQp.s:897    .text.CAN_FilterInit:000000000000009e .LVL37
C:\Users\User\AppData\Local\Temp\ccON7OQp.s:1008   .text.CAN_FilterInit:0000000000000132 .LVL41
C:\Users\User\AppData\Local\Temp\ccON7OQp.s:1020   .text.CAN_FilterInit:0000000000000146 .LVL42
C:\Users\User\AppData\Local\Temp\ccON7OQp.s:1042   .text.CAN_FilterInit:0000000000000166 .LVL43
C:\Users\User\AppData\Local\Temp\ccON7OQp.s:1045   .text.CAN_FilterInit:000000000000016c .LVL44
C:\Users\User\AppData\Local\Temp\ccON7OQp.s:93     .text.CAN_Init:0000000000000000 .LVL10
C:\Users\User\AppData\Local\Temp\ccON7OQp.s:100    .text.CAN_Init:0000000000000008 .LVL11
C:\Users\User\AppData\Local\Temp\ccON7OQp.s:178    .text.CAN_Init:000000000000005e .LVL18
C:\Users\User\AppData\Local\Temp\ccON7OQp.s:186    .text.CAN_Init:0000000000000066 .LVL19
C:\Users\User\AppData\Local\Temp\ccON7OQp.s:151    .text.CAN_Init:000000000000004c .LVL14
C:\Users\User\AppData\Local\Temp\ccON7OQp.s:162    .text.CAN_Init:0000000000000054 .LVL15
C:\Users\User\AppData\Local\Temp\ccON7OQp.s:164    .text.CAN_Init:0000000000000056 .LVL16
C:\Users\User\AppData\Local\Temp\ccON7OQp.s:226    .text.CAN_Init:00000000000000a6 .LVL20
C:\Users\User\AppData\Local\Temp\ccON7OQp.s:271    .text.CAN_Init:00000000000000e6 .LVL21
C:\Users\User\AppData\Local\Temp\ccON7OQp.s:275    .text.CAN_Init:00000000000000e8 .LVL22
C:\Users\User\AppData\Local\Temp\ccON7OQp.s:286    .text.CAN_Init:00000000000000f0 .LVL23
C:\Users\User\AppData\Local\Temp\ccON7OQp.s:288    .text.CAN_Init:00000000000000f2 .LVL24
C:\Users\User\AppData\Local\Temp\ccON7OQp.s:458    .text.CAN_Init:00000000000001f2 .LVL25
C:\Users\User\AppData\Local\Temp\ccON7OQp.s:475    .text.CAN_Init:0000000000000202 .LVL26
C:\Users\User\AppData\Local\Temp\ccON7OQp.s:486    .text.CAN_Init:000000000000020a .LVL27
C:\Users\User\AppData\Local\Temp\ccON7OQp.s:488    .text.CAN_Init:000000000000020c .LVL28
C:\Users\User\AppData\Local\Temp\ccON7OQp.s:618    .text.CAN_Init:0000000000000298 .LVL29
C:\Users\User\AppData\Local\Temp\ccON7OQp.s:622    .text.CAN_Init:000000000000029a .LVL30
C:\Users\User\AppData\Local\Temp\ccON7OQp.s:633    .text.CAN_Init:00000000000002a2 .LVL31
C:\Users\User\AppData\Local\Temp\ccON7OQp.s:635    .text.CAN_Init:00000000000002a4 .LVL32
C:\Users\User\AppData\Local\Temp\ccON7OQp.s:112    .text.CAN_Init:0000000000000018 .LVL13
C:\Users\User\AppData\Local\Temp\ccON7OQp.s:19     .text.CAN_DeInit:0000000000000000 .LVL0
C:\Users\User\AppData\Local\Temp\ccON7OQp.s:31     .text.CAN_DeInit:000000000000001a .LVL1
C:\Users\User\AppData\Local\Temp\ccON7OQp.s:47     .text.CAN_DeInit:0000000000000038 .LVL4
C:\Users\User\AppData\Local\Temp\ccON7OQp.s:58     .text.CAN_DeInit:000000000000004a .LVL5
C:\Users\User\AppData\Local\Temp\ccON7OQp.s:65     .text.CAN_DeInit:000000000000005a .LVL7
C:\Users\User\AppData\Local\Temp\ccON7OQp.s:75     .text.CAN_DeInit:000000000000006c .LVL8
C:\Users\User\AppData\Local\Temp\ccON7OQp.s:2668   .debug_info:0000000000000000 .Ldebug_info0
C:\Users\User\AppData\Local\Temp\ccON7OQp.s:2285   .text.CAN_GetITStatus:0000000000000036 .LBE30
C:\Users\User\AppData\Local\Temp\ccON7OQp.s:2362   .text.CAN_GetITStatus:000000000000009e .LBB40
C:\Users\User\AppData\Local\Temp\ccON7OQp.s:2368   .text.CAN_GetITStatus:000000000000009e .LBE40
C:\Users\User\AppData\Local\Temp\ccON7OQp.s:2357   .text.CAN_GetITStatus:000000000000009c .LBE37
C:\Users\User\AppData\Local\Temp\ccON7OQp.s:2504   .text.CAN_GetITStatus:00000000000000ce .LBB61
C:\Users\User\AppData\Local\Temp\ccON7OQp.s:2515   .text.CAN_GetITStatus:00000000000000d4 .LBE61

UNDEFINED SYMBOLS
__riscv_save_0
RCC_HB1PeriphResetCmd
__riscv_restore_0
__riscv_save_2
DBGMCU_GetCHIPID
__riscv_restore_2
SystemCoreClock
